{"type":"FeatureCollection","fuente":"Eurostat GISCO, pa\u00edses 1:1M 2020 (\u00a9 EuroGeographics), https://gisco-services.ec.europa.eu/distribution/v2/countries/distribution/XX-region-01m-4326-2020.geojson","features":[{"type":"Feature","properties":{"pais":"ESP"},"geometry":{"type":"MultiPolygon","coordinates":[[[[-7.69091,43.74958],[-7.68778,43.74231],[-7.69908,43.73792],[-7.69974,43.73511],[-7.68209,43.73085],[-7.6749,43.73505],[-7.6718,43.74688],[-7.6652,43.74768],[-7.65149,43.74373],[-7.64788,43.75041],[-7.63674,43.75232],[-7.63098,43.74713],[-7.63068,43.74296],[-7.63454,43.73857],[-7.63026,43.734],[-7.62751,43.72069],[-7.61332,43.71544],[-7.60683,43.71692],[-7.6132,43.70471],[-7.61007,43.6995],[-7.60448,43.70138],[-7.60631,43.69416],[-7.61314,43.68803],[-7.61356,43.68],[-7.60935,43.67432],[-7.6004,43.67296],[-7.59511,43.67651],[-7.59502,43.68423],[-7.58286,43.68876],[-7.57874,43.69273],[-7.58594,43.70952],[-7.58242,43.71178],[-7.57292,43.71127],[-7.56093,43.71057],[-7.55223,43.7169],[-7.55085,43.72508],[-7.55303,43.72967],[-7.54366,43.73187],[-7.53375,43.72959],[-7.52473,43.73512],[-7.51316,43.7239],[-7.50943,43.72532],[-7.50171,43.72344],[-7.49036,43.72689],[-7.48163,43.72384],[-7.46975,43.72314],[-7.47271,43.71598],[-7.47935,43.71127],[-7.47214,43.70485],[-7.44235,43.69724],[-7.43618,43.70091],[-7.43443,43.69951],[-7.437,43.69468],[-7.41948,43.69108],[-7.4089,43.68905],[-7.39524,43.67997],[-7.37593,43.67505],[-7.36887,43.67626],[-7.35715,43.67065],[-7.35447,43.65586],[-7.3428,43.64477],[-7.34328,43.64235],[-7.33555,43.63713],[-7.33633,43.63235],[-7.33201,43.62782],[-7.32457,43.62665],[-7.31825,43.6222],[-7.31139,43.61736],[-7.30618,43.60709],[-7.29742,43.60253],[-7.29405,43.59576],[-7.29783,43.59314],[-7.28214,43.59068],[-7.26201,43.5807],[-7.24809,43.57635],[-7.24668,43.57395],[-7.25395,43.56677],[-7.26233,43.55874],[-7.25351,43.55552],[-7.26154,43.55072],[-7.25519,43.54782],[-7.24367,43.5524],[-7.24382,43.56553],[-7.23709,43.56677],[-7.23529,43.56814],[-7.23029,43.56677],[-7.22365,43.56401],[-7.20255,43.56168],[-7.17766,43.56195],[-7.1721,43.55671],[-7.16366,43.5549],[-7.11984,43.55493],[-7.11443,43.56146],[-7.0902,43.55506],[-7.08354,43.55664],[-7.07494,43.55382],[-7.05815,43.55864],[-7.04281,43.55481],[-7.03723,43.55141],[-7.0357,43.54561],[-7.03184,43.54447],[-7.02185,43.54948],[-7.02191,43.55212],[-7.02766,43.55664],[-7.02133,43.55918],[-6.99695,43.5543],[-6.97457,43.55781],[-6.96349,43.56123],[-6.95822,43.56286],[-6.94443,43.57388],[-6.93502,43.57061],[-6.91816,43.57242],[-6.9088,43.56737],[-6.8999,43.57012],[-6.89294,43.56962],[-6.87731,43.56338],[-6.86825,43.56736],[-6.8568,43.56763],[-6.84647,43.56478],[-6.83421,43.56667],[-6.82377,43.56377],[-6.81486,43.55651],[-6.80196,43.55646],[-6.78539,43.55698],[-6.78079,43.56481],[-6.76604,43.56808],[-6.75883,43.5626],[-6.74771,43.56547],[-6.74173,43.5644],[-6.73375,43.56298],[-6.72485,43.55628],[-6.70935,43.56263],[-6.70115,43.56298],[-6.6829,43.55934],[-6.66049,43.56638],[-6.64507,43.56694],[-6.62686,43.57081],[-6.61666,43.56271],[-6.61062,43.56138],[-6.60316,43.5647],[-6.60278,43.5573],[-6.59582,43.55371],[-6.5733,43.55726],[-6.55949,43.55508],[-6.55403,43.55224],[-6.54204,43.55353],[-6.5402,43.54841],[-6.53576,43.54653],[-6.52411,43.55037],[-6.51379,43.54761],[-6.49993,43.55155],[-6.49157,43.54923],[-6.48175,43.55265],[-6.47429,43.55052],[-6.47322,43.56677],[-6.46994,43.56991],[-6.46147,43.56866],[-6.46125,43.56677],[-6.42873,43.55285],[-6.42131,43.55375],[-6.41574,43.55803],[-6.40458,43.55653],[-6.39616,43.55943],[-6.384,43.55638],[-6.37036,43.55665],[-6.37025,43.55219],[-6.36175,43.55233],[-6.35523,43.55107],[-6.34463,43.55408],[-6.3316,43.56042],[-6.30369,43.56378],[-6.29371,43.56974],[-6.28338,43.57089],[-6.26732,43.57746],[-6.25571,43.57834],[-6.24671,43.58446],[-6.24329,43.59371],[-6.22773,43.58762],[-6.21933,43.58011],[-6.20936,43.58312],[-6.20215,43.57365],[-6.19661,43.57478],[-6.19306,43.5796],[-6.1901,43.57873],[-6.19159,43.56766],[-6.1866,43.56358],[-6.1701,43.56865],[-6.15409,43.56771],[-6.15014,43.56529],[-6.13692,43.56406],[-6.13179,43.55877],[-6.12415,43.56018],[-6.12129,43.55569],[-6.10789,43.55663],[-6.10269,43.56016],[-6.09378,43.55817],[-6.08204,43.5647],[-6.0765,43.56452],[-6.06439,43.56586],[-6.05344,43.57105],[-6.03756,43.57791],[-6.03578,43.58343],[-6.01928,43.58661],[-6.01508,43.5812],[-6.00002,43.57854],[-5.99709,43.57428],[-5.98554,43.57919],[-5.96115,43.57843],[-5.94777,43.58398],[-5.93976,43.59335],[-5.93899,43.59434],[-5.94502,43.59547],[-5.94482,43.59845],[-5.93485,43.6005],[-5.92603,43.59917],[-5.91424,43.60737],[-5.91529,43.61231],[-5.91212,43.61653],[-5.91568,43.62096],[-5.91362,43.62364],[-5.90511,43.62346],[-5.90036,43.62601],[-5.88768,43.62334],[-5.88078,43.624],[-5.87645,43.62916],[-5.86732,43.63127],[-5.85812,43.63895],[-5.86088,43.64785],[-5.85872,43.65443],[-5.85328,43.65743],[-5.84319,43.65841],[-5.83598,43.65257],[-5.83528,43.64586],[-5.82967,43.6406],[-5.82633,43.64021],[-5.82123,43.64377],[-5.81143,43.64153],[-5.81063,43.63895],[-5.80894,43.63303],[-5.79635,43.63554],[-5.7932,43.6301],[-5.78211,43.62864],[-5.7827,43.62308],[-5.79072,43.61408],[-5.78453,43.61005],[-5.76941,43.60546],[-5.77088,43.60057],[-5.76081,43.59429],[-5.75801,43.58555],[-5.75246,43.58297],[-5.7466,43.58376],[-5.73559,43.57431],[-5.71286,43.56956],[-5.70865,43.57259],[-5.69787,43.57321],[-5.70112,43.55856],[-5.69679,43.55678],[-5.69753,43.55173],[-5.69334,43.5484],[-5.69302,43.54342],[-5.68285,43.54495],[-5.68008,43.5427],[-5.67061,43.54203],[-5.66358,43.54901],[-5.65763,43.54367],[-5.64989,43.54263],[-5.63807,43.55147],[-5.62673,43.55084],[-5.61876,43.55697],[-5.60859,43.54993],[-5.59159,43.54796],[-5.57461,43.55026],[-5.54891,43.54998],[-5.53087,43.54652],[-5.51671,43.5525],[-5.50882,43.54945],[-5.4985,43.55014],[-5.49266,43.5456],[-5.4682,43.5525],[-5.46321,43.55265],[-5.43941,43.55337],[-5.43119,43.55175],[-5.41022,43.55583],[-5.39899,43.55225],[-5.39769,43.54398],[-5.38265,43.53569],[-5.37153,43.53942],[-5.36435,43.53442],[-5.3548,43.53281],[-5.34615,43.5354],[-5.33613,43.53336],[-5.32464,43.53504],[-5.31189,43.53395],[-5.29839,43.53579],[-5.29374,43.53458],[-5.26798,43.5199],[-5.26558,43.50643],[-5.24921,43.50082],[-5.24256,43.49385],[-5.22505,43.48556],[-5.22347,43.47997],[-5.21487,43.47371],[-5.19603,43.47573],[-5.19153,43.47789],[-5.1755,43.47491],[-5.16838,43.47628],[-5.15694,43.47881],[-5.14565,43.47789],[-5.12324,43.48426],[-5.1138,43.47666],[-5.08284,43.47467],[-5.07134,43.46623],[-5.06655,43.46668],[-5.0647,43.46943],[-5.05874,43.46825],[-5.05147,43.46303],[-5.03662,43.46089],[-5.02234,43.46103],[-5.01472,43.45899],[-4.98603,43.46079],[-4.98116,43.45952],[-4.97347,43.46185],[-4.93859,43.4593],[-4.9284,43.46258],[-4.92663,43.45882],[-4.9144,43.45392],[-4.90257,43.45232],[-4.89908,43.44871],[-4.88643,43.44804],[-4.87389,43.44142],[-4.86215,43.44314],[-4.85144,43.44168],[-4.84307,43.44662],[-4.83498,43.43712],[-4.83052,43.4384],[-4.82336,43.4364],[-4.8144,43.43838],[-4.8061,43.43291],[-4.77162,43.43041],[-4.75112,43.42382],[-4.74393,43.417],[-4.73872,43.41526],[-4.72426,43.41673],[-4.71016,43.40997],[-4.70102,43.41184],[-4.69462,43.40918],[-4.67751,43.40953],[-4.65303,43.40195],[-4.64219,43.40228],[-4.62623,43.39818],[-4.62017,43.39911],[-4.61815,43.39641],[-4.58159,43.39965],[-4.57776,43.39487],[-4.56222,43.39118],[-4.55671,43.39792],[-4.54939,43.39692],[-4.54544,43.40029],[-4.53612,43.40053],[-4.5123,43.3932],[-4.49358,43.39687],[-4.4871,43.39313],[-4.47549,43.39476],[-4.47282,43.39138],[-4.45666,43.39254],[-4.44298,43.39642],[-4.43105,43.39322],[-4.42966,43.39661],[-4.41461,43.39788],[-4.40107,43.39705],[-4.3875,43.39144],[-4.3782,43.39089],[-4.36909,43.39281],[-4.35358,43.40302],[-4.34341,43.40584],[-4.33967,43.40412],[-4.33796,43.39617],[-4.33329,43.39204],[-4.33135,43.3911],[-4.32659,43.38962],[-4.32448,43.38925],[-4.3201,43.38941],[-4.30849,43.39182],[-4.29591,43.39112],[-4.29152,43.393],[-4.28099,43.38714],[-4.27096,43.3931],[-4.26572,43.39298],[-4.25999,43.39611],[-4.24924,43.3961],[-4.23286,43.4002],[-4.22673,43.39967],[-4.22236,43.39551],[-4.2093,43.40034],[-4.19943,43.39994],[-4.18195,43.40412],[-4.17356,43.40246],[-4.14753,43.41191],[-4.13263,43.4138],[-4.11432,43.41866],[-4.09783,43.42648],[-4.09259,43.43255],[-4.08296,43.43669],[-4.0757,43.43119],[-4.05635,43.4337],[-4.0483,43.43826],[-4.04654,43.44353],[-4.04298,43.44143],[-4.04241,43.43671],[-4.03531,43.4352],[-4.03233,43.43656],[-4.03231,43.43954],[-4.02416,43.44182],[-4.01704,43.44776],[-4.00131,43.43977],[-3.98585,43.44519],[-3.98208,43.44119],[-3.97411,43.44572],[-3.95854,43.45458],[-3.94585,43.46931],[-3.93312,43.46862],[-3.91627,43.47448],[-3.90982,43.47358],[-3.89414,43.47672],[-3.89142,43.4735],[-3.88174,43.47473],[-3.87818,43.47893],[-3.86166,43.47609],[-3.84414,43.48365],[-3.83778,43.48002],[-3.82529,43.49007],[-3.81162,43.4945],[-3.78606,43.49132],[-3.78451,43.48636],[-3.78054,43.48532],[-3.78451,43.48324],[-3.78772,43.47984],[-3.78451,43.47503],[-3.77519,43.46982],[-3.76658,43.47073],[-3.76365,43.46769],[-3.77189,43.46735],[-3.78451,43.46285],[-3.80303,43.46054],[-3.81545,43.44957],[-3.82383,43.45107],[-3.82922,43.44256],[-3.8342,43.44156],[-3.83043,43.43499],[-3.83263,43.43207],[-3.81962,43.43017],[-3.80644,43.42363],[-3.81416,43.4161],[-3.82201,43.4128],[-3.81448,43.40205],[-3.80606,43.41563],[-3.79713,43.41531],[-3.78027,43.42213],[-3.7888,43.43102],[-3.77869,43.43451],[-3.7697,43.44808],[-3.75595,43.44587],[-3.75591,43.44188],[-3.76112,43.43543],[-3.75901,43.43232],[-3.75187,43.43084],[-3.74256,43.43221],[-3.74954,43.43711],[-3.7472,43.45027],[-3.75753,43.45703],[-3.7306,43.46044],[-3.7269,43.46294],[-3.72486,43.47037],[-3.71926,43.47468],[-3.70429,43.47877],[-3.68637,43.47683],[-3.65516,43.49246],[-3.6434,43.49818],[-3.61956,43.49763],[-3.61646,43.50019],[-3.61282,43.49857],[-3.60397,43.50809],[-3.59431,43.51319],[-3.58278,43.51251],[-3.5785,43.50643],[-3.56386,43.50914],[-3.5483,43.50815],[-3.5413,43.50272],[-3.54251,43.49319],[-3.53012,43.49133],[-3.52356,43.49405],[-3.5168,43.4939],[-3.51386,43.49187],[-3.51382,43.48162],[-3.50901,43.4772],[-3.49567,43.47165],[-3.47554,43.46885],[-3.46032,43.46563],[-3.4471,43.46667],[-3.43559,43.46435],[-3.42745,43.45743],[-3.42665,43.44397],[-3.43693,43.43785],[-3.45933,43.43935],[-3.46492,43.44461],[-3.46503,43.43591],[-3.47138,43.43301],[-3.48397,43.43234],[-3.49144,43.42317],[-3.48209,43.43102],[-3.46178,43.43151],[-3.46272,43.40371],[-3.46024,43.40335],[-3.45763,43.42064],[-3.45085,43.43514],[-3.44596,43.43233],[-3.43524,43.41836],[-3.42895,43.41442],[-3.42155,43.4131],[-3.41412,43.41899],[-3.40616,43.41569],[-3.38892,43.41683],[-3.38222,43.41533],[-3.37195,43.4165],[-3.36908,43.41297],[-3.36355,43.41201],[-3.34599,43.41579],[-3.33621,43.41458],[-3.32703,43.41531],[-3.32504,43.40628],[-3.31931,43.40317],[-3.31452,43.40339],[-3.30987,43.40894],[-3.30312,43.40928],[-3.28671,43.40415],[-3.25671,43.4025],[-3.22523,43.39476],[-3.22215,43.39238],[-3.22532,43.38611],[-3.21592,43.38546],[-3.21366,43.37695],[-3.19713,43.37213],[-3.19417,43.36514],[-3.1854,43.36487],[-3.18092,43.35863],[-3.17143,43.35798],[-3.16291,43.3519],[-3.15334,43.35322],[-3.14349,43.35138],[-3.1279,43.35362],[-3.11755,43.34995],[-3.11467,43.35165],[-3.11152,43.36159],[-3.10575,43.36444],[-3.0944,43.36291],[-3.06974,43.34701],[-3.06767,43.34696],[-3.04889,43.33954],[-3.03579,43.3401],[-3.03482,43.33828],[-3.03813,43.33677],[-3.03173,43.33363],[-3.02863,43.32861],[-3.02195,43.32672],[-3.01759,43.32303],[-3.01765,43.32848],[-3.01076,43.33609],[-3.01394,43.34083],[-3.01329,43.34699],[-3.02145,43.35334],[-3.02063,43.3588],[-3.03288,43.36695],[-3.03739,43.37272],[-3.03077,43.37841],[-3.02222,43.37886],[-3.00618,43.38414],[-2.9936,43.39058],[-2.98946,43.39522],[-2.98539,43.39552],[-2.98499,43.39797],[-2.98222,43.39971],[-2.97385,43.40497],[-2.96984,43.41212],[-2.96008,43.41497],[-2.95575,43.41191],[-2.94956,43.41214],[-2.94556,43.41265],[-2.94648,43.4169],[-2.95209,43.41833],[-2.95457,43.42225],[-2.95319,43.42831],[-2.94771,43.43056],[-2.94518,43.43482],[-2.92343,43.43733],[-2.90742,43.43851],[-2.89931,43.43421],[-2.87741,43.4355],[-2.86998,43.4343],[-2.86551,43.43118],[-2.85609,43.43029],[-2.84437,43.43206],[-2.82867,43.43179],[-2.82297,43.43368],[-2.80537,43.43132],[-2.78689,43.44376],[-2.78471,43.44758],[-2.78312,43.44551],[-2.76241,43.44949],[-2.75141,43.4559],[-2.74762,43.45249],[-2.7475,43.44503],[-2.7378,43.42942],[-2.7214,43.42578],[-2.7179,43.41829],[-2.71395,43.41768],[-2.71031,43.41862],[-2.70158,43.41539],[-2.6951,43.40535],[-2.68688,43.40484],[-2.68472,43.40632],[-2.67577,43.41244],[-2.66204,43.41026],[-2.65391,43.41141],[-2.64711,43.41547],[-2.63865,43.4131],[-2.63713,43.40398],[-2.63114,43.39878],[-2.61888,43.39228],[-2.61164,43.392],[-2.60197,43.39377],[-2.58146,43.3865],[-2.57477,43.38901],[-2.57262,43.38981],[-2.56183,43.39032],[-2.54995,43.37472],[-2.54377,43.37358],[-2.5343,43.37671],[-2.52565,43.37549],[-2.51367,43.37713],[-2.50835,43.37601],[-2.49989,43.36703],[-2.50014,43.36362],[-2.49585,43.36484],[-2.48887,43.36354],[-2.4831,43.35675],[-2.47182,43.35074],[-2.464,43.33868],[-2.4424,43.33291],[-2.43802,43.33395],[-2.42235,43.32948],[-2.41785,43.32595],[-2.41998,43.32371],[-2.41285,43.32108],[-2.40635,43.32242],[-2.39357,43.31885],[-2.3816,43.31261],[-2.37955,43.30834],[-2.37158,43.30874],[-2.36012,43.30455],[-2.35704,43.3011],[-2.3557,43.2996],[-2.34804,43.29953],[-2.34392,43.30275],[-2.32612,43.2973],[-2.309,43.29768],[-2.28505,43.29472],[-2.26274,43.29984],[-2.2585,43.3033],[-2.24568,43.30239],[-2.23758,43.30814],[-2.22719,43.31067],[-2.20584,43.30469],[-2.2013,43.31068],[-2.1996,43.30879],[-2.20227,43.30147],[-2.19298,43.29822],[-2.18953,43.29218],[-2.18303,43.29382],[-2.17732,43.28821],[-2.17246,43.28775],[-2.15684,43.29049],[-2.14992,43.29389],[-2.14133,43.29306],[-2.12987,43.2878],[-2.11044,43.30045],[-2.08297,43.30786],[-2.01259,43.32261],[-2.00077,43.32163],[-2.00002,43.31787],[-1.99238,43.31727],[-1.98882,43.32005],[-1.99074,43.32471],[-1.97582,43.32671],[-1.97015,43.33344],[-1.9631,43.33635],[-1.95494,43.33458],[-1.94923,43.33333],[-1.93647,43.3349],[-1.93117,43.33292],[-1.92514,43.33213],[-1.92562,43.33552],[-1.90182,43.34197],[-1.88483,43.35002],[-1.87113,43.36803],[-1.85788,43.37505],[-1.8496,43.3774],[-1.84471,43.37624],[-1.8299,43.38369],[-1.80495,43.38776],[-1.79087,43.39448],[-1.78848,43.39053],[-1.79745,43.38122],[-1.79776,43.37668],[-1.78984,43.3654],[-1.78166,43.36058],[-1.78935,43.35329],[-1.78598,43.35048],[-1.7727,43.34293],[-1.76199,43.34406],[-1.76094,43.34414],[-1.75368,43.34106],[-1.75055,43.33219],[-1.7382,43.32975],[-1.74098,43.3168],[-1.7289,43.29609],[-1.72234,43.29985],[-1.71339,43.30063],[-1.70387,43.30875],[-1.69408,43.31139],[-1.6819,43.31021],[-1.66629,43.31418],[-1.65648,43.3126],[-1.64539,43.30771],[-1.63543,43.30835],[-1.62554,43.30618],[-1.62221,43.30092],[-1.62974,43.2868],[-1.62545,43.27063],[-1.61778,43.25821],[-1.60846,43.25265],[-1.59512,43.25441],[-1.57477,43.25042],[-1.56866,43.25683],[-1.55722,43.27901],[-1.56318,43.28877],[-1.53544,43.29435],[-1.52937,43.29287],[-1.51511,43.29396],[-1.5059,43.29321],[-1.49135,43.28129],[-1.48364,43.28259],[-1.46858,43.27346],[-1.44591,43.26924],[-1.42745,43.26724],[-1.41324,43.27334],[-1.39239,43.26123],[-1.38451,43.25337],[-1.3785,43.23518],[-1.37856,43.22917],[-1.38427,43.22086],[-1.38163,43.21461],[-1.38473,43.20931],[-1.38323,43.20054],[-1.38627,43.19439],[-1.38235,43.18902],[-1.39255,43.18529],[-1.40153,43.17839],[-1.40283,43.15731],[-1.40752,43.15544],[-1.41518,43.14917],[-1.4107,43.14243],[-1.41528,43.12827],[-1.42688,43.1208],[-1.42862,43.11654],[-1.44236,43.11148],[-1.44233,43.10748],[-1.46563,43.09676],[-1.47166,43.09094],[-1.4719,43.08126],[-1.45614,43.06316],[-1.44711,43.05305],[-1.43904,43.04592],[-1.36588,43.0307],[-1.36017,43.02952],[-1.35841,43.0291],[-1.35373,43.02798],[-1.34336,43.05386],[-1.34427,43.07189],[-1.34089,43.08101],[-1.34563,43.092],[-1.3322,43.10771],[-1.3185,43.11275],[-1.27012,43.11825],[-1.29853,43.0934],[-1.30838,43.07131],[-1.30617,43.06833],[-1.29442,43.06372],[-1.28758,43.06333],[-1.2705,43.0547],[-1.26362,43.04421],[-1.25553,43.04354],[-1.24777,43.0429],[-1.22922,43.0551],[-1.21249,43.05136],[-1.20795,43.04646],[-1.2047,43.04477],[-1.18234,43.03307],[-1.17369,43.03706],[-1.14555,43.02431],[-1.14146,43.0076],[-1.13421,43.00897],[-1.1147,43.02313],[-1.09815,43.01338],[-1.08357,43.01066],[-1.08541,43.00297],[-1.07468,42.99907],[-1.01004,42.99157],[-0.99858,42.97644],[-0.9811,42.97009],[-0.97088,42.96177],[-0.96004,42.96009],[-0.94518,42.95384],[-0.93483,42.95291],[-0.92252,42.95559],[-0.9123,42.96391],[-0.90216,42.96251],[-0.89737,42.95898],[-0.89749,42.95586],[-0.87542,42.9546],[-0.86292,42.95091],[-0.83664,42.95418],[-0.81151,42.95158],[-0.79035,42.96327],[-0.7838,42.96452],[-0.77439,42.96536],[-0.76708,42.96855],[-0.75354,42.96733],[-0.74066,42.94875],[-0.73212,42.9453],[-0.7321,42.93877],[-0.73235,42.92875],[-0.7245,42.92016],[-0.73553,42.91245],[-0.73232,42.89744],[-0.72625,42.89213],[-0.72356,42.88978],[-0.71767,42.88619],[-0.70349,42.88336],[-0.69795,42.87955],[-0.679,42.88383],[-0.66275,42.8707],[-0.66145,42.8643],[-0.65569,42.85879],[-0.6466,42.85468],[-0.63612,42.85329],[-0.61922,42.83777],[-0.60231,42.83159],[-0.60337,42.82755],[-0.59895,42.81469],[-0.60008,42.80302],[-0.59315,42.80234],[-0.57514,42.80778],[-0.5693,42.80632],[-0.56518,42.80089],[-0.56518,42.7979],[-0.57005,42.79059],[-0.57014,42.78336],[-0.56783,42.78076],[-0.56518,42.78092],[-0.56011,42.78104],[-0.55647,42.78113],[-0.55105,42.77764],[-0.54366,42.79251],[-0.53011,42.79204],[-0.52312,42.79869],[-0.52498,42.81139],[-0.51018,42.82502],[-0.50127,42.82779],[-0.49645,42.81943],[-0.48406,42.81547],[-0.47856,42.80965],[-0.4525,42.8035],[-0.44387,42.79636],[-0.43961,42.79706],[-0.41084,42.80722],[-0.3943,42.79961],[-0.38473,42.80122],[-0.38165,42.80793],[-0.36601,42.81538],[-0.35483,42.83071],[-0.34711,42.8368],[-0.33605,42.83758],[-0.33064,42.83458],[-0.32455,42.83506],[-0.31334,42.84936],[-0.306,42.84189],[-0.27811,42.83581],[-0.27421,42.82839],[-0.25625,42.82007],[-0.24723,42.82046],[-0.24369,42.82349],[-0.23883,42.81781],[-0.23738,42.80768],[-0.2251,42.80205],[-0.2199,42.80185],[-0.21372,42.79692],[-0.19919,42.79569],[-0.18743,42.78745],[-0.17794,42.78529],[-0.15957,42.79715],[-0.15484,42.79267],[-0.15466,42.78212],[-0.14756,42.77388],[-0.14924,42.76957],[-0.13828,42.76612],[-0.12331,42.75112],[-0.1171,42.73869],[-0.1097,42.73415],[-0.11089,42.72624],[-0.10706,42.72163],[-0.0888,42.72104],[-0.0805,42.71737],[-0.06757,42.71671],[-0.06407,42.71125],[-0.06427,42.69997],[-0.06158,42.69468],[-0.05582,42.69272],[-0.04823,42.69373],[-0.04366,42.69266],[-0.01009,42.68477],[0.00157,42.686],[0.01183,42.69273],[0.01695,42.70124],[0.02501,42.70207],[0.04724,42.69646],[0.05809,42.698],[0.06976,42.70364],[0.07249,42.70982],[0.07883,42.71475],[0.0907,42.71656],[0.10494,42.71062],[0.1143,42.71093],[0.13182,42.71522],[0.13663,42.72243],[0.16104,42.72392],[0.16367,42.72899],[0.1769,42.73652],[0.20613,42.72944],[0.22538,42.71814],[0.25219,42.71811],[0.25595,42.71709],[0.25991,42.71601],[0.26779,42.70062],[0.26468,42.69308],[0.27293,42.68983],[0.29505,42.67336],[0.3141,42.68396],[0.32155,42.68506],[0.32566,42.70468],[0.34534,42.7113],[0.35763,42.72004],[0.36013,42.72435],[0.37529,42.71456],[0.38547,42.71178],[0.39296,42.71322],[0.39673,42.69929],[0.40585,42.69567],[0.41749,42.69428],[0.4232,42.69066],[0.43631,42.6897],[0.45224,42.69395],[0.46167,42.69352],[0.47776,42.70002],[0.49562,42.69253],[0.51544,42.69157],[0.51925,42.69298],[0.52637,42.70252],[0.52961,42.70248],[0.53579,42.70006],[0.54795,42.70097],[0.57881,42.69502],[0.58866,42.69589],[0.59383,42.70418],[0.59678,42.70544],[0.60613,42.69948],[0.6198,42.69556],[0.66013,42.69095],[0.66948,42.68959],[0.67634,42.69101],[0.67438,42.69966],[0.68184,42.70829],[0.67392,42.71774],[0.68022,42.72324],[0.67012,42.73109],[0.66728,42.73823],[0.66334,42.74411],[0.66339,42.74972],[0.64249,42.75376],[0.65161,42.7657],[0.66247,42.77059],[0.66591,42.77466],[0.65435,42.77727],[0.64495,42.78298],[0.65223,42.78772],[0.66014,42.79819],[0.6702,42.80192],[0.66487,42.81518],[0.66989,42.8223],[0.66753,42.82597],[0.66233,42.82913],[0.65936,42.83525],[0.66254,42.84124],[0.67784,42.84808],[0.6779,42.85513],[0.69239,42.85549],[0.70842,42.86125],[0.733,42.85441],[0.7355,42.84877],[0.77881,42.83634],[0.7887,42.8365],[0.80147,42.84046],[0.81334,42.83779],[0.83488,42.82836],[0.844,42.82893],[0.85821,42.82574],[0.86237,42.82046],[0.87739,42.81425],[0.88616,42.81256],[0.90522,42.80114],[0.90796,42.79739],[0.92838,42.78918],[0.94847,42.80144],[0.95982,42.80561],[0.97605,42.79586],[0.9829,42.78735],[0.99401,42.78722],[1.00555,42.79084],[1.01886,42.78697],[1.03912,42.78676],[1.04708,42.78115],[1.07207,42.7828],[1.07871,42.78834],[1.08791,42.77827],[1.10793,42.77111],[1.11005,42.76602],[1.11883,42.76318],[1.12864,42.75461],[1.13186,42.75061],[1.13064,42.74037],[1.13439,42.7364],[1.13387,42.72831],[1.16011,42.71397],[1.17077,42.70814],[1.189,42.71671],[1.21668,42.72063],[1.22928,42.72765],[1.24764,42.72199],[1.25416,42.71492],[1.27073,42.718],[1.27516,42.71782],[1.27944,42.71466],[1.29397,42.71912],[1.31046,42.71815],[1.32598,42.72417],[1.33526,42.72406],[1.33868,42.71901],[1.3573,42.71942],[1.35712,42.7152],[1.35264,42.7104],[1.35189,42.70208],[1.36463,42.69538],[1.37635,42.69441],[1.38722,42.68858],[1.38914,42.68514],[1.38717,42.66877],[1.3974,42.66743],[1.40462,42.65786],[1.41323,42.655],[1.42053,42.62531],[1.42772,42.6202],[1.43481,42.60556],[1.44257,42.60367],[1.44044,42.59476],[1.42802,42.58698],[1.42682,42.58344],[1.4324,42.57547],[1.44306,42.57138],[1.44405,42.56755],[1.42378,42.5563],[1.41377,42.53564],[1.43828,42.5429],[1.44872,42.5405],[1.46726,42.51108],[1.4444,42.49594],[1.42567,42.49265],[1.4196,42.48439],[1.43319,42.48151],[1.4402,42.4758],[1.44058,42.46473],[1.4463,42.46012],[1.4415,42.45466],[1.44628,42.44625],[1.44331,42.44365],[1.44945,42.43839],[1.48447,42.43299],[1.49875,42.43299],[1.51194,42.43011],[1.5167,42.42907],[1.53058,42.43226],[1.5519,42.43343],[1.55362,42.44401],[1.55922,42.44936],[1.55706,42.45454],[1.56135,42.4583],[1.56732,42.45833],[1.57585,42.45122],[1.58091,42.44995],[1.58671,42.46126],[1.59766,42.46612],[1.60491,42.46567],[1.62877,42.46422],[1.63583,42.46739],[1.65664,42.46843],[1.66167,42.47415],[1.6627,42.49326],[1.6697,42.50324],[1.67968,42.49485],[1.6895,42.49493],[1.70396,42.49026],[1.71186,42.49289],[1.7258,42.5044],[1.73101,42.4924],[1.74645,42.49512],[1.76294,42.48748],[1.79068,42.48571],[1.80472,42.48965],[1.81604,42.48386],[1.82321,42.48586],[1.8328,42.48299],[1.84334,42.47716],[1.84781,42.46835],[1.85525,42.46397],[1.85929,42.4631],[1.86343,42.46582],[1.86716,42.46541],[1.88076,42.45926],[1.88506,42.4503],[1.89364,42.44788],[1.90022,42.44991],[1.90369,42.44853],[1.90635,42.44862],[1.90913,42.4472],[1.92127,42.44786],[1.93295,42.45494],[1.93687,42.45343],[1.94286,42.44443],[1.94108,42.43085],[1.95809,42.42366],[1.95526,42.41158],[1.96082,42.40298],[1.96036,42.39341],[1.96502,42.38222],[1.97229,42.37381],[1.97989,42.37017],[1.98591,42.36213],[2.01171,42.3527],[2.01529,42.34735],[2.02349,42.3558],[2.05808,42.35885],[2.07366,42.36512],[2.08457,42.36186],[2.08582,42.36422],[2.08948,42.3739],[2.1154,42.38292],[2.11473,42.3946],[2.12107,42.39761],[2.12453,42.40808],[2.13309,42.41455],[2.15693,42.42339],[2.16796,42.42409],[2.17997,42.41884],[2.20147,42.417],[2.22522,42.42595],[2.23307,42.4259],[2.24616,42.4295],[2.25711,42.43867],[2.29059,42.42365],[2.29869,42.42399],[2.30861,42.42821],[2.31875,42.42501],[2.31961,42.42152],[2.32671,42.41699],[2.34424,42.41603],[2.34614,42.4093],[2.36086,42.40293],[2.38533,42.40053],[2.40525,42.39314],[2.43188,42.39359],[2.43491,42.38877],[2.43435,42.37664],[2.44371,42.37066],[2.45453,42.36898],[2.45695,42.36343],[2.46539,42.36055],[2.47469,42.34814],[2.48271,42.34035],[2.50061,42.34279],[2.52621,42.33339],[2.54214,42.33389],[2.55116,42.34217],[2.55453,42.35317],[2.56184,42.35712],[2.5874,42.35685],[2.59063,42.35392],[2.61294,42.34642],[2.65114,42.34381],[2.66013,42.3408],[2.67234,42.34127],[2.67531,42.34388],[2.67551,42.35389],[2.67231,42.36001],[2.66166,42.36609],[2.66222,42.37356],[2.65924,42.37971],[2.65427,42.38602],[2.66953,42.38763],[2.67395,42.40464],[2.69251,42.40666],[2.71657,42.42089],[2.72393,42.42283],[2.72736,42.42279],[2.75217,42.4257],[2.75629,42.4249],[2.76054,42.4184],[2.77129,42.4121],[2.77769,42.41273],[2.78478,42.41751],[2.79301,42.41812],[2.79904,42.4193],[2.80459,42.43103],[2.80992,42.43244],[2.81786,42.43984],[2.8274,42.44008],[2.83661,42.45688],[2.84002,42.45875],[2.84442,42.45796],[2.85985,42.45516],[2.86428,42.46401],[2.87064,42.46722],[2.88652,42.46012],[2.89137,42.46175],[2.90464,42.45744],[2.91164,42.45724],[2.92013,42.45699],[2.92408,42.45918],[2.93285,42.47461],[2.94717,42.48187],[2.967,42.46619],[2.97674,42.46754],[2.98057,42.46767],[2.98776,42.47368],[3.00059,42.47255],[3.01121,42.46785],[3.01298,42.46707],[3.03096,42.47421],[3.0402,42.47353],[3.04564,42.46143],[3.05693,42.44699],[3.06621,42.44256],[3.07004,42.4365],[3.07217,42.43592],[3.07591,42.4349],[3.07968,42.42933],[3.08597,42.42578],[3.10275,42.42649],[3.10908,42.43458],[3.12082,42.43825],[3.12472,42.43536],[3.13578,42.4356],[3.14372,42.43337],[3.1748,42.43537],[3.17524,42.43498],[3.1619,42.42827],[3.16909,42.42436],[3.16903,42.42004],[3.16997,42.41571],[3.1564,42.40641],[3.1632,42.40352],[3.1643,42.4008],[3.15351,42.3931],[3.15786,42.38995],[3.16639,42.38938],[3.15585,42.37917],[3.15989,42.37238],[3.16604,42.3699],[3.16417,42.36062],[3.17495,42.35474],[3.18771,42.35119],[3.18603,42.34404],[3.19659,42.33571],[3.20288,42.33708],[3.20181,42.34313],[3.20414,42.34654],[3.21017,42.34586],[3.21681,42.34931],[3.23032,42.35109],[3.23754,42.34885],[3.24116,42.33652],[3.24605,42.33575],[3.24951,42.33124],[3.25296,42.33463],[3.2604,42.33572],[3.26542,42.34047],[3.27914,42.3362],[3.28116,42.33202],[3.30479,42.32682],[3.307,42.32496],[3.30951,42.32286],[3.31816,42.32211],[3.32063,42.31878],[3.307,42.31053],[3.29849,42.30538],[3.29052,42.30551],[3.2908,42.29386],[3.29576,42.29164],[3.29496,42.28391],[3.2898,42.28338],[3.28103,42.28747],[3.27722,42.28598],[3.27806,42.2797],[3.28697,42.26748],[3.28062,42.25492],[3.26256,42.25173],[3.25459,42.25318],[3.25409,42.24571],[3.26532,42.24336],[3.26423,42.23811],[3.25072,42.24025],[3.24192,42.25004],[3.2362,42.24817],[3.22989,42.25062],[3.22833,42.24044],[3.21903,42.23363],[3.19685,42.24638],[3.18248,42.24609],[3.18096,42.25728],[3.1729,42.26376],[3.16256,42.264],[3.15054,42.2586],[3.13918,42.25097],[3.12535,42.23601],[3.11749,42.2226],[3.11166,42.20385],[3.11221,42.17281],[3.11713,42.146],[3.1245,42.12841],[3.13639,42.12567],[3.13886,42.11589],[3.14382,42.11536],[3.15209,42.11941],[3.16507,42.11395],[3.1709,42.11436],[3.17598,42.11112],[3.1744,42.10828],[3.16958,42.10827],[3.1734,42.1034],[3.18349,42.10293],[3.19591,42.08429],[3.19993,42.082],[3.19934,42.07771],[3.21106,42.06844],[3.20936,42.06463],[3.21165,42.05533],[3.20172,42.05296],[3.19786,42.04677],[3.19512,42.02867],[3.19693,42.00835],[3.20008,41.99525],[3.20721,41.98157],[3.21135,41.97348],[3.22179,41.97381],[3.23136,41.96727],[3.22977,41.96326],[3.23255,41.95045],[3.21891,41.94214],[3.21564,41.93684],[3.21895,41.93267],[3.21808,41.92753],[3.21569,41.91835],[3.20843,41.9164],[3.21093,41.90973],[3.20785,41.90752],[3.2097,41.9031],[3.20312,41.89275],[3.19504,41.89316],[3.1916,41.88892],[3.18356,41.88736],[3.17896,41.87508],[3.17742,41.86787],[3.1607,41.86044],[3.15362,41.86194],[3.14439,41.85742],[3.14451,41.85015],[3.13417,41.84698],[3.13082,41.84186],[3.12572,41.84653],[3.11795,41.84826],[3.10916,41.84721],[3.10002,41.84308],[3.0811,41.82451],[3.07217,41.81855],[3.07076,41.81761],[3.06468,41.80039],[3.0562,41.78754],[3.05386,41.79044],[3.04645,41.78855],[3.04771,41.78296],[3.04303,41.77931],[3.03074,41.7794],[3.03006,41.77247],[3.01291,41.77235],[3.01121,41.77135],[2.99585,41.76236],[2.98318,41.76009],[2.97674,41.75715],[2.97158,41.75317],[2.95552,41.73715],[2.95299,41.73202],[2.93641,41.72075],[2.93361,41.71579],[2.91164,41.70868],[2.90378,41.70992],[2.89688,41.70494],[2.88797,41.70201],[2.88157,41.7035],[2.86603,41.69863],[2.854,41.69955],[2.84145,41.69341],[2.83309,41.69365],[2.81688,41.68646],[2.81551,41.68302],[2.80226,41.67373],[2.79833,41.67459],[2.79184,41.67206],[2.77851,41.64881],[2.74792,41.64315],[2.72794,41.63511],[2.71739,41.62876],[2.70302,41.62468],[2.69816,41.62228],[2.6892,41.62024],[2.68272,41.61788],[2.67284,41.6155],[2.67087,41.61476],[2.63957,41.60482],[2.59537,41.59054],[2.5722,41.58332],[2.53216,41.57],[2.52241,41.5659],[2.50881,41.56037],[2.48748,41.55111],[2.46318,41.54338],[2.42435,41.51918],[2.4202,41.51743],[2.40908,41.50952],[2.40278,41.50617],[2.37609,41.49416],[2.34673,41.48491],[2.29651,41.47229],[2.29051,41.46987],[2.27042,41.4608],[2.25773,41.45163],[2.25368,41.4487],[2.23723,41.42588],[2.22717,41.41261],[2.20049,41.38895],[2.19553,41.38163],[2.18835,41.37102],[2.18626,41.37036],[2.1839,41.3731],[2.17918,41.37113],[2.1731,41.35885],[2.15183,41.34317],[2.15184,41.33833],[2.1584,41.33939],[2.15094,41.32175],[2.14954,41.31947],[2.14747,41.31729],[2.14648,41.31525],[2.14353,41.31231],[2.13945,41.30673],[2.13555,41.30345],[2.12982,41.29947],[2.1251,41.2957],[2.11957,41.29206],[2.10724,41.28682],[2.09839,41.28407],[2.09098,41.28225],[2.08657,41.28073],[2.07662,41.2781],[2.07461,41.27727],[2.06953,41.27632],[2.06601,41.27513],[2.06362,41.27497],[2.0463,41.27068],[2.03188,41.26775],[2.02038,41.26596],[2.00964,41.26501],[2.00295,41.26472],[1.98479,41.26418],[1.95948,41.26456],[1.94446,41.2638],[1.92235,41.26001],[1.90509,41.25422],[1.90001,41.25044],[1.87017,41.24261],[1.85543,41.23485],[1.81569,41.23578],[1.79537,41.22971],[1.7868,41.22396],[1.75669,41.21936],[1.75182,41.21861],[1.71714,41.21197],[1.70691,41.20777],[1.69714,41.20753],[1.68343,41.20176],[1.67315,41.19825],[1.64532,41.19562],[1.6316,41.19235],[1.61692,41.19071],[1.60491,41.18954],[1.56732,41.1859],[1.52722,41.18085],[1.51194,41.17718],[1.49564,41.17327],[1.45948,41.16339],[1.45341,41.16019],[1.44052,41.15528],[1.40739,41.14078],[1.39801,41.1335],[1.39,41.13264],[1.37351,41.13312],[1.34195,41.12601],[1.31702,41.1296],[1.2993,41.12779],[1.27807,41.11939],[1.26968,41.11325],[1.26158,41.11381],[1.25036,41.1092],[1.21818,41.10523],[1.19777,41.09291],[1.18325,41.07622],[1.17969,41.06607],[1.18049,41.06298],[1.17221,41.05586],[1.16397,41.05561],[1.16011,41.06051],[1.15754,41.06376],[1.14897,41.06571],[1.14234,41.07229],[1.12765,41.07492],[1.11779,41.07386],[1.08424,41.06403],[1.0714,41.06591],[1.04936,41.06393],[1.02346,41.05201],[1.01607,41.05049],[1.00436,41.04367],[0.98787,41.04082],[0.9656,41.02757],[0.9402,41.00544],[0.93198,40.9915],[0.91656,40.98731],[0.89798,40.97457],[0.87562,40.9526],[0.86282,40.94702],[0.8578,40.93466],[0.82825,40.90881],[0.81693,40.8929],[0.79724,40.8759],[0.79232,40.86735],[0.77185,40.85785],[0.77028,40.85712],[0.76175,40.84767],[0.75199,40.84612],[0.74486,40.8377],[0.74152,40.82468],[0.73659,40.82399],[0.73112,40.81855],[0.7078,40.81042],[0.70042,40.80341],[0.70852,40.78826],[0.72028,40.77854],[0.72933,40.77021],[0.73971,40.76581],[0.76225,40.76232],[0.77078,40.76367],[0.78379,40.76979],[0.78163,40.77404],[0.7729,40.77869],[0.73663,40.78899],[0.74152,40.79167],[0.75813,40.7931],[0.77069,40.79069],[0.78012,40.78452],[0.82306,40.73984],[0.83488,40.73148],[0.86369,40.72151],[0.87479,40.73303],[0.88651,40.71997],[0.88409,40.71502],[0.88156,40.70954],[0.87952,40.70689],[0.87658,40.70132],[0.8733,40.69749],[0.86973,40.69418],[0.86104,40.68747],[0.85377,40.68236],[0.84914,40.67958],[0.83488,40.67284],[0.79638,40.65989],[0.79099,40.66021],[0.79105,40.65798],[0.76751,40.64741],[0.7501,40.63505],[0.74341,40.63021],[0.74275,40.63219],[0.74604,40.63618],[0.72661,40.63952],[0.70868,40.63693],[0.69446,40.63734],[0.66328,40.62653],[0.62854,40.6219],[0.60314,40.62191],[0.58042,40.60387],[0.53858,40.56732],[0.53247,40.55365],[0.52289,40.54274],[0.51627,40.5256],[0.51524,40.52292],[0.51245,40.51524],[0.48465,40.47602],[0.46601,40.45923],[0.46167,40.45349],[0.45348,40.44265],[0.44679,40.43682],[0.43611,40.41723],[0.41733,40.39958],[0.40527,40.36984],[0.40416,40.36226],[0.40745,40.35784],[0.40015,40.35719],[0.39311,40.3517],[0.38763,40.34291],[0.38559,40.33964],[0.38129,40.33646],[0.36721,40.32603],[0.35445,40.31201],[0.34925,40.29833],[0.33617,40.29188],[0.3321,40.28219],[0.32236,40.27435],[0.31167,40.26852],[0.30357,40.26015],[0.28944,40.25346],[0.279,40.24336],[0.2646,40.21052],[0.25574,40.20327],[0.23111,40.19809],[0.20122,40.18075],[0.18155,40.15847],[0.16095,40.12392],[0.15341,40.1084],[0.14826,40.0978],[0.1457,40.0821],[0.1365,40.08093],[0.13148,40.07165],[0.12017,40.06271],[0.10535,40.05667],[0.09011,40.05577],[0.08231,40.05575],[0.0518,40.03737],[0.03922,40.01538],[0.02799,39.99536],[0.02051,39.97353],[0.01643,39.9731],[0.00858,39.96479],[0.00252,39.94284],[0.00159,39.93612],[0.0,39.93225],[-0.00362,39.92346],[-0.00447,39.91977],[-0.00584,39.91594],[-0.00707,39.91407],[-0.01002,39.91104],[-0.0282,39.89686],[-0.04366,39.88479],[-0.06883,39.86515],[-0.07866,39.86066],[-0.09619,39.84155],[-0.12336,39.80888],[-0.15215,39.77015],[-0.15748,39.7639],[-0.15897,39.76146],[-0.16373,39.75545],[-0.16535,39.75407],[-0.16641,39.7524],[-0.16981,39.74888],[-0.17205,39.746],[-0.17747,39.74031],[-0.18287,39.73258],[-0.18847,39.72195],[-0.19179,39.71371],[-0.19454,39.70853],[-0.19667,39.70287],[-0.20133,39.68535],[-0.20355,39.67178],[-0.21081,39.65443],[-0.21674,39.65383],[-0.21985,39.6463],[-0.23886,39.63492],[-0.25882,39.61493],[-0.26799,39.59825],[-0.27195,39.58343],[-0.27368,39.57942],[-0.27392,39.57787],[-0.28037,39.56617],[-0.28626,39.55993],[-0.28938,39.55666],[-0.2956,39.54948],[-0.29929,39.54509],[-0.30802,39.53491],[-0.31071,39.53048],[-0.31225,39.5279],[-0.31392,39.52498],[-0.318,39.51749],[-0.31898,39.5145],[-0.32095,39.50799],[-0.32271,39.49716],[-0.32332,39.48708],[-0.32346,39.48463],[-0.32167,39.4598],[-0.32766,39.46157],[-0.3307,39.45953],[-0.32146,39.44936],[-0.3247,39.44892],[-0.33408,39.43942],[-0.33443,39.42324],[-0.31296,39.35302],[-0.29075,39.3061],[-0.27424,39.27894],[-0.24458,39.22543],[-0.22316,39.1912],[-0.21659,39.18539],[-0.21965,39.18128],[-0.23583,39.17865],[-0.24094,39.1652],[-0.23688,39.13908],[-0.22195,39.10578],[-0.19941,39.0585],[-0.18114,39.03079],[-0.14687,38.9834],[-0.13594,38.97099],[-0.13418,38.96967],[-0.13292,38.96818],[-0.12763,38.9627],[-0.12173,38.95677],[-0.12023,38.95568],[-0.11886,38.95402],[-0.11741,38.9531],[-0.1077,38.94352],[-0.06916,38.90976],[-0.04366,38.89089],[-0.03762,38.88641],[-0.02303,38.87625],[-0.01033,38.87036],[0.01454,38.86411],[0.02159,38.86442],[0.03379,38.86031],[0.04328,38.86028],[0.05363,38.86316],[0.09276,38.85459],[0.1086,38.8467],[0.11708,38.83755],[0.12541,38.83332],[0.12938,38.83261],[0.13446,38.83428],[0.1457,38.8318],[0.15341,38.82671],[0.16685,38.81782],[0.19758,38.80354],[0.19697,38.80097],[0.18747,38.79938],[0.18386,38.79668],[0.18462,38.78509],[0.19154,38.77365],[0.20705,38.76213],[0.2185,38.76074],[0.22247,38.76235],[0.22511,38.74656],[0.23226,38.74448],[0.23136,38.73897],[0.23035,38.73279],[0.21524,38.72893],[0.21214,38.73217],[0.20238,38.73128],[0.19746,38.7252],[0.18769,38.72308],[0.17944,38.71679],[0.1678,38.7103],[0.16324,38.70252],[0.15578,38.69802],[0.15416,38.68645],[0.15341,38.6851],[0.14997,38.68036],[0.1457,38.68767],[0.12627,38.68527],[0.11547,38.67486],[0.1084,38.67472],[0.09662,38.67115],[0.08496,38.65953],[0.07468,38.64401],[0.07915,38.63273],[0.07348,38.63372],[0.06828,38.63933],[0.0556,38.64155],[0.0384,38.63726],[0.02893,38.62716],[0.01019,38.63279],[-0.01549,38.62662],[-0.02931,38.61804],[-0.04366,38.60335],[-0.05546,38.59125],[-0.06394,38.57705],[-0.06298,38.57135],[-0.04994,38.56302],[-0.06004,38.55732],[-0.06821,38.54728],[-0.07472,38.53949],[-0.09688,38.5248],[-0.10638,38.5272],[-0.11116,38.53339],[-0.1415,38.53647],[-0.1544,38.53355],[-0.16382,38.52333],[-0.16764,38.52312],[-0.1739,38.51612],[-0.19854,38.51398],[-0.22236,38.50847],[-0.23788,38.49943],[-0.26432,38.49457],[-0.30137,38.48193],[-0.34368,38.45543],[-0.37408,38.44233],[-0.38138,38.43611],[-0.38888,38.42759],[-0.39158,38.41576],[-0.40159,38.41054],[-0.40834,38.38203],[-0.40899,38.35954],[-0.40412,38.35288],[-0.41352,38.35173],[-0.43003,38.35369],[-0.43576,38.36007],[-0.44565,38.36208],[-0.48493,38.34161],[-0.48798,38.33435],[-0.49652,38.33662],[-0.50413,38.33378],[-0.50992,38.32672],[-0.51641,38.31062],[-0.51975,38.29686],[-0.51936,38.27487],[-0.51833,38.26684],[-0.51683,38.25932],[-0.51641,38.25577],[-0.515,38.2403],[-0.51036,38.22423],[-0.50754,38.21087],[-0.51035,38.2018],[-0.51734,38.19488],[-0.53654,38.18881],[-0.56011,38.19055],[-0.56518,38.19092],[-0.58876,38.18943],[-0.59191,38.18902],[-0.59519,38.18785],[-0.60078,38.18457],[-0.60743,38.17968],[-0.61248,38.17541],[-0.61597,38.17055],[-0.61733,38.16723],[-0.6201,38.16264],[-0.62376,38.15792],[-0.62593,38.15447],[-0.63063,38.14859],[-0.63417,38.14246],[-0.6369,38.13592],[-0.63845,38.12837],[-0.65045,38.05457],[-0.64995,38.02946],[-0.6525,38.02434],[-0.65214,38.01116],[-0.64773,38.0021],[-0.65267,37.99668],[-0.65558,37.98569],[-0.66637,37.97671],[-0.67853,37.97346],[-0.68688,37.97549],[-0.69461,37.97142],[-0.70301,37.95644],[-0.70481,37.94104],[-0.71108,37.94087],[-0.71801,37.93536],[-0.72205,37.92163],[-0.72021,37.91156],[-0.72994,37.91318],[-0.74057,37.9083],[-0.75026,37.89757],[-0.75202,37.8883],[-0.75423,37.87262],[-0.76148,37.86257],[-0.76214,37.84701],[-0.75725,37.82077],[-0.74891,37.79089],[-0.75062,37.78491],[-0.74664,37.77679],[-0.74858,37.77479],[-0.76191,37.79457],[-0.76228,37.80017],[-0.77588,37.8189],[-0.78292,37.81914],[-0.78991,37.81395],[-0.79631,37.81017],[-0.80293,37.7986],[-0.80107,37.78165],[-0.81772,37.76515],[-0.82837,37.75549],[-0.83994,37.75246],[-0.8452,37.74817],[-0.85187,37.7307],[-0.85998,37.72145],[-0.85584,37.71194],[-0.8407,37.69731],[-0.82475,37.67506],[-0.811,37.66324],[-0.7859,37.65057],[-0.75179,37.64161],[-0.74865,37.63567],[-0.74007,37.63276],[-0.73244,37.6331],[-0.72609,37.63636],[-0.72101,37.64958],[-0.72468,37.65907],[-0.73327,37.66408],[-0.73284,37.66833],[-0.73962,37.68847],[-0.73846,37.69109],[-0.72654,37.66906],[-0.70601,37.63805],[-0.69754,37.63323],[-0.68991,37.63589],[-0.68888,37.63446],[-0.69369,37.63077],[-0.70153,37.62975],[-0.71427,37.61713],[-0.72074,37.60651],[-0.73388,37.60138],[-0.78192,37.59446],[-0.78959,37.58813],[-0.80505,37.58537],[-0.81914,37.57589],[-0.84022,37.57763],[-0.84183,37.58066],[-0.84154,37.58528],[-0.85142,37.58708],[-0.85469,37.58115],[-0.86586,37.57973],[-0.87092,37.57608],[-0.87686,37.57686],[-0.8813,37.57023],[-0.89611,37.56693],[-0.9209,37.55654],[-0.93803,37.55964],[-0.95283,37.55936],[-0.95952,37.56166],[-0.95006,37.5697],[-0.95649,37.57428],[-0.97039,37.57508],[-0.97655,37.58113],[-0.97367,37.59571],[-0.99193,37.59987],[-0.99242,37.59695],[-0.98776,37.59194],[-0.9886,37.58399],[-0.99734,37.58607],[-1.00601,37.58512],[-1.01583,37.57471],[-1.02393,37.57467],[-1.03815,37.58004],[-1.05407,37.58211],[-1.06561,37.58047],[-1.07351,37.58274],[-1.09484,37.57101],[-1.11102,37.56729],[-1.12013,37.56127],[-1.12499,37.55174],[-1.12356,37.54753],[-1.10956,37.53723],[-1.11381,37.53479],[-1.12868,37.53957],[-1.16489,37.54233],[-1.17269,37.54957],[-1.17077,37.55904],[-1.1802,37.56606],[-1.20285,37.57338],[-1.21701,37.57506],[-1.22587,37.57336],[-1.22879,37.57622],[-1.24389,37.57681],[-1.25553,37.5682],[-1.25737,37.56684],[-1.25585,37.55874],[-1.26746,37.56028],[-1.27459,37.55816],[-1.28208,37.55891],[-1.28724,37.55676],[-1.29059,37.55978],[-1.3089,37.56251],[-1.3256,37.56198],[-1.33317,37.55673],[-1.3406,37.55613],[-1.35501,37.5498],[-1.37313,37.53234],[-1.38975,37.52471],[-1.39624,37.51752],[-1.40291,37.50766],[-1.43011,37.50246],[-1.45364,37.491],[-1.46593,37.47973],[-1.46852,37.4737],[-1.47473,37.4656],[-1.48276,37.44448],[-1.48382,37.43563],[-1.47759,37.43288],[-1.47754,37.4301],[-1.4875,37.42264],[-1.49688,37.42296],[-1.50283,37.43131],[-1.51753,37.4317],[-1.53065,37.4226],[-1.5412,37.41845],[-1.5472,37.41229],[-1.55861,37.41149],[-1.56085,37.40439],[-1.57196,37.40774],[-1.57715,37.40596],[-1.57984,37.40093],[-1.58605,37.40282],[-1.59258,37.40113],[-1.60456,37.39392],[-1.61286,37.38472],[-1.61935,37.38342],[-1.63003,37.37518],[-1.644,37.37152],[-1.65334,37.35532],[-1.66496,37.35789],[-1.67416,37.35499],[-1.69106,37.3353],[-1.70866,37.30351],[-1.72062,37.29577],[-1.74927,37.26811],[-1.75919,37.26216],[-1.7748,37.2394],[-1.79627,37.22939],[-1.79954,37.22578],[-1.80185,37.22209],[-1.8031,37.22102],[-1.80655,37.214],[-1.81039,37.20474],[-1.81072,37.20262],[-1.81151,37.20095],[-1.81364,37.19353],[-1.81491,37.19172],[-1.81591,37.18852],[-1.82046,37.1825],[-1.82351,37.16954],[-1.82333,37.1505],[-1.83408,37.11838],[-1.84462,37.10779],[-1.84975,37.09174],[-1.84985,37.0684],[-1.86125,37.05299],[-1.8631,37.04555],[-1.87602,37.03549],[-1.88043,37.02447],[-1.87851,37.0141],[-1.88771,37.00652],[-1.88998,36.99621],[-1.89703,36.99307],[-1.90004,36.98865],[-1.8969,36.94837],[-1.90302,36.94326],[-1.90494,36.93734],[-1.91686,36.93473],[-1.92521,36.93803],[-1.93524,36.93789],[-1.9454,36.93225],[-1.96755,36.90017],[-1.97224,36.89921],[-1.98138,36.90186],[-1.9912,36.89382],[-1.99576,36.8856],[-2.00275,36.87976],[-2.00434,36.86124],[-1.9965,36.85054],[-2.00084,36.84017],[-2.00809,36.8351],[-2.02488,36.83426],[-2.04312,36.81895],[-2.05817,36.81048],[-2.06239,36.8017],[-2.0642,36.77641],[-2.08545,36.76496],[-2.10492,36.76186],[-2.10981,36.75149],[-2.1199,36.74641],[-2.12024,36.7416],[-2.11658,36.73792],[-2.12412,36.73276],[-2.13542,36.72977],[-2.15321,36.73028],[-2.16789,36.72408],[-2.1843,36.72153],[-2.19346,36.72266],[-2.20226,36.73044],[-2.25982,36.79425],[-2.29219,36.81982],[-2.32044,36.83407],[-2.35467,36.84093],[-2.35704,36.841],[-2.36766,36.84133],[-2.40509,36.82545],[-2.42793,36.81074],[-2.45235,36.82753],[-2.47298,36.83655],[-2.48589,36.8331],[-2.49093,36.82856],[-2.50253,36.82492],[-2.52515,36.82452],[-2.534,36.81909],[-2.55376,36.81752],[-2.56215,36.81602],[-2.56727,36.81222],[-2.57477,36.80361],[-2.59865,36.77621],[-2.60475,36.76324],[-2.60572,36.75348],[-2.62025,36.7269],[-2.64636,36.70259],[-2.65716,36.69772],[-2.67119,36.69534],[-2.68472,36.68982],[-2.70167,36.68289],[-2.72279,36.68505],[-2.75798,36.68062],[-2.77216,36.68164],[-2.79891,36.70085],[-2.8103,36.70492],[-2.83203,36.70404],[-2.84668,36.69555],[-2.85789,36.69928],[-2.88446,36.72618],[-2.90711,36.74306],[-2.91612,36.74889],[-2.91994,36.75038],[-2.92372,36.75147],[-2.92727,36.75176],[-2.93161,36.75079],[-2.94744,36.74868],[-2.97679,36.73844],[-2.98222,36.74029],[-2.99186,36.74357],[-3.00758,36.74205],[-3.02105,36.74639],[-3.02438,36.74394],[-3.03346,36.74717],[-3.07111,36.74596],[-3.12869,36.75089],[-3.14522,36.74536],[-3.15774,36.74711],[-3.1667,36.74513],[-3.18696,36.74992],[-3.20143,36.74994],[-3.21194,36.7457],[-3.22778,36.75078],[-3.23334,36.7501],[-3.24951,36.75455],[-3.27253,36.74849],[-3.30488,36.7379],[-3.31892,36.74159],[-3.3384,36.7384],[-3.35021,36.72946],[-3.36489,36.71472],[-3.38786,36.71082],[-3.39615,36.7061],[-3.4024,36.70674],[-3.40755,36.70223],[-3.41119,36.70299],[-3.42038,36.69458],[-3.44328,36.69498],[-3.46013,36.69603],[-3.46866,36.69385],[-3.48004,36.69706],[-3.51326,36.72034],[-3.52603,36.72405],[-3.53802,36.72156],[-3.55074,36.71491],[-3.56707,36.71904],[-3.58102,36.72436],[-3.60172,36.74381],[-3.62123,36.74155],[-3.6377,36.74236],[-3.65995,36.74582],[-3.67832,36.7304],[-3.69467,36.72923],[-3.7041,36.73323],[-3.71779,36.73251],[-3.7258,36.72871],[-3.73179,36.71964],[-3.73592,36.72174],[-3.73711,36.7291],[-3.7482,36.73694],[-3.75523,36.73783],[-3.76692,36.72922],[-3.77746,36.73793],[-3.7852,36.74029],[-3.79241,36.74588],[-3.83565,36.75359],[-3.85099,36.75062],[-3.86232,36.75146],[-3.88142,36.74208],[-3.91069,36.74218],[-3.91317,36.74247],[-3.91621,36.74121],[-3.92129,36.74053],[-3.92483,36.73885],[-3.92636,36.73729],[-3.92918,36.73648],[-3.93113,36.73626],[-3.93388,36.73467],[-3.93706,36.73409],[-3.9455,36.73034],[-3.94876,36.72951],[-3.95167,36.72842],[-3.95443,36.72664],[-3.95728,36.7261],[-3.96471,36.72898],[-3.96827,36.72977],[-3.97083,36.72993],[-3.98082,36.73275],[-3.9857,36.73462],[-3.99117,36.73719],[-3.99805,36.73965],[-4.00093,36.73981],[-4.00497,36.74114],[-4.00827,36.74072],[-4.01078,36.74171],[-4.01464,36.7423],[-4.01663,36.74302],[-4.02411,36.74414],[-4.02797,36.74371],[-4.02947,36.74272],[-4.03322,36.74234],[-4.03839,36.74387],[-4.04171,36.74417],[-4.05964,36.7476],[-4.07961,36.74672],[-4.10138,36.72859],[-4.11039,36.72503],[-4.13294,36.7226],[-4.16312,36.71936],[-4.17886,36.715],[-4.23217,36.71239],[-4.2505,36.71025],[-4.28426,36.71397],[-4.31467,36.7128],[-4.34012,36.71282],[-4.35148,36.717],[-4.39106,36.7221],[-4.40474,36.71925],[-4.4137,36.71375],[-4.41473,36.71768],[-4.41703,36.71735],[-4.42286,36.70905],[-4.43317,36.70171],[-4.44721,36.67747],[-4.45481,36.66434],[-4.47646,36.64518],[-4.50951,36.59935],[-4.51121,36.59403],[-4.51451,36.59663],[-4.54043,36.57935],[-4.55883,36.58001],[-4.58992,36.57134],[-4.611,36.55432],[-4.62938,36.5191],[-4.63964,36.50702],[-4.66132,36.50638],[-4.67586,36.50335],[-4.69409,36.49098],[-4.73206,36.48646],[-4.75864,36.48609],[-4.85564,36.50665],[-4.91015,36.50564],[-4.92522,36.50022],[-4.93511,36.49939],[-4.94939,36.4882],[-4.97779,36.4769],[-5.00559,36.45956],[-5.03193,36.46124],[-5.05907,36.4504],[-5.07837,36.45111],[-5.10322,36.4378],[-5.12076,36.42899],[-5.13921,36.42652],[-5.15498,36.41541],[-5.16105,36.41364],[-5.16634,36.41596],[-5.17591,36.4147],[-5.20617,36.38597],[-5.22109,36.37352],[-5.24611,36.31456],[-5.25241,36.31128],[-5.25768,36.30945],[-5.26921,36.29839],[-5.27055,36.29116],[-5.28036,36.27775],[-5.29545,36.24728],[-5.29928,36.24391],[-5.30655,36.2425],[-5.3127,36.23605],[-5.32526,36.20771],[-5.32846,36.19912],[-5.33562,36.17694],[-5.33922,36.15203],[-5.34401,36.15263],[-5.35152,36.15257],[-5.35868,36.16303],[-5.37068,36.16922],[-5.3808,36.16957],[-5.38011,36.176],[-5.38536,36.17995],[-5.39465,36.18071],[-5.39773,36.17771],[-5.40676,36.18095],[-5.41391,36.18],[-5.41671,36.17634],[-5.42439,36.17632],[-5.43075,36.17221],[-5.44427,36.15576],[-5.44661,36.14052],[-5.4438,36.13403],[-5.43905,36.13445],[-5.44105,36.1279],[-5.43317,36.12613],[-5.44055,36.11936],[-5.4327,36.10721],[-5.44038,36.10098],[-5.44245,36.08932],[-5.42847,36.08272],[-5.42744,36.0757],[-5.45477,36.05456],[-5.46627,36.05086],[-5.48539,36.05382],[-5.49506,36.05021],[-5.51735,36.0376],[-5.537,36.03214],[-5.5734,36.01573],[-5.59005,36.0118],[-5.6082,36.00846],[-5.62488,36.02981],[-5.64446,36.04809],[-5.68688,36.06656],[-5.6943,36.06662],[-5.70914,36.0591],[-5.72234,36.06004],[-5.73288,36.06636],[-5.74988,36.07118],[-5.76807,36.08438],[-5.77833,36.08789],[-5.78324,36.08726],[-5.79126,36.07941],[-5.79699,36.07884],[-5.80616,36.08855],[-5.81226,36.08945],[-5.81656,36.09844],[-5.82542,36.10441],[-5.84186,36.12682],[-5.87325,36.15661],[-5.91506,36.18458],[-5.93075,36.18623],[-5.93356,36.18281],[-5.94642,36.1859],[-5.97757,36.17737],[-6.02093,36.18613],[-6.02603,36.18587],[-6.03326,36.18155],[-6.04185,36.19389],[-6.05483,36.20578],[-6.07921,36.24318],[-6.08873,36.26501],[-6.09458,36.2729],[-6.10284,36.28404],[-6.11562,36.29386],[-6.14263,36.2967],[-6.15204,36.30826],[-6.16214,36.33001],[-6.1633,36.33225],[-6.16693,36.34344],[-6.16866,36.34716],[-6.17862,36.36374],[-6.18227,36.3686],[-6.1877,36.37293],[-6.19105,36.37472],[-6.1967,36.37635],[-6.20091,36.37865],[-6.20531,36.38223],[-6.20807,36.38499],[-6.21137,36.38747],[-6.21412,36.39013],[-6.21881,36.39259],[-6.21823,36.39974],[-6.21909,36.40321],[-6.22302,36.41291],[-6.22576,36.41869],[-6.23128,36.42777],[-6.23318,36.4335],[-6.23446,36.43631],[-6.23682,36.43935],[-6.24266,36.44382],[-6.24995,36.45074],[-6.26028,36.47434],[-6.28917,36.52245],[-6.29538,36.52742],[-6.30517,36.52934],[-6.30703,36.53251],[-6.30528,36.53555],[-6.28843,36.53945],[-6.2903,36.5329],[-6.27944,36.52925],[-6.27037,36.51149],[-6.26179,36.50421],[-6.26039,36.4982],[-6.26508,36.48721],[-6.25472,36.47006],[-6.23721,36.46363],[-6.23033,36.46356],[-6.22676,36.46656],[-6.21975,36.46666],[-6.21336,36.46993],[-6.21261,36.48037],[-6.20642,36.48087],[-6.19455,36.48685],[-6.19173,36.49857],[-6.18039,36.50801],[-6.17277,36.51224],[-6.17391,36.52028],[-6.19678,36.52647],[-6.19899,36.52041],[-6.20825,36.51057],[-6.21912,36.50931],[-6.23084,36.50475],[-6.23645,36.50535],[-6.24768,36.51237],[-6.24757,36.51809],[-6.25412,36.52059],[-6.25604,36.52464],[-6.25381,36.52824],[-6.23648,36.52651],[-6.23351,36.529],[-6.22443,36.56089],[-6.22837,36.57722],[-6.23548,36.58044],[-6.23546,36.58431],[-6.23961,36.58514],[-6.24704,36.5842],[-6.25646,36.57835],[-6.26589,36.581],[-6.27958,36.60264],[-6.29905,36.61755],[-6.31388,36.61529],[-6.31388,36.61688],[-6.31388,36.62031],[-6.32702,36.62439],[-6.33473,36.6218],[-6.3373,36.6248],[-6.34406,36.62574],[-6.3547,36.62182],[-6.35837,36.61568],[-6.38837,36.62925],[-6.39461,36.63478],[-6.39359,36.64393],[-6.39917,36.65844],[-6.40538,36.66333],[-6.41378,36.67747],[-6.42123,36.69],[-6.43945,36.71997],[-6.44207,36.73799],[-6.43008,36.74752],[-6.4248,36.74455],[-6.41978,36.74631],[-6.40896,36.7606],[-6.39674,36.76252],[-6.34446,36.79299],[-6.34556,36.79877],[-6.37272,36.79558],[-6.38648,36.80011],[-6.39551,36.80626],[-6.44778,36.90544],[-6.46328,36.92478],[-6.5092,36.96765],[-6.59345,37.02101],[-6.7298,37.09002],[-6.73159,37.09117],[-6.7376,37.09393],[-6.76021,37.10538],[-6.76671,37.10829],[-6.79759,37.12191],[-6.86591,37.14579],[-6.89265,37.16056],[-6.89997,37.15801],[-6.91095,37.15353],[-6.92257,37.16057],[-6.94057,37.16601],[-6.94535,37.16504],[-6.95504,37.17185],[-6.96349,37.1755],[-7.02771,37.20318],[-7.0471,37.20725],[-7.05113,37.20353],[-7.0534,37.20657],[-7.05186,37.20842],[-7.05566,37.20641],[-7.06167,37.2048],[-7.06869,37.20651],[-7.15426,37.20739],[-7.2308,37.20377],[-7.28481,37.20061],[-7.3117,37.19412],[-7.32736,37.19294],[-7.3328,37.18967],[-7.33414,37.18506],[-7.34212,37.18276],[-7.3655,37.17182],[-7.38096,37.17189],[-7.39373,37.17661],[-7.40192,37.17483],[-7.40692,37.18203],[-7.40796,37.18482],[-7.40953,37.19559],[-7.41251,37.2077],[-7.41341,37.21045],[-7.41321,37.22317],[-7.41855,37.23628],[-7.43296,37.2483],[-7.43157,37.25939],[-7.42247,37.27442],[-7.43372,37.28936],[-7.44203,37.31517],[-7.43953,37.3266],[-7.44467,37.34579],[-7.4373,37.35896],[-7.43747,37.37029],[-7.43791,37.37252],[-7.43816,37.37656],[-7.43853,37.37798],[-7.43893,37.3795],[-7.44138,37.39229],[-7.45076,37.40202],[-7.46224,37.40933],[-7.46033,37.41329],[-7.44919,37.41546],[-7.44634,37.4194],[-7.45792,37.43063],[-7.45693,37.45158],[-7.46676,37.46331],[-7.4695,37.47285],[-7.46874,37.47941],[-7.46435,37.48529],[-7.46593,37.49003],[-7.48495,37.49902],[-7.4904,37.50792],[-7.493,37.52181],[-7.50733,37.52313],[-7.51269,37.52626],[-7.51298,37.53801],[-7.51709,37.54418],[-7.51993,37.54735],[-7.52294,37.55345],[-7.52152,37.55778],[-7.51709,37.5595],[-7.5074,37.55806],[-7.50784,37.56554],[-7.51399,37.56686],[-7.51493,37.56987],[-7.5015,37.57844],[-7.50207,37.58134],[-7.5014,37.58374],[-7.49714,37.59355],[-7.50286,37.60439],[-7.49693,37.60612],[-7.48924,37.60441],[-7.48113,37.61823],[-7.48144,37.62398],[-7.47139,37.62538],[-7.47033,37.6351],[-7.46444,37.64167],[-7.46667,37.64861],[-7.45732,37.64638],[-7.45428,37.64809],[-7.45246,37.65792],[-7.45598,37.66191],[-7.44532,37.66527],[-7.45163,37.67798],[-7.44428,37.68819],[-7.44676,37.69864],[-7.43929,37.70115],[-7.43782,37.71336],[-7.4271,37.73276],[-7.42806,37.74113],[-7.41986,37.74521],[-7.42028,37.75825],[-7.40699,37.76655],[-7.39494,37.7665],[-7.36556,37.79197],[-7.32491,37.81607],[-7.32028,37.82371],[-7.31654,37.82634],[-7.31434,37.82864],[-7.31211,37.83349],[-7.3098,37.83656],[-7.30799,37.83773],[-7.3054,37.83875],[-7.30336,37.83955],[-7.3006,37.84297],[-7.29954,37.84735],[-7.2974,37.85619],[-7.28662,37.86557],[-7.28029,37.87721],[-7.28196,37.89702],[-7.27473,37.89965],[-7.26154,37.92239],[-7.2556,37.92415],[-7.25756,37.93261],[-7.24939,37.95516],[-7.25094,37.96459],[-7.25141,37.96785],[-7.26276,37.97865],[-7.24703,37.99028],[-7.24115,37.99186],[-7.22549,37.98921],[-7.21625,37.99541],[-7.208,37.99708],[-7.20262,38.0028],[-7.18706,38.00301],[-7.1833,37.99789],[-7.17686,37.99698],[-7.17312,37.994],[-7.15622,37.99454],[-7.14722,38.00194],[-7.13612,37.99969],[-7.12267,38.00494],[-7.12871,38.01171],[-7.13048,38.02168],[-7.12603,38.0247],[-7.12767,38.02956],[-7.11708,38.03187],[-7.10745,38.04068],[-7.09878,38.04323],[-7.09328,38.04074],[-7.07576,38.03316],[-7.0684,38.03334],[-7.06284,38.02634],[-7.06323,38.02036],[-7.06004,38.01824],[-7.05145,38.01862],[-7.04446,38.01524],[-7.02481,38.02455],[-7.00753,38.02127],[-7.00297,38.02361],[-6.99976,38.03508],[-7.0012,38.04713],[-6.99033,38.05678],[-6.98802,38.07553],[-6.98991,38.09182],[-6.98917,38.09444],[-6.98978,38.09636],[-6.98886,38.09808],[-6.98745,38.10395],[-6.97588,38.10533],[-6.97168,38.11095],[-6.96617,38.13247],[-6.96349,38.13371],[-6.95924,38.13635],[-6.95933,38.14605],[-6.95455,38.15312],[-6.96349,38.15603],[-6.9685,38.16052],[-6.96853,38.16537],[-6.96349,38.17301],[-6.95721,38.18254],[-6.93593,38.20001],[-6.93174,38.20838],[-6.93711,38.20905],[-6.93856,38.21777],[-6.9467,38.21337],[-6.94965,38.21674],[-6.95463,38.21661],[-6.96349,38.21001],[-6.97142,38.20412],[-6.98163,38.20992],[-6.99632,38.20427],[-7.0089,38.20411],[-7.01124,38.19756],[-7.01676,38.19546],[-7.02173,38.18713],[-7.02783,38.18365],[-7.04603,38.18659],[-7.04931,38.18125],[-7.05717,38.17923],[-7.05783,38.18578],[-7.06561,38.18617],[-7.06795,38.17887],[-7.08365,38.17107],[-7.08962,38.17741],[-7.09801,38.18037],[-7.10276,38.18607],[-7.10795,38.18812],[-7.11825,38.2144],[-7.12904,38.22832],[-7.14244,38.24005],[-7.14408,38.26178],[-7.14918,38.26871],[-7.15289,38.26907],[-7.15224,38.27541],[-7.15905,38.2795],[-7.16881,38.28005],[-7.16837,38.28452],[-7.17248,38.28609],[-7.17686,38.29047],[-7.19207,38.30962],[-7.20278,38.32941],[-7.24604,38.3679],[-7.26859,38.39208],[-7.28112,38.41954],[-7.2944,38.42744],[-7.29911,38.42603],[-7.30288,38.43104],[-7.31702,38.43926],[-7.32482,38.43962],[-7.33569,38.43584],[-7.33077,38.44366],[-7.31574,38.44962],[-7.31403,38.4599],[-7.30245,38.46546],[-7.29777,38.47344],[-7.29618,38.47919],[-7.30002,38.48323],[-7.30752,38.48142],[-7.31462,38.47511],[-7.32211,38.47848],[-7.31119,38.51624],[-7.30763,38.51913],[-7.30558,38.52137],[-7.3037,38.52406],[-7.30216,38.52723],[-7.30164,38.53223],[-7.30295,38.53619],[-7.30299,38.53822],[-7.30365,38.54165],[-7.29715,38.55044],[-7.28969,38.55883],[-7.28556,38.57362],[-7.27385,38.57759],[-7.26177,38.59537],[-7.26063,38.59734],[-7.26041,38.60415],[-7.25949,38.60649],[-7.24465,38.62512],[-7.24961,38.62868],[-7.26451,38.62885],[-7.26933,38.63749],[-7.26412,38.70401],[-7.25377,38.71751],[-7.25516,38.72519],[-7.25139,38.7291],[-7.23989,38.73569],[-7.22556,38.73774],[-7.22348,38.73897],[-7.20313,38.75102],[-7.19205,38.76786],[-7.16535,38.7781],[-7.15811,38.78463],[-7.15418,38.79416],[-7.12923,38.81342],[-7.11329,38.81712],[-7.09436,38.81588],[-7.08622,38.82309],[-7.07498,38.84612],[-7.06799,38.85408],[-7.04065,38.86464],[-7.03388,38.87776],[-7.03552,38.88273],[-7.0396,38.88483],[-7.04059,38.89591],[-7.05103,38.90608],[-7.02742,38.9245],[-7.01898,38.94186],[-6.98512,38.9791],[-6.96349,39.01282],[-6.95265,39.02336],[-6.96349,39.03533],[-6.96678,39.03896],[-6.96553,39.04247],[-6.96515,39.0451],[-6.96349,39.04896],[-6.96027,39.05647],[-6.96349,39.06123],[-6.98191,39.0884],[-6.99595,39.0991],[-7.02657,39.1149],[-7.03469,39.11764],[-7.05078,39.11811],[-7.09436,39.10664],[-7.10028,39.10507],[-7.10199,39.10384],[-7.10587,39.09938],[-7.14388,39.10932],[-7.14808,39.11909],[-7.14869,39.12286],[-7.1368,39.14386],[-7.13947,39.15081],[-7.13404,39.15984],[-7.13342,39.16791],[-7.13729,39.17195],[-7.14871,39.17302],[-7.1653,39.18063],[-7.17119,39.18063],[-7.18524,39.18252],[-7.19133,39.18571],[-7.20584,39.18693],[-7.22042,39.19286],[-7.23065,39.20281],[-7.24143,39.20861],[-7.24052,39.21831],[-7.24506,39.22754],[-7.24215,39.24099],[-7.24753,39.25316],[-7.24129,39.26455],[-7.23147,39.27843],[-7.26633,39.30085],[-7.27016,39.30979],[-7.27598,39.31531],[-7.29198,39.32813],[-7.30879,39.33766],[-7.30677,39.35591],[-7.31185,39.36927],[-7.32309,39.38198],[-7.31286,39.39941],[-7.30806,39.40115],[-7.30201,39.41536],[-7.3031,39.42255],[-7.30858,39.43039],[-7.30544,39.44504],[-7.29554,39.45596],[-7.30007,39.46194],[-7.30522,39.46392],[-7.31643,39.46882],[-7.32326,39.47521],[-7.34389,39.47948],[-7.34812,39.48745],[-7.362,39.48304],[-7.36487,39.48692],[-7.38007,39.49305],[-7.37918,39.49711],[-7.38525,39.49904],[-7.38926,39.50326],[-7.38851,39.52089],[-7.39119,39.52995],[-7.4,39.53336],[-7.41642,39.53194],[-7.42909,39.53444],[-7.44461,39.54778],[-7.45394,39.5637],[-7.46595,39.57508],[-7.47936,39.57962],[-7.48537,39.58402],[-7.49862,39.58939],[-7.51026,39.61795],[-7.52076,39.62524],[-7.52741,39.63337],[-7.52607,39.64102],[-7.53038,39.65604],[-7.53615,39.66159],[-7.54293,39.66281],[-7.54509,39.66355],[-7.54281,39.6655],[-7.53957,39.66695],[-7.53599,39.66775],[-7.53127,39.66788],[-7.52884,39.66733],[-7.52106,39.6671],[-7.5159,39.66672],[-7.45394,39.66334],[-7.42575,39.65192],[-7.4012,39.64708],[-7.38919,39.65059],[-7.37555,39.65134],[-7.33392,39.64155],[-7.32514,39.64483],[-7.31845,39.64921],[-7.29139,39.65786],[-7.29007,39.65977],[-7.28708,39.66148],[-7.27552,39.6636],[-7.27232,39.66359],[-7.26873,39.66463],[-7.26425,39.66594],[-7.2571,39.66605],[-7.24534,39.66692],[-7.21716,39.66078],[-7.20311,39.66236],[-7.19236,39.66077],[-7.18904,39.66037],[-7.18731,39.65954],[-7.18439,39.65934],[-7.17887,39.65841],[-7.17656,39.6579],[-7.16796,39.65602],[-7.16152,39.65566],[-7.15272,39.65331],[-7.15059,39.65299],[-7.1467,39.65303],[-7.12556,39.66383],[-7.09436,39.66366],[-7.06481,39.65797],[-7.01563,39.67172],[-7.01388,39.67824],[-7.00821,39.6845],[-6.9993,39.71352],[-6.988,39.72724],[-6.9923,39.73305],[-6.98847,39.75316],[-6.98585,39.76487],[-6.97721,39.77399],[-6.9839,39.78988],[-6.98872,39.79476],[-6.98805,39.79935],[-6.98663,39.80908],[-6.98216,39.81832],[-6.9685,39.82582],[-6.96349,39.8253],[-6.95859,39.82479],[-6.95263,39.82657],[-6.9453,39.8339],[-6.94003,39.83537],[-6.93571,39.83899],[-6.93639,39.84283],[-6.9278,39.85574],[-6.91638,39.85847],[-6.90389,39.87337],[-6.90578,39.89123],[-6.9011,39.90045],[-6.90099,39.90866],[-6.90693,39.9205],[-6.90167,39.92962],[-6.89309,39.93422],[-6.88628,39.94161],[-6.88805,39.96242],[-6.88078,39.97117],[-6.88503,39.98009],[-6.8742,39.99584],[-6.87463,40.00636],[-6.86654,40.00891],[-6.86573,40.014],[-6.87607,40.01787],[-6.87556,40.02374],[-6.88154,40.0337],[-6.88188,40.04154],[-6.89599,40.05191],[-6.89322,40.05958],[-6.90378,40.06168],[-6.91007,40.06604],[-6.91621,40.06599],[-6.92046,40.08364],[-6.93299,40.09943],[-6.93535,40.10289],[-6.9428,40.10479],[-6.94268,40.11252],[-6.95308,40.11348],[-6.9608,40.11041],[-6.96349,40.11368],[-6.9848,40.11817],[-6.99253,40.11435],[-6.99586,40.11903],[-7.00961,40.12671],[-7.01795,40.1448],[-7.01371,40.15337],[-7.01879,40.16805],[-7.01679,40.1772],[-7.02769,40.18696],[-7.01919,40.19896],[-7.00975,40.22751],[-6.9974,40.23537],[-6.98284,40.23949],[-6.97708,40.24001],[-6.97006,40.23741],[-6.96349,40.23913],[-6.9513,40.25745],[-6.9234,40.25803],[-6.91895,40.25639],[-6.91476,40.25591],[-6.91078,40.25474],[-6.90789,40.25498],[-6.90433,40.25635],[-6.90051,40.25702],[-6.89455,40.25992],[-6.88983,40.26021],[-6.88509,40.2587],[-6.88026,40.25937],[-6.87554,40.26075],[-6.87176,40.26222],[-6.86791,40.26515],[-6.86671,40.26638],[-6.86514,40.27069],[-6.86228,40.27791],[-6.8626,40.28202],[-6.86352,40.29375],[-6.86108,40.29976],[-6.84009,40.3144],[-6.82011,40.32382],[-6.81594,40.32586],[-6.80151,40.32589],[-6.79429,40.32943],[-6.79101,40.33388],[-6.79335,40.35534],[-6.78191,40.36556],[-6.78478,40.36967],[-6.79429,40.37298],[-6.80059,40.379],[-6.80884,40.38451],[-6.81131,40.3899],[-6.82332,40.39724],[-6.83535,40.40933],[-6.84505,40.43633],[-6.84925,40.45118],[-6.84811,40.45544],[-6.83346,40.4768],[-6.82938,40.47968],[-6.82746,40.48058],[-6.82277,40.48381],[-6.82177,40.48626],[-6.81996,40.48821],[-6.81402,40.50203],[-6.79583,40.5119],[-6.79752,40.52282],[-6.79971,40.5256],[-6.80302,40.52978],[-6.805,40.54],[-6.8014,40.54936],[-6.80562,40.55423],[-6.84464,40.56679],[-6.84361,40.57067],[-6.84144,40.57472],[-6.84103,40.57648],[-6.83781,40.57978],[-6.83699,40.58298],[-6.83676,40.58569],[-6.83771,40.58937],[-6.83644,40.5955],[-6.82125,40.61023],[-6.81301,40.62237],[-6.81131,40.62569],[-6.80791,40.62958],[-6.80601,40.63343],[-6.80438,40.6383],[-6.79924,40.65448],[-6.79393,40.66174],[-6.80383,40.66735],[-6.80459,40.673],[-6.80317,40.68273],[-6.8128,40.70718],[-6.81216,40.71891],[-6.82426,40.7302],[-6.82959,40.74118],[-6.83083,40.75292],[-6.82835,40.75948],[-6.82549,40.78342],[-6.8199,40.79455],[-6.81776,40.80799],[-6.82281,40.8193],[-6.82198,40.83673],[-6.82586,40.84278],[-6.82433,40.84431],[-6.812,40.84267],[-6.80673,40.84597],[-6.8022,40.84514],[-6.80194,40.86105],[-6.80746,40.87668],[-6.81012,40.88211],[-6.81949,40.88146],[-6.83859,40.88987],[-6.84966,40.90322],[-6.84955,40.92484],[-6.85743,40.94242],[-6.85811,40.94316],[-6.86068,40.94946],[-6.8678,40.95712],[-6.87072,40.95881],[-6.88642,40.97133],[-6.89253,40.98142],[-6.90316,40.98912],[-6.90857,40.99841],[-6.9212,41.0036],[-6.93072,41.01689],[-6.9299,41.02947],[-6.91443,41.03858],[-6.87782,41.02837],[-6.85306,41.02702],[-6.83292,41.02911],[-6.82796,41.03109],[-6.82243,41.03184],[-6.81462,41.03526],[-6.81254,41.0359],[-6.80837,41.03653],[-6.80811,41.04453],[-6.79125,41.05638],[-6.77476,41.0739],[-6.77184,41.08449],[-6.75637,41.09922],[-6.7543,41.10429],[-6.76982,41.12431],[-6.76789,41.13351],[-6.74921,41.1429],[-6.74173,41.15041],[-6.7293,41.16288],[-6.70997,41.17311],[-6.69876,41.18376],[-6.69683,41.18926],[-6.69823,41.1926],[-6.69227,41.19463],[-6.68949,41.19892],[-6.68979,41.20524],[-6.69074,41.20894],[-6.68013,41.21849],[-6.66211,41.23248],[-6.65314,41.23599],[-6.6479,41.24727],[-6.64278,41.24777],[-6.62985,41.24307],[-6.60911,41.24934],[-6.59892,41.24497],[-6.59087,41.25492],[-6.58683,41.25235],[-6.58556,41.24364],[-6.58135,41.23952],[-6.57643,41.23882],[-6.57127,41.23906],[-6.56741,41.2427],[-6.55248,41.24543],[-6.54612,41.25809],[-6.51915,41.27525],[-6.51149,41.26483],[-6.50111,41.26515],[-6.47953,41.27467],[-6.48002,41.2776],[-6.49115,41.28591],[-6.48784,41.29033],[-6.47971,41.29438],[-6.46971,41.30057],[-6.45576,41.29843],[-6.44828,41.29959],[-6.43929,41.30472],[-6.43899,41.31218],[-6.43534,41.31824],[-6.42022,41.32631],[-6.4266,41.3344],[-6.41998,41.34362],[-6.41358,41.34857],[-6.39378,41.35044],[-6.3872,41.35332],[-6.37757,41.36122],[-6.37997,41.36359],[-6.3876,41.36418],[-6.39293,41.36937],[-6.39147,41.38375],[-6.36775,41.39308],[-6.36175,41.38321],[-6.34966,41.3785],[-6.32668,41.38682],[-6.31831,41.38614],[-6.31634,41.39021],[-6.31888,41.39863],[-6.33145,41.4053],[-6.33329,41.40959],[-6.32815,41.41518],[-6.31787,41.41597],[-6.31018,41.41925],[-6.29663,41.43328],[-6.29714,41.43897],[-6.30598,41.44815],[-6.29678,41.45922],[-6.28634,41.46701],[-6.28538,41.47797],[-6.26862,41.48659],[-6.26238,41.4865],[-6.26742,41.49304],[-6.26689,41.49628],[-6.25236,41.49902],[-6.2552,41.51316],[-6.24488,41.51629],[-6.2407,41.52048],[-6.21878,41.54171],[-6.21567,41.55293],[-6.20927,41.56198],[-6.18935,41.57505],[-6.20238,41.5954],[-6.20833,41.59903],[-6.22809,41.60351],[-6.2349,41.60705],[-6.25472,41.63392],[-6.28808,41.65626],[-6.30294,41.6629],[-6.31536,41.66545],[-6.31963,41.6669],[-6.3225,41.66698],[-6.35415,41.67633],[-6.36175,41.67649],[-6.37826,41.67446],[-6.40594,41.6807],[-6.41312,41.67858],[-6.42567,41.67955],[-6.43691,41.68173],[-6.4398,41.6842],[-6.44624,41.68417],[-6.45135,41.68159],[-6.45828,41.66727],[-6.46967,41.66602],[-6.48857,41.65767],[-6.50021,41.65749],[-6.5121,41.66126],[-6.51503,41.66455],[-6.5182,41.66679],[-6.51913,41.66884],[-6.5258,41.67297],[-6.52769,41.67504],[-6.53464,41.67652],[-6.5369,41.67775],[-6.54184,41.68042],[-6.54824,41.68564],[-6.55348,41.6935],[-6.55329,41.70098],[-6.55004,41.70173],[-6.54501,41.69929],[-6.54282,41.70195],[-6.55402,41.72099],[-6.55036,41.72497],[-6.55539,41.72597],[-6.55743,41.73009],[-6.55667,41.73741],[-6.56841,41.74465],[-6.56539,41.7507],[-6.55591,41.75657],[-6.55489,41.76763],[-6.54924,41.77649],[-6.54521,41.77838],[-6.54622,41.79391],[-6.54044,41.8017],[-6.54175,41.80491],[-6.53824,41.80765],[-6.53762,41.81298],[-6.53417,41.81452],[-6.53394,41.8188],[-6.52881,41.82098],[-6.53146,41.83542],[-6.52678,41.84229],[-6.52748,41.84885],[-6.52307,41.85429],[-6.52468,41.86074],[-6.51673,41.8729],[-6.51984,41.87541],[-6.53762,41.87674],[-6.57118,41.88363],[-6.56619,41.89328],[-6.56072,41.89734],[-6.55702,41.91139],[-6.54597,41.93069],[-6.54584,41.93594],[-6.54913,41.94451],[-6.55259,41.94624],[-6.55638,41.94871],[-6.56126,41.95266],[-6.57379,41.96067],[-6.57756,41.96171],[-6.58321,41.96539],[-6.58846,41.96776],[-6.59873,41.9494],[-6.61209,41.94695],[-6.61982,41.94047],[-6.63718,41.94188],[-6.69541,41.9337],[-6.70629,41.93527],[-6.71892,41.93814],[-6.7277,41.93764],[-6.74173,41.94134],[-6.75002,41.94353],[-6.76636,41.9734],[-6.76869,41.98391],[-6.78057,41.988],[-6.80558,41.99092],[-6.81147,41.99253],[-6.81021,41.9702],[-6.8115,41.96739],[-6.82093,41.94728],[-6.83101,41.94412],[-6.84666,41.94249],[-6.86723,41.94696],[-6.87192,41.94616],[-6.88536,41.94045],[-6.89508,41.94006],[-6.93366,41.94627],[-6.94359,41.9449],[-6.9585,41.96913],[-6.96349,41.97031],[-6.97765,41.97365],[-6.9858,41.97145],[-6.99897,41.96254],[-7.00871,41.95009],[-7.03529,41.95122],[-7.04371,41.9547],[-7.05413,41.94918],[-7.07531,41.95134],[-7.08824,41.97382],[-7.11536,41.9837],[-7.12086,41.98685],[-7.14182,41.99031],[-7.1509,41.98648],[-7.15767,41.97715],[-7.17641,41.9798],[-7.18473,41.97246],[-7.1865,41.95761],[-7.18214,41.95239],[-7.18601,41.94799],[-7.1865,41.94146],[-7.17466,41.91926],[-7.18203,41.91324],[-7.18262,41.91205],[-7.18563,41.89667],[-7.19569,41.88203],[-7.20046,41.87975],[-7.21021,41.87959],[-7.23199,41.86789],[-7.24418,41.86884],[-7.2515,41.86719],[-7.28582,41.85243],[-7.3,41.85169],[-7.31401,41.84366],[-7.31825,41.84388],[-7.32602,41.84427],[-7.33769,41.84514],[-7.35444,41.8408],[-7.35738,41.84201],[-7.36381,41.85273],[-7.38944,41.84157],[-7.39608,41.82793],[-7.4179,41.81147],[-7.42727,41.8075],[-7.42855,41.81256],[-7.4251,41.81691],[-7.4295,41.82292],[-7.42555,41.82809],[-7.42673,41.83296],[-7.4453,41.84159],[-7.44863,41.85135],[-7.44621,41.85683],[-7.45278,41.86516],[-7.45843,41.86388],[-7.46527,41.86334],[-7.46786,41.86391],[-7.4743,41.86384],[-7.48501,41.8613],[-7.49052,41.86947],[-7.49097,41.87143],[-7.49734,41.87067],[-7.50039,41.87002],[-7.50212,41.86965],[-7.50674,41.86685],[-7.51103,41.86564],[-7.51312,41.86218],[-7.51056,41.85758],[-7.50722,41.8555],[-7.50648,41.85177],[-7.50539,41.85049],[-7.50971,41.84838],[-7.51138,41.84666],[-7.51477,41.84549],[-7.52107,41.84194],[-7.54138,41.83709],[-7.57352,41.83044],[-7.59782,41.83299],[-7.61181,41.82948],[-7.61483,41.83331],[-7.61225,41.84548],[-7.60714,41.8495],[-7.60091,41.8611],[-7.60131,41.86692],[-7.5846,41.87703],[-7.58366,41.87889],[-7.58625,41.88205],[-7.58866,41.88026],[-7.60663,41.87962],[-7.61813,41.88454],[-7.62715,41.88019],[-7.639,41.88012],[-7.655,41.88213],[-7.66894,41.89298],[-7.6788,41.89433],[-7.68945,41.90312],[-7.6977,41.90725],[-7.70408,41.90785],[-7.70473,41.90762],[-7.7137,41.90444],[-7.72233,41.90078],[-7.72596,41.89858],[-7.74404,41.89369],[-7.75497,41.89882],[-7.76248,41.89916],[-7.77504,41.89003],[-7.78826,41.88445],[-7.80258,41.88215],[-7.80958,41.88195],[-7.8127,41.88186],[-7.84397,41.88103],[-7.84251,41.86976],[-7.84544,41.8646],[-7.86266,41.86089],[-7.87462,41.85078],[-7.89144,41.859],[-7.88437,41.88144],[-7.88705,41.90623],[-7.88405,41.92235],[-7.88849,41.9269],[-7.90576,41.92738],[-7.90899,41.92172],[-7.91001,41.90577],[-7.92207,41.87948],[-7.94633,41.87128],[-7.95894,41.87533],[-7.97197,41.87541],[-7.98083,41.87239],[-7.98822,41.8675],[-7.99527,41.8523],[-8.00009,41.85036],[-8.00447,41.84723],[-8.01347,41.82976],[-8.02959,41.83004],[-8.03654,41.83015],[-8.04499,41.82408],[-8.05186,41.82061],[-8.05791,41.81717],[-8.09477,41.80986],[-8.10868,41.812],[-8.12906,41.80907],[-8.15263,41.81749],[-8.16508,41.8183],[-8.16186,41.85905],[-8.16642,41.86367],[-8.16969,41.87712],[-8.17152,41.87837],[-8.18311,41.87539],[-8.18743,41.87536],[-8.19011,41.87535],[-8.19712,41.8753],[-8.19976,41.87545],[-8.19855,41.88062],[-8.20507,41.89275],[-8.21365,41.89813],[-8.21368,41.90063],[-8.21653,41.91299],[-8.21022,41.92369],[-8.20592,41.92641],[-8.19696,41.9405],[-8.19011,41.94538],[-8.18743,41.94729],[-8.17622,41.95527],[-8.17537,41.96065],[-8.1701,41.96388],[-8.16422,41.97365],[-8.16232,41.9827],[-8.14144,41.98861],[-8.12662,42.0053],[-8.11436,42.00517],[-8.10868,42.00734],[-8.09432,42.01284],[-8.08599,42.01699],[-8.08339,42.02775],[-8.08693,42.05336],[-8.09664,42.07097],[-8.1045,42.07461],[-8.11848,42.08212],[-8.12469,42.0826],[-8.12669,42.08167],[-8.13755,42.07664],[-8.15113,42.07915],[-8.17474,42.06702],[-8.18105,42.06702],[-8.1839,42.0694],[-8.19011,42.11547],[-8.19011,42.11643],[-8.19292,42.12678],[-8.19011,42.1348],[-8.18941,42.13678],[-8.19011,42.13806],[-8.199,42.15442],[-8.2043,42.14464],[-8.22468,42.13328],[-8.23327,42.1341],[-8.24326,42.13912],[-8.25653,42.13416],[-8.25719,42.1325],[-8.25617,42.12728],[-8.25771,42.12299],[-8.26585,42.12117],[-8.27475,42.12272],[-8.29019,42.11217],[-8.30146,42.10528],[-8.31809,42.10374],[-8.32303,42.10081],[-8.32525,42.09584],[-8.32583,42.09027],[-8.33033,42.0857],[-8.33894,42.08459],[-8.35467,42.09028],[-8.36997,42.08902],[-8.37675,42.08167],[-8.38003,42.07812],[-8.3889,42.07598],[-8.39166,42.07817],[-8.39475,42.08033],[-8.4035,42.08027],[-8.42152,42.07288],[-8.43067,42.07324],[-8.44062,42.08202],[-8.44609,42.08238],[-8.4539,42.0829],[-8.4707,42.08167],[-8.49653,42.07977],[-8.50788,42.07833],[-8.52722,42.07702],[-8.52703,42.06354],[-8.54694,42.0545],[-8.55523,42.05292],[-8.57826,42.05255],[-8.59077,42.05485],[-8.59442,42.05517],[-8.60377,42.05411],[-8.60622,42.05355],[-8.63304,42.04876],[-8.63962,42.04504],[-8.6449,42.03761],[-8.65666,42.03141],[-8.65829,42.02177],[-8.66217,42.00354],[-8.6819,41.99012],[-8.68886,41.98925],[-8.69944,41.98355],[-8.72035,41.97667],[-8.73001,41.97349],[-8.74348,41.96567],[-8.74763,41.95996],[-8.74589,41.95087],[-8.74781,41.9435],[-8.75178,41.9389],[-8.75465,41.93557],[-8.75717,41.9335],[-8.75993,41.93198],[-8.76239,41.93107],[-8.7675,41.92919],[-8.77342,41.92593],[-8.77864,41.9222],[-8.78281,41.91969],[-8.78709,41.91759],[-8.80198,41.91203],[-8.80697,41.91037],[-8.81851,41.90652],[-8.82566,41.90348],[-8.83043,41.90071],[-8.84238,41.88453],[-8.85098,41.87747],[-8.86319,41.87207],[-8.86561,41.87392],[-8.87033,41.87201],[-8.87171,41.87081],[-8.88189,41.88225],[-8.88,41.89456],[-8.87537,41.89985],[-8.87986,41.90334],[-8.878,41.9098],[-8.8841,41.9192],[-8.88596,41.94161],[-8.88475,41.9613],[-8.88759,41.97398],[-8.88635,41.98668],[-8.88393,41.99512],[-8.878,42.00192],[-8.88608,42.01404],[-8.88271,42.03992],[-8.8872,42.04301],[-8.88582,42.04981],[-8.89378,42.06466],[-8.89512,42.06716],[-8.89523,42.07698],[-8.89378,42.08025],[-8.89315,42.08167],[-8.89218,42.08385],[-8.89378,42.09216],[-8.89514,42.0992],[-8.89877,42.10359],[-8.89854,42.11007],[-8.89567,42.11229],[-8.89378,42.11221],[-8.88079,42.11164],[-8.87171,42.11498],[-8.86124,42.12169],[-8.85276,42.12259],[-8.85031,42.12738],[-8.84669,42.12563],[-8.84692,42.11957],[-8.83372,42.11349],[-8.82732,42.11438],[-8.8243,42.11906],[-8.82623,42.12244],[-8.81908,42.13089],[-8.82032,42.14075],[-8.82968,42.1476],[-8.84692,42.14915],[-8.84976,42.15388],[-8.84695,42.15712],[-8.83878,42.15761],[-8.83207,42.15367],[-8.8261,42.1545],[-8.82098,42.15797],[-8.81807,42.16528],[-8.81331,42.17994],[-8.81393,42.18871],[-8.81152,42.1898],[-8.78168,42.20326],[-8.77425,42.22183],[-8.75841,42.22449],[-8.75178,42.22901],[-8.7484,42.22601],[-8.73999,42.22725],[-8.73125,42.24072],[-8.72684,42.24244],[-8.72035,42.24192],[-8.71386,42.24141],[-8.70861,42.24474],[-8.70257,42.2593],[-8.69061,42.2575],[-8.67709,42.26434],[-8.66692,42.27932],[-8.64938,42.28842],[-8.63134,42.28588],[-8.61658,42.28821],[-8.61894,42.29172],[-8.61574,42.29993],[-8.62119,42.30984],[-8.61339,42.32597],[-8.61468,42.32984],[-8.6119,42.34557],[-8.61737,42.34931],[-8.6253,42.34614],[-8.62887,42.35036],[-8.63323,42.34958],[-8.64361,42.33868],[-8.63712,42.33249],[-8.63645,42.32748],[-8.65048,42.32023],[-8.65539,42.32032],[-8.65962,42.31579],[-8.66102,42.31005],[-8.65247,42.29827],[-8.65887,42.29143],[-8.67607,42.29056],[-8.68891,42.28058],[-8.70053,42.28168],[-8.71024,42.27688],[-8.71824,42.28819],[-8.72035,42.2871],[-8.723,42.28574],[-8.73136,42.28634],[-8.74057,42.27169],[-8.75178,42.26581],[-8.75864,42.26221],[-8.76545,42.25963],[-8.78229,42.26247],[-8.79285,42.2485],[-8.80373,42.25143],[-8.81152,42.25701],[-8.82797,42.25227],[-8.83911,42.25774],[-8.85229,42.26015],[-8.85825,42.25783],[-8.86394,42.24903],[-8.87099,42.25192],[-8.86436,42.26728],[-8.86374,42.27918],[-8.8565,42.30527],[-8.85223,42.30367],[-8.84657,42.29402],[-8.8385,42.28907],[-8.83079,42.27965],[-8.82449,42.27693],[-8.8198,42.27971],[-8.82214,42.29674],[-8.819,42.30264],[-8.81923,42.31323],[-8.82589,42.3211],[-8.82672,42.33219],[-8.83376,42.33479],[-8.83687,42.33831],[-8.83555,42.341],[-8.82626,42.34109],[-8.81958,42.33775],[-8.81152,42.33816],[-8.80083,42.3387],[-8.79849,42.33135],[-8.78943,42.32735],[-8.77247,42.33204],[-8.75286,42.3438],[-8.75178,42.34667],[-8.74392,42.36758],[-8.72035,42.38651],[-8.70903,42.39647],[-8.69728,42.39391],[-8.69272,42.39911],[-8.68827,42.40257],[-8.6865,42.40398],[-8.66641,42.42009],[-8.65639,42.42431],[-8.65439,42.43183],[-8.65826,42.42632],[-8.67927,42.42151],[-8.68418,42.424],[-8.6882,42.43712],[-8.69189,42.43846],[-8.70312,42.43289],[-8.71276,42.42295],[-8.72035,42.42179],[-8.74013,42.41326],[-8.74957,42.40398],[-8.75803,42.40174],[-8.7609,42.3966],[-8.77625,42.3892],[-8.78466,42.39586],[-8.79982,42.39994],[-8.81152,42.40019],[-8.82151,42.39657],[-8.82858,42.38827],[-8.83977,42.38653],[-8.84884,42.39513],[-8.85735,42.39874],[-8.86645,42.41127],[-8.87973,42.41605],[-8.87258,42.43882],[-8.87925,42.45098],[-8.8873,42.45728],[-8.89378,42.45848],[-8.91244,42.46192],[-8.92779,42.45144],[-8.93473,42.45414],[-8.94208,42.4636],[-8.93652,42.4703],[-8.939,42.47546],[-8.93689,42.47796],[-8.90776,42.47621],[-8.896,42.48088],[-8.89378,42.48369],[-8.89216,42.48576],[-8.88479,42.48726],[-8.88479,42.48988],[-8.89134,42.49224],[-8.88976,42.49513],[-8.87182,42.50068],[-8.87147,42.4969],[-8.86659,42.49863],[-8.858,42.49148],[-8.85993,42.48322],[-8.85715,42.47219],[-8.86659,42.46503],[-8.8698,42.46474],[-8.87304,42.46009],[-8.87242,42.45485],[-8.86898,42.448],[-8.86659,42.44819],[-8.85753,42.4519],[-8.85462,42.45641],[-8.85014,42.45617],[-8.8484,42.45996],[-8.84199,42.45575],[-8.83891,42.45852],[-8.83564,42.45661],[-8.83044,42.45815],[-8.82337,42.45306],[-8.82035,42.45293],[-8.81985,42.45878],[-8.8224,42.46761],[-8.83055,42.47001],[-8.82726,42.47559],[-8.83095,42.48405],[-8.82596,42.49324],[-8.8182,42.49206],[-8.81152,42.49365],[-8.80942,42.49415],[-8.80401,42.50003],[-8.80622,42.50166],[-8.81152,42.50103],[-8.81648,42.50309],[-8.81819,42.50755],[-8.81471,42.52319],[-8.82723,42.52162],[-8.82706,42.53081],[-8.8273,42.54091],[-8.83292,42.54732],[-8.83788,42.55299],[-8.8314,42.56193],[-8.8306,42.57433],[-8.82409,42.57825],[-8.81152,42.57702],[-8.80833,42.57671],[-8.8012,42.58232],[-8.79711,42.58174],[-8.78354,42.59384],[-8.77097,42.59592],[-8.7674,42.60305],[-8.7759,42.61292],[-8.7759,42.617],[-8.76148,42.6342],[-8.75178,42.64061],[-8.74745,42.64347],[-8.742,42.64899],[-8.74009,42.65817],[-8.73011,42.66716],[-8.72569,42.67837],[-8.72571,42.68766],[-8.72675,42.68825],[-8.73066,42.68451],[-8.72954,42.6753],[-8.74442,42.66225],[-8.74657,42.65817],[-8.75047,42.65075],[-8.7576,42.64824],[-8.7694,42.65163],[-8.78052,42.64173],[-8.79497,42.63781],[-8.80427,42.63812],[-8.81152,42.64375],[-8.8209,42.6461],[-8.81594,42.65817],[-8.81462,42.66139],[-8.81667,42.66469],[-8.82376,42.66664],[-8.82706,42.66664],[-8.82901,42.66664],[-8.84133,42.68639],[-8.84332,42.6828],[-8.84181,42.66383],[-8.85139,42.66391],[-8.854,42.65817],[-8.85942,42.64623],[-8.85504,42.64094],[-8.8449,42.63838],[-8.83937,42.63176],[-8.8427,42.62941],[-8.85568,42.62808],[-8.86062,42.616],[-8.85857,42.60784],[-8.86416,42.60712],[-8.8748,42.61258],[-8.88658,42.61504],[-8.8859,42.62201],[-8.87523,42.62996],[-8.87909,42.63657],[-8.88976,42.64038],[-8.89378,42.64034],[-8.89913,42.64028],[-8.90662,42.63175],[-8.93711,42.60752],[-8.93232,42.59812],[-8.9213,42.5949],[-8.92057,42.58755],[-8.94118,42.58294],[-8.95083,42.58479],[-8.95406,42.58449],[-8.95685,42.58288],[-8.95906,42.57824],[-8.96339,42.5691],[-8.9817,42.56784],[-8.99073,42.56323],[-8.99098,42.55691],[-8.98505,42.54732],[-8.98357,42.54492],[-8.98748,42.5374],[-9.01465,42.52222],[-9.02288,42.51762],[-9.03171,42.52069],[-9.04131,42.51882],[-9.04331,42.52052],[-9.04301,42.52222],[-9.04065,42.53575],[-9.03162,42.54291],[-9.03076,42.54732],[-9.03029,42.54975],[-9.03492,42.55962],[-9.04568,42.56961],[-9.05827,42.57709],[-9.07438,42.57166],[-9.0749,42.56709],[-9.08758,42.57077],[-9.09064,42.57434],[-9.09058,42.57769],[-9.08174,42.57894],[-9.07747,42.58382],[-9.07672,42.58916],[-9.08046,42.59347],[-9.07767,42.59783],[-9.065,42.59976],[-9.06116,42.60599],[-9.0604,42.61795],[-9.04568,42.62899],[-9.03755,42.64766],[-9.04209,42.65476],[-9.04165,42.65817],[-9.04084,42.66434],[-9.04084,42.66944],[-9.03104,42.67716],[-9.02885,42.70117],[-9.02281,42.70829],[-9.01348,42.70977],[-9.00996,42.71234],[-9.00812,42.72579],[-8.99578,42.72851],[-8.98763,42.74221],[-8.9769,42.7437],[-8.96999,42.74128],[-8.95906,42.7458],[-8.95727,42.74654],[-8.95216,42.75225],[-8.95179,42.75798],[-8.94659,42.76016],[-8.94092,42.76698],[-8.9398,42.77388],[-8.93595,42.7776],[-8.9328,42.77727],[-8.92734,42.78442],[-8.9117,42.79091],[-8.89378,42.78234],[-8.89095,42.78099],[-8.89183,42.78815],[-8.89378,42.78902],[-8.89903,42.79135],[-8.89591,42.79615],[-8.90006,42.80313],[-8.8956,42.81541],[-8.89378,42.81499],[-8.8868,42.8134],[-8.87793,42.81736],[-8.87577,42.82835],[-8.8795,42.82658],[-8.88114,42.81871],[-8.88665,42.81696],[-8.89378,42.82113],[-8.89534,42.82204],[-8.89711,42.82673],[-8.90086,42.8275],[-8.90861,42.80219],[-8.91543,42.79807],[-8.92229,42.79746],[-8.93394,42.80512],[-8.94376,42.79963],[-8.9527,42.78299],[-8.95793,42.78093],[-8.96474,42.77994],[-8.96722,42.7869],[-8.9739,42.78987],[-8.98389,42.77962],[-9.01169,42.78377],[-9.01546,42.78804],[-9.01324,42.79566],[-9.02105,42.79963],[-9.02823,42.79783],[-9.03526,42.79099],[-9.0436,42.78765],[-9.06389,42.785],[-9.06304,42.78184],[-9.05076,42.77296],[-9.04978,42.76945],[-9.05809,42.76063],[-9.06948,42.759],[-9.07775,42.75495],[-9.07932,42.7514],[-9.07681,42.74349],[-9.07997,42.73931],[-9.08807,42.73939],[-9.09261,42.74807],[-9.10007,42.75417],[-9.1134,42.75487],[-9.11382,42.76101],[-9.12541,42.77121],[-9.12549,42.77625],[-9.13444,42.79037],[-9.15008,42.79966],[-9.1477,42.80317],[-9.13017,42.80514],[-9.113,42.81094],[-9.10582,42.82259],[-9.10617,42.83262],[-9.10998,42.84039],[-9.11901,42.84658],[-9.12441,42.84712],[-9.12878,42.84421],[-9.13709,42.84964],[-9.14994,42.87233],[-9.14675,42.88282],[-9.14008,42.88474],[-9.13918,42.88982],[-9.14083,42.89213],[-9.14257,42.89457],[-9.13239,42.89913],[-9.12536,42.90543],[-9.13314,42.91013],[-9.13756,42.91039],[-9.14449,42.90974],[-9.16022,42.91305],[-9.17448,42.94285],[-9.18342,42.94635],[-9.18846,42.95182],[-9.19096,42.9511],[-9.1923,42.94595],[-9.1844,42.93073],[-9.18617,42.92457],[-9.18393,42.91628],[-9.20876,42.91733],[-9.20846,42.92748],[-9.21508,42.93007],[-9.21594,42.93377],[-9.22103,42.9428],[-9.22663,42.93986],[-9.23241,42.93988],[-9.23329,42.92743],[-9.25144,42.92511],[-9.26262,42.91891],[-9.26396,42.91532],[-9.26045,42.90329],[-9.26237,42.89523],[-9.26388,42.89213],[-9.26843,42.88312],[-9.27213,42.88127],[-9.28143,42.89213],[-9.27556,42.90969],[-9.28268,42.91926],[-9.29132,42.92003],[-9.297,42.92362],[-9.28848,42.94283],[-9.28223,42.94452],[-9.28362,42.95486],[-9.27869,42.95705],[-9.27588,42.96177],[-9.2684,42.96473],[-9.26054,42.97591],[-9.26254,42.98161],[-9.25898,42.99606],[-9.26081,43.00079],[-9.25712,43.00249],[-9.26402,43.01091],[-9.27451,43.01018],[-9.27743,43.01233],[-9.28575,43.04116],[-9.29731,43.0483],[-9.29841,43.05484],[-9.29221,43.05707],[-9.2866,43.04773],[-9.27742,43.04461],[-9.27158,43.04534],[-9.26846,43.05053],[-9.26256,43.04911],[-9.25518,43.05831],[-9.2535,43.06702],[-9.24964,43.07169],[-9.25496,43.08882],[-9.25544,43.09036],[-9.24724,43.09195],[-9.24565,43.08882],[-9.24406,43.08571],[-9.23938,43.08882],[-9.23494,43.09053],[-9.22785,43.09021],[-9.22663,43.08882],[-9.22397,43.08882],[-9.22093,43.08996],[-9.22267,43.09855],[-9.22005,43.10272],[-9.22232,43.1077],[-9.22066,43.11229],[-9.21686,43.11108],[-9.21351,43.10275],[-9.20971,43.10127],[-9.19874,43.10277],[-9.19339,43.09146],[-9.1874,43.09053],[-9.18206,43.09398],[-9.1831,43.10275],[-9.16702,43.10531],[-9.1628,43.12097],[-9.15819,43.12743],[-9.16536,43.13246],[-9.16887,43.14204],[-9.1848,43.12602],[-9.1928,43.12586],[-9.20325,43.13184],[-9.20494,43.14151],[-9.21187,43.15156],[-9.21089,43.15806],[-9.20089,43.15642],[-9.18548,43.16421],[-9.17461,43.18515],[-9.15715,43.18469],[-9.14714,43.19176],[-9.12645,43.19517],[-9.11697,43.19296],[-9.11519,43.1917],[-9.10926,43.18746],[-9.0944,43.18832],[-9.08903,43.18403],[-9.08032,43.18127],[-9.07753,43.18187],[-9.07505,43.1862],[-9.06051,43.18473],[-9.04063,43.19422],[-9.0351,43.20171],[-9.0332,43.21389],[-9.02173,43.21467],[-9.01869,43.21998],[-9.01067,43.22476],[-9.01344,43.22942],[-9.01219,43.23264],[-9.00381,43.22978],[-9.00187,43.21827],[-8.9937,43.21669],[-8.99052,43.21938],[-8.98147,43.2284],[-8.97105,43.22435],[-8.96498,43.22825],[-8.9537,43.22979],[-8.94303,43.22666],[-8.93931,43.22793],[-8.9377,43.23272],[-8.94265,43.24076],[-8.94806,43.24249],[-8.9515,43.24697],[-8.95272,43.26294],[-8.95867,43.2652],[-8.96681,43.26243],[-8.97646,43.26283],[-8.98945,43.27461],[-8.98354,43.28154],[-8.97257,43.2863],[-8.96347,43.28738],[-8.95637,43.2931],[-8.93655,43.28885],[-8.9274,43.28294],[-8.92647,43.29213],[-8.91873,43.29519],[-8.91321,43.29305],[-8.90744,43.29452],[-8.90974,43.30183],[-8.90645,43.30623],[-8.9121,43.31601],[-8.91043,43.32041],[-8.89378,43.32003],[-8.88539,43.31984],[-8.87575,43.31307],[-8.87218,43.32137],[-8.86659,43.32205],[-8.86008,43.31713],[-8.85566,43.32024],[-8.84686,43.31994],[-8.84857,43.33685],[-8.83889,43.34583],[-8.82959,43.34115],[-8.82799,43.32884],[-8.8205,43.32864],[-8.81513,43.32397],[-8.81152,43.32472],[-8.80726,43.32561],[-8.80804,43.32258],[-8.80288,43.3142],[-8.79266,43.31035],[-8.78488,43.30387],[-8.77435,43.29985],[-8.76286,43.30151],[-8.75178,43.29657],[-8.74524,43.29366],[-8.73067,43.29577],[-8.7243,43.29547],[-8.72035,43.29241],[-8.71731,43.29006],[-8.70915,43.28994],[-8.68155,43.29817],[-8.66,43.30172],[-8.64695,43.30733],[-8.63815,43.30767],[-8.62407,43.31506],[-8.6105,43.31531],[-8.6067,43.32117],[-8.60278,43.31801],[-8.5916,43.32089],[-8.59001,43.31635],[-8.58606,43.31555],[-8.58038,43.31728],[-8.567,43.31292],[-8.54768,43.31169],[-8.53345,43.31607],[-8.51656,43.32713],[-8.50788,43.32776],[-8.4942,43.35036],[-8.49888,43.35339],[-8.49586,43.3568],[-8.49419,43.35869],[-8.48687,43.35927],[-8.4874,43.3568],[-8.48788,43.35454],[-8.48528,43.35317],[-8.47569,43.35317],[-8.47028,43.3568],[-8.46801,43.3568],[-8.45945,43.36137],[-8.45597,43.36843],[-8.4397,43.38069],[-8.42393,43.3776],[-8.41586,43.37108],[-8.40852,43.37011],[-8.40507,43.37448],[-8.41005,43.38001],[-8.41056,43.38455],[-8.39982,43.38849],[-8.39391,43.38578],[-8.3952,43.38005],[-8.38971,43.36991],[-8.39942,43.36727],[-8.40235,43.36219],[-8.39331,43.3568],[-8.38796,43.35401],[-8.38348,43.34608],[-8.38511,43.33933],[-8.36124,43.34218],[-8.35011,43.34621],[-8.34752,43.35062],[-8.34972,43.3568],[-8.34616,43.36471],[-8.34013,43.36786],[-8.34292,43.37132],[-8.33919,43.37297],[-8.33808,43.37847],[-8.3422,43.38267],[-8.35166,43.37999],[-8.35457,43.38243],[-8.34896,43.38551],[-8.35067,43.38936],[-8.34415,43.39149],[-8.34902,43.39597],[-8.33607,43.40013],[-8.32724,43.4025],[-8.31421,43.40145],[-8.30512,43.40364],[-8.29739,43.39797],[-8.29728,43.38666],[-8.28779,43.3834],[-8.27497,43.3859],[-8.26653,43.38356],[-8.25904,43.36984],[-8.2502,43.36453],[-8.25191,43.3568],[-8.25307,43.35159],[-8.24897,43.34824],[-8.24407,43.34875],[-8.24057,43.34375],[-8.22983,43.34227],[-8.22393,43.33397],[-8.20978,43.32763],[-8.20831,43.33097],[-8.21267,43.33668],[-8.21197,43.33958],[-8.20113,43.33524],[-8.21158,43.35],[-8.21881,43.35356],[-8.2152,43.3568],[-8.20865,43.36268],[-8.21801,43.36871],[-8.21473,43.37773],[-8.21911,43.38349],[-8.21949,43.38947],[-8.21167,43.40269],[-8.20566,43.40792],[-8.19011,43.41234],[-8.18743,43.41311],[-8.17444,43.4126],[-8.17367,43.41907],[-8.18531,43.42401],[-8.18743,43.4245],[-8.19011,43.42512],[-8.19649,43.42659],[-8.20446,43.42063],[-8.21414,43.4194],[-8.22481,43.42708],[-8.23805,43.42815],[-8.24292,43.42396],[-8.24012,43.41965],[-8.24448,43.41819],[-8.25725,43.42082],[-8.27984,43.4369],[-8.29587,43.43597],[-8.29995,43.44025],[-8.30902,43.44054],[-8.31579,43.44355],[-8.30511,43.44772],[-8.31086,43.45092],[-8.31134,43.45438],[-8.30155,43.45428],[-8.27973,43.4594],[-8.2708,43.46333],[-8.2701,43.45775],[-8.2674,43.45631],[-8.25421,43.46578],[-8.24802,43.46133],[-8.23586,43.46206],[-8.22612,43.45819],[-8.21656,43.46038],[-8.20479,43.45972],[-8.19011,43.46753],[-8.18743,43.46896],[-8.17185,43.47724],[-8.1681,43.48355],[-8.16869,43.48672],[-8.16536,43.48958],[-8.16412,43.49202],[-8.16412,43.49599],[-8.16706,43.49758],[-8.16412,43.49823],[-8.16207,43.49894],[-8.15953,43.50675],[-8.15416,43.51108],[-8.15134,43.51649],[-8.167,43.51225],[-8.1744,43.49689],[-8.18743,43.49171],[-8.19011,43.49064],[-8.19843,43.48733],[-8.19284,43.48259],[-8.20023,43.47853],[-8.20557,43.47777],[-8.20992,43.48218],[-8.2153,43.48329],[-8.22137,43.47772],[-8.23004,43.47617],[-8.23218,43.47993],[-8.24713,43.47886],[-8.24807,43.48398],[-8.24447,43.48989],[-8.24865,43.49187],[-8.25803,43.48702],[-8.26542,43.46962],[-8.27792,43.46744],[-8.28797,43.46216],[-8.29632,43.46125],[-8.30177,43.46578],[-8.3163,43.46931],[-8.33026,43.46476],[-8.33793,43.45977],[-8.34442,43.46294],[-8.34043,43.47242],[-8.32606,43.4832],[-8.32028,43.49408],[-8.32039,43.5008],[-8.32929,43.50836],[-8.32492,43.52211],[-8.3148,43.52658],[-8.30521,43.52506],[-8.29718,43.53372],[-8.30357,43.54505],[-8.31223,43.54692],[-8.31609,43.55415],[-8.3234,43.5563],[-8.32306,43.56163],[-8.31312,43.56883],[-8.30835,43.56782],[-8.30262,43.56024],[-8.2948,43.55659],[-8.27958,43.55774],[-8.26978,43.55532],[-8.25791,43.55883],[-8.24273,43.56677],[-8.22366,43.57717],[-8.21765,43.58224],[-8.21486,43.59039],[-8.19355,43.60364],[-8.19434,43.61073],[-8.19011,43.61537],[-8.1869,43.61888],[-8.18293,43.61935],[-8.17762,43.61515],[-8.17094,43.61355],[-8.1555,43.61577],[-8.13754,43.63268],[-8.1218,43.64095],[-8.11286,43.64173],[-8.10868,43.64622],[-8.1028,43.64757],[-8.0921,43.66278],[-8.08774,43.66001],[-8.08132,43.64496],[-8.06704,43.64357],[-8.06995,43.6495],[-8.05471,43.64915],[-8.05207,43.65262],[-8.05581,43.65868],[-8.07439,43.65964],[-8.07147,43.67448],[-8.07438,43.68136],[-8.06635,43.68348],[-8.06789,43.68783],[-8.06233,43.70331],[-8.04914,43.71161],[-8.03399,43.7134],[-8.02959,43.71155],[-8.02535,43.70976],[-8.01631,43.71158],[-8.00637,43.70516],[-8.00164,43.70486],[-7.96033,43.72312],[-7.94693,43.73447],[-7.94647,43.74085],[-7.93084,43.74039],[-7.92373,43.74322],[-7.90504,43.7665],[-7.88914,43.76383],[-7.86642,43.76922],[-7.86121,43.76034],[-7.86504,43.74003],[-7.86958,43.73296],[-7.85491,43.72153],[-7.85091,43.71243],[-7.85802,43.71024],[-7.87391,43.71662],[-7.87169,43.70718],[-7.87853,43.69888],[-7.87942,43.68958],[-7.88851,43.68782],[-7.88994,43.68324],[-7.8758,43.68025],[-7.87375,43.67496],[-7.87589,43.67344],[-7.88416,43.67601],[-7.89266,43.67476],[-7.89945,43.6709],[-7.89387,43.66669],[-7.87425,43.66338],[-7.85992,43.6684],[-7.84733,43.67017],[-7.84669,43.67572],[-7.85946,43.68691],[-7.86144,43.7004],[-7.85023,43.70331],[-7.84182,43.70128],[-7.83201,43.69529],[-7.81933,43.69539],[-7.82751,43.70991],[-7.82451,43.71325],[-7.81255,43.71598],[-7.81036,43.72435],[-7.79901,43.72427],[-7.79096,43.73359],[-7.77809,43.73417],[-7.74858,43.74554],[-7.73321,43.74912],[-7.72453,43.74898],[-7.72232,43.75481],[-7.71573,43.75748],[-7.71475,43.76492],[-7.68792,43.77551],[-7.68621,43.78793],[-7.67619,43.78617],[-7.66242,43.77544],[-7.66572,43.77165],[-7.67527,43.76935],[-7.67579,43.76179],[-7.6873,43.75623],[-7.69091,43.74958]]],[[[3.17671,39.95323],[3.17925,39.95208],[3.1894,39.95634],[3.19666,39.95541],[3.21284,39.9603],[3.21144,39.9545],[3.20213,39.94454],[3.18325,39.93902],[3.15577,39.92446],[3.13286,39.92656],[3.12633,39.91684],[3.11037,39.9098],[3.10895,39.90374],[3.09767,39.90892],[3.08636,39.90858],[3.08005,39.90101],[3.07853,39.89243],[3.08677,39.8709],[3.09878,39.86025],[3.10733,39.85794],[3.11627,39.86392],[3.1202,39.86232],[3.13142,39.86866],[3.13872,39.86506],[3.14692,39.86703],[3.1522,39.8714],[3.15772,39.87182],[3.18584,39.88477],[3.19175,39.89252],[3.2033,39.88927],[3.18874,39.88087],[3.18521,39.86839],[3.18814,39.8627],[3.19631,39.86107],[3.17951,39.84189],[3.17147,39.83779],[3.16454,39.83835],[3.14516,39.83457],[3.13543,39.84055],[3.12825,39.83989],[3.11999,39.83125],[3.11682,39.81562],[3.12527,39.79407],[3.1449,39.77385],[3.17772,39.75619],[3.2034,39.74755],[3.21188,39.74196],[3.23662,39.73214],[3.25249,39.72985],[3.25976,39.73468],[3.26889,39.73464],[3.27912,39.73987],[3.28502,39.74043],[3.29068,39.74574],[3.30046,39.74894],[3.307,39.75378],[3.32734,39.75976],[3.33463,39.7691],[3.33588,39.78315],[3.34717,39.78818],[3.3695,39.77481],[3.37698,39.7673],[3.38558,39.76428],[3.40267,39.76301],[3.41357,39.75358],[3.42069,39.75164],[3.42738,39.75069],[3.43424,39.74468],[3.45664,39.74447],[3.46107,39.73915],[3.45259,39.72877],[3.45267,39.72267],[3.45941,39.72055],[3.47308,39.72083],[3.47681,39.71497],[3.47515,39.71173],[3.46254,39.70973],[3.45667,39.70439],[3.45381,39.69275],[3.4568,39.68783],[3.4534,39.67525],[3.45598,39.67171],[3.45386,39.6682],[3.45567,39.65747],[3.45253,39.65497],[3.44338,39.65691],[3.44045,39.65533],[3.43629,39.63446],[3.42809,39.63253],[3.40988,39.63722],[3.40363,39.63541],[3.39317,39.62089],[3.3928,39.61639],[3.39244,39.61207],[3.38565,39.60002],[3.38673,39.58846],[3.4019,39.58278],[3.403,39.57985],[3.397,39.57621],[3.37989,39.57568],[3.37324,39.56697],[3.37416,39.55885],[3.36839,39.55631],[3.36807,39.55157],[3.36024,39.55005],[3.3376,39.5382],[3.33713,39.53406],[3.33169,39.53031],[3.31739,39.52152],[3.307,39.51032],[3.30083,39.50366],[3.30052,39.5006],[3.29642,39.49905],[3.29365,39.48668],[3.2786,39.4568],[3.277,39.43884],[3.27353,39.42883],[3.27656,39.42413],[3.27412,39.41645],[3.27059,39.41499],[3.26698,39.42418],[3.26218,39.42476],[3.25957,39.41674],[3.26609,39.41619],[3.26653,39.41394],[3.25536,39.40103],[3.24467,39.37828],[3.23939,39.37699],[3.23857,39.37216],[3.23253,39.36854],[3.23333,39.36517],[3.22946,39.36021],[3.22027,39.35781],[3.2135,39.36059],[3.2118,39.35423],[3.19119,39.34992],[3.18793,39.33794],[3.17674,39.32982],[3.16712,39.32644],[3.14647,39.32688],[3.13781,39.31776],[3.11904,39.31221],[3.07217,39.26991],[3.06967,39.26765],[3.05838,39.26487],[3.05054,39.26611],[3.04118,39.27894],[3.02966,39.28495],[3.0294,39.28973],[3.02351,39.28947],[3.01781,39.29654],[3.01837,39.30473],[3.01121,39.31029],[3.00284,39.31679],[2.99947,39.31706],[2.995,39.31358],[2.98681,39.31641],[2.98416,39.32343],[2.9882,39.32553],[2.99042,39.33601],[2.98194,39.34645],[2.95876,39.36181],[2.95175,39.36048],[2.93077,39.36407],[2.91759,39.35984],[2.91164,39.35296],[2.88355,39.36566],[2.86606,39.36308],[2.84523,39.36563],[2.82806,39.35634],[2.81741,39.35886],[2.80628,39.3666],[2.7953,39.36302],[2.78767,39.36346],[2.77051,39.38349],[2.75135,39.39467],[2.73963,39.41106],[2.74706,39.43808],[2.74233,39.45087],[2.73068,39.46232],[2.72266,39.47578],[2.73519,39.48464],[2.73773,39.49247],[2.74832,39.49905],[2.75124,39.50377],[2.74445,39.51551],[2.72915,39.52909],[2.72032,39.53439],[2.71141,39.53362],[2.68717,39.5532],[2.64151,39.56787],[2.63033,39.56721],[2.6237,39.54592],[2.6192,39.54541],[2.60646,39.55181],[2.5973,39.54829],[2.58789,39.53404],[2.56207,39.5315],[2.53938,39.52261],[2.53846,39.5157],[2.5445,39.51113],[2.5355,39.50593],[2.53551,39.48836],[2.52152,39.47374],[2.5229,39.46133],[2.51891,39.45846],[2.50241,39.46165],[2.49861,39.46775],[2.49261,39.4713],[2.4804,39.47073],[2.47665,39.49156],[2.46762,39.49209],[2.45968,39.50077],[2.46172,39.51126],[2.47668,39.51431],[2.47864,39.51647],[2.46712,39.52038],[2.45607,39.5339],[2.44773,39.53555],[2.43573,39.52821],[2.4218,39.52387],[2.41968,39.52469],[2.42224,39.5353],[2.4169,39.5385],[2.40622,39.53575],[2.40371,39.52669],[2.38816,39.52144],[2.38626,39.52263],[2.38774,39.5334],[2.38078,39.53331],[2.3772,39.53557],[2.36993,39.5315],[2.36421,39.53175],[2.36765,39.53706],[2.38306,39.54146],[2.38917,39.54648],[2.3845,39.54755],[2.37242,39.54478],[2.36641,39.55363],[2.3558,39.55826],[2.35418,39.56315],[2.34765,39.56422],[2.35324,39.57643],[2.34486,39.58795],[2.34746,39.59485],[2.35486,39.59742],[2.35638,39.60499],[2.36799,39.61274],[2.38506,39.61403],[2.42024,39.63015],[2.42273,39.6375],[2.43656,39.64329],[2.46189,39.65258],[2.48226,39.67104],[2.48744,39.67158],[2.49765,39.68406],[2.51596,39.69136],[2.52762,39.70104],[2.54173,39.69893],[2.55557,39.70028],[2.58698,39.71759],[2.59999,39.73306],[2.61546,39.74369],[2.62224,39.74858],[2.62266,39.75574],[2.62654,39.75344],[2.63033,39.75774],[2.63485,39.76454],[2.64382,39.76199],[2.66199,39.77223],[2.66953,39.79237],[2.68032,39.79815],[2.68518,39.79389],[2.69368,39.79148],[2.69525,39.79587],[2.68999,39.79699],[2.69837,39.80922],[2.70075,39.81072],[2.70477,39.80943],[2.71305,39.81698],[2.72747,39.82344],[2.73267,39.82667],[2.74168,39.83187],[2.74968,39.82829],[2.76349,39.83343],[2.76612,39.84194],[2.7742,39.84109],[2.77486,39.8514],[2.779,39.85533],[2.78645,39.85341],[2.7922,39.8562],[2.80215,39.85211],[2.8047,39.8535],[2.80228,39.859],[2.80474,39.86187],[2.8164,39.85779],[2.82641,39.85827],[2.83778,39.86479],[2.84401,39.86192],[2.85453,39.87472],[2.87436,39.87824],[2.89609,39.89466],[2.90214,39.89686],[2.90401,39.8974],[2.91164,39.89708],[2.91618,39.89688],[2.92028,39.90137],[2.92468,39.90021],[2.93559,39.90474],[2.94949,39.91853],[2.96714,39.91034],[2.98302,39.90917],[3.0028,39.92377],[3.01121,39.92712],[3.02877,39.93412],[3.03445,39.93131],[3.03896,39.93542],[3.04114,39.93036],[3.05808,39.9326],[3.05621,39.92329],[3.06268,39.92127],[3.07217,39.92345],[3.07981,39.9252],[3.09606,39.93498],[3.09928,39.93429],[3.09761,39.92903],[3.12296,39.93322],[3.13003,39.93798],[3.13469,39.94516],[3.15425,39.95631],[3.17706,39.9609],[3.17879,39.9589],[3.17671,39.95323]]],[[[-16.12726,28.5703],[-16.12039,28.55517],[-16.1273,28.54668],[-16.12921,28.53695],[-16.12661,28.53282],[-16.13532,28.53382],[-16.14557,28.52177],[-16.15491,28.52267],[-16.16659,28.51876],[-16.17915,28.5105],[-16.18588,28.50959],[-16.19685,28.49884],[-16.23504,28.48583],[-16.24496,28.47425],[-16.24627,28.46008],[-16.24976,28.45585],[-16.2581,28.45283],[-16.26967,28.4475],[-16.28006,28.43447],[-16.30764,28.40988],[-16.32045,28.40191],[-16.33233,28.40102],[-16.33743,28.39629],[-16.35995,28.3786],[-16.36938,28.35409],[-16.3664,28.33967],[-16.36295,28.3302],[-16.36002,28.31853],[-16.36252,28.30469],[-16.38337,28.28454],[-16.38802,28.26427],[-16.4075,28.23391],[-16.40899,28.23064],[-16.40874,28.22792],[-16.40965,28.22624],[-16.42406,28.20531],[-16.42344,28.19365],[-16.42769,28.18821],[-16.42939,28.17538],[-16.42582,28.167],[-16.43168,28.16349],[-16.43392,28.15726],[-16.42676,28.15163],[-16.42665,28.14866],[-16.43287,28.14255],[-16.43977,28.14228],[-16.44346,28.13554],[-16.44853,28.13413],[-16.45068,28.12838],[-16.46264,28.12012],[-16.46338,28.11308],[-16.47119,28.10887],[-16.48082,28.09654],[-16.48973,28.08997],[-16.49326,28.07932],[-16.50345,28.07629],[-16.50782,28.0676],[-16.52077,28.05869],[-16.52422,28.05213],[-16.53162,28.049],[-16.53444,28.0437],[-16.54094,28.0418],[-16.54067,28.03126],[-16.5451,28.02609],[-16.54965,28.02574],[-16.5582,28.03115],[-16.59763,28.02775],[-16.62507,28.01783],[-16.63246,28.00998],[-16.63841,28.00896],[-16.64457,28.00394],[-16.65021,28.00692],[-16.66366,28.0084],[-16.66735,28.00425],[-16.68125,27.99829],[-16.70268,28.00535],[-16.70724,28.01051],[-16.70573,28.02774],[-16.71245,28.04649],[-16.73624,28.0545],[-16.73335,28.06617],[-16.73846,28.08756],[-16.75777,28.10103],[-16.76236,28.10954],[-16.77282,28.1139],[-16.80201,28.15651],[-16.8087,28.17503],[-16.81938,28.1821],[-16.83579,28.2075],[-16.84016,28.22694],[-16.845,28.23953],[-16.83849,28.25724],[-16.8413,28.26348],[-16.84956,28.26804],[-16.8526,28.27315],[-16.85973,28.2758],[-16.86252,28.28763],[-16.87176,28.29871],[-16.8797,28.30299],[-16.88183,28.31319],[-16.89417,28.32264],[-16.89785,28.33182],[-16.90565,28.33791],[-16.92089,28.34197],[-16.92372,28.35186],[-16.91623,28.3613],[-16.90393,28.36474],[-16.89534,28.36369],[-16.8811,28.36826],[-16.87219,28.37163],[-16.86883,28.37564],[-16.8613,28.37642],[-16.84896,28.38727],[-16.8298,28.39234],[-16.81002,28.37749],[-16.79744,28.37757],[-16.79302,28.37484],[-16.76802,28.37369],[-16.76211,28.3754],[-16.75123,28.37163],[-16.73873,28.38041],[-16.73309,28.38156],[-16.72673,28.37701],[-16.71892,28.38704],[-16.70385,28.38388],[-16.69595,28.38787],[-16.69431,28.39488],[-16.68418,28.3913],[-16.67752,28.39329],[-16.67373,28.4003],[-16.65958,28.40082],[-16.6525,28.39569],[-16.6435,28.39811],[-16.63658,28.39479],[-16.62435,28.3961],[-16.60298,28.39431],[-16.59752,28.3998],[-16.58835,28.39865],[-16.57071,28.4083],[-16.56093,28.41222],[-16.55408,28.41837],[-16.52321,28.4176],[-16.50317,28.42514],[-16.49604,28.43898],[-16.4877,28.43774],[-16.4748,28.44323],[-16.47116,28.44836],[-16.47342,28.45425],[-16.46586,28.45903],[-16.45764,28.4597],[-16.45555,28.46603],[-16.45552,28.46914],[-16.44481,28.47573],[-16.44335,28.48025],[-16.43059,28.48736],[-16.42052,28.5175],[-16.41089,28.52741],[-16.38396,28.54608],[-16.36562,28.54622],[-16.34491,28.55604],[-16.33536,28.55728],[-16.3324,28.5717],[-16.32552,28.57754],[-16.3201,28.57775],[-16.31501,28.57171],[-16.30689,28.57332],[-16.29895,28.56976],[-16.28972,28.57141],[-16.28492,28.57583],[-16.27448,28.57227],[-16.27077,28.57644],[-16.2581,28.57069],[-16.24281,28.57117],[-16.22416,28.56577],[-16.19293,28.57384],[-16.17216,28.58423],[-16.15796,28.58809],[-16.13649,28.58236],[-16.13391,28.575],[-16.12726,28.5703]]],[[[-13.87753,28.75074],[-13.87224,28.74461],[-13.86571,28.74494],[-13.86696,28.7363],[-13.86389,28.73221],[-13.84326,28.72598],[-13.83106,28.69268],[-13.83241,28.68125],[-13.83328,28.67396],[-13.82516,28.61415],[-13.8267,28.60443],[-13.82325,28.59138],[-13.82968,28.57618],[-13.82871,28.56453],[-13.82604,28.55347],[-13.83658,28.54167],[-13.83533,28.52595],[-13.8428,28.51246],[-13.84366,28.50439],[-13.84797,28.50047],[-13.86013,28.49662],[-13.86725,28.48069],[-13.85708,28.45907],[-13.85728,28.44528],[-13.86203,28.43909],[-13.86221,28.4335],[-13.85066,28.42046],[-13.84899,28.41077],[-13.85293,28.39387],[-13.85933,28.39283],[-13.86677,28.37284],[-13.87691,28.35566],[-13.87913,28.33961],[-13.88447,28.33381],[-13.88679,28.32596],[-13.89455,28.32374],[-13.89412,28.31492],[-13.90247,28.30213],[-13.89793,28.28983],[-13.89849,28.28317],[-13.90226,28.27564],[-13.90976,28.27347],[-13.91504,28.25779],[-13.92295,28.24746],[-13.93584,28.23459],[-13.95088,28.228],[-13.98546,28.22837],[-13.99548,28.2182],[-14.01155,28.20831],[-14.02034,28.21076],[-14.04292,28.20254],[-14.07418,28.20071],[-14.09424,28.19303],[-14.10431,28.19299],[-14.11083,28.1891],[-14.12071,28.19129],[-14.12751,28.1888],[-14.15222,28.18179],[-14.16585,28.17501],[-14.19798,28.17325],[-14.20856,28.16668],[-14.22141,28.16296],[-14.23141,28.14878],[-14.24849,28.13255],[-14.2744,28.09766],[-14.30215,28.07285],[-14.32179,28.05022],[-14.33075,28.04518],[-14.36681,28.05321],[-14.38037,28.0526],[-14.40777,28.05825],[-14.45199,28.07303],[-14.47427,28.077],[-14.50253,28.07093],[-14.50637,28.07011],[-14.50253,28.07733],[-14.50164,28.079],[-14.49349,28.08538],[-14.49362,28.09462],[-14.49758,28.101],[-14.49167,28.10864],[-14.48088,28.10185],[-14.45653,28.10416],[-14.44165,28.10137],[-14.42567,28.10339],[-14.37065,28.11802],[-14.31095,28.14717],[-14.29795,28.15877],[-14.24974,28.19183],[-14.22383,28.21599],[-14.2156,28.22807],[-14.20949,28.25798],[-14.21251,28.2873],[-14.20809,28.30142],[-14.2079,28.31491],[-14.20086,28.33107],[-14.17883,28.34623],[-14.17133,28.36099],[-14.16405,28.36847],[-14.16199,28.38906],[-14.15672,28.39563],[-14.15506,28.40546],[-14.15782,28.41148],[-14.15032,28.42251],[-14.15064,28.42971],[-14.14588,28.43852],[-14.12071,28.46036],[-14.10114,28.47537],[-14.08981,28.49482],[-14.08809,28.50231],[-14.07255,28.52864],[-14.06945,28.53974],[-14.06451,28.54349],[-14.06543,28.55201],[-14.05946,28.5559],[-14.05653,28.56468],[-14.04453,28.57756],[-14.03369,28.59568],[-14.03854,28.61415],[-14.00962,28.67491],[-14.01237,28.68125],[-14.014,28.68503],[-14.01348,28.69077],[-14.01774,28.69447],[-14.01585,28.7149],[-14.01352,28.71612],[-14.01129,28.71216],[-14.00611,28.71151],[-13.99634,28.72245],[-13.98664,28.72555],[-13.97792,28.7332],[-13.97134,28.73173],[-13.95502,28.73664],[-13.95088,28.74078],[-13.94239,28.74489],[-13.93765,28.74188],[-13.92641,28.75118],[-13.9175,28.74706],[-13.90888,28.74724],[-13.88815,28.75652],[-13.87753,28.75074]]],[[[-15.42884,28.12927],[-15.41497,28.1111],[-15.41171,28.10046],[-15.41877,28.06188],[-15.4139,28.05269],[-15.41477,28.04677],[-15.39541,28.03236],[-15.38805,28.02809],[-15.38427,28.01707],[-15.37509,28.00879],[-15.37411,27.99827],[-15.36906,27.99229],[-15.37726,27.98363],[-15.3769,27.97753],[-15.38255,27.97277],[-15.3831,27.96731],[-15.37916,27.96337],[-15.38096,27.95856],[-15.37807,27.9538],[-15.37998,27.94922],[-15.36977,27.94398],[-15.35868,27.93251],[-15.36238,27.92994],[-15.37383,27.93496],[-15.38251,27.92946],[-15.38648,27.90227],[-15.39327,27.88945],[-15.39026,27.88112],[-15.38194,27.87499],[-15.3861,27.86851],[-15.38597,27.85795],[-15.39071,27.85497],[-15.39771,27.85495],[-15.40457,27.84823],[-15.40951,27.84747],[-15.41436,27.84518],[-15.42178,27.83136],[-15.4211,27.81567],[-15.42813,27.8052],[-15.44169,27.79997],[-15.49029,27.79227],[-15.50756,27.78127],[-15.51085,27.78089],[-15.52221,27.77957],[-15.53454,27.76997],[-15.55056,27.76625],[-15.56225,27.76043],[-15.56639,27.75492],[-15.56954,27.73898],[-15.57972,27.73456],[-15.6003,27.73541],[-15.61902,27.74804],[-15.62994,27.7457],[-15.65714,27.75636],[-15.66749,27.75522],[-15.67307,27.74974],[-15.67975,27.75568],[-15.69131,27.77146],[-15.69913,27.77195],[-15.7131,27.78413],[-15.7214,27.78611],[-15.72936,27.79688],[-15.7393,27.79949],[-15.75417,27.81438],[-15.7722,27.82118],[-15.77815,27.82894],[-15.78811,27.8357],[-15.79915,27.85897],[-15.81722,27.8919],[-15.83356,27.91209],[-15.82818,27.94556],[-15.83412,27.97147],[-15.82306,27.98938],[-15.81831,28.00385],[-15.8214,28.01376],[-15.81435,28.01713],[-15.80329,28.01628],[-15.7907,28.01948],[-15.77249,28.03224],[-15.76586,28.04533],[-15.74596,28.05088],[-15.73805,28.05539],[-15.73375,28.06351],[-15.72146,28.07037],[-15.70924,28.08671],[-15.7077,28.09523],[-15.71207,28.10376],[-15.70666,28.10905],[-15.70485,28.11769],[-15.70822,28.12217],[-15.69988,28.13352],[-15.70294,28.1432],[-15.69709,28.151],[-15.7066,28.15851],[-15.70847,28.16518],[-15.69751,28.16393],[-15.68378,28.17003],[-15.67858,28.16224],[-15.66713,28.15875],[-15.65306,28.16505],[-15.64833,28.16465],[-15.63653,28.17078],[-15.63013,28.16762],[-15.61305,28.14782],[-15.60712,28.14819],[-15.60041,28.1449],[-15.58868,28.14706],[-15.57744,28.14389],[-15.55958,28.14671],[-15.54434,28.14718],[-15.53454,28.15181],[-15.52525,28.15408],[-15.5173,28.1478],[-15.51085,28.14771],[-15.4919,28.14128],[-15.48461,28.13519],[-15.47747,28.13557],[-15.46758,28.12619],[-15.44508,28.13186],[-15.4321,28.14605],[-15.43319,28.15644],[-15.44078,28.1629],[-15.43925,28.16852],[-15.42156,28.18017],[-15.40585,28.17573],[-15.40661,28.1601],[-15.41124,28.15116],[-15.41597,28.14779],[-15.42752,28.14567],[-15.42857,28.1373],[-15.42605,28.13553],[-15.42884,28.12927]]],[[[-13.46423,29.12811],[-13.46333,29.11577],[-13.44969,29.10037],[-13.44844,29.08952],[-13.4519,29.08124],[-13.46568,29.05491],[-13.46422,29.046],[-13.46871,29.03396],[-13.46451,29.0257],[-13.46536,29.01968],[-13.47556,29.01399],[-13.47808,29.0043],[-13.48849,28.99616],[-13.48731,28.99318],[-13.49546,28.99238],[-13.51588,28.98117],[-13.51853,28.97632],[-13.53092,28.97311],[-13.5386,28.96813],[-13.54197,28.95925],[-13.58426,28.95177],[-13.59768,28.94824],[-13.60528,28.94206],[-13.61487,28.93229],[-13.63358,28.92642],[-13.64298,28.91982],[-13.66822,28.91931],[-13.67583,28.92128],[-13.68517,28.91996],[-13.70105,28.91773],[-13.73897,28.90433],[-13.74897,28.88339],[-13.74992,28.87558],[-13.75468,28.8714],[-13.77099,28.85709],[-13.7756,28.84797],[-13.78715,28.8397],[-13.79186,28.85152],[-13.80111,28.85856],[-13.81086,28.85689],[-13.8218,28.86203],[-13.82901,28.86222],[-13.83987,28.85691],[-13.85328,28.86185],[-13.86296,28.86041],[-13.87165,28.8557],[-13.87665,28.86033],[-13.87532,28.87551],[-13.88089,28.88723],[-13.87288,28.89402],[-13.8589,28.89711],[-13.84708,28.91492],[-13.83013,28.92887],[-13.8339,28.95359],[-13.8316,28.96053],[-13.83369,28.97019],[-13.82989,28.97708],[-13.8334,28.99005],[-13.83067,28.99616],[-13.82923,29.00827],[-13.81647,29.03147],[-13.80758,29.0375],[-13.79329,29.05158],[-13.7756,29.06312],[-13.76324,29.06693],[-13.7566,29.07659],[-13.75468,29.07757],[-13.75223,29.07881],[-13.72286,29.08478],[-13.70766,29.08018],[-13.70102,29.08943],[-13.68642,29.09312],[-13.68517,29.09498],[-13.68156,29.10037],[-13.67996,29.10276],[-13.6582,29.11288],[-13.66211,29.11782],[-13.65996,29.12204],[-13.65216,29.12265],[-13.64303,29.12426],[-13.63962,29.11755],[-13.63321,29.1166],[-13.62028,29.12758],[-13.61341,29.12886],[-13.60422,29.13519],[-13.59725,29.13573],[-13.58456,29.13322],[-13.56305,29.11772],[-13.557,29.11647],[-13.54113,29.1232],[-13.53045,29.13571],[-13.5242,29.14442],[-13.52175,29.16848],[-13.51286,29.18056],[-13.50534,29.20183],[-13.49744,29.20864],[-13.49622,29.21815],[-13.48088,29.22644],[-13.47018,29.23755],[-13.46446,29.22664],[-13.45439,29.22584],[-13.44373,29.21742],[-13.43722,29.21588],[-13.43222,29.21006],[-13.42431,29.20803],[-13.42114,29.20267],[-13.41999,29.20144],[-13.41946,29.19783],[-13.42114,29.19608],[-13.42114,29.19386],[-13.42114,29.19037],[-13.42114,29.1881],[-13.42012,29.18405],[-13.42114,29.18155],[-13.42866,29.15545],[-13.44556,29.14711],[-13.46423,29.12811]]],[[[4.09361,40.06178],[4.10332,40.04638],[4.10726,40.04684],[4.11141,40.05391],[4.12316,40.0558],[4.12762,40.0617],[4.13262,40.06125],[4.12112,40.03547],[4.12639,40.02799],[4.13032,40.02838],[4.13429,40.03387],[4.13978,40.03553],[4.14145,40.04872],[4.13716,40.06386],[4.13862,40.0668],[4.15456,40.06739],[4.17033,40.06071],[4.16564,40.05642],[4.1653,40.04607],[4.161,40.04133],[4.16131,40.03573],[4.17032,40.03516],[4.17047,40.02684],[4.18161,40.02335],[4.18796,40.03227],[4.19277,40.03275],[4.19415,40.02506],[4.20115,40.01954],[4.19847,40.00487],[4.20616,39.99341],[4.20264,40.00441],[4.20746,40.00831],[4.22298,39.99843],[4.24722,39.99996],[4.26062,39.99672],[4.25723,39.99054],[4.26166,39.97892],[4.25713,39.96461],[4.26675,39.95764],[4.26918,39.95063],[4.27848,39.94688],[4.27641,39.93385],[4.28775,39.91368],[4.29815,39.90028],[4.30666,39.89405],[4.31256,39.88165],[4.32051,39.87603],[4.3086,39.87279],[4.29409,39.88833],[4.27079,39.8919],[4.27475,39.88486],[4.27923,39.88596],[4.29323,39.88109],[4.30573,39.86708],[4.30792,39.84946],[4.30219,39.84242],[4.29981,39.84043],[4.30263,39.83367],[4.29806,39.8305],[4.29423,39.82156],[4.28789,39.81556],[4.2726,39.80931],[4.24562,39.81609],[4.2375,39.81521],[4.22002,39.8266],[4.21224,39.82846],[4.20709,39.82582],[4.20259,39.83352],[4.20055,39.8316],[4.19312,39.83389],[4.15641,39.85513],[4.13122,39.86724],[4.12427,39.86804],[4.09868,39.87848],[4.08622,39.88571],[4.07665,39.89681],[4.05496,39.90736],[4.02072,39.92179],[4.00963,39.92107],[4.00349,39.92477],[3.99159,39.92688],[3.9883,39.93108],[3.98246,39.92914],[3.97207,39.93324],[3.96252,39.9325],[3.95731,39.9386],[3.94731,39.93398],[3.93726,39.93667],[3.93235,39.93249],[3.91502,39.92978],[3.91077,39.92536],[3.89878,39.92275],[3.89333,39.92727],[3.88797,39.92391],[3.87652,39.92236],[3.85384,39.92217],[3.83566,39.92517],[3.83387,39.92546],[3.82325,39.92304],[3.82036,39.92802],[3.82507,39.95231],[3.8335,39.96155],[3.8301,39.97041],[3.83269,39.97779],[3.82876,39.99358],[3.82425,39.99626],[3.81215,39.99595],[3.80676,39.99862],[3.79687,39.99893],[3.79188,40.01751],[3.80868,40.02639],[3.8072,40.03264],[3.81375,40.03566],[3.82214,40.05018],[3.82676,40.0525],[3.83566,40.0508],[3.84253,40.05342],[3.86562,40.05592],[3.87854,40.05352],[3.88597,40.05807],[3.89771,40.05892],[3.90346,40.05708],[3.909,40.0504],[3.92077,40.04698],[3.92275,40.04935],[3.92116,40.05613],[3.93487,40.06166],[3.94339,40.05729],[3.9597,40.06043],[3.97055,40.05373],[3.98417,40.05228],[3.99509,40.0583],[4.00819,40.05931],[4.01552,40.05574],[4.01795,40.05889],[4.03238,40.06432],[4.04219,40.0561],[4.05091,40.05351],[4.05893,40.05799],[4.073,40.05907],[4.07672,40.06683],[4.08307,40.07015],[4.08922,40.07842],[4.08364,40.08801],[4.09163,40.08849],[4.09595,40.08266],[4.09361,40.06178]]],[[[-17.90411,28.84816],[-17.89267,28.84167],[-17.85716,28.8332],[-17.84813,28.83517],[-17.83066,28.83717],[-17.80869,28.84272],[-17.78927,28.84349],[-17.77803,28.83872],[-17.77052,28.81894],[-17.76065,28.80565],[-17.75785,28.78816],[-17.75353,28.78275],[-17.7503,28.77243],[-17.74254,28.76192],[-17.73503,28.75765],[-17.72944,28.74468],[-17.7246,28.74111],[-17.7345,28.71903],[-17.75227,28.70514],[-17.75859,28.697],[-17.7601,28.68697],[-17.76543,28.68125],[-17.77028,28.67604],[-17.76974,28.67144],[-17.76628,28.66452],[-17.75674,28.64912],[-17.75713,28.64007],[-17.75331,28.63085],[-17.75031,28.6212],[-17.7556,28.61165],[-17.75494,28.59226],[-17.76043,28.5815],[-17.75948,28.57382],[-17.77185,28.55621],[-17.78719,28.54228],[-17.79672,28.51814],[-17.81664,28.49543],[-17.83379,28.45776],[-17.84368,28.4543],[-17.85577,28.45991],[-17.86655,28.47098],[-17.87488,28.49402],[-17.8762,28.52028],[-17.88004,28.53729],[-17.88952,28.55185],[-17.89972,28.57101],[-17.90589,28.57382],[-17.91084,28.58579],[-17.91858,28.59224],[-17.92526,28.59648],[-17.92352,28.60802],[-17.92615,28.61653],[-17.94048,28.64251],[-17.95012,28.65254],[-17.96342,28.66764],[-17.96516,28.68125],[-17.96566,28.68515],[-17.97482,28.71024],[-17.98025,28.71748],[-17.98097,28.72553],[-17.99286,28.7402],[-18.00544,28.75521],[-18.00667,28.77522],[-18.00303,28.78611],[-17.98854,28.79611],[-17.97977,28.80432],[-17.96625,28.82644],[-17.95259,28.8337],[-17.94679,28.84214],[-17.93844,28.84183],[-17.93094,28.84476],[-17.92051,28.8566],[-17.91269,28.85751],[-17.90695,28.85494],[-17.90411,28.84816]]],[[[1.54109,39.11581],[1.53874,39.10782],[1.55726,39.09386],[1.5625,39.09372],[1.56737,39.09799],[1.59325,39.09616],[1.60213,39.09076],[1.59923,39.08276],[1.60491,39.07965],[1.60714,39.07842],[1.60491,39.07704],[1.60055,39.07434],[1.59258,39.07557],[1.58954,39.06925],[1.58866,39.06307],[1.59156,39.05655],[1.60491,39.04627],[1.60986,39.0378],[1.61845,39.03323],[1.61594,39.02646],[1.60491,39.02785],[1.59615,39.02213],[1.59364,39.01651],[1.58657,39.01504],[1.57929,39.00113],[1.5787,38.99081],[1.55339,38.99163],[1.54532,38.98491],[1.53859,38.98473],[1.53355,38.98176],[1.52982,38.95679],[1.5234,38.95292],[1.52698,38.94957],[1.52639,38.94606],[1.51194,38.94565],[1.50377,38.93416],[1.48873,38.92672],[1.47345,38.91499],[1.46629,38.9144],[1.46152,38.91752],[1.4546,38.91648],[1.45228,38.91057],[1.43799,38.91492],[1.43548,38.912],[1.43909,38.90871],[1.43673,38.90308],[1.42274,38.90437],[1.40995,38.89093],[1.4041,38.87679],[1.40612,38.86062],[1.40251,38.84799],[1.40393,38.83461],[1.38662,38.84142],[1.37829,38.83444],[1.37181,38.83375],[1.36528,38.85335],[1.35303,38.86596],[1.34393,38.87011],[1.32983,38.86696],[1.32312,38.86258],[1.3125,38.86804],[1.3021,38.86288],[1.30016,38.86441],[1.3031,38.86905],[1.29673,38.87549],[1.27228,38.87863],[1.26519,38.87564],[1.25328,38.85942],[1.24784,38.85763],[1.23795,38.8704],[1.22557,38.87413],[1.22291,38.87966],[1.22388,38.88861],[1.21411,38.89885],[1.2159,38.90685],[1.2219,38.91328],[1.22141,38.92096],[1.2312,38.9302],[1.23497,38.93786],[1.22686,38.94831],[1.21889,38.95268],[1.21605,38.95823],[1.23018,38.9717],[1.23433,38.96963],[1.24053,38.97162],[1.24165,38.96817],[1.24566,38.96706],[1.26101,38.96965],[1.26662,38.96822],[1.28324,38.973],[1.29569,38.96913],[1.30214,38.96947],[1.30697,38.97426],[1.30673,38.97756],[1.29574,38.98032],[1.29509,38.98544],[1.28462,38.99479],[1.28453,38.99906],[1.29748,39.00969],[1.29221,39.01465],[1.29414,39.01879],[1.29207,39.02876],[1.31101,39.04368],[1.32399,39.04735],[1.32622,39.05255],[1.34131,39.05394],[1.34509,39.06432],[1.35217,39.06562],[1.35926,39.07417],[1.36282,39.07397],[1.36655,39.06447],[1.37404,39.063],[1.38053,39.06632],[1.38444,39.07558],[1.38902,39.07853],[1.39646,39.07975],[1.39931,39.07645],[1.40429,39.07548],[1.41572,39.07788],[1.42051,39.08919],[1.42529,39.09183],[1.43953,39.08209],[1.4445,39.08804],[1.45194,39.08923],[1.44984,39.09286],[1.45186,39.0957],[1.46431,39.10081],[1.46956,39.10026],[1.47445,39.10472],[1.48342,39.1016],[1.48584,39.10881],[1.4902,39.1098],[1.49268,39.10202],[1.49643,39.09947],[1.50256,39.10049],[1.5084,39.10413],[1.50751,39.11349],[1.51194,39.11147],[1.51528,39.10995],[1.51682,39.11591],[1.52486,39.1153],[1.53218,39.11781],[1.54109,39.11581]]],[[[-17.25067,28.20501],[-17.2427,28.20196],[-17.23482,28.204],[-17.23193,28.20154],[-17.21063,28.20135],[-17.20617,28.19795],[-17.20059,28.20011],[-17.1958,28.19867],[-17.18567,28.18761],[-17.18397,28.18109],[-17.17642,28.17798],[-17.16795,28.17962],[-17.16487,28.17268],[-17.15617,28.17229],[-17.15466,28.16625],[-17.13848,28.15985],[-17.12849,28.15293],[-17.11899,28.15144],[-17.11655,28.14527],[-17.11167,28.14201],[-17.11263,28.13359],[-17.1035,28.12713],[-17.10395,28.10445],[-17.09959,28.09495],[-17.11221,28.08631],[-17.1193,28.07421],[-17.13773,28.0664],[-17.14385,28.0608],[-17.14544,28.05436],[-17.15249,28.05383],[-17.16776,28.04107],[-17.16922,28.03575],[-17.17788,28.03805],[-17.1862,28.02977],[-17.19484,28.0287],[-17.20111,28.02398],[-17.21446,28.02691],[-17.22959,28.02616],[-17.24547,28.02046],[-17.25484,28.02599],[-17.27139,28.02637],[-17.2751,28.03609],[-17.28953,28.03883],[-17.29227,28.04572],[-17.29668,28.04751],[-17.31101,28.0528],[-17.3194,28.05984],[-17.32132,28.07588],[-17.33082,28.08216],[-17.339,28.08615],[-17.34168,28.09323],[-17.34846,28.09986],[-17.34774,28.11886],[-17.3421,28.13128],[-17.34646,28.14725],[-17.34223,28.15485],[-17.33545,28.16416],[-17.33593,28.17499],[-17.32229,28.19215],[-17.32154,28.19896],[-17.31725,28.20433],[-17.3072,28.20392],[-17.2999,28.20799],[-17.28234,28.21181],[-17.2764,28.21747],[-17.26639,28.2177],[-17.26073,28.21727],[-17.25067,28.20501]]],[[[-17.90513,27.84169],[-17.89494,27.83161],[-17.89239,27.82232],[-17.88385,27.81221],[-17.88494,27.80205],[-17.89779,27.78756],[-17.90343,27.78475],[-17.91334,27.77077],[-17.91151,27.76511],[-17.92527,27.74375],[-17.92816,27.7321],[-17.93354,27.7285],[-17.94826,27.72862],[-17.95699,27.72021],[-17.96037,27.69212],[-17.96575,27.68679],[-17.97184,27.67246],[-17.9715,27.64815],[-17.97788,27.6411],[-17.98932,27.63848],[-17.99932,27.64631],[-18.01162,27.65116],[-18.03019,27.67954],[-18.0509,27.69271],[-18.12228,27.7043],[-18.14585,27.70412],[-18.15836,27.7129],[-18.15997,27.72471],[-18.15282,27.73197],[-18.15178,27.74656],[-18.15458,27.75185],[-18.15097,27.75971],[-18.12955,27.77113],[-18.12227,27.76901],[-18.11804,27.76247],[-18.10795,27.75799],[-18.08118,27.7534],[-18.06871,27.75373],[-18.03728,27.76252],[-18.02024,27.77485],[-18.01351,27.7831],[-17.99612,27.79261],[-17.989,27.80075],[-17.98714,27.81039],[-17.99197,27.8217],[-17.97312,27.82749],[-17.95807,27.84125],[-17.9472,27.84104],[-17.93627,27.84808],[-17.92282,27.8492],[-17.90513,27.84169]]],[[[1.45815,38.7254],[1.47107,38.72275],[1.48096,38.70128],[1.51406,38.67918],[1.5308,38.67407],[1.55675,38.68884],[1.56851,38.69038],[1.5807,38.67836],[1.5838,38.66895],[1.58263,38.6627],[1.5727,38.6527],[1.5653,38.65076],[1.52489,38.65379],[1.51135,38.66471],[1.4922,38.6751],[1.47059,38.68309],[1.45161,38.68465],[1.43958,38.68113],[1.42964,38.66745],[1.40487,38.64819],[1.39571,38.64302],[1.38754,38.64247],[1.38422,38.64853],[1.38641,38.66709],[1.38188,38.68821],[1.38878,38.69904],[1.38231,38.71907],[1.39579,38.73184],[1.40746,38.72359],[1.41561,38.72338],[1.41648,38.72816],[1.41357,38.73315],[1.41997,38.73403],[1.42779,38.73897],[1.43445,38.75232],[1.43589,38.7534],[1.43741,38.7523],[1.44435,38.73897],[1.44811,38.73269],[1.45815,38.7254]]],[[[0.71668,40.59471],[0.70813,40.58489],[0.70077,40.57797],[0.69286,40.57147],[0.68394,40.56613],[0.67462,40.56186],[0.66029,40.55735],[0.64993,40.5551],[0.6376,40.55412],[0.62879,40.55396],[0.6169,40.55581],[0.60909,40.55909],[0.60416,40.56261],[0.59932,40.56813],[0.59751,40.57375],[0.59934,40.57571],[0.60224,40.5752],[0.60465,40.5781],[0.60866,40.57703],[0.61218,40.57797],[0.61274,40.57598],[0.61684,40.57715],[0.61588,40.58024],[0.61695,40.58651],[0.62299,40.58375],[0.63157,40.58146],[0.64291,40.58302],[0.64471,40.58467],[0.654,40.58538],[0.65637,40.58925],[0.66046,40.59186],[0.66471,40.59139],[0.67234,40.59298],[0.68019,40.59122],[0.68366,40.5896],[0.68843,40.58998],[0.69186,40.58908],[0.70202,40.59027],[0.71147,40.59213],[0.72617,40.60987],[0.7277,40.60915],[0.71668,40.59471]]],[[[-13.49633,29.28045],[-13.49348,29.27954],[-13.48551,29.28026],[-13.48119,29.27863],[-13.47608,29.27436],[-13.47279,29.26933],[-13.47257,29.26449],[-13.47863,29.25946],[-13.48074,29.26128],[-13.48378,29.25975],[-13.48874,29.25334],[-13.48822,29.24891],[-13.48934,29.24527],[-13.49789,29.23356],[-13.49984,29.23362],[-13.50208,29.23005],[-13.50388,29.23004],[-13.50497,29.2248],[-13.51332,29.22637],[-13.51565,29.22525],[-13.52263,29.21863],[-13.52851,29.22066],[-13.53119,29.22011],[-13.53389,29.21667],[-13.53613,29.21686],[-13.53751,29.22093],[-13.54402,29.22018],[-13.54703,29.22252],[-13.5484,29.22593],[-13.54552,29.23234],[-13.53833,29.23595],[-13.53347,29.23653],[-13.5265,29.243],[-13.52702,29.2508],[-13.52386,29.25301],[-13.52101,29.25811],[-13.52229,29.26087],[-13.52256,29.26861],[-13.5197,29.27319],[-13.51719,29.27445],[-13.51552,29.27868],[-13.51674,29.28199],[-13.51551,29.2861],[-13.51405,29.28625],[-13.51127,29.29103],[-13.50924,29.29125],[-13.50285,29.28804],[-13.50224,29.28599],[-13.49619,29.28278],[-13.49633,29.28045]]],[[[-5.3489,35.90782],[-5.3363,35.89518],[-5.32516,35.89992],[-5.31456,35.88989],[-5.30191,35.89371],[-5.29783,35.90097],[-5.28788,35.90591],[-5.2792,35.89991],[-5.28013,35.89548],[-5.28798,35.89096],[-5.30618,35.8849],[-5.31959,35.88636],[-5.32807,35.87933],[-5.33781,35.87812],[-5.34337,35.87088],[-5.3503,35.87459],[-5.35571,35.87363],[-5.37197,35.88306],[-5.37783,35.90692],[-5.38194,35.91302],[-5.37768,35.91597],[-5.36497,35.91668],[-5.3489,35.90782]]],[[[2.00938,42.44812],[1.98087,42.44774],[1.97915,42.44824],[1.97035,42.45109],[1.96912,42.45208],[1.96006,42.45346],[1.95703,42.45871],[1.96026,42.47033],[1.9625,42.47794],[1.97691,42.48613],[1.98055,42.49478],[1.98951,42.49354],[1.99836,42.48499],[1.99265,42.48342],[1.98655,42.47283],[1.9927,42.4626],[2.00282,42.45832],[2.01328,42.45197],[2.01272,42.44919],[2.00938,42.44812]]],[[[-2.9387,35.26778],[-2.94999,35.26633],[-2.95484,35.27298],[-2.96734,35.2822],[-2.96621,35.2881],[-2.97009,35.28943],[-2.9698,35.29373],[-2.96776,35.30023],[-2.96699,35.3027],[-2.9624,35.31161],[-2.96088,35.31443],[-2.96007,35.31591],[-2.95692,35.31759],[-2.95249,35.31977],[-2.94586,35.31409],[-2.9457,35.30771],[-2.93199,35.29341],[-2.93595,35.29137],[-2.93704,35.28261],[-2.92809,35.2731],[-2.92812,35.27308],[-2.9387,35.26778]]],[[[2.95041,39.16549],[2.95642,39.16328],[2.96013,39.16377],[2.96542,39.16154],[2.96732,39.16255],[2.96902,39.1591],[2.97487,39.15624],[2.97144,39.15374],[2.9717,39.15182],[2.96938,39.14773],[2.96631,39.14777],[2.96536,39.15135],[2.96143,39.14858],[2.95651,39.14748],[2.95647,39.14225],[2.96069,39.14215],[2.9615,39.14023],[2.95907,39.13828],[2.95919,39.13591],[2.95386,39.13499],[2.95349,39.13177],[2.95788,39.12689],[2.95584,39.1255],[2.95351,39.12685],[2.94699,39.12524],[2.94346,39.12753],[2.94075,39.12698],[2.93873,39.12878],[2.93347,39.12825],[2.93085,39.13155],[2.92926,39.12994],[2.92755,39.13145],[2.92311,39.12769],[2.91954,39.12894],[2.91995,39.13043],[2.925,39.13141],[2.92439,39.13616],[2.92592,39.13858],[2.92079,39.13916],[2.91627,39.13832],[2.91411,39.14295],[2.91458,39.14485],[2.91876,39.14795],[2.91773,39.15138],[2.92045,39.15296],[2.91666,39.15825],[2.91753,39.16008],[2.92193,39.15861],[2.924,39.15603],[2.92447,39.15229],[2.92678,39.14788],[2.92602,39.14619],[2.92928,39.14678],[2.93013,39.14325],[2.93268,39.14456],[2.93666,39.14391],[2.93648,39.14853],[2.93418,39.15091],[2.92972,39.15134],[2.92945,39.15484],[2.93129,39.15644],[2.93348,39.15528],[2.93515,39.1572],[2.94196,39.15164],[2.94284,39.14958],[2.94662,39.15049],[2.94943,39.14826],[2.95065,39.15148],[2.94891,39.15431],[2.95155,39.15617],[2.94777,39.15682],[2.94842,39.15993],[2.9458,39.16057],[2.94786,39.16435],[2.95041,39.16549]]],[[[-13.50495,29.41645],[-13.50316,29.41305],[-13.49869,29.41349],[-13.49452,29.41057],[-13.49428,29.40781],[-13.49122,29.40523],[-13.48958,29.40571],[-13.48915,29.40196],[-13.49207,29.39928],[-13.4948,29.39431],[-13.50209,29.39089],[-13.50645,29.38517],[-13.51642,29.38612],[-13.51726,29.38442],[-13.52275,29.38289],[-13.53028,29.38605],[-13.53226,29.39732],[-13.52717,29.40391],[-13.52256,29.41199],[-13.51938,29.41098],[-13.51496,29.41431],[-13.50495,29.41645]]],[[[-8.87286,42.56552],[-8.86659,42.56412],[-8.86105,42.56716],[-8.85592,42.56552],[-8.86163,42.55317],[-8.85718,42.54732],[-8.86628,42.54145],[-8.86497,42.5275],[-8.87256,42.52515],[-8.88099,42.53205],[-8.87444,42.53524],[-8.87871,42.54118],[-8.8763,42.54732],[-8.87058,42.5588],[-8.87364,42.56244],[-8.87749,42.5585],[-8.88193,42.55843],[-8.88726,42.56189],[-8.88916,42.56705],[-8.87692,42.57431],[-8.87286,42.56552]]],[[[-8.92084,42.39539],[-8.92739,42.38787],[-8.93226,42.37576],[-8.93709,42.35789],[-8.93889,42.35537],[-8.94178,42.3575],[-8.94366,42.35582],[-8.94601,42.35601],[-8.94512,42.35789],[-8.948,42.36107],[-8.94686,42.36637],[-8.93965,42.3706],[-8.94486,42.38061],[-8.94096,42.38593],[-8.93515,42.38791],[-8.9322,42.39689],[-8.92647,42.39516],[-8.92147,42.39884],[-8.92084,42.39539]]],[[[-13.81447,28.74498],[-13.81379,28.74119],[-13.81943,28.73576],[-13.82192,28.73658],[-13.82731,28.74145],[-13.82831,28.74045],[-13.83563,28.75161],[-13.83237,28.75265],[-13.83157,28.75538],[-13.82531,28.75683],[-13.8241,28.75968],[-13.81864,28.76067],[-13.81735,28.76412],[-13.81262,28.76464],[-13.81266,28.75693],[-13.81086,28.75579],[-13.81322,28.74633],[-13.81447,28.74498]]],[[[-8.90714,42.21238],[-8.91414,42.21152],[-8.91693,42.21272],[-8.91448,42.21784],[-8.90884,42.21845],[-8.90928,42.22326],[-8.90567,42.22473],[-8.90697,42.22605],[-8.90899,42.23311],[-8.90691,42.23382],[-8.90618,42.23656],[-8.90763,42.23944],[-8.91026,42.24053],[-8.90998,42.24302],[-8.91545,42.24505],[-8.91778,42.24873],[-8.91439,42.25133],[-8.90665,42.24628],[-8.90476,42.24385],[-8.90259,42.24366],[-8.90229,42.24016],[-8.89933,42.23631],[-8.90087,42.23174],[-8.89615,42.22738],[-8.9016,42.22527],[-8.90133,42.22003],[-8.89899,42.21703],[-8.90298,42.21564],[-8.90714,42.21238]]],[[[2.3083,39.57395],[2.30599,39.57217],[2.30337,39.57267],[2.30431,39.57633],[2.30761,39.58074],[2.31853,39.58803],[2.32331,39.5928],[2.33646,39.59667],[2.3339,39.5888],[2.32666,39.58628],[2.32495,39.58285],[2.31829,39.57641],[2.313,39.5741],[2.3083,39.57395]]],[[[-9.01289,42.48422],[-9.01029,42.4806],[-9.00778,42.48075],[-9.00707,42.47552],[-9.00341,42.47083],[-9.00124,42.47111],[-8.99999,42.468],[-9.00839,42.46576],[-9.00913,42.4636],[-9.01309,42.4637],[-9.01854,42.46883],[-9.01745,42.47017],[-9.02015,42.4746],[-9.01878,42.47645],[-9.01873,42.48202],[-9.01745,42.48375],[-9.01289,42.48422]]],[[[-8.89169,42.1964],[-8.88927,42.19296],[-8.88963,42.19112],[-8.89232,42.19071],[-8.89378,42.19207],[-8.89562,42.19379],[-8.89856,42.1946],[-8.90278,42.19397],[-8.90407,42.19206],[-8.90753,42.19199],[-8.9111,42.19513],[-8.90932,42.19831],[-8.91217,42.20253],[-8.91252,42.20548],[-8.9086,42.20742],[-8.90675,42.20374],[-8.90316,42.20086],[-8.89637,42.19926],[-8.89378,42.19768],[-8.89169,42.1964]]],[[[1.42589,38.79542],[1.42519,38.79251],[1.43082,38.78529],[1.43231,38.77621],[1.42933,38.77689],[1.42852,38.78059],[1.42508,38.78254],[1.42279,38.78032],[1.42009,38.77999],[1.41694,38.78545],[1.42244,38.79129],[1.42109,38.79334],[1.41913,38.79138],[1.41732,38.79395],[1.42172,38.79726],[1.42589,38.79542]]],[[[2.96906,39.18507],[2.96948,39.18272],[2.96708,39.1808],[2.96605,39.17582],[2.96135,39.17552],[2.95529,39.18231],[2.95586,39.18409],[2.95922,39.18344],[2.96164,39.1898],[2.96634,39.19057],[2.97185,39.18858],[2.97307,39.1865],[2.96906,39.18507]]],[[[-0.7409,37.75363],[-0.73516,37.7492],[-0.72733,37.74873],[-0.72651,37.74632],[-0.73477,37.74432],[-0.73389,37.73861],[-0.7386,37.73677],[-0.74331,37.74327],[-0.74127,37.74384],[-0.74205,37.74947],[-0.74504,37.74919],[-0.74385,37.75177],[-0.7409,37.75363]]],[[[-13.53694,29.30642],[-13.53459,29.30402],[-13.5312,29.30587],[-13.52965,29.30395],[-13.52974,29.29921],[-13.53276,29.29568],[-13.53213,29.29144],[-13.53479,29.28958],[-13.54058,29.28966],[-13.53748,29.29425],[-13.53966,29.29805],[-13.5403,29.30227],[-13.53694,29.30642]]],[[[-8.84399,42.48523],[-8.84735,42.48111],[-8.85287,42.4828],[-8.85339,42.48733],[-8.8515,42.4918],[-8.84658,42.49395],[-8.84537,42.49792],[-8.84652,42.49941],[-8.84395,42.50047],[-8.84343,42.49765],[-8.84074,42.49577],[-8.84213,42.49055],[-8.84506,42.48982],[-8.84575,42.48701],[-8.84399,42.48523]]],[[[1.21547,38.99283],[1.21413,38.98661],[1.21228,38.98704],[1.21022,38.98422],[1.21199,38.98258],[1.21686,38.98237],[1.21373,38.97579],[1.20577,38.98154],[1.20562,38.98351],[1.20787,38.98704],[1.20585,38.98991],[1.20849,38.99087],[1.21227,38.99497],[1.21454,38.99518],[1.21547,38.99283]]],[[[-8.83057,43.3568],[-8.83148,43.35235],[-8.83407,43.35242],[-8.83569,43.3568],[-8.83989,43.3568],[-8.84455,43.35528],[-8.84728,43.3568],[-8.84824,43.36184],[-8.8392,43.36276],[-8.83196,43.36108],[-8.83057,43.3568]]],[[[-0.76574,37.69164],[-0.76922,37.69001],[-0.77425,37.69228],[-0.7763,37.69633],[-0.77571,37.69966],[-0.77133,37.70318],[-0.76987,37.70032],[-0.76544,37.69688],[-0.76574,37.69164]]],[[[-8.78217,42.61699],[-8.78722,42.61326],[-8.7912,42.61664],[-8.78923,42.62007],[-8.78432,42.62037],[-8.78008,42.62253],[-8.7777,42.62072],[-8.77782,42.61841],[-8.78217,42.61699]]],[[[1.65097,39.03304],[1.6494,39.0311],[1.64104,39.0332],[1.63903,39.03888],[1.64648,39.04109],[1.6458,39.03751],[1.65097,39.03304]]],[[[1.20027,38.8644],[1.19047,38.86387],[1.19539,38.86988],[1.19835,38.87084],[1.20257,38.86948],[1.2033,38.86725],[1.20027,38.8644]]],[[[4.2837,39.96047],[4.27959,39.95627],[4.27547,39.95643],[4.27358,39.96407],[4.27658,39.96607],[4.27948,39.96144],[4.2837,39.96047]]],[[[1.47861,38.79597],[1.47953,38.78954],[1.47747,38.78989],[1.47385,38.79913],[1.47601,38.8016],[1.4824,38.79918],[1.47861,38.79597]]],[[[-0.47936,38.16831],[-0.47636,38.16524],[-0.47201,38.1666],[-0.4673,38.16469],[-0.47074,38.16206],[-0.47881,38.16462],[-0.48046,38.16362],[-0.48443,38.16587],[-0.47936,38.16831]]],[[[-0.79547,37.69736],[-0.7977,37.69492],[-0.79982,37.69897],[-0.80452,37.70138],[-0.79899,37.70358],[-0.79609,37.70107],[-0.79547,37.69736]]],[[[-8.70489,42.41164],[-8.7095,42.408],[-8.71284,42.41148],[-8.71065,42.41451],[-8.70669,42.41421],[-8.70489,42.41164]]],[[[4.29498,39.79945],[4.28628,39.79926],[4.28525,39.80003],[4.28818,39.80299],[4.29212,39.80323],[4.29604,39.80056],[4.29498,39.79945]]],[[[-5.60831,36.00075],[-5.61128,35.99987],[-5.61309,36.00283],[-5.60944,36.00621],[-5.60582,36.00449],[-5.60831,36.00075]]],[[[-8.93408,42.34378],[-8.93758,42.34347],[-8.93866,42.34758],[-8.93617,42.34949],[-8.93375,42.34896],[-8.93276,42.34644],[-8.93408,42.34378]]],[[[-3.72823,43.4703],[-3.73068,43.46892],[-3.73173,43.47059],[-3.73167,43.474],[-3.72925,43.47689],[-3.72702,43.47444],[-3.72823,43.4703]]],[[[-5.68564,43.55527],[-5.69045,43.55028],[-5.69325,43.55148],[-5.68751,43.5575],[-5.68564,43.55527]]],[[[-2.43772,35.17788],[-2.4388,35.1764],[-2.4428,35.17671],[-2.44504,35.17948],[-2.44082,35.1813],[-2.43772,35.17788]]],[[[-8.79407,42.60997],[-8.79835,42.60941],[-8.79686,42.61272],[-8.7934,42.61442],[-8.79062,42.61157],[-8.79407,42.60997]]],[[[3.22459,42.05026],[3.22594,42.04799],[3.2234,42.04472],[3.22116,42.04553],[3.219,42.04814],[3.2203,42.04929],[3.22321,42.04877],[3.22459,42.05026]]],[[[-7.62961,43.75726],[-7.63305,43.75696],[-7.63463,43.75924],[-7.63233,43.76102],[-7.62893,43.76127],[-7.62812,43.75903],[-7.62961,43.75726]]],[[[1.19782,38.96016],[1.19853,38.95607],[1.19034,38.95832],[1.19144,38.95958],[1.19782,38.96016]]],[[[1.21992,38.96827],[1.21815,38.96622],[1.21387,38.96832],[1.2146,38.97255],[1.21992,38.96827]]],[[[-16.75989,28.38044],[-16.76125,28.37641],[-16.76542,28.37895],[-16.76183,28.38267],[-16.75989,28.38044]]],[[[-16.15776,28.59314],[-16.15862,28.58953],[-16.16274,28.59212],[-16.16136,28.59478],[-16.1588,28.5954],[-16.15776,28.59314]]],[[[-0.70483,37.72807],[-0.70807,37.7249],[-0.71015,37.72669],[-0.7095,37.73076],[-0.70483,37.72807]]],[[[-2.41661,35.17847],[-2.42173,35.17673],[-2.42339,35.17924],[-2.41808,35.18118],[-2.41661,35.17847]]],[[[-2.42578,35.18248],[-2.4305,35.17962],[-2.43286,35.18334],[-2.4326,35.18453],[-2.42578,35.18248]]],[[[-3.88622,35.21204],[-3.89026,35.2117],[-3.89306,35.21298],[-3.89124,35.21493],[-3.88754,35.21514],[-3.88622,35.21204]]],[[[-2.92438,35.2911],[-2.92921,35.2899],[-2.9302,35.29278],[-2.92872,35.29374],[-2.92356,35.29284],[-2.92438,35.2911]]],[[[-5.41589,35.91244],[-5.41998,35.91135],[-5.42053,35.91305],[-5.42035,35.91503],[-5.41755,35.91694],[-5.41589,35.91244]]],[[[-3.03241,35.94009],[-3.03498,35.93634],[-3.0392,35.93901],[-3.03369,35.94136],[-3.03241,35.94009]]],[[[-6.31347,36.52946],[-6.31824,36.52522],[-6.31964,36.52734],[-6.31901,36.53021],[-6.31347,36.52946]]],[[[-6.27075,36.53356],[-6.27108,36.53185],[-6.276,36.53226],[-6.2765,36.53493],[-6.2739,36.53591],[-6.27075,36.53356]]],[[[-6.46962,36.73699],[-6.47074,36.73252],[-6.47456,36.73553],[-6.47464,36.73792],[-6.46962,36.73699]]],[[[-1.54208,37.40928],[-1.5473,37.40631],[-1.54991,37.40775],[-1.5459,37.41068],[-1.54208,37.40928]]],[[[-1.26591,37.55465],[-1.27018,37.55459],[-1.27102,37.55561],[-1.26956,37.55771],[-1.26698,37.55862],[-1.26533,37.55642],[-1.26591,37.55465]]],[[[-0.73456,37.6614],[-0.73562,37.65841],[-0.73895,37.65876],[-0.74036,37.66127],[-0.73592,37.66256],[-0.73456,37.6614]]],[[[-0.12699,38.5025],[-0.12887,38.50043],[-0.13359,38.50188],[-0.13093,38.50502],[-0.12699,38.5025]]],[[[0.23197,38.75718],[0.23079,38.75269],[0.22752,38.75325],[0.22907,38.75825],[0.23197,38.75718]]],[[[1.43521,38.76744],[1.43291,38.76732],[1.43108,38.77009],[1.43393,38.77255],[1.43572,38.77096],[1.43521,38.76744]]],[[[1.41266,38.81469],[1.40932,38.81445],[1.40775,38.81792],[1.41116,38.81965],[1.41266,38.81469]]],[[[1.21623,38.87037],[1.21438,38.86767],[1.2083,38.86871],[1.21072,38.87087],[1.21623,38.87037]]],[[[1.45905,38.90387],[1.45672,38.90292],[1.45275,38.90655],[1.45472,38.90745],[1.4584,38.9063],[1.45905,38.90387]]],[[[1.16883,38.97262],[1.16838,38.97044],[1.16304,38.97171],[1.16328,38.97506],[1.16883,38.97262]]],[[[2.97944,39.16714],[2.97502,39.16596],[2.97328,39.16885],[2.97851,39.17007],[2.97944,39.16714]]],[[[2.97529,39.19597],[2.97239,39.19459],[2.96968,39.19542],[2.96994,39.19856],[2.97383,39.19811],[2.97529,39.19597]]],[[[3.01386,39.30596],[3.01298,39.30259],[3.00783,39.30446],[3.01021,39.30709],[3.01386,39.30596]]],[[[2.45283,39.49664],[2.44781,39.49498],[2.44598,39.49689],[2.45172,39.49939],[2.45283,39.49664]]],[[[2.58963,39.53218],[2.5897,39.52713],[2.58517,39.52949],[2.5864,39.53211],[2.58963,39.53218]]],[[[2.63878,39.56237],[2.63354,39.55896],[2.63149,39.56127],[2.63529,39.56349],[2.63878,39.56237]]],[[[0.6893,39.89875],[0.68587,39.89683],[0.68337,39.89754],[0.6865,39.90099],[0.6891,39.90141],[0.6893,39.89875]]],[[[3.15086,39.92005],[3.14703,39.91896],[3.14306,39.92225],[3.14522,39.92344],[3.15086,39.92005]]],[[[4.21296,40.01835],[4.21337,40.01505],[4.20774,40.01638],[4.20896,40.0193],[4.21296,40.01835]]],[[[4.07769,40.09103],[4.0764,40.08996],[4.07177,40.09243],[4.07541,40.0954],[4.07769,40.09103]]],[[[1.24521,41.10184],[1.24053,41.10089],[1.23925,41.10213],[1.24506,41.10448],[1.24807,41.10444],[1.24521,41.10184]]],[[[-9.00202,42.49814],[-9.00276,42.49573],[-9.00533,42.49622],[-9.0069,42.50005],[-9.00543,42.50116],[-9.00202,42.49814]]],[[[-8.85239,42.14502],[-8.85653,42.1439],[-8.85845,42.14769],[-8.8534,42.14746],[-8.85239,42.14502]]],[[[-8.86324,42.14472],[-8.867,42.14417],[-8.8678,42.14796],[-8.86293,42.14783],[-8.86324,42.14472]]],[[[-8.7978,42.20007],[-8.802,42.19825],[-8.80551,42.20012],[-8.79817,42.20211],[-8.7978,42.20007]]],[[[-8.85917,42.46702],[-8.85568,42.46195],[-8.85868,42.46199],[-8.86199,42.46601],[-8.85917,42.46702]]],[[[-8.84689,42.46528],[-8.8515,42.46259],[-8.85234,42.46608],[-8.84933,42.46773],[-8.84689,42.46528]]],[[[-8.83266,42.48981],[-8.83414,42.48841],[-8.83805,42.48973],[-8.83567,42.49281],[-8.83342,42.49253],[-8.83266,42.48981]]],[[[-9.04581,42.51048],[-9.0489,42.50723],[-9.05182,42.50908],[-9.05042,42.51094],[-9.04695,42.51174],[-9.04581,42.51048]]],[[[-9.00759,42.51674],[-9.01044,42.51629],[-9.01309,42.51832],[-9.01177,42.52038],[-9.00752,42.51891],[-9.00759,42.51674]]],[[[-8.89798,42.54063],[-8.90281,42.53824],[-8.90453,42.53947],[-8.89975,42.54332],[-8.89798,42.54063]]],[[[-8.91245,42.54634],[-8.91355,42.54267],[-8.9182,42.5456],[-8.91734,42.54735],[-8.91245,42.54634]]],[[[-8.9617,42.77449],[-8.96314,42.77237],[-8.96731,42.77547],[-8.96707,42.77697],[-8.96307,42.77655],[-8.9617,42.77449]]],[[[-9.18122,42.87988],[-9.18454,42.87844],[-9.1883,42.88079],[-9.18549,42.88274],[-9.18122,42.87988]]],[[[-3.03284,43.34525],[-3.03501,43.34253],[-3.04009,43.3431],[-3.03871,43.34447],[-3.03357,43.3464],[-3.03284,43.34525]]],[[[-2.49306,43.36589],[-2.4965,43.36489],[-2.49866,43.36624],[-2.49649,43.36859],[-2.49301,43.36836],[-2.49306,43.36589]]],[[[-2.68037,43.42289],[-2.68324,43.42272],[-2.68482,43.42426],[-2.68482,43.42602],[-2.68053,43.42677],[-2.68037,43.42289]]],[[[-4.80636,43.43961],[-4.80803,43.43685],[-4.81105,43.43761],[-4.81139,43.4401],[-4.80947,43.44137],[-4.80636,43.43961]]],[[[-5.68156,43.56693],[-5.68679,43.56566],[-5.68789,43.56828],[-5.68483,43.56986],[-5.68156,43.56693]]],[[[-6.03047,43.58932],[-6.03288,43.58767],[-6.0362,43.58852],[-6.03265,43.5928],[-6.03047,43.58932]]],[[[-7.82849,43.70384],[-7.82828,43.7002],[-7.83082,43.7004],[-7.83342,43.70276],[-7.83273,43.70403],[-7.82849,43.70384]]],[[[-7.83228,43.70959],[-7.83352,43.70723],[-7.83749,43.70767],[-7.8388,43.70937],[-7.83752,43.71063],[-7.83228,43.70959]]],[[[-7.48819,43.7296],[-7.49041,43.72872],[-7.49457,43.73005],[-7.49157,43.73204],[-7.48818,43.73209],[-7.48819,43.7296]]]]}},{"type":"Feature","properties":{"pais":"PRT"},"geometry":{"type":"MultiPolygon","coordinates":[[[[-8.19011,42.1348],[-8.19292,42.12678],[-8.19011,42.11643],[-8.19011,42.11547],[-8.1839,42.0694],[-8.18105,42.06702],[-8.17474,42.06702],[-8.15113,42.07915],[-8.13755,42.07664],[-8.12669,42.08167],[-8.12469,42.0826],[-8.11848,42.08212],[-8.1045,42.07461],[-8.09664,42.07097],[-8.08693,42.05336],[-8.08339,42.02775],[-8.08599,42.01699],[-8.09432,42.01284],[-8.10868,42.00734],[-8.11436,42.00517],[-8.12662,42.0053],[-8.14144,41.98861],[-8.16232,41.9827],[-8.16422,41.97365],[-8.1701,41.96388],[-8.17537,41.96065],[-8.17622,41.95527],[-8.18743,41.94729],[-8.19011,41.94538],[-8.19696,41.9405],[-8.20592,41.92641],[-8.21022,41.92369],[-8.21653,41.91299],[-8.21368,41.90063],[-8.21365,41.89813],[-8.20507,41.89275],[-8.19855,41.88062],[-8.19976,41.87545],[-8.19712,41.8753],[-8.19011,41.87535],[-8.18743,41.87536],[-8.18311,41.87539],[-8.17152,41.87837],[-8.16969,41.87712],[-8.16642,41.86367],[-8.16186,41.85905],[-8.16508,41.8183],[-8.15263,41.81749],[-8.12906,41.80907],[-8.10868,41.812],[-8.09477,41.80986],[-8.05791,41.81717],[-8.05186,41.82061],[-8.04499,41.82408],[-8.03654,41.83015],[-8.02959,41.83004],[-8.01347,41.82976],[-8.00447,41.84723],[-8.00009,41.85036],[-7.99527,41.8523],[-7.98822,41.8675],[-7.98083,41.87239],[-7.97197,41.87541],[-7.95894,41.87533],[-7.94633,41.87128],[-7.92207,41.87948],[-7.91001,41.90577],[-7.90899,41.92172],[-7.90576,41.92738],[-7.88849,41.9269],[-7.88405,41.92235],[-7.88705,41.90623],[-7.88437,41.88144],[-7.89144,41.859],[-7.87462,41.85078],[-7.86266,41.86089],[-7.84544,41.8646],[-7.84251,41.86976],[-7.84397,41.88103],[-7.8127,41.88186],[-7.80958,41.88195],[-7.80258,41.88215],[-7.78826,41.88445],[-7.77504,41.89003],[-7.76248,41.89916],[-7.75497,41.89882],[-7.74404,41.89369],[-7.72596,41.89858],[-7.72233,41.90078],[-7.7137,41.90444],[-7.70473,41.90762],[-7.70408,41.90785],[-7.6977,41.90725],[-7.68945,41.90312],[-7.6788,41.89433],[-7.66894,41.89298],[-7.655,41.88213],[-7.639,41.88012],[-7.62715,41.88019],[-7.61813,41.88454],[-7.60663,41.87962],[-7.58866,41.88026],[-7.58625,41.88205],[-7.58366,41.87889],[-7.5846,41.87703],[-7.60131,41.86692],[-7.60091,41.8611],[-7.60714,41.8495],[-7.61225,41.84548],[-7.61483,41.83331],[-7.61181,41.82948],[-7.59782,41.83299],[-7.57352,41.83044],[-7.54138,41.83709],[-7.52107,41.84194],[-7.51477,41.84549],[-7.51138,41.84666],[-7.50971,41.84838],[-7.50539,41.85049],[-7.50648,41.85177],[-7.50722,41.8555],[-7.51056,41.85758],[-7.51312,41.86218],[-7.51103,41.86564],[-7.50674,41.86685],[-7.50212,41.86965],[-7.50039,41.87002],[-7.49734,41.87067],[-7.49097,41.87143],[-7.49052,41.86947],[-7.48501,41.8613],[-7.4743,41.86384],[-7.46786,41.86391],[-7.46527,41.86334],[-7.45843,41.86388],[-7.45278,41.86516],[-7.44621,41.85683],[-7.44863,41.85135],[-7.4453,41.84159],[-7.42673,41.83296],[-7.42555,41.82809],[-7.4295,41.82292],[-7.4251,41.81691],[-7.42855,41.81256],[-7.42727,41.8075],[-7.4179,41.81147],[-7.39608,41.82793],[-7.38944,41.84157],[-7.36381,41.85273],[-7.35738,41.84201],[-7.35444,41.8408],[-7.33769,41.84514],[-7.32602,41.84427],[-7.31825,41.84388],[-7.31401,41.84366],[-7.3,41.85169],[-7.28582,41.85243],[-7.2515,41.86719],[-7.24418,41.86884],[-7.23199,41.86789],[-7.21021,41.87959],[-7.20046,41.87975],[-7.19569,41.88203],[-7.18563,41.89667],[-7.18262,41.91205],[-7.18203,41.91324],[-7.17466,41.91926],[-7.1865,41.94146],[-7.18601,41.94799],[-7.18214,41.95239],[-7.1865,41.95761],[-7.18473,41.97246],[-7.17641,41.9798],[-7.15767,41.97715],[-7.1509,41.98648],[-7.14182,41.99031],[-7.12086,41.98685],[-7.11536,41.9837],[-7.08824,41.97382],[-7.07531,41.95134],[-7.05413,41.94918],[-7.04371,41.9547],[-7.03529,41.95122],[-7.00871,41.95009],[-6.99897,41.96254],[-6.9858,41.97145],[-6.97765,41.97365],[-6.96349,41.97031],[-6.9585,41.96913],[-6.94359,41.9449],[-6.93366,41.94627],[-6.89508,41.94006],[-6.88536,41.94045],[-6.87192,41.94616],[-6.86723,41.94696],[-6.84666,41.94249],[-6.83101,41.94412],[-6.82093,41.94728],[-6.8115,41.96739],[-6.81021,41.9702],[-6.81147,41.99253],[-6.80558,41.99092],[-6.78057,41.988],[-6.76869,41.98391],[-6.76636,41.9734],[-6.75002,41.94353],[-6.74173,41.94134],[-6.7277,41.93764],[-6.71892,41.93814],[-6.70629,41.93527],[-6.69541,41.9337],[-6.63718,41.94188],[-6.61982,41.94047],[-6.61209,41.94695],[-6.59873,41.9494],[-6.58846,41.96776],[-6.58321,41.96539],[-6.57756,41.96171],[-6.57379,41.96067],[-6.56126,41.95266],[-6.55638,41.94871],[-6.55259,41.94624],[-6.54913,41.94451],[-6.54584,41.93594],[-6.54597,41.93069],[-6.55702,41.91139],[-6.56072,41.89734],[-6.56619,41.89328],[-6.57118,41.88363],[-6.53762,41.87674],[-6.51984,41.87541],[-6.51673,41.8729],[-6.52468,41.86074],[-6.52307,41.85429],[-6.52748,41.84885],[-6.52678,41.84229],[-6.53146,41.83542],[-6.52881,41.82098],[-6.53394,41.8188],[-6.53417,41.81452],[-6.53762,41.81298],[-6.53824,41.80765],[-6.54175,41.80491],[-6.54044,41.8017],[-6.54622,41.79391],[-6.54521,41.77838],[-6.54924,41.77649],[-6.55489,41.76763],[-6.55591,41.75657],[-6.56539,41.7507],[-6.56841,41.74465],[-6.55667,41.73741],[-6.55743,41.73009],[-6.55539,41.72597],[-6.55036,41.72497],[-6.55402,41.72099],[-6.54282,41.70195],[-6.54501,41.69929],[-6.55004,41.70173],[-6.55329,41.70098],[-6.55348,41.6935],[-6.54824,41.68564],[-6.54184,41.68042],[-6.5369,41.67775],[-6.53464,41.67652],[-6.52769,41.67504],[-6.5258,41.67297],[-6.51913,41.66884],[-6.5182,41.66679],[-6.51503,41.66455],[-6.5121,41.66126],[-6.50021,41.65749],[-6.48857,41.65767],[-6.46967,41.66602],[-6.45828,41.66727],[-6.45135,41.68159],[-6.44624,41.68417],[-6.4398,41.6842],[-6.43691,41.68173],[-6.42567,41.67955],[-6.41312,41.67858],[-6.40594,41.6807],[-6.37826,41.67446],[-6.36175,41.67649],[-6.35415,41.67633],[-6.3225,41.66698],[-6.31963,41.6669],[-6.31536,41.66545],[-6.30294,41.6629],[-6.28808,41.65626],[-6.25472,41.63392],[-6.2349,41.60705],[-6.22809,41.60351],[-6.20833,41.59903],[-6.20238,41.5954],[-6.18935,41.57505],[-6.20927,41.56198],[-6.21567,41.55293],[-6.21878,41.54171],[-6.2407,41.52048],[-6.24488,41.51629],[-6.2552,41.51316],[-6.25236,41.49902],[-6.26689,41.49628],[-6.26742,41.49304],[-6.26238,41.4865],[-6.26862,41.48659],[-6.28538,41.47797],[-6.28634,41.46701],[-6.29678,41.45922],[-6.30598,41.44815],[-6.29714,41.43897],[-6.29663,41.43328],[-6.31018,41.41925],[-6.31787,41.41597],[-6.32815,41.41518],[-6.33329,41.40959],[-6.33145,41.4053],[-6.31888,41.39863],[-6.31634,41.39021],[-6.31831,41.38614],[-6.32668,41.38682],[-6.34966,41.3785],[-6.36175,41.38321],[-6.36775,41.39308],[-6.39147,41.38375],[-6.39293,41.36937],[-6.3876,41.36418],[-6.37997,41.36359],[-6.37757,41.36122],[-6.3872,41.35332],[-6.39378,41.35044],[-6.41358,41.34857],[-6.41998,41.34362],[-6.4266,41.3344],[-6.42022,41.32631],[-6.43534,41.31824],[-6.43899,41.31218],[-6.43929,41.30472],[-6.44828,41.29959],[-6.45576,41.29843],[-6.46971,41.30057],[-6.47971,41.29438],[-6.48784,41.29033],[-6.49115,41.28591],[-6.48002,41.2776],[-6.47953,41.27467],[-6.50111,41.26515],[-6.51149,41.26483],[-6.51915,41.27525],[-6.54612,41.25809],[-6.55248,41.24543],[-6.56741,41.2427],[-6.57127,41.23906],[-6.57643,41.23882],[-6.58135,41.23952],[-6.58556,41.24364],[-6.58683,41.25235],[-6.59087,41.25492],[-6.59892,41.24497],[-6.60911,41.24934],[-6.62985,41.24307],[-6.64278,41.24777],[-6.6479,41.24727],[-6.65314,41.23599],[-6.66211,41.23248],[-6.68013,41.21849],[-6.69074,41.20894],[-6.68979,41.20524],[-6.68949,41.19892],[-6.69227,41.19463],[-6.69823,41.1926],[-6.69683,41.18926],[-6.69876,41.18376],[-6.70997,41.17311],[-6.7293,41.16288],[-6.74173,41.15041],[-6.74921,41.1429],[-6.76789,41.13351],[-6.76982,41.12431],[-6.7543,41.10429],[-6.75637,41.09922],[-6.77184,41.08449],[-6.77476,41.0739],[-6.79125,41.05638],[-6.80811,41.04453],[-6.80837,41.03653],[-6.81254,41.0359],[-6.81462,41.03526],[-6.82243,41.03184],[-6.82796,41.03109],[-6.83292,41.02911],[-6.85306,41.02702],[-6.87782,41.02837],[-6.91443,41.03858],[-6.9299,41.02947],[-6.93072,41.01689],[-6.9212,41.0036],[-6.90857,40.99841],[-6.90316,40.98912],[-6.89253,40.98142],[-6.88642,40.97133],[-6.87072,40.95881],[-6.8678,40.95712],[-6.86068,40.94946],[-6.85811,40.94316],[-6.85743,40.94242],[-6.84955,40.92484],[-6.84966,40.90322],[-6.83859,40.88987],[-6.81949,40.88146],[-6.81012,40.88211],[-6.80746,40.87668],[-6.80194,40.86105],[-6.8022,40.84514],[-6.80673,40.84597],[-6.812,40.84267],[-6.82433,40.84431],[-6.82586,40.84278],[-6.82198,40.83673],[-6.82281,40.8193],[-6.81776,40.80799],[-6.8199,40.79455],[-6.82549,40.78342],[-6.82835,40.75948],[-6.83083,40.75292],[-6.82959,40.74118],[-6.82426,40.7302],[-6.81216,40.71891],[-6.8128,40.70718],[-6.80317,40.68273],[-6.80459,40.673],[-6.80383,40.66735],[-6.79393,40.66174],[-6.79924,40.65448],[-6.80438,40.6383],[-6.80601,40.63343],[-6.80791,40.62958],[-6.81131,40.62569],[-6.81301,40.62237],[-6.82125,40.61023],[-6.83644,40.5955],[-6.83771,40.58937],[-6.83676,40.58569],[-6.83699,40.58298],[-6.83781,40.57978],[-6.84103,40.57648],[-6.84144,40.57472],[-6.84361,40.57067],[-6.84464,40.56679],[-6.80562,40.55423],[-6.8014,40.54936],[-6.805,40.54],[-6.80302,40.52978],[-6.79971,40.5256],[-6.79752,40.52282],[-6.79583,40.5119],[-6.81402,40.50203],[-6.81996,40.48821],[-6.82177,40.48626],[-6.82277,40.48381],[-6.82746,40.48058],[-6.82938,40.47968],[-6.83346,40.4768],[-6.84811,40.45544],[-6.84925,40.45118],[-6.84505,40.43633],[-6.83535,40.40933],[-6.82332,40.39724],[-6.81131,40.3899],[-6.80884,40.38451],[-6.80059,40.379],[-6.79429,40.37298],[-6.78478,40.36967],[-6.78191,40.36556],[-6.79335,40.35534],[-6.79101,40.33388],[-6.79429,40.32943],[-6.80151,40.32589],[-6.81594,40.32586],[-6.82011,40.32382],[-6.84009,40.3144],[-6.86108,40.29976],[-6.86352,40.29375],[-6.8626,40.28202],[-6.86228,40.27791],[-6.86514,40.27069],[-6.86671,40.26638],[-6.86791,40.26515],[-6.87176,40.26222],[-6.87554,40.26075],[-6.88026,40.25937],[-6.88509,40.2587],[-6.88983,40.26021],[-6.89455,40.25992],[-6.90051,40.25702],[-6.90433,40.25635],[-6.90789,40.25498],[-6.91078,40.25474],[-6.91476,40.25591],[-6.91895,40.25639],[-6.9234,40.25803],[-6.9513,40.25745],[-6.96349,40.23913],[-6.97006,40.23741],[-6.97708,40.24001],[-6.98284,40.23949],[-6.9974,40.23537],[-7.00975,40.22751],[-7.01919,40.19896],[-7.02769,40.18696],[-7.01679,40.1772],[-7.01879,40.16805],[-7.01371,40.15337],[-7.01795,40.1448],[-7.00961,40.12671],[-6.99586,40.11903],[-6.99253,40.11435],[-6.9848,40.11817],[-6.96349,40.11368],[-6.9608,40.11041],[-6.95308,40.11348],[-6.94268,40.11252],[-6.9428,40.10479],[-6.93535,40.10289],[-6.93299,40.09943],[-6.92046,40.08364],[-6.91621,40.06599],[-6.91007,40.06604],[-6.90378,40.06168],[-6.89322,40.05958],[-6.89599,40.05191],[-6.88188,40.04154],[-6.88154,40.0337],[-6.87556,40.02374],[-6.87607,40.01787],[-6.86573,40.014],[-6.86654,40.00891],[-6.87463,40.00636],[-6.8742,39.99584],[-6.88503,39.98009],[-6.88078,39.97117],[-6.88805,39.96242],[-6.88628,39.94161],[-6.89309,39.93422],[-6.90167,39.92962],[-6.90693,39.9205],[-6.90099,39.90866],[-6.9011,39.90045],[-6.90578,39.89123],[-6.90389,39.87337],[-6.91638,39.85847],[-6.9278,39.85574],[-6.93639,39.84283],[-6.93571,39.83899],[-6.94003,39.83537],[-6.9453,39.8339],[-6.95263,39.82657],[-6.95859,39.82479],[-6.96349,39.8253],[-6.9685,39.82582],[-6.98216,39.81832],[-6.98663,39.80908],[-6.98805,39.79935],[-6.98872,39.79476],[-6.9839,39.78988],[-6.97721,39.77399],[-6.98585,39.76487],[-6.98847,39.75316],[-6.9923,39.73305],[-6.988,39.72724],[-6.9993,39.71352],[-7.00821,39.6845],[-7.01388,39.67824],[-7.01563,39.67172],[-7.06481,39.65797],[-7.09436,39.66366],[-7.12556,39.66383],[-7.1467,39.65303],[-7.15059,39.65299],[-7.15272,39.65331],[-7.16152,39.65566],[-7.16796,39.65602],[-7.17656,39.6579],[-7.17887,39.65841],[-7.18439,39.65934],[-7.18731,39.65954],[-7.18904,39.66037],[-7.19236,39.66077],[-7.20311,39.66236],[-7.21716,39.66078],[-7.24534,39.66692],[-7.2571,39.66605],[-7.26425,39.66594],[-7.26873,39.66463],[-7.27232,39.66359],[-7.27552,39.6636],[-7.28708,39.66148],[-7.29007,39.65977],[-7.29139,39.65786],[-7.31845,39.64921],[-7.32514,39.64483],[-7.33392,39.64155],[-7.37555,39.65134],[-7.38919,39.65059],[-7.4012,39.64708],[-7.42575,39.65192],[-7.45394,39.66334],[-7.5159,39.66672],[-7.52106,39.6671],[-7.52884,39.66733],[-7.53127,39.66788],[-7.53599,39.66775],[-7.53957,39.66695],[-7.54281,39.6655],[-7.54509,39.66355],[-7.54293,39.66281],[-7.53615,39.66159],[-7.53038,39.65604],[-7.52607,39.64102],[-7.52741,39.63337],[-7.52076,39.62524],[-7.51026,39.61795],[-7.49862,39.58939],[-7.48537,39.58402],[-7.47936,39.57962],[-7.46595,39.57508],[-7.45394,39.5637],[-7.44461,39.54778],[-7.42909,39.53444],[-7.41642,39.53194],[-7.4,39.53336],[-7.39119,39.52995],[-7.38851,39.52089],[-7.38926,39.50326],[-7.38525,39.49904],[-7.37918,39.49711],[-7.38007,39.49305],[-7.36487,39.48692],[-7.362,39.48304],[-7.34812,39.48745],[-7.34389,39.47948],[-7.32326,39.47521],[-7.31643,39.46882],[-7.30522,39.46392],[-7.30007,39.46194],[-7.29554,39.45596],[-7.30544,39.44504],[-7.30858,39.43039],[-7.3031,39.42255],[-7.30201,39.41536],[-7.30806,39.40115],[-7.31286,39.39941],[-7.32309,39.38198],[-7.31185,39.36927],[-7.30677,39.35591],[-7.30879,39.33766],[-7.29198,39.32813],[-7.27598,39.31531],[-7.27016,39.30979],[-7.26633,39.30085],[-7.23147,39.27843],[-7.24129,39.26455],[-7.24753,39.25316],[-7.24215,39.24099],[-7.24506,39.22754],[-7.24052,39.21831],[-7.24143,39.20861],[-7.23065,39.20281],[-7.22042,39.19286],[-7.20584,39.18693],[-7.19133,39.18571],[-7.18524,39.18252],[-7.17119,39.18063],[-7.1653,39.18063],[-7.14871,39.17302],[-7.13729,39.17195],[-7.13342,39.16791],[-7.13404,39.15984],[-7.13947,39.15081],[-7.1368,39.14386],[-7.14869,39.12286],[-7.14808,39.11909],[-7.14388,39.10932],[-7.10587,39.09938],[-7.10199,39.10384],[-7.10028,39.10507],[-7.09436,39.10664],[-7.05078,39.11811],[-7.03469,39.11764],[-7.02657,39.1149],[-6.99595,39.0991],[-6.98191,39.0884],[-6.96349,39.06123],[-6.96027,39.05647],[-6.96349,39.04896],[-6.96515,39.0451],[-6.96553,39.04247],[-6.96678,39.03896],[-6.96349,39.03533],[-6.95265,39.02336],[-6.96349,39.01282],[-6.98512,38.9791],[-7.01898,38.94186],[-7.02742,38.9245],[-7.05103,38.90608],[-7.04059,38.89591],[-7.0396,38.88483],[-7.03552,38.88273],[-7.03388,38.87776],[-7.04065,38.86464],[-7.06799,38.85408],[-7.07498,38.84612],[-7.08622,38.82309],[-7.09436,38.81588],[-7.11329,38.81712],[-7.12923,38.81342],[-7.15418,38.79416],[-7.15811,38.78463],[-7.16535,38.7781],[-7.19205,38.76786],[-7.20313,38.75102],[-7.22348,38.73897],[-7.22556,38.73774],[-7.23989,38.73569],[-7.25139,38.7291],[-7.25516,38.72519],[-7.25377,38.71751],[-7.26412,38.70401],[-7.26933,38.63749],[-7.26451,38.62885],[-7.24961,38.62868],[-7.24465,38.62512],[-7.25949,38.60649],[-7.26041,38.60415],[-7.26063,38.59734],[-7.26177,38.59537],[-7.27385,38.57759],[-7.28556,38.57362],[-7.28969,38.55883],[-7.29715,38.55044],[-7.30365,38.54165],[-7.30299,38.53822],[-7.30295,38.53619],[-7.30164,38.53223],[-7.30216,38.52723],[-7.3037,38.52406],[-7.30558,38.52137],[-7.30763,38.51913],[-7.31119,38.51624],[-7.32211,38.47848],[-7.31462,38.47511],[-7.30752,38.48142],[-7.30002,38.48323],[-7.29618,38.47919],[-7.29777,38.47344],[-7.30245,38.46546],[-7.31403,38.4599],[-7.31574,38.44962],[-7.33077,38.44366],[-7.33569,38.43584],[-7.32482,38.43962],[-7.31702,38.43926],[-7.30288,38.43104],[-7.29911,38.42603],[-7.2944,38.42744],[-7.28112,38.41954],[-7.26859,38.39208],[-7.24604,38.3679],[-7.20278,38.32941],[-7.19207,38.30962],[-7.17686,38.29047],[-7.17248,38.28609],[-7.16837,38.28452],[-7.16881,38.28005],[-7.15905,38.2795],[-7.15224,38.27541],[-7.15289,38.26907],[-7.14918,38.26871],[-7.14408,38.26178],[-7.14244,38.24005],[-7.12904,38.22832],[-7.11825,38.2144],[-7.10795,38.18812],[-7.10276,38.18607],[-7.09801,38.18037],[-7.08962,38.17741],[-7.08365,38.17107],[-7.06795,38.17887],[-7.06561,38.18617],[-7.05783,38.18578],[-7.05717,38.17923],[-7.04931,38.18125],[-7.04603,38.18659],[-7.02783,38.18365],[-7.02173,38.18713],[-7.01676,38.19546],[-7.01124,38.19756],[-7.0089,38.20411],[-6.99632,38.20427],[-6.98163,38.20992],[-6.97142,38.20412],[-6.96349,38.21001],[-6.95463,38.21661],[-6.94965,38.21674],[-6.9467,38.21337],[-6.93856,38.21777],[-6.93711,38.20905],[-6.93174,38.20838],[-6.93593,38.20001],[-6.95721,38.18254],[-6.96349,38.17301],[-6.96853,38.16537],[-6.9685,38.16052],[-6.96349,38.15603],[-6.95455,38.15312],[-6.95933,38.14605],[-6.95924,38.13635],[-6.96349,38.13371],[-6.96617,38.13247],[-6.97168,38.11095],[-6.97588,38.10533],[-6.98745,38.10395],[-6.98886,38.09808],[-6.98978,38.09636],[-6.98917,38.09444],[-6.98991,38.09182],[-6.98802,38.07553],[-6.99033,38.05678],[-7.0012,38.04713],[-6.99976,38.03508],[-7.00297,38.02361],[-7.00753,38.02127],[-7.02481,38.02455],[-7.04446,38.01524],[-7.05145,38.01862],[-7.06004,38.01824],[-7.06323,38.02036],[-7.06284,38.02634],[-7.0684,38.03334],[-7.07576,38.03316],[-7.09328,38.04074],[-7.09878,38.04323],[-7.10745,38.04068],[-7.11708,38.03187],[-7.12767,38.02956],[-7.12603,38.0247],[-7.13048,38.02168],[-7.12871,38.01171],[-7.12267,38.00494],[-7.13612,37.99969],[-7.14722,38.00194],[-7.15622,37.99454],[-7.17312,37.994],[-7.17686,37.99698],[-7.1833,37.99789],[-7.18706,38.00301],[-7.20262,38.0028],[-7.208,37.99708],[-7.21625,37.99541],[-7.22549,37.98921],[-7.24115,37.99186],[-7.24703,37.99028],[-7.26276,37.97865],[-7.25141,37.96785],[-7.25094,37.96459],[-7.24939,37.95516],[-7.25756,37.93261],[-7.2556,37.92415],[-7.26154,37.92239],[-7.27473,37.89965],[-7.28196,37.89702],[-7.28029,37.87721],[-7.28662,37.86557],[-7.2974,37.85619],[-7.29954,37.84735],[-7.3006,37.84297],[-7.30336,37.83955],[-7.3054,37.83875],[-7.30799,37.83773],[-7.3098,37.83656],[-7.31211,37.83349],[-7.31434,37.82864],[-7.31654,37.82634],[-7.32028,37.82371],[-7.32491,37.81607],[-7.36556,37.79197],[-7.39494,37.7665],[-7.40699,37.76655],[-7.42028,37.75825],[-7.41986,37.74521],[-7.42806,37.74113],[-7.4271,37.73276],[-7.43782,37.71336],[-7.43929,37.70115],[-7.44676,37.69864],[-7.44428,37.68819],[-7.45163,37.67798],[-7.44532,37.66527],[-7.45598,37.66191],[-7.45246,37.65792],[-7.45428,37.64809],[-7.45732,37.64638],[-7.46667,37.64861],[-7.46444,37.64167],[-7.47033,37.6351],[-7.47139,37.62538],[-7.48144,37.62398],[-7.48113,37.61823],[-7.48924,37.60441],[-7.49693,37.60612],[-7.50286,37.60439],[-7.49714,37.59355],[-7.5014,37.58374],[-7.50207,37.58134],[-7.5015,37.57844],[-7.51493,37.56987],[-7.51399,37.56686],[-7.50784,37.56554],[-7.5074,37.55806],[-7.51709,37.5595],[-7.52152,37.55778],[-7.52294,37.55345],[-7.51993,37.54735],[-7.51709,37.54418],[-7.51298,37.53801],[-7.51269,37.52626],[-7.50733,37.52313],[-7.493,37.52181],[-7.4904,37.50792],[-7.48495,37.49902],[-7.46593,37.49003],[-7.46435,37.48529],[-7.46874,37.47941],[-7.4695,37.47285],[-7.46676,37.46331],[-7.45693,37.45158],[-7.45792,37.43063],[-7.44634,37.4194],[-7.44919,37.41546],[-7.46033,37.41329],[-7.46224,37.40933],[-7.45076,37.40202],[-7.44138,37.39229],[-7.43893,37.3795],[-7.43853,37.37798],[-7.43816,37.37656],[-7.43791,37.37252],[-7.43747,37.37029],[-7.4373,37.35896],[-7.44467,37.34579],[-7.43953,37.3266],[-7.44203,37.31517],[-7.43372,37.28936],[-7.42247,37.27442],[-7.43157,37.25939],[-7.43296,37.2483],[-7.41855,37.23628],[-7.41321,37.22317],[-7.41341,37.21045],[-7.41251,37.2077],[-7.40953,37.19559],[-7.40796,37.18482],[-7.40692,37.18203],[-7.40192,37.17483],[-7.39622,37.1662],[-7.39882,37.16395],[-7.40636,37.17109],[-7.44202,37.17664],[-7.46921,37.17566],[-7.48183,37.17287],[-7.50681,37.16718],[-7.53271,37.1573],[-7.53967,37.15749],[-7.57036,37.14804],[-7.57339,37.14377],[-7.56315,37.14669],[-7.56143,37.14649],[-7.56216,37.14541],[-7.56961,37.14237],[-7.60744,37.12384],[-7.62483,37.10829],[-7.63673,37.10055],[-7.67502,37.07892],[-7.70995,37.06345],[-7.71426,37.06698],[-7.7263,37.05721],[-7.72906,37.05513],[-7.7245,37.05463],[-7.72633,37.05226],[-7.78579,37.01935],[-7.79791,37.01308],[-7.80295,37.01315],[-7.80531,37.01517],[-7.80796,37.01959],[-7.80704,37.02253],[-7.80166,37.02381],[-7.79851,37.02137],[-7.79131,37.02732],[-7.78559,37.03139],[-7.7906,37.03412],[-7.79568,37.03365],[-7.80699,37.02586],[-7.81647,37.02987],[-7.8312,37.02517],[-7.85669,37.02096],[-7.86936,37.02168],[-7.87101,37.02052],[-7.86936,37.01936],[-7.86545,37.01674],[-7.85942,37.01779],[-7.85772,37.01483],[-7.86221,37.00854],[-7.86936,37.00893],[-7.87528,37.01263],[-7.88129,37.01201],[-7.86404,37.00341],[-7.85939,36.99667],[-7.86573,36.98889],[-7.87547,36.99009],[-7.87471,36.98545],[-7.8794,36.98322],[-7.88998,36.98456],[-7.91974,37.00401],[-7.92245,37.00803],[-7.92897,36.99898],[-7.91549,36.997],[-7.88989,36.97701],[-7.88836,36.97404],[-7.89784,36.96982],[-7.92122,36.97838],[-7.94264,36.98159],[-7.95229,36.98969],[-7.96673,36.99548],[-7.97937,36.9975],[-7.98466,37.00451],[-8.00047,37.01027],[-8.05235,37.04063],[-8.07141,37.0516],[-8.09663,37.06444],[-8.10691,37.06802],[-8.10868,37.06757],[-8.11116,37.06695],[-8.12721,37.07385],[-8.1848,37.09034],[-8.21209,37.0877],[-8.23263,37.08307],[-8.25214,37.08648],[-8.26021,37.08001],[-8.28791,37.07276],[-8.30117,37.07296],[-8.3089,37.07553],[-8.32956,37.08862],[-8.33382,37.09082],[-8.35208,37.09865],[-8.36936,37.10168],[-8.40106,37.09069],[-8.43024,37.08588],[-8.44391,37.08664],[-8.49404,37.1013],[-8.50211,37.10044],[-8.51875,37.1059],[-8.52076,37.10938],[-8.52788,37.10842],[-8.53015,37.11535],[-8.53333,37.11697],[-8.56401,37.11948],[-8.5699,37.11592],[-8.58072,37.11917],[-8.60226,37.12299],[-8.61915,37.12056],[-8.64264,37.11803],[-8.66487,37.10636],[-8.66951,37.09082],[-8.66682,37.08376],[-8.6694,37.08018],[-8.68553,37.08515],[-8.70991,37.08411],[-8.7233,37.08649],[-8.73289,37.08433],[-8.75178,37.07554],[-8.75625,37.07346],[-8.77226,37.07123],[-8.7828,37.06809],[-8.78873,37.06314],[-8.80063,37.06577],[-8.82242,37.06476],[-8.85479,37.05476],[-8.85756,37.04797],[-8.86399,37.04271],[-8.87165,37.04581],[-8.88961,37.04123],[-8.89529,37.04182],[-8.89629,37.03532],[-8.90704,37.02383],[-8.92625,37.01876],[-8.92971,37.01186],[-8.92519,37.01044],[-8.92926,37.00393],[-8.94198,37.00421],[-8.9465,37.00008],[-8.94706,36.99496],[-8.94969,36.99487],[-8.94889,37.00698],[-8.95906,37.01876],[-8.96484,37.02546],[-8.98248,37.02596],[-8.98641,37.0196],[-8.98923,37.02322],[-8.99235,37.02136],[-8.99451,37.02379],[-8.9801,37.04308],[-8.98163,37.04879],[-8.97933,37.05498],[-8.96271,37.07127],[-8.96069,37.08629],[-8.95906,37.08874],[-8.95767,37.09082],[-8.95769,37.09366],[-8.94805,37.09879],[-8.93517,37.11246],[-8.91983,37.13801],[-8.91853,37.14423],[-8.90952,37.15554],[-8.90325,37.16897],[-8.90976,37.17565],[-8.91215,37.18453],[-8.91048,37.1896],[-8.91744,37.19602],[-8.9037,37.19886],[-8.89684,37.20531],[-8.86769,37.25232],[-8.86078,37.26815],[-8.86241,37.27544],[-8.86557,37.27833],[-8.866,37.29319],[-8.87581,37.29598],[-8.8726,37.31123],[-8.8773,37.32025],[-8.86953,37.32441],[-8.84858,37.3495],[-8.83963,37.36232],[-8.80719,37.41877],[-8.80819,37.42696],[-8.805,37.43544],[-8.79632,37.44295],[-8.8015,37.44665],[-8.7985,37.45981],[-8.80002,37.47266],[-8.7954,37.48244],[-8.79527,37.49862],[-8.79147,37.50591],[-8.79334,37.51032],[-8.78601,37.53309],[-8.79477,37.55518],[-8.79295,37.5588],[-8.80466,37.57675],[-8.81209,37.5814],[-8.81178,37.5863],[-8.81839,37.5978],[-8.81658,37.60661],[-8.8119,37.61081],[-8.81004,37.62989],[-8.80797,37.6358],[-8.8019,37.65306],[-8.80224,37.66114],[-8.79598,37.67506],[-8.79221,37.69521],[-8.79454,37.702],[-8.78666,37.71455],[-8.78887,37.71782],[-8.79767,37.73575],[-8.80939,37.74191],[-8.81153,37.74646],[-8.8049,37.76878],[-8.8063,37.77495],[-8.80211,37.78067],[-8.80134,37.79572],[-8.79475,37.81331],[-8.79297,37.81956],[-8.79068,37.83778],[-8.79424,37.84735],[-8.79555,37.85088],[-8.79289,37.86651],[-8.79765,37.89461],[-8.80054,37.90796],[-8.81047,37.92769],[-8.83289,37.93713],[-8.84049,37.93741],[-8.84863,37.93373],[-8.85522,37.9374],[-8.85602,37.94283],[-8.86465,37.94955],[-8.88302,37.95045],[-8.88747,37.95395],[-8.88554,37.96141],[-8.87208,37.96974],[-8.85686,37.99045],[-8.82562,38.04929],[-8.79672,38.12136],[-8.78259,38.17278],[-8.77681,38.21116],[-8.77582,38.245],[-8.78056,38.30239],[-8.78713,38.33581],[-8.79851,38.36841],[-8.81317,38.39918],[-8.83474,38.42938],[-8.86465,38.45349],[-8.89925,38.47711],[-8.91045,38.48778],[-8.91008,38.49243],[-8.90058,38.49394],[-8.89064,38.49112],[-8.8796,38.48437],[-8.85373,38.45857],[-8.82553,38.44437],[-8.81985,38.42132],[-8.80853,38.40817],[-8.79863,38.39052],[-8.79819,38.39483],[-8.794,38.39547],[-8.79163,38.40697],[-8.78744,38.40896],[-8.78775,38.41363],[-8.7913,38.41742],[-8.79699,38.41873],[-8.79441,38.42248],[-8.79777,38.42594],[-8.80877,38.42764],[-8.80562,38.44136],[-8.79804,38.44027],[-8.79777,38.43556],[-8.78895,38.42222],[-8.78363,38.42248],[-8.77673,38.41917],[-8.77535,38.4091],[-8.7617,38.40747],[-8.75945,38.41166],[-8.75178,38.41505],[-8.74654,38.41736],[-8.73662,38.41892],[-8.69352,38.41569],[-8.65045,38.40432],[-8.65068,38.40717],[-8.66375,38.41224],[-8.70025,38.44279],[-8.71067,38.44346],[-8.7158,38.43971],[-8.7198,38.44091],[-8.72577,38.50136],[-8.72879,38.5125],[-8.73446,38.5127],[-8.73506,38.51567],[-8.74101,38.5334],[-8.74006,38.54165],[-8.73616,38.54652],[-8.74027,38.55251],[-8.7399,38.56528],[-8.74689,38.5629],[-8.74829,38.55123],[-8.75178,38.5477],[-8.75774,38.54165],[-8.7617,38.53849],[-8.77875,38.53306],[-8.78628,38.54165],[-8.78862,38.54165],[-8.79359,38.54003],[-8.80302,38.52825],[-8.78895,38.51996],[-8.79031,38.51482],[-8.78239,38.50807],[-8.76532,38.50356],[-8.76627,38.49749],[-8.77126,38.49305],[-8.77754,38.49267],[-8.78548,38.48801],[-8.81045,38.48874],[-8.8315,38.49359],[-8.85001,38.50785],[-8.87332,38.51738],[-8.88786,38.52048],[-8.90203,38.51783],[-8.92222,38.50845],[-8.93675,38.48722],[-8.94472,38.48432],[-8.95906,38.48433],[-8.96385,38.48434],[-8.98158,38.47843],[-8.98463,38.47167],[-8.99668,38.46102],[-9.01765,38.45408],[-9.02893,38.4467],[-9.03929,38.44747],[-9.0517,38.441],[-9.06063,38.44047],[-9.06543,38.43533],[-9.085,38.43743],[-9.09949,38.44178],[-9.11004,38.44122],[-9.11347,38.43512],[-9.13607,38.42942],[-9.16796,38.42957],[-9.19649,38.40973],[-9.22153,38.41356],[-9.21606,38.42379],[-9.21669,38.42898],[-9.19413,38.46243],[-9.1848,38.48803],[-9.18259,38.52308],[-9.18563,38.54165],[-9.18782,38.55032],[-9.21123,38.60427],[-9.22663,38.62692],[-9.25259,38.65755],[-9.25872,38.66165],[-9.25772,38.66447],[-9.24598,38.66785],[-9.24015,38.67418],[-9.22663,38.67514],[-9.18688,38.67884],[-9.14787,38.68753],[-9.14414,38.67902],[-9.14977,38.67272],[-9.1376,38.65961],[-9.12922,38.65588],[-9.10677,38.64895],[-9.11363,38.64593],[-9.12653,38.6504],[-9.12456,38.64397],[-9.1333,38.64275],[-9.11524,38.63716],[-9.10723,38.62127],[-9.10621,38.64328],[-9.09513,38.64683],[-9.08388,38.64455],[-9.08183,38.64301],[-9.08466,38.63923],[-9.07638,38.63996],[-9.06545,38.62678],[-9.06637,38.62196],[-9.0553,38.60938],[-9.04957,38.60024],[-9.04986,38.61093],[-9.05511,38.61907],[-9.05367,38.62904],[-9.0553,38.6299],[-9.06539,38.63565],[-9.06726,38.64932],[-9.07273,38.65193],[-9.07991,38.65188],[-9.08077,38.65783],[-9.08803,38.65716],[-9.09045,38.66072],[-9.07575,38.66609],[-9.07248,38.67058],[-9.06114,38.67517],[-9.05997,38.68237],[-9.0553,38.67911],[-9.04535,38.67789],[-9.04299,38.67881],[-9.04033,38.66152],[-9.03516,38.66359],[-9.03357,38.66203],[-9.03162,38.66879],[-9.02068,38.66899],[-9.01009,38.66341],[-9.00382,38.6568],[-8.99547,38.65348],[-8.99798,38.65902],[-9.00208,38.66812],[-9.01297,38.67192],[-9.0069,38.68705],[-9.00385,38.68865],[-8.9865,38.68805],[-8.97581,38.68125],[-8.97958,38.6925],[-8.97708,38.69681],[-8.96392,38.69639],[-8.95906,38.69359],[-8.95906,38.69543],[-8.96028,38.69749],[-8.9702,38.70043],[-8.98875,38.70209],[-9.0029,38.70149],[-9.00536,38.69967],[-9.00824,38.70315],[-9.03374,38.70025],[-9.04378,38.69199],[-9.04848,38.691],[-9.04503,38.71507],[-9.03609,38.72173],[-9.02408,38.72573],[-9.02225,38.72607],[-9.01958,38.72666],[-9.0152,38.72746],[-9.00897,38.72952],[-9.01102,38.73243],[-9.00619,38.73733],[-9.00141,38.73897],[-8.97453,38.74819],[-8.9631,38.75593],[-8.95906,38.75747],[-8.95025,38.76083],[-8.93147,38.76154],[-8.92488,38.75867],[-8.93122,38.7687],[-8.94205,38.80061],[-8.9533,38.81491],[-8.95906,38.81979],[-8.96847,38.82776],[-8.98101,38.8151],[-8.98545,38.81853],[-8.98948,38.80725],[-8.99859,38.8003],[-9.00328,38.81124],[-9.00947,38.81333],[-9.01388,38.82227],[-9.01412,38.83753],[-9.00972,38.84701],[-9.0008,38.85146],[-8.99534,38.85227],[-8.98849,38.84841],[-8.98836,38.85419],[-8.97999,38.86582],[-8.9811,38.87012],[-8.99317,38.88221],[-8.99397,38.88709],[-8.98824,38.91403],[-8.99208,38.93126],[-8.97699,38.95599],[-8.97763,38.96001],[-8.9883,38.95135],[-9.00204,38.93268],[-9.00359,38.93049],[-9.00511,38.92497],[-9.00816,38.92078],[-9.01253,38.91621],[-9.01429,38.91286],[-9.01672,38.90822],[-9.01939,38.90003],[-9.01871,38.89368],[-9.01878,38.89189],[-9.01993,38.88954],[-9.02472,38.88404],[-9.02967,38.87966],[-9.03328,38.87548],[-9.03426,38.87421],[-9.04111,38.86723],[-9.0553,38.86095],[-9.05891,38.85914],[-9.07177,38.84363],[-9.08756,38.81496],[-9.08963,38.7962],[-9.09096,38.75934],[-9.09463,38.75324],[-9.10047,38.73897],[-9.10264,38.73367],[-9.11008,38.72415],[-9.11549,38.71886],[-9.12236,38.71287],[-9.13137,38.7076],[-9.14145,38.70551],[-9.15202,38.70519],[-9.16441,38.70002],[-9.1759,38.6986],[-9.18753,38.69683],[-9.21375,38.69207],[-9.22663,38.69353],[-9.22961,38.6952],[-9.24229,38.69875],[-9.26003,38.69964],[-9.28799,38.69576],[-9.30368,38.68602],[-9.31283,38.68374],[-9.31837,38.67578],[-9.32467,38.6745],[-9.32691,38.67599],[-9.34704,38.68155],[-9.3683,38.69277],[-9.39794,38.70207],[-9.40602,38.70327],[-9.41592,38.70028],[-9.41922,38.69641],[-9.41581,38.69174],[-9.42477,38.68974],[-9.43992,38.69526],[-9.45922,38.69512],[-9.47631,38.70155],[-9.48594,38.71047],[-9.47367,38.73335],[-9.47322,38.73897],[-9.4724,38.74938],[-9.47502,38.75326],[-9.48378,38.75735],[-9.49409,38.76896],[-9.49452,38.7753],[-9.49992,38.78071],[-9.45862,38.84678],[-9.45025,38.86221],[-9.45113,38.86526],[-9.44453,38.87509],[-9.43165,38.91087],[-9.41983,38.93243],[-9.41663,38.95274],[-9.42231,38.98007],[-9.41992,38.98831],[-9.42504,38.99444],[-9.42685,39.00237],[-9.42187,39.01289],[-9.42458,39.02092],[-9.41677,39.04198],[-9.41645,39.0547],[-9.4162,39.06284],[-9.42145,39.07474],[-9.41362,39.08952],[-9.40325,39.10174],[-9.39794,39.10818],[-9.39386,39.11431],[-9.39323,39.12164],[-9.38112,39.13811],[-9.3604,39.1705],[-9.35161,39.19169],[-9.34908,39.19839],[-9.34056,39.22482],[-9.34302,39.24123],[-9.33582,39.27359],[-9.33735,39.28365],[-9.34212,39.28839],[-9.34058,39.29193],[-9.34639,39.30082],[-9.3482,39.31286],[-9.36007,39.32361],[-9.35998,39.33593],[-9.36594,39.34838],[-9.36964,39.35035],[-9.37568,39.34904],[-9.38026,39.3526],[-9.39372,39.3533],[-9.40666,39.35907],[-9.40757,39.36171],[-9.39789,39.36993],[-9.38019,39.36942],[-9.37513,39.37222],[-9.37067,39.36364],[-9.35785,39.36042],[-9.34154,39.3667],[-9.33972,39.36979],[-9.34153,39.37591],[-9.3344,39.3739],[-9.32398,39.37562],[-9.29188,39.39135],[-9.27437,39.40176],[-9.23343,39.43162],[-9.22663,39.43684],[-9.2134,39.45346],[-9.20291,39.47307],[-9.19565,39.47575],[-9.17621,39.49461],[-9.16971,39.50212],[-9.15536,39.50871],[-9.14782,39.50904],[-9.14884,39.50449],[-9.14243,39.50299],[-9.1377,39.50507],[-9.13654,39.51001],[-9.14207,39.51224],[-9.14483,39.52027],[-9.13189,39.52599],[-9.12562,39.53697],[-9.11545,39.54456],[-9.07798,39.58985],[-9.07488,39.59273],[-9.07418,39.59949],[-9.0763,39.60248],[-9.08471,39.60557],[-9.08532,39.61502],[-9.07283,39.64777],[-9.0514,39.70021],[-9.05081,39.71894],[-9.04026,39.74142],[-9.03061,39.76711],[-9.01257,39.79935],[-9.00582,39.81141],[-8.993,39.83678],[-8.96817,39.88651],[-8.95906,39.90652],[-8.93223,39.96543],[-8.93099,39.96843],[-8.92958,39.97117],[-8.92773,39.97476],[-8.89493,40.0455],[-8.8889,40.06277],[-8.88003,40.08218],[-8.86791,40.1126],[-8.86313,40.13718],[-8.86806,40.14546],[-8.87126,40.14834],[-8.87476,40.16066],[-8.88003,40.16402],[-8.90554,40.17875],[-8.90782,40.18398],[-8.90808,40.19004],[-8.88003,40.24667],[-8.8747,40.2585],[-8.86494,40.28202],[-8.84633,40.32688],[-8.82568,40.38894],[-8.80187,40.46548],[-8.78403,40.52036],[-8.78253,40.5256],[-8.76609,40.58293],[-8.75969,40.60075],[-8.75178,40.62644],[-8.75093,40.62919],[-8.74861,40.6436],[-8.73951,40.64513],[-8.73124,40.64956],[-8.72328,40.64372],[-8.7219,40.64769],[-8.72035,40.64849],[-8.71339,40.65206],[-8.71565,40.65395],[-8.72035,40.65386],[-8.72279,40.65511],[-8.72035,40.65728],[-8.70682,40.65649],[-8.6998,40.65018],[-8.68682,40.63199],[-8.6839,40.62232],[-8.68423,40.6308],[-8.68535,40.63594],[-8.68122,40.63914],[-8.69173,40.64183],[-8.69794,40.65802],[-8.67578,40.67859],[-8.67198,40.68967],[-8.6655,40.6926],[-8.66696,40.6942],[-8.67051,40.69358],[-8.67208,40.69452],[-8.66995,40.70124],[-8.67178,40.70925],[-8.66983,40.71262],[-8.67617,40.71336],[-8.67535,40.71813],[-8.67103,40.71914],[-8.66643,40.71486],[-8.64869,40.72563],[-8.6376,40.7222],[-8.63191,40.72263],[-8.6232,40.71992],[-8.61005,40.72504],[-8.61816,40.72765],[-8.61039,40.73145],[-8.61734,40.73499],[-8.63557,40.72375],[-8.65829,40.72988],[-8.66696,40.72786],[-8.67471,40.73474],[-8.67792,40.74613],[-8.67621,40.75585],[-8.68246,40.77614],[-8.67759,40.78411],[-8.66816,40.79051],[-8.65579,40.79007],[-8.6605,40.79407],[-8.64072,40.81062],[-8.63293,40.81454],[-8.62153,40.81386],[-8.63331,40.82386],[-8.62931,40.8276],[-8.64048,40.82797],[-8.64726,40.83496],[-8.65209,40.81545],[-8.66068,40.80784],[-8.66438,40.81118],[-8.66181,40.82773],[-8.66834,40.81933],[-8.67395,40.79185],[-8.6836,40.78411],[-8.68994,40.77902],[-8.6998,40.76134],[-8.70135,40.75898],[-8.70152,40.75319],[-8.6998,40.7485],[-8.69669,40.73827],[-8.6998,40.71794],[-8.71652,40.70263],[-8.72033,40.69366],[-8.71818,40.67842],[-8.72035,40.67466],[-8.72698,40.66321],[-8.74087,40.64844],[-8.75178,40.64693],[-8.75492,40.6465],[-8.75178,40.65593],[-8.73485,40.70679],[-8.72035,40.74728],[-8.70715,40.78411],[-8.6998,40.80458],[-8.69598,40.81624],[-8.66845,40.90011],[-8.66225,40.92417],[-8.65747,40.94783],[-8.65312,40.96478],[-8.64844,40.98441],[-8.6479,40.99914],[-8.64497,41.01597],[-8.647,41.03212],[-8.65085,41.04057],[-8.65641,41.05018],[-8.65905,41.06867],[-8.6596,41.09562],[-8.66257,41.10429],[-8.66525,41.10944],[-8.66389,41.11669],[-8.67083,41.13204],[-8.66785,41.13912],[-8.67073,41.14347],[-8.68864,41.16541],[-8.69012,41.1734],[-8.70651,41.18735],[-8.71661,41.20496],[-8.71649,41.21543],[-8.71693,41.22205],[-8.72035,41.22821],[-8.72818,41.24232],[-8.72426,41.25577],[-8.72862,41.27034],[-8.73253,41.28647],[-8.73952,41.30537],[-8.73944,41.32293],[-8.73984,41.33235],[-8.74258,41.33746],[-8.74807,41.33993],[-8.75178,41.34163],[-8.75462,41.34293],[-8.75565,41.35562],[-8.76684,41.37123],[-8.76332,41.37242],[-8.76868,41.37565],[-8.77507,41.39117],[-8.78012,41.39623],[-8.77957,41.40251],[-8.78371,41.40929],[-8.78901,41.41631],[-8.77952,41.4449],[-8.77643,41.47197],[-8.77732,41.47958],[-8.79047,41.50175],[-8.78735,41.51281],[-8.79238,41.52575],[-8.79208,41.54132],[-8.7989,41.56834],[-8.80565,41.5853],[-8.80799,41.60166],[-8.81157,41.61157],[-8.82059,41.62898],[-8.82013,41.6333],[-8.8264,41.64807],[-8.82671,41.67242],[-8.83745,41.68205],[-8.84697,41.68363],[-8.85015,41.69406],[-8.85807,41.70269],[-8.86934,41.72626],[-8.87171,41.72655],[-8.88056,41.752],[-8.87742,41.76506],[-8.87179,41.77921],[-8.87426,41.79604],[-8.87171,41.8002],[-8.86601,41.80795],[-8.86573,41.81202],[-8.87064,41.81545],[-8.87661,41.82945],[-8.8759,41.83964],[-8.87171,41.84425],[-8.86908,41.84539],[-8.86746,41.84943],[-8.87116,41.8634],[-8.8673,41.86826],[-8.86319,41.87207],[-8.85098,41.87747],[-8.84238,41.88453],[-8.83043,41.90071],[-8.82566,41.90348],[-8.81851,41.90652],[-8.80697,41.91037],[-8.80198,41.91203],[-8.78709,41.91759],[-8.78281,41.91969],[-8.77864,41.9222],[-8.77342,41.92593],[-8.7675,41.92919],[-8.76239,41.93107],[-8.75993,41.93198],[-8.75717,41.9335],[-8.75465,41.93557],[-8.75178,41.9389],[-8.74781,41.9435],[-8.74589,41.95087],[-8.74763,41.95996],[-8.74348,41.96567],[-8.73001,41.97349],[-8.72035,41.97667],[-8.69944,41.98355],[-8.68886,41.98925],[-8.6819,41.99012],[-8.66217,42.00354],[-8.65829,42.02177],[-8.65666,42.03141],[-8.6449,42.03761],[-8.63962,42.04504],[-8.63304,42.04876],[-8.60622,42.05355],[-8.60377,42.05411],[-8.59442,42.05517],[-8.59077,42.05485],[-8.57826,42.05255],[-8.55523,42.05292],[-8.54694,42.0545],[-8.52703,42.06354],[-8.52722,42.07702],[-8.50788,42.07833],[-8.49653,42.07977],[-8.4707,42.08167],[-8.4539,42.0829],[-8.44609,42.08238],[-8.44062,42.08202],[-8.43067,42.07324],[-8.42152,42.07288],[-8.4035,42.08027],[-8.39475,42.08033],[-8.39166,42.07817],[-8.3889,42.07598],[-8.38003,42.07812],[-8.37675,42.08167],[-8.36997,42.08902],[-8.35467,42.09028],[-8.33894,42.08459],[-8.33033,42.0857],[-8.32583,42.09027],[-8.32525,42.09584],[-8.32303,42.10081],[-8.31809,42.10374],[-8.30146,42.10528],[-8.29019,42.11217],[-8.27475,42.12272],[-8.26585,42.12117],[-8.25771,42.12299],[-8.25617,42.12728],[-8.25719,42.1325],[-8.25653,42.13416],[-8.24326,42.13912],[-8.23327,42.1341],[-8.22468,42.13328],[-8.2043,42.14464],[-8.199,42.15442],[-8.19011,42.13806],[-8.18941,42.13678],[-8.19011,42.1348]],[[-8.72991,40.63859],[-8.7333,40.64377],[-8.74065,40.63763],[-8.74447,40.62893],[-8.74856,40.62227],[-8.74942,40.59883],[-8.75178,40.58921],[-8.75398,40.58024],[-8.75396,40.57415],[-8.75178,40.57376],[-8.74845,40.57884],[-8.74643,40.59102],[-8.73878,40.60016],[-8.73573,40.60625],[-8.73893,40.61661],[-8.736,40.62858],[-8.7316,40.63062],[-8.72991,40.63859]],[[-7.95445,37.02544],[-7.94297,37.01311],[-7.94575,37.00836],[-7.95336,37.0059],[-7.9401,37.00596],[-7.93955,37.01059],[-7.93458,37.01167],[-7.95445,37.02544]],[[-8.68445,40.57795],[-8.68063,40.57363],[-8.68127,40.56786],[-8.67849,40.56909],[-8.6784,40.57135],[-8.68141,40.57739],[-8.68445,40.57795]],[[-7.98706,37.01454],[-7.98605,37.01984],[-7.99126,37.01658],[-7.98896,37.01424],[-7.98706,37.01454]],[[-8.65364,40.66561],[-8.65529,40.66183],[-8.64618,40.67121],[-8.65364,40.66561]],[[-8.7774,40.51322],[-8.77699,40.51158],[-8.7755,40.51204],[-8.77489,40.51449],[-8.77671,40.5155],[-8.7774,40.51322]],[[-7.61122,37.12619],[-7.60918,37.12594],[-7.61161,37.13056],[-7.61122,37.12619]]],[[[-17.1936,32.87035],[-17.17877,32.86704],[-17.16763,32.86845],[-17.16395,32.86224],[-17.15432,32.85625],[-17.14868,32.84729],[-17.14104,32.8426],[-17.13533,32.83441],[-17.12495,32.82772],[-17.10526,32.82551],[-17.10192,32.82031],[-17.0928,32.81584],[-17.06549,32.81232],[-17.05103,32.80889],[-17.02083,32.81514],[-17.00001,32.82286],[-16.99021,32.82981],[-16.98249,32.82662],[-16.97131,32.82706],[-16.95239,32.82988],[-16.93593,32.83136],[-16.9072,32.83645],[-16.89717,32.82987],[-16.88535,32.82711],[-16.8716,32.81357],[-16.86127,32.80705],[-16.85646,32.8069],[-16.8591,32.80272],[-16.8574,32.79712],[-16.83995,32.78706],[-16.83597,32.7862],[-16.82231,32.76844],[-16.81353,32.76833],[-16.79827,32.7632],[-16.7898,32.76538],[-16.77896,32.75816],[-16.76055,32.75726],[-16.74507,32.75513],[-16.73596,32.74872],[-16.72852,32.7503],[-16.71837,32.74743],[-16.7091,32.75088],[-16.70028,32.74871],[-16.69273,32.75088],[-16.69086,32.74878],[-16.69273,32.74715],[-16.70263,32.7397],[-16.72486,32.742],[-16.73152,32.73707],[-16.74508,32.73449],[-16.7547,32.7226],[-16.76384,32.71628],[-16.76144,32.7097],[-16.76891,32.70097],[-16.7734,32.69204],[-16.77896,32.68985],[-16.79025,32.68686],[-16.79863,32.67698],[-16.80307,32.66465],[-16.80751,32.66014],[-16.81478,32.65204],[-16.83189,32.64153],[-16.84732,32.63968],[-16.85089,32.63711],[-16.85777,32.63979],[-16.88891,32.64611],[-16.9049,32.64662],[-16.92232,32.64124],[-16.92741,32.63701],[-16.94354,32.63321],[-16.95239,32.64001],[-16.96945,32.64452],[-16.98511,32.65084],[-17.00597,32.65285],[-17.01964,32.65364],[-17.03334,32.66058],[-17.04946,32.6648],[-17.06481,32.66912],[-17.07338,32.67583],[-17.08657,32.67961],[-17.10365,32.67874],[-17.10825,32.68137],[-17.12427,32.69223],[-17.14069,32.703],[-17.16918,32.71661],[-17.18524,32.7233],[-17.20003,32.73146],[-17.20067,32.73159],[-17.2118,32.737],[-17.21708,32.74653],[-17.24066,32.76845],[-17.2445,32.77402],[-17.2436,32.78171],[-17.24685,32.79074],[-17.2511,32.80113],[-17.26337,32.81049],[-17.26489,32.81473],[-17.24873,32.82575],[-17.24298,32.83308],[-17.23056,32.84018],[-17.20937,32.85784],[-17.20494,32.86224],[-17.19941,32.8684],[-17.1936,32.87035]]],[[[-16.30707,33.0977],[-16.30054,33.09686],[-16.29566,33.09904],[-16.29407,33.09537],[-16.29885,33.08553],[-16.29237,33.0785],[-16.29737,33.06992],[-16.29623,33.06107],[-16.31306,33.06287],[-16.32595,33.06105],[-16.33945,33.05371],[-16.35184,33.04274],[-16.36375,33.03273],[-16.37841,33.02473],[-16.39208,33.03308],[-16.39602,33.04008],[-16.38963,33.0439],[-16.37669,33.06014],[-16.3761,33.07501],[-16.37089,33.07766],[-16.37021,33.08156],[-16.35957,33.08401],[-16.35184,33.09317],[-16.34439,33.09537],[-16.32229,33.10526],[-16.31205,33.10193],[-16.30707,33.0977]]],[[[-9.0553,38.82574],[-9.08212,38.80239],[-9.08368,38.80292],[-9.08162,38.82028],[-9.06205,38.85162],[-9.0553,38.85746],[-9.0553,38.85915],[-9.05201,38.85915],[-9.04051,38.8635],[-9.03505,38.86708],[-9.0305,38.87476],[-9.02652,38.87696],[-9.02641,38.87264],[-9.03194,38.86179],[-9.0367,38.85531],[-9.04013,38.84807],[-9.04256,38.83815],[-9.04748,38.83144],[-9.0553,38.82574]]],[[[-8.70225,40.70108],[-8.70072,40.7005],[-8.69661,40.70402],[-8.68213,40.71225],[-8.67572,40.70116],[-8.67967,40.67998],[-8.69983,40.66437],[-8.72316,40.66124],[-8.72171,40.66394],[-8.71375,40.66685],[-8.70952,40.67526],[-8.70007,40.67862],[-8.70042,40.67991],[-8.71022,40.68012],[-8.71001,40.69253],[-8.70223,40.6992],[-8.70323,40.70027],[-8.71004,40.6982],[-8.7096,40.7032],[-8.69975,40.7122],[-8.69334,40.71493],[-8.69171,40.71377],[-8.69975,40.71001],[-8.70225,40.70108]]],[[[-16.48926,32.48931],[-16.49021,32.47742],[-16.49374,32.47876],[-16.493,32.48329],[-16.49636,32.48934],[-16.49863,32.49056],[-16.50294,32.49681],[-16.50295,32.50161],[-16.50573,32.50929],[-16.50935,32.5125],[-16.51201,32.52073],[-16.51428,32.52225],[-16.51691,32.52832],[-16.52066,32.5322],[-16.52779,32.53641],[-16.53336,32.53773],[-16.53638,32.54146],[-16.53522,32.54663],[-16.53703,32.55013],[-16.53506,32.55169],[-16.53626,32.55929],[-16.5407,32.56528],[-16.53898,32.57105],[-16.53748,32.57291],[-16.53384,32.56868],[-16.53146,32.56218],[-16.52128,32.55373],[-16.52104,32.54982],[-16.51814,32.54636],[-16.51595,32.54038],[-16.51272,32.53605],[-16.50944,32.53368],[-16.50684,32.52699],[-16.4999,32.51994],[-16.49848,32.51534],[-16.49819,32.51047],[-16.49604,32.50576],[-16.49345,32.50315],[-16.49215,32.49497],[-16.48926,32.48931]]],[[[-9.01888,38.82925],[-9.02063,38.82914],[-9.02708,38.84616],[-9.02337,38.85914],[-9.01387,38.87453],[-9.01139,38.87739],[-9.0053,38.88215],[-8.99901,38.88577],[-8.99692,38.88272],[-8.99578,38.87796],[-8.98359,38.86996],[-8.98264,38.86787],[-8.98378,38.86349],[-8.98835,38.85987],[-9.00597,38.85499],[-9.01545,38.84956],[-9.01888,38.82925]]],[[[-7.83727,37.00574],[-7.851,37.00032],[-7.85653,37.00125],[-7.85777,37.00671],[-7.85609,37.01057],[-7.84545,37.01625],[-7.82404,37.02418],[-7.82008,37.02535],[-7.81416,37.02598],[-7.81258,37.02516],[-7.81258,37.02352],[-7.81315,37.02157],[-7.81321,37.01999],[-7.81264,37.01822],[-7.81283,37.01705],[-7.81362,37.01168],[-7.81733,37.00925],[-7.83727,37.00574]]],[[[-7.80342,37.0056],[-7.8086,37.00152],[-7.80935,37.00203],[-7.81618,36.99557],[-7.86693,36.9736],[-7.8661,36.97741],[-7.85532,36.98727],[-7.84548,36.99],[-7.84132,36.99512],[-7.82699,36.99521],[-7.81978,37.00176],[-7.81157,37.00345],[-7.80805,37.00607],[-7.80258,37.00767],[-7.80342,37.0056]]],[[[-9.00797,38.88479],[-9.01069,38.88463],[-9.01044,38.88746],[-9.00702,38.89927],[-9.00751,38.91367],[-9.0053,38.91889],[-8.99864,38.92689],[-8.99692,38.92517],[-8.99597,38.91946],[-8.99825,38.90727],[-8.99883,38.89927],[-9.00283,38.88994],[-9.00797,38.88479]]],[[[-16.46423,32.40618],[-16.46619,32.40416],[-16.47515,32.40814],[-16.47939,32.41159],[-16.48452,32.41873],[-16.4856,32.42471],[-16.49256,32.43692],[-16.49396,32.45149],[-16.49168,32.45826],[-16.48992,32.45814],[-16.48827,32.44635],[-16.48527,32.43647],[-16.48532,32.42846],[-16.48237,32.42532],[-16.48168,32.4222],[-16.47871,32.41857],[-16.47372,32.41618],[-16.47254,32.41377],[-16.46686,32.40762],[-16.46423,32.40618]]],[[[-15.85516,30.14055],[-15.85632,30.13795],[-15.8639,30.13783],[-15.86594,30.13975],[-15.86849,30.13852],[-15.86954,30.14059],[-15.87442,30.14159],[-15.87203,30.14707],[-15.87251,30.15066],[-15.87091,30.1536],[-15.8637,30.15399],[-15.86178,30.15502],[-15.85773,30.15179],[-15.85628,30.14888],[-15.85987,30.14624],[-15.85898,30.14252],[-15.85516,30.14055]]],[[[-7.92062,36.97087],[-7.90033,36.96632],[-7.8944,36.96659],[-7.8898,36.96552],[-7.88271,36.9665],[-7.87883,36.96802],[-7.87491,36.97118],[-7.87312,36.96981],[-7.87077,36.96427],[-7.88268,36.96185],[-7.89276,36.96224],[-7.90123,36.96338],[-7.91191,36.96614],[-7.92139,36.96916],[-7.92675,36.96984],[-7.92441,36.97245],[-7.92062,36.97087]]],[[[-16.38356,33.00534],[-16.3806,33.00289],[-16.38028,32.99752],[-16.38589,32.99891],[-16.38504,33.00252],[-16.38796,33.00472],[-16.391,33.00331],[-16.39465,33.00594],[-16.39276,33.00677],[-16.39258,33.01036],[-16.38856,33.0109],[-16.3845,33.01672],[-16.38217,33.01778],[-16.38108,33.0108],[-16.38297,33.0092],[-16.38356,33.00534]]],[[[-9.50651,39.42011],[-9.50223,39.41709],[-9.50451,39.41385],[-9.50728,39.41349],[-9.51253,39.40858],[-9.51698,39.40997],[-9.51194,39.41943],[-9.50903,39.41837],[-9.50956,39.42057],[-9.50651,39.42011]]],[[[-16.67949,32.7385],[-16.68178,32.73839],[-16.68637,32.74223],[-16.68793,32.74594],[-16.68668,32.74764],[-16.68173,32.74648],[-16.68018,32.74384],[-16.681,32.74153],[-16.67949,32.7385]]],[[[-16.66237,32.73045],[-16.66674,32.72971],[-16.67596,32.73433],[-16.67186,32.73587],[-16.66547,32.73378],[-16.66237,32.73045]]],[[[-16.54288,32.58935],[-16.54187,32.58067],[-16.54529,32.582],[-16.54802,32.58842],[-16.54422,32.59095],[-16.54288,32.58935]]],[[[-8.68489,40.72534],[-8.68902,40.72386],[-8.68637,40.7326],[-8.68548,40.73254],[-8.68441,40.73109],[-8.68371,40.72958],[-8.68321,40.72869],[-8.68313,40.72743],[-8.68359,40.72652],[-8.6844,40.72575],[-8.68489,40.72534]]],[[[-16.27744,33.05283],[-16.28127,33.05203],[-16.28434,33.05466],[-16.28097,33.05698],[-16.27797,33.05563],[-16.27744,33.05283]]],[[[-16.40436,33.03861],[-16.40825,33.03521],[-16.41091,33.04045],[-16.40907,33.04152],[-16.40436,33.03861]]],[[[-16.02405,30.03355],[-16.02566,30.03217],[-16.02999,30.03302],[-16.03016,30.03493],[-16.02782,30.03705],[-16.02405,30.03355]]],[[[-16.65473,32.73087],[-16.65671,32.72685],[-16.66166,32.72865],[-16.65716,32.73161],[-16.65473,32.73087]]],[[[-16.28613,33.10211],[-16.28809,33.10036],[-16.2923,33.1024],[-16.28802,33.10583],[-16.28613,33.10211]]],[[[-7.92824,36.9712],[-7.92768,36.96962],[-7.93197,36.9699],[-7.93638,36.97236],[-7.93453,36.97341],[-7.92824,36.9712]]],[[[-7.94466,36.97816],[-7.94572,36.97566],[-7.94848,36.97631],[-7.95021,36.97935],[-7.94788,36.98063],[-7.94466,36.97816]]],[[[-7.95162,36.98201],[-7.95316,36.98021],[-7.95901,36.98288],[-7.95591,36.98489],[-7.95162,36.98201]]],[[[-7.96651,36.99004],[-7.96995,36.9898],[-7.97345,36.99306],[-7.9723,36.99436],[-7.96836,36.99275],[-7.96651,36.99004]]],[[[-8.79503,37.8327],[-8.79779,37.83131],[-8.80051,37.83376],[-8.79708,37.837],[-8.79503,37.8327]]],[[[-8.75378,38.49812],[-8.75694,38.49599],[-8.76103,38.49742],[-8.75711,38.50033],[-8.75378,38.49812]]],[[[-8.70886,41.18458],[-8.70977,41.18039],[-8.71392,41.18169],[-8.71124,41.18555],[-8.70886,41.18458]]]]}},{"type":"Feature","properties":{"pais":"FRA"},"geometry":{"type":"MultiPolygon","coordinates":[[[[2.55919,51.07004],[2.566,51.04627],[2.57531,51.01581],[2.57246,51.01308],[2.57778,51.0003],[2.59446,50.99246],[2.60448,50.99089],[2.60956,50.98564],[2.60742,50.98224],[2.61162,50.9733],[2.61878,50.96701],[2.63197,50.94614],[2.62898,50.94329],[2.61868,50.94113],[2.61715,50.93449],[2.60898,50.93102],[2.60306,50.92769],[2.60005,50.92517],[2.5948,50.92077],[2.58998,50.91909],[2.59164,50.91577],[2.59353,50.91455],[2.59892,50.915],[2.60366,50.9164],[2.60503,50.91393],[2.60704,50.91269],[2.60665,50.91128],[2.60792,50.91001],[2.6073,50.9083],[2.60469,50.90634],[2.60915,50.89615],[2.6052,50.88727],[2.60968,50.88004],[2.60728,50.87258],[2.61156,50.86394],[2.59914,50.85328],[2.60091,50.84869],[2.61063,50.8497],[2.61508,50.84783],[2.61718,50.83931],[2.62551,50.83581],[2.63495,50.81274],[2.65724,50.81357],[2.66229,50.81627],[2.66978,50.82172],[2.6803,50.81352],[2.7082,50.81351],[2.71238,50.81499],[2.72474,50.80893],[2.722,50.80204],[2.72502,50.79419],[2.73853,50.78058],[2.74908,50.77875],[2.75428,50.77459],[2.76112,50.77078],[2.75743,50.76348],[2.76299,50.7618],[2.7642,50.75636],[2.78279,50.75051],[2.78265,50.7418],[2.78997,50.7315],[2.79076,50.72596],[2.81325,50.71693],[2.8197,50.71625],[2.8476,50.72236],[2.86328,50.70834],[2.87014,50.7029],[2.88639,50.7057],[2.9004,50.69327],[2.90923,50.69447],[2.91164,50.7031],[2.9223,50.70279],[2.93005,50.71166],[2.93055,50.72625],[2.93715,50.73004],[2.94416,50.73204],[2.93799,50.74019],[2.9401,50.74535],[2.95662,50.75294],[2.96416,50.74996],[2.97221,50.75021],[2.98327,50.75717],[3.00589,50.76608],[3.01121,50.7702],[3.01507,50.77319],[3.01871,50.77353],[3.02509,50.77087],[3.03525,50.77014],[3.04181,50.77582],[3.05007,50.7782],[3.05872,50.78069],[3.06197,50.77982],[3.06751,50.77834],[3.07501,50.77527],[3.07694,50.77449],[3.08142,50.77266],[3.08684,50.77295],[3.09017,50.77438],[3.09848,50.77902],[3.10597,50.78335],[3.11061,50.79276],[3.11495,50.79382],[3.12594,50.78685],[3.15017,50.7897],[3.15214,50.78185],[3.16158,50.77225],[3.16328,50.76981],[3.1649,50.7675],[3.16854,50.76451],[3.17154,50.76205],[3.17168,50.75861],[3.177,50.75616],[3.17936,50.75508],[3.18214,50.75165],[3.18332,50.7502],[3.18427,50.74903],[3.18563,50.74755],[3.18566,50.74407],[3.18797,50.74001],[3.1927,50.73901],[3.1938,50.73772],[3.19632,50.73703],[3.19783,50.73277],[3.19291,50.72454],[3.20724,50.71827],[3.20768,50.71253],[3.22264,50.71055],[3.22946,50.71246],[3.24529,50.71301],[3.25254,50.70487],[3.2604,50.70103],[3.26031,50.69211],[3.25365,50.69112],[3.26418,50.67688],[3.24956,50.67264],[3.24312,50.66936],[3.24208,50.66667],[3.241,50.65858],[3.24631,50.65275],[3.24505,50.65141],[3.24896,50.64764],[3.24523,50.64054],[3.25062,50.63613],[3.25867,50.62815],[3.25596,50.62243],[3.26885,50.61246],[3.27094,50.6055],[3.2785,50.59489],[3.27613,50.58167],[3.28205,50.57538],[3.27854,50.56508],[3.28406,50.562],[3.27602,50.55825],[3.27899,50.55523],[3.28126,50.55531],[3.2797,50.53859],[3.28454,50.5343],[3.28649,50.52757],[3.29268,50.52376],[3.29463,50.52404],[3.30013,50.52195],[3.30182,50.52131],[3.30529,50.51998],[3.31241,50.51875],[3.32012,50.51877],[3.3248,50.51309],[3.32658,50.51388],[3.32766,50.51258],[3.32714,50.50939],[3.32882,50.50811],[3.33467,50.50789],[3.36105,50.50346],[3.37106,50.49376],[3.37723,50.49097],[3.3913,50.49764],[3.40551,50.49877],[3.42814,50.5046],[3.43632,50.50965],[3.43941,50.50722],[3.45004,50.50721],[3.45473,50.51954],[3.47036,50.53262],[3.47543,50.53295],[3.49109,50.5285],[3.49906,50.52989],[3.51874,50.52314],[3.51509,50.51234],[3.50441,50.50664],[3.49707,50.49897],[3.4996,50.4886],[3.50182,50.48757],[3.50663,50.48914],[3.52279,50.49508],[3.53927,50.49508],[3.55859,50.49841],[3.56981,50.50026],[3.58011,50.49215],[3.58593,50.49058],[3.6067,50.49666],[3.61508,50.4904],[3.61907,50.48677],[3.62398,50.48423],[3.62694,50.48271],[3.63209,50.48005],[3.63033,50.47929],[3.63163,50.47655],[3.63223,50.47528],[3.63307,50.47421],[3.63784,50.46817],[3.6405,50.46586],[3.64361,50.46316],[3.64914,50.46406],[3.65551,50.46174],[3.66339,50.45396],[3.65984,50.44503],[3.66796,50.43946],[3.66879,50.43644],[3.66971,50.42301],[3.67228,50.42205],[3.67215,50.42043],[3.67029,50.41936],[3.67019,50.41674],[3.67276,50.41102],[3.67339,50.40964],[3.6732,50.38975],[3.66971,50.38643],[3.66971,50.38413],[3.66526,50.37988],[3.65776,50.37052],[3.66644,50.36183],[3.66578,50.34761],[3.66971,50.34444],[3.67213,50.3439],[3.67761,50.34042],[3.67363,50.33491],[3.67566,50.33285],[3.67842,50.33283],[3.6786,50.33107],[3.68036,50.33018],[3.68025,50.32871],[3.68488,50.32755],[3.68594,50.32525],[3.69302,50.32172],[3.69017,50.31857],[3.69467,50.31621],[3.69516,50.31348],[3.69714,50.31264],[3.70196,50.31061],[3.70804,50.30485],[3.71039,50.30317],[3.71694,50.30547],[3.71646,50.31054],[3.71339,50.31264],[3.71093,50.31432],[3.71055,50.31883],[3.71896,50.31678],[3.72215,50.31264],[3.72367,50.31066],[3.72789,50.30992],[3.73169,50.3119],[3.73024,50.31264],[3.7301,50.32817],[3.73446,50.33232],[3.73599,50.34334],[3.74079,50.3478],[3.74816,50.35063],[3.76351,50.34807],[3.76707,50.35228],[3.7828,50.35345],[3.79782,50.35155],[3.8061,50.35519],[3.81418,50.35169],[3.81161,50.34487],[3.82227,50.34654],[3.82553,50.35329],[3.83375,50.35269],[3.83878,50.35433],[3.84377,50.3536],[3.85259,50.35131],[3.85752,50.34788],[3.85892,50.34538],[3.85778,50.34246],[3.86162,50.34354],[3.86365,50.34107],[3.87253,50.33818],[3.88749,50.34016],[3.88883,50.33049],[3.88601,50.32706],[3.90343,50.32769],[3.91975,50.33218],[3.96622,50.34954],[3.96731,50.34057],[3.97281,50.34671],[3.98682,50.34246],[3.99157,50.3476],[4.01245,50.35074],[4.01614,50.35219],[4.01797,50.35639],[4.02777,50.35833],[4.03757,50.34291],[4.04249,50.33983],[4.05373,50.33852],[4.05616,50.33266],[4.06444,50.33034],[4.0772,50.32081],[4.07832,50.31264],[4.07862,50.31043],[4.07879,50.30925],[4.09782,50.3126],[4.10993,50.30242],[4.11803,50.30267],[4.12282,50.29689],[4.12551,50.28752],[4.12236,50.27707],[4.12407,50.27328],[4.13581,50.27362],[4.13508,50.26698],[4.13844,50.26193],[4.13491,50.25909],[4.13735,50.25729],[4.16361,50.25729],[4.16762,50.26122],[4.16757,50.2663],[4.16253,50.27167],[4.14993,50.27536],[4.15504,50.28429],[4.16006,50.2851],[4.16296,50.28822],[4.16795,50.28799],[4.16998,50.28504],[4.17583,50.28376],[4.17558,50.27791],[4.17893,50.27515],[4.20432,50.27416],[4.20972,50.27081],[4.21595,50.26272],[4.22137,50.25568],[4.21935,50.2514],[4.21595,50.24894],[4.21192,50.24602],[4.2062,50.24222],[4.20386,50.24066],[4.19901,50.24046],[4.19275,50.23912],[4.18284,50.23212],[4.17175,50.218],[4.166,50.21502],[4.15081,50.21342],[4.15293,50.20712],[4.15999,50.20135],[4.15971,50.1935],[4.1562,50.19284],[4.15619,50.18401],[4.14915,50.17434],[4.15465,50.17153],[4.15502,50.16713],[4.15348,50.16092],[4.13861,50.15208],[4.13486,50.14267],[4.12688,50.13492],[4.13661,50.13091],[4.15158,50.12867],[4.15544,50.12963],[4.15904,50.13521],[4.17842,50.13371],[4.19604,50.13504],[4.19971,50.13313],[4.19844,50.12792],[4.20179,50.12312],[4.20287,50.11517],[4.19761,50.10944],[4.19848,50.10727],[4.20622,50.10519],[4.20215,50.10153],[4.20327,50.09855],[4.21348,50.09454],[4.21595,50.09193],[4.2275,50.07968],[4.23034,50.07125],[4.22156,50.06297],[4.21595,50.06128],[4.19925,50.05625],[4.19334,50.04989],[4.17703,50.04611],[4.17102,50.047],[4.16074,50.04753],[4.13743,50.02177],[4.13538,50.01518],[4.14775,50.00311],[4.15351,50.00072],[4.16051,50.00093],[4.16269,49.99694],[4.1554,49.98604],[4.14085,49.97876],[4.15354,49.97489],[4.17388,49.97604],[4.17846,49.97237],[4.1965,49.9673],[4.19732,49.95449],[4.20661,49.95744],[4.21595,49.95758],[4.23313,49.95783],[4.2564,49.96367],[4.27036,49.96503],[4.29185,49.96406],[4.30599,49.96798],[4.31041,49.9684],[4.32361,49.9634],[4.33511,49.96233],[4.34974,49.95225],[4.35547,49.9524],[4.37214,49.95175],[4.38077,49.95375],[4.3911,49.94818],[4.39914,49.9484],[4.41792,49.94682],[4.43249,49.94162],[4.44021,49.94108],[4.44576,49.93718],[4.48058,49.94769],[4.48599,49.94606],[4.49518,49.9485],[4.49871,49.94813],[4.50477,49.9475],[4.51128,49.94681],[4.51638,49.95049],[4.52363,49.9514],[4.53194,49.96203],[4.54113,49.96868],[4.56109,49.9697],[4.57015,49.97363],[4.57224,49.97467],[4.57377,49.97702],[4.57363,49.98025],[4.576,49.98113],[4.58169,49.98344],[4.58836,49.98414],[4.59735,49.9862],[4.60008,49.98602],[4.63354,49.98761],[4.66918,49.99689],[4.69456,49.99651],[4.68709,50.00271],[4.68565,50.00775],[4.6885,50.01138],[4.68589,50.01432],[4.68576,50.02039],[4.68708,50.0246],[4.68491,50.02677],[4.68726,50.02844],[4.69059,50.03401],[4.6917,50.03742],[4.69632,50.04253],[4.69513,50.04718],[4.69576,50.04866],[4.69974,50.05298],[4.69707,50.0554],[4.69698,50.0593],[4.6872,50.05796],[4.68077,50.06738],[4.68756,50.07202],[4.69174,50.08264],[4.70145,50.09452],[4.71336,50.09702],[4.72007,50.10205],[4.73929,50.10803],[4.74201,50.10887],[4.75129,50.11176],[4.75225,50.11679],[4.74884,50.12176],[4.75592,50.12165],[4.76314,50.13638],[4.77964,50.14135],[4.7967,50.14868],[4.80565,50.15313],[4.82242,50.16688],[4.82528,50.16085],[4.8341,50.1539],[4.85297,50.15236],[4.87197,50.15356],[4.87692,50.1535],[4.88239,50.14143],[4.89531,50.13978],[4.89501,50.13547],[4.88546,50.1308],[4.87902,50.13039],[4.86799,50.11978],[4.87312,50.10834],[4.86876,50.09784],[4.87474,50.09436],[4.87237,50.08885],[4.86773,50.08899],[4.86192,50.09219],[4.85879,50.09936],[4.85008,50.10019],[4.83881,50.09373],[4.8459,50.08494],[4.84044,50.0828],[4.84211,50.0766],[4.83773,50.06798],[4.82073,50.06528],[4.81918,50.06068],[4.82726,50.05829],[4.82831,50.04927],[4.83932,50.04644],[4.84125,50.04277],[4.8393,50.03729],[4.83005,50.0335],[4.82026,50.02606],[4.82108,50.02201],[4.81731,50.01656],[4.8203,50.0107],[4.81619,50.00241],[4.81758,49.99409],[4.80538,49.98364],[4.79406,49.98145],[4.79467,49.97657],[4.79023,49.96917],[4.79087,49.95842],[4.81381,49.95428],[4.83059,49.94943],[4.83956,49.95043],[4.84671,49.94884],[4.85858,49.9323],[4.87583,49.92474],[4.88024,49.92201],[4.88107,49.91658],[4.88905,49.9093],[4.88661,49.90629],[4.87919,49.90493],[4.87735,49.9024],[4.88485,49.90155],[4.88653,49.89884],[4.87808,49.89419],[4.87181,49.88697],[4.87046,49.87973],[4.86515,49.8764],[4.86172,49.86683],[4.85164,49.86375],[4.8517,49.85434],[4.85506,49.84904],[4.85748,49.84233],[4.8665,49.84123],[4.8691,49.82386],[4.87614,49.81914],[4.86626,49.8133],[4.86285,49.80254],[4.85282,49.79351],[4.86171,49.78929],[4.87077,49.78952],[4.8701,49.79343],[4.87554,49.79338],[4.8807,49.79246],[4.88722,49.78806],[4.89776,49.78856],[4.90556,49.78576],[4.92019,49.78827],[4.93141,49.78673],[4.93235,49.78984],[4.93881,49.79285],[4.94235,49.79237],[4.94295,49.79069],[4.94913,49.79916],[4.95641,49.80113],[4.965,49.79837],[4.96943,49.80183],[4.99626,49.80018],[5.00175,49.79368],[5.00814,49.78303],[5.01487,49.77953],[5.02127,49.77765],[5.0468,49.77016],[5.06016,49.76696],[5.06641,49.76176],[5.07194,49.76126],[5.07831,49.76282],[5.08374,49.76262],[5.08591,49.76364],[5.08776,49.76601],[5.09346,49.76375],[5.09657,49.75981],[5.11692,49.73989],[5.11847,49.73836],[5.11843,49.73568],[5.12484,49.72696],[5.12304,49.71733],[5.12639,49.71303],[5.13932,49.71314],[5.14361,49.70932],[5.15374,49.71793],[5.16505,49.71112],[5.16389,49.69893],[5.16617,49.69294],[5.19103,49.6946],[5.19963,49.69234],[5.20595,49.69523],[5.21719,49.68841],[5.23074,49.6906],[5.244,49.68692],[5.25634,49.69369],[5.26717,49.69583],[5.27863,49.69015],[5.28115,49.68571],[5.28218,49.68559],[5.28653,49.68184],[5.30747,49.67193],[5.31913,49.66369],[5.32887,49.65784],[5.33241,49.65427],[5.33239,49.65263],[5.31781,49.64645],[5.31819,49.64484],[5.31417,49.64078],[5.31169,49.63828],[5.30861,49.63663],[5.30794,49.63402],[5.30635,49.63196],[5.30489,49.63008],[5.30564,49.62398],[5.31199,49.61315],[5.31495,49.61205],[5.32194,49.61421],[5.32768,49.61659],[5.33878,49.61684],[5.34734,49.63057],[5.35222,49.63016],[5.36429,49.62332],[5.37549,49.62288],[5.39351,49.61711],[5.40235,49.61045],[5.41111,49.60787],[5.43094,49.59241],[5.42931,49.58793],[5.43807,49.57033],[5.4461,49.5674],[5.45676,49.56668],[5.4471,49.55456],[5.44133,49.55217],[5.44252,49.55029],[5.46559,49.53685],[5.46606,49.52649],[5.44717,49.51791],[5.46304,49.50974],[5.46527,49.50053],[5.47088,49.49724],[5.47663,49.49904],[5.48509,49.50708],[5.50336,49.50709],[5.51703,49.50974],[5.53143,49.51254],[5.53268,49.5131],[5.53342,49.51344],[5.54241,49.5167],[5.5465,49.52418],[5.5526,49.52774],[5.55665,49.52868],[5.56329,49.5263],[5.56987,49.52766],[5.59366,49.52153],[5.6009,49.51644],[5.60529,49.50974],[5.60708,49.50701],[5.61097,49.50595],[5.61386,49.50974],[5.6174,49.51438],[5.62086,49.52058],[5.61704,49.52867],[5.62176,49.53397],[5.63278,49.53959],[5.63167,49.54166],[5.63544,49.54488],[5.64231,49.54709],[5.64384,49.55011],[5.64802,49.55084],[5.66072,49.55306],[5.66921,49.54854],[5.67883,49.54871],[5.6826,49.54612],[5.68955,49.54593],[5.70124,49.53955],[5.72001,49.54013],[5.72522,49.54392],[5.73456,49.54569],[5.74004,49.53903],[5.75713,49.54259],[5.7563,49.55546],[5.759,49.56028],[5.77125,49.56298],[5.77704,49.56079],[5.78398,49.55817],[5.79344,49.55151],[5.80744,49.55012],[5.81812,49.54631],[5.81523,49.54497],[5.81056,49.54343],[5.80792,49.54256],[5.80828,49.54089],[5.81198,49.542],[5.81408,49.54039],[5.81526,49.53937],[5.81718,49.53703],[5.83579,49.54181],[5.84624,49.52953],[5.83537,49.52621],[5.83602,49.51998],[5.8475,49.51458],[5.85032,49.50974],[5.86641,49.50029],[5.89339,49.49694],[5.89722,49.49664],[5.90388,49.49869],[5.90571,49.49925],[5.90645,49.50034],[5.91168,49.50186],[5.92728,49.4987],[5.93415,49.49969],[5.93619,49.49998],[5.94106,49.5006],[5.95533,49.49335],[5.97249,49.49036],[5.97062,49.48765],[5.96959,49.48616],[5.97438,49.4804],[5.97136,49.47511],[5.97446,49.46516],[5.97921,49.46174],[5.9868,49.46264],[5.98797,49.46127],[5.98582,49.45617],[5.98242,49.45703],[5.97878,49.45463],[5.97905,49.45291],[5.98203,49.4511],[5.99905,49.45634],[6.00808,49.45249],[6.02804,49.45491],[6.02711,49.44971],[6.0329,49.44937],[6.04214,49.44784],[6.04981,49.45973],[6.05674,49.46547],[6.07099,49.46513],[6.07871,49.46331],[6.08061,49.45943],[6.08743,49.45539],[6.10081,49.45291],[6.09939,49.46697],[6.10617,49.47146],[6.11005,49.47134],[6.11601,49.47114],[6.12227,49.47339],[6.12668,49.48248],[6.12721,49.48765],[6.12783,49.49369],[6.13332,49.49046],[6.14185,49.49163],[6.14126,49.48765],[6.14109,49.48646],[6.14427,49.48765],[6.16006,49.49374],[6.15536,49.50049],[6.15757,49.50409],[6.17369,49.50887],[6.17962,49.5071],[6.19526,49.50576],[6.21673,49.50684],[6.21803,49.50939],[6.23563,49.5081],[6.23681,49.50974],[6.24011,49.51432],[6.24646,49.50974],[6.25518,49.50922],[6.26445,49.50463],[6.27755,49.50285],[6.28056,49.49419],[6.28383,49.49306],[6.2863,49.4938],[6.28851,49.48765],[6.28898,49.48635],[6.29833,49.48743],[6.29677,49.48128],[6.30523,49.47802],[6.31202,49.47968],[6.32044,49.47701],[6.33377,49.46692],[6.34196,49.46871],[6.3471,49.46606],[6.35389,49.46633],[6.36439,49.45952],[6.36885,49.45985],[6.3668,49.466],[6.36711,49.46951],[6.37615,49.46445],[6.40359,49.46592],[6.42194,49.47606],[6.43054,49.47524],[6.44055,49.46671],[6.44513,49.46747],[6.45548,49.46315],[6.46495,49.46549],[6.48466,49.45261],[6.48486,49.45248],[6.48629,49.45162],[6.49189,49.45126],[6.49478,49.45066],[6.49688,49.45053],[6.49937,49.45038],[6.5078,49.44588],[6.52343,49.43636],[6.5353,49.43412],[6.54052,49.43254],[6.55699,49.41921],[6.54755,49.41709],[6.53886,49.41195],[6.53768,49.40832],[6.54079,49.40124],[6.55119,49.39955],[6.55225,49.39421],[6.56458,49.38893],[6.57546,49.38906],[6.58473,49.38505],[6.58457,49.36977],[6.59433,49.37061],[6.59963,49.36701],[6.58864,49.35145],[6.58016,49.35611],[6.5692,49.35788],[6.5644,49.35557],[6.56563,49.34859],[6.57659,49.34044],[6.57839,49.33496],[6.58607,49.33629],[6.5956,49.33006],[6.58912,49.32206],[6.60006,49.31512],[6.60394,49.31266],[6.61483,49.30232],[6.62368,49.30251],[6.63227,49.29575],[6.63896,49.29498],[6.64464,49.28978],[6.6507,49.28774],[6.65337,49.28124],[6.66012,49.28367],[6.66897,49.27997],[6.66646,49.27666],[6.66704,49.26949],[6.66109,49.26153],[6.66208,49.25747],[6.666,49.25476],[6.67562,49.25686],[6.68373,49.25311],[6.68964,49.24777],[6.68546,49.24362],[6.69023,49.23057],[6.68891,49.22269],[6.69453,49.21645],[6.70643,49.21665],[6.71974,49.22111],[6.72347,49.21883],[6.72566,49.21437],[6.73144,49.20596],[6.72872,49.20307],[6.72318,49.19878],[6.71121,49.18834],[6.71926,49.17683],[6.72947,49.16966],[6.73833,49.16415],[6.74784,49.16604],[6.76171,49.16506],[6.77395,49.16751],[6.78984,49.16638],[6.79563,49.1631],[6.83457,49.15131],[6.8366,49.15222],[6.84389,49.1555],[6.84676,49.15752],[6.84584,49.16026],[6.84504,49.17267],[6.85817,49.17509],[6.86106,49.17855],[6.85842,49.18613],[6.85055,49.19351],[6.85115,49.20084],[6.83761,49.21293],[6.8603,49.22245],[6.87428,49.21467],[6.88511,49.21146],[6.89461,49.21012],[6.90102,49.21353],[6.91223,49.21569],[6.92252,49.22306],[6.93756,49.22194],[6.94437,49.21383],[6.95357,49.20611],[6.96023,49.20371],[6.97546,49.20908],[6.99306,49.20042],[6.99948,49.19446],[7.00837,49.19353],[7.0114,49.18856],[7.01555,49.19127],[7.02052,49.1926],[7.02375,49.18986],[7.03415,49.19078],[7.03337,49.18237],[7.02944,49.17673],[7.02789,49.17047],[7.03282,49.16327],[7.03271,49.15651],[7.0463,49.13712],[7.04523,49.1286],[7.0465,49.1171],[7.05152,49.11338],[7.05757,49.11225],[7.06658,49.11474],[7.07258,49.12448],[7.0902,49.1317],[7.08314,49.14085],[7.08235,49.15126],[7.09436,49.15282],[7.10107,49.156],[7.11219,49.15159],[7.1037,49.14497],[7.10406,49.13839],[7.12556,49.14139],[7.13159,49.13222],[7.13243,49.13157],[7.13577,49.12896],[7.15875,49.12063],[7.1634,49.12685],[7.18537,49.13042],[7.19543,49.12209],[7.19833,49.11523],[7.20838,49.12422],[7.24378,49.12968],[7.24911,49.12729],[7.26448,49.12315],[7.28237,49.12366],[7.28327,49.11715],[7.29318,49.11491],[7.30417,49.12419],[7.31021,49.12944],[7.31532,49.13809],[7.32896,49.14431],[7.35924,49.14368],[7.36279,49.14521],[7.36249,49.14864],[7.36263,49.15589],[7.36876,49.16146],[7.36555,49.17122],[7.38112,49.17503],[7.38186,49.17513],[7.41069,49.17926],[7.44565,49.18415],[7.4363,49.1795],[7.43644,49.17738],[7.44047,49.17467],[7.44139,49.17205],[7.43952,49.17022],[7.43338,49.16806],[7.43303,49.16599],[7.43552,49.16462],[7.43934,49.1646],[7.44839,49.16854],[7.45384,49.16691],[7.45705,49.16414],[7.46108,49.16346],[7.46899,49.16759],[7.48054,49.16944],[7.49176,49.16948],[7.49379,49.16774],[7.49543,49.15646],[7.50616,49.15356],[7.50532,49.15083],[7.49783,49.14638],[7.49479,49.14207],[7.49009,49.14132],[7.48957,49.13647],[7.49749,49.1343],[7.50544,49.12311],[7.51589,49.12021],[7.52352,49.10606],[7.52946,49.10205],[7.52868,49.09709],[7.5378,49.09641],[7.53569,49.0936],[7.54045,49.0911],[7.54459,49.08844],[7.54979,49.08584],[7.55574,49.08355],[7.55883,49.08224],[7.56866,49.07988],[7.59814,49.08295],[7.60598,49.08126],[7.61866,49.0748],[7.63003,49.07268],[7.63186,49.05558],[7.63565,49.05395],[7.64826,49.05133],[7.67347,49.0454],[7.68142,49.04867],[7.6973,49.04963],[7.69716,49.05176],[7.69245,49.05412],[7.69424,49.0567],[7.69595,49.0578],[7.70481,49.05604],[7.70894,49.05293],[7.71668,49.05353],[7.72153,49.05164],[7.73058,49.05504],[7.73205,49.04437],[7.73488,49.04421],[7.74131,49.04696],[7.75925,49.04556],[7.76606,49.04678],[7.77435,49.0547],[7.77653,49.05674],[7.7785,49.05764],[7.78382,49.05834],[7.78905,49.05892],[7.79572,49.06509],[7.80962,49.06118],[7.81865,49.0543],[7.83087,49.04766],[7.85036,49.04311],[7.8524,49.03755],[7.85546,49.03535],[7.86737,49.03301],[7.87479,49.04059],[7.8882,49.04832],[7.90291,49.04486],[7.91065,49.04516],[7.91457,49.041],[7.92112,49.0427],[7.93351,49.05758],[7.94529,49.05432],[7.94637,49.04998],[7.95777,49.04342],[7.9644,49.04288],[7.97543,49.02755],[7.98295,49.02646],[7.9971,49.02864],[8.01136,49.02486],[8.01387,49.02175],[8.02328,49.0181],[8.03027,49.01857],[8.04169,49.01579],[8.05042,49.01319],[8.06305,49.00549],[8.06821,48.99938],[8.06841,48.99932],[8.0705,48.99682],[8.09144,48.98939],[8.10388,48.98942],[8.11344,48.98614],[8.12382,48.98523],[8.13287,48.98116],[8.14748,48.97765],[8.16243,48.97755],[8.1631,48.97762],[8.17447,48.97884],[8.19423,48.97647],[8.1965,48.96933],[8.19952,48.96773],[8.21621,48.97507],[8.2237,48.97534],[8.22816,48.97217],[8.23263,48.96657],[8.22793,48.96516],[8.20289,48.95979],[8.19866,48.95813],[8.19639,48.9565],[8.19361,48.95396],[8.19177,48.95163],[8.18739,48.94537],[8.16952,48.92545],[8.16856,48.92453],[8.1655,48.92157],[8.16385,48.91998],[8.15964,48.91597],[8.15576,48.91229],[8.15349,48.90991],[8.14655,48.90229],[8.14164,48.89605],[8.13036,48.88048],[8.12147,48.86496],[8.11989,48.86161],[8.11565,48.85262],[8.10955,48.83666],[8.10641,48.82846],[8.10592,48.82661],[8.10471,48.82259],[8.10383,48.82012],[8.10117,48.81593],[8.09431,48.80835],[8.08704,48.80203],[8.08413,48.79984],[8.07222,48.7924],[8.06323,48.78953],[8.05833,48.78901],[8.04178,48.79067],[8.03078,48.78754],[8.02611,48.78288],[8.02314,48.76908],[8.01748,48.76281],[8.00539,48.75918],[7.98302,48.76111],[7.97362,48.75881],[7.96891,48.75371],[7.96715,48.74673],[7.96701,48.74547],[7.96707,48.74015],[7.96774,48.72982],[7.95963,48.71858],[7.92444,48.69042],[7.89626,48.66724],[7.88998,48.6626],[7.88126,48.65845],[7.86173,48.65059],[7.8524,48.64807],[7.8481,48.64691],[7.84478,48.64539],[7.842,48.64373],[7.83974,48.64128],[7.83804,48.63886],[7.83611,48.63409],[7.83598,48.63368],[7.83011,48.61981],[7.80086,48.58545],[7.80534,48.56006],[7.80327,48.53717],[7.8062,48.51795],[7.80133,48.50785],[7.79153,48.49998],[7.78195,48.49639],[7.77147,48.49246],[7.77024,48.4914],[7.7682,48.48966],[7.76695,48.48713],[7.76712,48.47852],[7.7671,48.47494],[7.76654,48.46516],[7.7664,48.46392],[7.76602,48.46046],[7.76504,48.45661],[7.76285,48.45103],[7.76167,48.4485],[7.75345,48.43456],[7.7523,48.43261],[7.74484,48.41955],[7.73369,48.39871],[7.73104,48.383],[7.73613,48.36263],[7.73867,48.35466],[7.73914,48.35324],[7.74343,48.34036],[7.74517,48.33511],[7.74561,48.33255],[7.74522,48.32977],[7.74464,48.32781],[7.74345,48.32547],[7.74183,48.3236],[7.73984,48.32173],[7.73708,48.31961],[7.70498,48.30951],[7.69355,48.30151],[7.68071,48.25727],[7.67958,48.25418],[7.67198,48.23456],[7.6651,48.22015],[7.64723,48.20969],[7.64187,48.20401],[7.63708,48.19578],[7.62952,48.18371],[7.61518,48.17088],[7.61137,48.16761],[7.5998,48.15574],[7.60036,48.14068],[7.59728,48.1343],[7.57792,48.12139],[7.57729,48.11565],[7.57824,48.11145],[7.57932,48.10669],[7.57859,48.09915],[7.57368,48.09103],[7.57161,48.08846],[7.56995,48.08479],[7.56917,48.08005],[7.56994,48.07525],[7.57338,48.05965],[7.56885,48.03561],[7.57854,48.02492],[7.5815,48.02255],[7.5832,48.02121],[7.59024,48.01569],[7.60351,48.00519],[7.60688,48.00214],[7.60858,48.00036],[7.61019,47.99869],[7.61344,47.99469],[7.61611,47.99047],[7.61851,47.9858],[7.62165,47.97651],[7.62197,47.97475],[7.62195,47.97281],[7.62159,47.971],[7.62094,47.96898],[7.6171,47.96345],[7.61294,47.9582],[7.61156,47.95649],[7.60956,47.95423],[7.6077,47.95255],[7.60454,47.94998],[7.60296,47.94878],[7.59156,47.94007],[7.58799,47.93712],[7.58581,47.93485],[7.5839,47.93233],[7.58247,47.92986],[7.58106,47.92682],[7.58055,47.92415],[7.58067,47.92078],[7.58072,47.91916],[7.58235,47.908],[7.58265,47.90554],[7.58293,47.90342],[7.58279,47.90137],[7.58224,47.8993],[7.58163,47.89801],[7.57545,47.89125],[7.5593,47.88195],[7.55546,47.87051],[7.56341,47.85119],[7.56188,47.84021],[7.54584,47.81267],[7.54108,47.80346],[7.53023,47.78261],[7.53338,47.76604],[7.53871,47.75642],[7.53985,47.75435],[7.54599,47.74357],[7.54811,47.73947],[7.54853,47.73508],[7.5476,47.72982],[7.54565,47.72538],[7.5437,47.72233],[7.54038,47.71853],[7.53815,47.71673],[7.53496,47.71473],[7.53181,47.71296],[7.52795,47.71079],[7.51377,47.70282],[7.51217,47.70045],[7.5117,47.69839],[7.51159,47.69676],[7.51231,47.69491],[7.51626,47.68976],[7.51888,47.6847],[7.51947,47.68037],[7.51901,47.67266],[7.51956,47.66812],[7.52108,47.66385],[7.52467,47.6602],[7.52644,47.6586],[7.53066,47.65477],[7.53275,47.65316],[7.5379,47.64918],[7.54348,47.64612],[7.54646,47.64448],[7.56082,47.63722],[7.56412,47.63486],[7.56697,47.63213],[7.56736,47.63174],[7.57397,47.61667],[7.58908,47.60652],[7.59271,47.59871],[7.59224,47.59562],[7.58904,47.58988],[7.58447,47.57647],[7.57482,47.57614],[7.56687,47.57697],[7.55852,47.57295],[7.55516,47.56456],[7.55179,47.56339],[7.52716,47.55242],[7.51918,47.54643],[7.50789,47.54476],[7.50452,47.54297],[7.50083,47.54078],[7.49924,47.53983],[7.49823,47.53662],[7.49904,47.53524],[7.50375,47.52863],[7.50996,47.52896],[7.5162,47.53261],[7.51945,47.53391],[7.5274,47.53183],[7.53148,47.52772],[7.5239,47.51523],[7.51487,47.51678],[7.50463,47.5148],[7.49782,47.52123],[7.49955,47.51627],[7.50896,47.50927],[7.51091,47.50258],[7.50996,47.49683],[7.49751,47.48925],[7.48763,47.48231],[7.47601,47.48001],[7.4709,47.48045],[7.46628,47.485],[7.46463,47.48663],[7.46213,47.48909],[7.45967,47.48888],[7.45697,47.48865],[7.45464,47.48944],[7.43478,47.49797],[7.42124,47.48018],[7.43001,47.48179],[7.4558,47.47279],[7.44502,47.46172],[7.43007,47.45928],[7.42794,47.45705],[7.42848,47.45352],[7.42334,47.45083],[7.42373,47.44899],[7.42114,47.44639],[7.42006,47.4453],[7.41394,47.44204],[7.40658,47.4402],[7.40285,47.43786],[7.40298,47.43551],[7.40036,47.4354],[7.38089,47.43189],[7.35275,47.43441],[7.3374,47.44088],[7.32647,47.43985],[7.32457,47.43896],[7.30392,47.43842],[7.29198,47.43363],[7.28323,47.43449],[7.27053,47.42733],[7.24559,47.4203],[7.24499,47.42605],[7.23852,47.42957],[7.23591,47.43689],[7.22577,47.43954],[7.20624,47.43489],[7.19687,47.43563],[7.18966,47.43943],[7.17042,47.44345],[7.17291,47.44646],[7.17459,47.45014],[7.17827,47.45815],[7.17761,47.45971],[7.17905,47.46113],[7.17923,47.46291],[7.17883,47.46418],[7.17833,47.46885],[7.19119,47.48768],[7.20233,47.49171],[7.19852,47.49366],[7.17121,47.48958],[7.15936,47.49077],[7.14978,47.49727],[7.13035,47.50304],[7.11186,47.49511],[7.10037,47.49432],[7.09673,47.49514],[7.07488,47.48817],[7.0704,47.49227],[7.06291,47.49452],[7.0414,47.49699],[7.03697,47.4975],[7.03625,47.49901],[7.02724,47.50133],[7.02441,47.50422],[7.00575,47.50112],[6.98291,47.49427],[6.98826,47.48713],[6.9885,47.47305],[6.99292,47.47125],[6.99103,47.46809],[6.99178,47.46643],[7.00036,47.46688],[6.99981,47.46426],[7.00109,47.46176],[6.99788,47.45811],[7.00093,47.45393],[6.99518,47.44962],[6.97029,47.44706],[6.96862,47.44321],[6.96624,47.43772],[6.96365,47.4357],[6.95775,47.43373],[6.95462,47.43508],[6.95143,47.43479],[6.93919,47.4337],[6.94156,47.41642],[6.9386,47.40648],[6.91731,47.40547],[6.91549,47.39818],[6.90954,47.39618],[6.91159,47.39041],[6.91367,47.38946],[6.91194,47.38618],[6.90518,47.38294],[6.89496,47.38167],[6.89352,47.38047],[6.88421,47.37278],[6.87981,47.35244],[6.89352,47.35653],[6.90103,47.35877],[6.92108,47.35564],[6.93527,47.35759],[6.97449,47.36029],[6.98956,47.36348],[7.00229,47.366],[7.01234,47.37279],[7.03365,47.36788],[7.03526,47.36403],[7.0414,47.36374],[7.04355,47.36364],[7.04878,47.36121],[7.05213,47.35279],[7.05081,47.34773],[7.06069,47.34371],[7.05293,47.3369],[7.05539,47.33378],[7.04618,47.32728],[7.0414,47.32774],[7.03444,47.32841],[7.02648,47.32633],[7.01247,47.32469],[7.00974,47.32437],[7.01574,47.31393],[7.0074,47.30131],[6.99583,47.29645],[6.97768,47.29597],[6.97347,47.29198],[6.94714,47.29089],[6.94465,47.28887],[6.94161,47.28507],[6.95138,47.26898],[6.94722,47.25231],[6.95514,47.24317],[6.94413,47.23817],[6.94234,47.23457],[6.92872,47.2284],[6.92214,47.22181],[6.89311,47.20779],[6.88944,47.20507],[6.88016,47.19974],[6.87312,47.18573],[6.86708,47.1844],[6.86142,47.17935],[6.84193,47.1708],[6.84569,47.16652],[6.85891,47.16529],[6.84907,47.15638],[6.82649,47.14418],[6.82474,47.14192],[6.82037,47.14028],[6.81747,47.1375],[6.80921,47.13496],[6.80455,47.13046],[6.79239,47.127],[6.7899,47.12601],[6.77888,47.12348],[6.7753,47.12106],[6.77015,47.12123],[6.76515,47.12033],[6.75242,47.11456],[6.74777,47.11031],[6.74414,47.10962],[6.74053,47.10735],[6.74584,47.09667],[6.73904,47.09049],[6.72571,47.09118],[6.71606,47.08811],[6.70426,47.08194],[6.70662,47.07874],[6.70531,47.07445],[6.69263,47.06693],[6.70113,47.05937],[6.71974,47.05232],[6.69896,47.0388],[6.69681,47.0375],[6.6865,47.03741],[6.67794,47.03523],[6.65763,47.02544],[6.64216,47.0048],[6.63372,46.99854],[6.61676,46.9918],[6.60006,46.99239],[6.59614,46.99253],[6.59193,46.99079],[6.58423,46.98761],[6.56346,46.97959],[6.51936,46.97084],[6.50662,46.96659],[6.49669,46.97419],[6.49136,46.97064],[6.48602,46.96717],[6.48133,46.96412],[6.47253,46.95687],[6.47165,46.95563],[6.47028,46.95368],[6.46626,46.95046],[6.46208,46.94709],[6.45948,46.94307],[6.44475,46.93341],[6.43766,46.93048],[6.43275,46.92846],[6.4337,46.92633],[6.43579,46.92165],[6.43766,46.92034],[6.44123,46.91784],[6.44469,46.9141],[6.44745,46.91111],[6.46393,46.89098],[6.4628,46.87554],[6.46132,46.86219],[6.46001,46.85155],[6.4552,46.84614],[6.45278,46.84343],[6.44879,46.83894],[6.44578,46.83556],[6.44251,46.83188],[6.43961,46.82412],[6.43985,46.82236],[6.44068,46.81626],[6.43766,46.81504],[6.43482,46.81388],[6.431,46.81233],[6.43463,46.80204],[6.43766,46.79994],[6.4417,46.79776],[6.45756,46.78825],[6.45169,46.77399],[6.4389,46.76637],[6.43802,46.76363],[6.43942,46.76257],[6.43766,46.76145],[6.42758,46.75573],[6.41714,46.75277],[6.4001,46.75018],[6.39424,46.74754],[6.38951,46.74361],[6.39118,46.73798],[6.38548,46.73211],[6.37177,46.73047],[6.37068,46.72427],[6.36511,46.72236],[6.36024,46.72309],[6.35745,46.71986],[6.35422,46.71842],[6.3531,46.71638],[6.35242,46.71514],[6.34904,46.71426],[6.34757,46.71344],[6.34201,46.71038],[6.33254,46.7076],[6.32781,46.70621],[6.32414,46.70604],[6.3074,46.69859],[6.29822,46.69449],[6.29578,46.69438],[6.28311,46.69046],[6.27788,46.68665],[6.27049,46.6832],[6.2688,46.67769],[6.25728,46.66978],[6.23476,46.65563],[6.22739,46.64826],[6.21943,46.64491],[6.21711,46.64339],[6.21713,46.64194],[6.21279,46.64063],[6.18207,46.62115],[6.17513,46.61398],[6.16608,46.61043],[6.16122,46.6099],[6.15378,46.60376],[6.14914,46.60237],[6.14225,46.59827],[6.13884,46.59712],[6.12611,46.58947],[6.12174,46.58401],[6.11096,46.57666],[6.13811,46.55767],[6.15646,46.54526],[6.14988,46.54012],[6.15233,46.5359],[6.14556,46.52937],[6.13666,46.52965],[6.12083,46.51694],[6.11711,46.51362],[6.11296,46.5099],[6.11118,46.50672],[6.11005,46.5047],[6.10314,46.49233],[6.09804,46.48322],[6.09713,46.48159],[6.07358,46.46527],[6.07575,46.45325],[6.08624,46.44315],[6.08544,46.44062],[6.08417,46.43956],[6.07491,46.43184],[6.07399,46.42839],[6.07026,46.42487],[6.064,46.41623],[6.09682,46.40875],[6.10528,46.4003],[6.11005,46.39931],[6.11749,46.39777],[6.14939,46.37802],[6.15491,46.37765],[6.15858,46.37954],[6.17014,46.36644],[6.16086,46.35893],[6.15802,46.35097],[6.14884,46.34292],[6.13889,46.33886],[6.13921,46.33464],[6.1377,46.33313],[6.13145,46.32466],[6.12561,46.31723],[6.12437,46.31727],[6.11909,46.30772],[6.12114,46.29717],[6.11005,46.28989],[6.10237,46.28485],[6.1043,46.27849],[6.11005,46.27451],[6.11201,46.27315],[6.11152,46.26959],[6.11604,46.26566],[6.12009,46.26115],[6.12358,46.25057],[6.11005,46.24074],[6.10182,46.23754],[6.08814,46.24704],[6.06943,46.24162],[6.0608,46.24477],[6.04634,46.23144],[6.0424,46.2331],[6.03372,46.23843],[6.02519,46.23324],[6.01917,46.23173],[6.01668,46.23183],[6.00206,46.22077],[5.99263,46.22192],[5.9924,46.21605],[5.97998,46.21683],[5.97441,46.21475],[5.96995,46.20709],[5.97183,46.2023],[5.9642,46.19803],[5.96368,46.19697],[5.99152,46.18684],[5.99444,46.18309],[5.99229,46.17687],[5.98829,46.17169],[5.98224,46.1722],[5.97621,46.16033],[5.97334,46.15618],[5.96514,46.1452],[5.96556,46.13744],[5.95607,46.1321],[5.95729,46.12795],[5.97576,46.1328],[5.98036,46.13588],[5.98216,46.13714],[5.98254,46.14053],[5.98273,46.14214],[5.99381,46.14412],[6.02437,46.1407],[6.03507,46.13691],[6.04781,46.14095],[6.0524,46.15083],[6.07456,46.14931],[6.09184,46.15167],[6.09943,46.14444],[6.11005,46.14289],[6.12662,46.14047],[6.13131,46.14083],[6.13554,46.14116],[6.14161,46.14611],[6.14669,46.14592],[6.15286,46.15164],[6.17542,46.15814],[6.18824,46.16649],[6.1861,46.17823],[6.19916,46.18474],[6.20699,46.19187],[6.21424,46.19379],[6.22385,46.20142],[6.23012,46.20356],[6.23406,46.20581],[6.24243,46.20508],[6.24501,46.20655],[6.2494,46.20577],[6.26333,46.21251],[6.27637,46.21525],[6.27871,46.2165],[6.28081,46.21763],[6.29173,46.22346],[6.29446,46.22493],[6.30941,46.24333],[6.30688,46.25176],[6.30853,46.25502],[6.29524,46.25595],[6.29409,46.25828],[6.29654,46.26368],[6.29488,46.2646],[6.2834,46.25444],[6.26775,46.24826],[6.25005,46.26229],[6.23853,46.27659],[6.23872,46.28201],[6.24429,46.28508],[6.25128,46.28841],[6.25188,46.29168],[6.24772,46.30183],[6.24137,46.30457],[6.23541,46.30656],[6.21955,46.31188],[6.23169,46.32943],[6.23791,46.33853],[6.24136,46.34358],[6.25296,46.36042],[6.27194,46.37041],[6.27753,46.37336],[6.3223,46.39693],[6.33519,46.40372],[6.35101,46.40583],[6.37855,46.40951],[6.39285,46.41142],[6.42269,46.41541],[6.42562,46.41581],[6.43766,46.42103],[6.50483,46.45017],[6.51176,46.45318],[6.5191,46.45637],[6.53599,46.45616],[6.58616,46.45553],[6.59487,46.45542],[6.60006,46.45536],[6.62689,46.45502],[6.65571,46.45466],[6.67356,46.45444],[6.68186,46.45433],[6.75707,46.43965],[6.77945,46.43528],[6.81269,46.42879],[6.81589,46.42817],[6.82106,46.42715],[6.80519,46.39407],[6.80216,46.38744],[6.80581,46.38001],[6.8009,46.37514],[6.79181,46.36761],[6.77983,46.36597],[6.77264,46.36183],[6.77076,46.35474],[6.77468,46.34729],[6.77913,46.34406],[6.78536,46.33306],[6.79689,46.33174],[6.80063,46.32051],[6.8079,46.32003],[6.81934,46.31534],[6.8214,46.31309],[6.82481,46.31192],[6.83003,46.30605],[6.82821,46.30278],[6.82875,46.30108],[6.83053,46.29984],[6.83433,46.29979],[6.83604,46.29747],[6.83981,46.29505],[6.84352,46.29429],[6.8453,46.29115],[6.84715,46.28998],[6.85088,46.29025],[6.85451,46.2918],[6.85892,46.29043],[6.86418,46.28032],[6.85943,46.27348],[6.85935,46.26538],[6.85452,46.2589],[6.85337,46.25339],[6.84009,46.24767],[6.83225,46.236],[6.82074,46.22997],[6.82167,46.22346],[6.81975,46.22126],[6.81661,46.21988],[6.81333,46.21512],[6.81009,46.21389],[6.81008,46.21219],[6.80838,46.21107],[6.80356,46.20314],[6.80496,46.20041],[6.80698,46.19647],[6.81242,46.18142],[6.80733,46.17785],[6.80609,46.17417],[6.80563,46.1728],[6.79559,46.16556],[6.79231,46.1632],[6.79277,46.15982],[6.79042,46.15432],[6.79827,46.13709],[6.80718,46.13579],[6.81522,46.12932],[6.81933,46.13107],[6.82395,46.13142],[6.8391,46.13256],[6.84154,46.13203],[6.84445,46.12871],[6.85269,46.12648],[6.87574,46.12548],[6.8824,46.1234],[6.89001,46.12495],[6.89352,46.12462],[6.89947,46.12406],[6.89396,46.11353],[6.89437,46.10741],[6.89352,46.10617],[6.88358,46.09486],[6.89119,46.08476],[6.88904,46.0784],[6.89146,46.07388],[6.88785,46.07319],[6.88426,46.07064],[6.88082,46.06945],[6.87308,46.05557],[6.87263,46.05205],[6.87789,46.04676],[6.89033,46.04329],[6.89352,46.04646],[6.89483,46.04777],[6.90913,46.05124],[6.92347,46.06399],[6.93304,46.06612],[6.93675,46.06392],[6.93635,46.05529],[6.943,46.05141],[6.94974,46.05173],[6.96291,46.03054],[6.96692,46.03033],[6.98027,46.02023],[6.9863,46.00462],[6.99709,45.99989],[7.00506,46.00066],[7.0088,45.99846],[7.01264,45.98789],[7.02224,45.98054],[7.02174,45.97723],[7.01122,45.9731],[7.01021,45.97046],[7.00971,45.96916],[7.01893,45.96017],[7.03674,45.95449],[7.03607,45.93835],[7.0414,45.92871],[7.04489,45.92241],[7.0414,45.92183],[7.03225,45.92031],[7.02065,45.91577],[7.01384,45.90705],[7.00637,45.90232],[7.00323,45.89711],[7.0058,45.88548],[6.99831,45.87353],[6.99046,45.86879],[6.97726,45.86852],[6.95215,45.86081],[6.94021,45.84761],[6.93366,45.84536],[6.92315,45.84768],[6.91339,45.84135],[6.90744,45.84341],[6.89514,45.84277],[6.89352,45.84359],[6.88327,45.84871],[6.8784,45.84851],[6.87417,45.84549],[6.86986,45.83336],[6.8714,45.82941],[6.8679,45.82535],[6.85424,45.83679],[6.84223,45.84035],[6.81959,45.8362],[6.80509,45.81613],[6.8079,45.81408],[6.81262,45.80815],[6.81266,45.79665],[6.80468,45.79167],[6.80237,45.77856],[6.80567,45.76957],[6.80624,45.74769],[6.81706,45.74008],[6.80908,45.7254],[6.81678,45.71998],[6.81851,45.71877],[6.82857,45.70343],[6.84161,45.69974],[6.84596,45.6905],[6.87505,45.67987],[6.88469,45.67966],[6.89352,45.67626],[6.90265,45.68037],[6.90641,45.67604],[6.90641,45.66963],[6.90219,45.66383],[6.91575,45.65983],[6.91417,45.65144],[6.93093,45.64632],[6.9613,45.65484],[6.96806,45.65439],[6.97612,45.64649],[6.99953,45.63947],[6.99695,45.62983],[6.9882,45.62484],[6.98475,45.61944],[6.98575,45.61202],[6.97837,45.58829],[6.98115,45.58345],[6.99472,45.57538],[6.99581,45.56783],[6.99082,45.56376],[6.99004,45.55933],[6.99571,45.54403],[6.99145,45.53171],[7.00453,45.51849],[7.00002,45.50467],[7.02187,45.49663],[7.0414,45.49677],[7.04385,45.49679],[7.05307,45.49513],[7.05645,45.48833],[7.05017,45.48528],[7.04635,45.47946],[7.04767,45.47415],[7.05087,45.47224],[7.0774,45.47336],[7.10472,45.46845],[7.10009,45.46366],[7.0991,45.45754],[7.11407,45.44151],[7.1131,45.43426],[7.1336,45.42659],[7.15084,45.42331],[7.16512,45.41272],[7.18404,45.40691],[7.18558,45.40327],[7.17883,45.39698],[7.1781,45.38974],[7.16289,45.38087],[7.15884,45.37039],[7.16141,45.35996],[7.15174,45.35382],[7.13945,45.35086],[7.13426,45.34706],[7.1336,45.3308],[7.12573,45.32724],[7.11509,45.32886],[7.10984,45.32694],[7.11006,45.3181],[7.11722,45.31138],[7.12187,45.29591],[7.1336,45.28493],[7.13625,45.28097],[7.12991,45.27162],[7.13249,45.2616],[7.13681,45.25798],[7.13601,45.25499],[7.12507,45.24509],[7.11005,45.24512],[7.10463,45.2371],[7.08334,45.22505],[7.07887,45.21387],[7.0688,45.20963],[7.06658,45.21041],[7.06523,45.21239],[7.06138,45.21541],[7.06084,45.21662],[7.05818,45.21937],[7.05782,45.22081],[7.05431,45.22275],[7.05109,45.22557],[7.0414,45.22488],[7.02647,45.21578],[7.02281,45.21806],[7.01852,45.21526],[7.00237,45.21977],[6.99479,45.2151],[6.9924,45.21091],[6.96512,45.20725],[6.96146,45.20306],[6.96777,45.19688],[6.95357,45.18981],[6.95377,45.18044],[6.94372,45.17585],[6.94725,45.17043],[6.93029,45.17101],[6.92223,45.16767],[6.91544,45.16843],[6.91022,45.16611],[6.89352,45.16764],[6.88556,45.15589],[6.88694,45.15394],[6.89352,45.14464],[6.89836,45.14157],[6.89352,45.13755],[6.87361,45.13574],[6.85222,45.12776],[6.84684,45.12874],[6.8457,45.13533],[6.83527,45.13596],[6.82195,45.1449],[6.79732,45.15288],[6.78722,45.15394],[6.77903,45.15825],[6.76826,45.15944],[6.762,45.15394],[6.74569,45.13962],[6.73993,45.13719],[6.72515,45.13939],[6.71167,45.14498],[6.6931,45.1397],[6.68042,45.13972],[6.67187,45.1248],[6.65818,45.12061],[6.64936,45.11535],[6.63395,45.11566],[6.63005,45.10986],[6.62743,45.10254],[6.63235,45.09567],[6.64645,45.0846],[6.6458,45.07586],[6.66227,45.07033],[6.66309,45.05699],[6.65977,45.05198],[6.66939,45.0443],[6.66447,45.03373],[6.67293,45.02088],[6.70704,45.02187],[6.7245,45.02164],[6.74027,45.01756],[6.74396,45.01517],[6.74742,45.00725],[6.75117,44.99698],[6.73843,44.99378],[6.73783,44.98943],[6.74785,44.98578],[6.75198,44.97796],[6.76362,44.97018],[6.76456,44.95937],[6.75854,44.94809],[6.74698,44.93785],[6.75776,44.93717],[6.75965,44.93537],[6.76076,44.93355],[6.76003,44.93114],[6.75421,44.9311],[6.74952,44.92299],[6.75191,44.91871],[6.75082,44.91336],[6.75092,44.91002],[6.74967,44.90746],[6.75158,44.90558],[6.76268,44.9026],[6.77209,44.90264],[6.78545,44.88947],[6.7991,44.89007],[6.8051,44.87769],[6.82968,44.86767],[6.84009,44.86034],[6.85476,44.85739],[6.86409,44.85068],[6.87717,44.85085],[6.883,44.84818],[6.89352,44.84826],[6.90045,44.84831],[6.90746,44.84474],[6.9123,44.84531],[6.92264,44.85184],[6.93137,44.86368],[6.96965,44.84701],[7.00139,44.84236],[7.00635,44.83909],[7.01041,44.82627],[7.02415,44.82304],[7.00898,44.79876],[6.99909,44.78961],[7.01147,44.78334],[7.01911,44.77557],[7.02452,44.76132],[7.02152,44.75199],[7.02573,44.74447],[7.02427,44.73996],[7.03054,44.72945],[7.0414,44.71969],[7.04256,44.71866],[7.06576,44.71346],[7.06583,44.70786],[7.07478,44.69154],[7.07708,44.68101],[7.05963,44.68042],[7.0414,44.68699],[7.0288,44.69153],[7.00344,44.68758],[6.99543,44.69024],[6.98711,44.69011],[6.98616,44.68806],[6.98299,44.68514],[6.98125,44.68417],[6.97762,44.68356],[6.97609,44.68105],[6.97206,44.67884],[6.97126,44.67727],[6.96846,44.67734],[6.96653,44.67739],[6.96319,44.67811],[6.95817,44.67171],[6.95831,44.66274],[6.94844,44.65474],[6.95365,44.63755],[6.96244,44.62707],[6.9681,44.62518],[6.96809,44.61962],[6.95764,44.62127],[6.94946,44.61862],[6.94943,44.60964],[6.93816,44.60342],[6.93348,44.59554],[6.93259,44.57397],[6.91364,44.56867],[6.91592,44.5621],[6.91338,44.55899],[6.90403,44.5553],[6.89352,44.55457],[6.88613,44.55206],[6.8783,44.55344],[6.86934,44.53758],[6.8569,44.53284],[6.85389,44.52808],[6.86132,44.50274],[6.86646,44.49471],[6.87642,44.4884],[6.87734,44.48161],[6.89078,44.47257],[6.89352,44.47175],[6.9052,44.46827],[6.9127,44.45122],[6.9367,44.4394],[6.94038,44.43403],[6.94698,44.43033],[6.94706,44.42751],[6.93448,44.42944],[6.93184,44.42526],[6.92545,44.42319],[6.91711,44.42693],[6.90371,44.42119],[6.89412,44.42007],[6.89655,44.37528],[6.88811,44.36584],[6.88743,44.36129],[6.89352,44.3602],[6.90584,44.35798],[6.91237,44.35359],[6.92096,44.35181],[6.9217,44.34416],[6.92755,44.33293],[6.94498,44.32156],[6.95276,44.31942],[6.95661,44.31403],[6.96032,44.30967],[6.95708,44.29609],[6.9705,44.29346],[6.97139,44.28449],[6.98091,44.28647],[6.99478,44.27954],[6.99724,44.25149],[7.00805,44.23621],[7.01929,44.23237],[7.02248,44.23371],[7.02967,44.23101],[7.03259,44.22613],[7.03805,44.22418],[7.0414,44.22515],[7.05481,44.22901],[7.06293,44.22762],[7.06948,44.23242],[7.07698,44.23199],[7.08676,44.22847],[7.09245,44.22105],[7.11504,44.21703],[7.1336,44.20581],[7.14647,44.20027],[7.16334,44.2075],[7.17768,44.19791],[7.18602,44.20064],[7.18911,44.19885],[7.1936,44.18719],[7.20186,44.18629],[7.20603,44.17911],[7.22016,44.16889],[7.22867,44.16929],[7.23553,44.17479],[7.24166,44.17249],[7.24891,44.15872],[7.25821,44.15421],[7.26237,44.14816],[7.27135,44.1474],[7.28148,44.14145],[7.29006,44.14534],[7.30776,44.14483],[7.31005,44.14772],[7.31963,44.14327],[7.34408,44.1448],[7.35825,44.11682],[7.36958,44.11727],[7.38598,44.12398],[7.39332,44.12489],[7.40473,44.11903],[7.41295,44.1192],[7.42168,44.11333],[7.42718,44.11305],[7.42677,44.12069],[7.43085,44.12981],[7.46069,44.12648],[7.47085,44.13217],[7.48335,44.13404],[7.49501,44.14115],[7.50392,44.14347],[7.50943,44.1431],[7.51525,44.13875],[7.52286,44.13837],[7.53241,44.14732],[7.54137,44.1455],[7.55639,44.1475],[7.56413,44.15126],[7.56466,44.15573],[7.57122,44.15268],[7.58661,44.15089],[7.59533,44.15221],[7.61873,44.14988],[7.62671,44.15865],[7.62783,44.1642],[7.63192,44.17253],[7.63584,44.17664],[7.64256,44.17809],[7.66665,44.17591],[7.67275,44.1774],[7.68447,44.17395],[7.68037,44.16419],[7.67124,44.15665],[7.67139,44.15268],[7.6785,44.14688],[7.67664,44.14214],[7.66683,44.13178],[7.67457,44.11797],[7.68901,44.10889],[7.69821,44.0967],[7.7176,44.08282],[7.71362,44.07477],[7.71424,44.06151],[7.70472,44.05358],[7.7006,44.04126],[7.6881,44.0388],[7.67424,44.02997],[7.66403,44.02985],[7.66323,44.01476],[7.67052,43.99841],[7.66398,43.99221],[7.66227,43.98686],[7.65596,43.98469],[7.65504,43.97744],[7.65161,43.97418],[7.64366,43.97358],[7.6313,43.96456],[7.6118,43.95584],[7.60192,43.95732],[7.58747,43.95479],[7.58154,43.94816],[7.57839,43.94915],[7.57189,43.94718],[7.56798,43.94306],[7.57297,43.93622],[7.5704,43.92863],[7.56719,43.92273],[7.55951,43.9177],[7.56317,43.90242],[7.56247,43.90047],[7.56116,43.89878],[7.55955,43.8974],[7.55747,43.89655],[7.55355,43.89593],[7.5515,43.89455],[7.53792,43.89279],[7.5178,43.88323],[7.51201,43.88253],[7.50749,43.87722],[7.50121,43.87497],[7.49819,43.87084],[7.49952,43.86609],[7.49531,43.86271],[7.4965,43.85084],[7.49678,43.84939],[7.49833,43.8485],[7.49906,43.84546],[7.50141,43.8448],[7.50716,43.84152],[7.51834,43.80301],[7.5273,43.79265],[7.52983,43.78401],[7.51566,43.78295],[7.50947,43.77965],[7.50828,43.77456],[7.4976,43.77159],[7.48821,43.76503],[7.48269,43.75788],[7.4874,43.7521],[7.4864,43.74973],[7.47575,43.75097],[7.46066,43.76],[7.45302,43.75807],[7.44564,43.75097],[7.43925,43.74902],[7.43736,43.75163],[7.41338,43.73458],[7.41283,43.73171],[7.41028,43.72935],[7.4157,43.72591],[7.40783,43.72073],[7.39792,43.71918],[7.38326,43.72265],[7.37298,43.71867],[7.35931,43.72194],[7.3482,43.71444],[7.34484,43.7136],[7.34272,43.71356],[7.33683,43.7098],[7.33527,43.70479],[7.32944,43.70197],[7.33527,43.69012],[7.34633,43.6859],[7.3428,43.68394],[7.33578,43.68475],[7.33398,43.67781],[7.32902,43.6754],[7.32479,43.6773],[7.32103,43.68812],[7.32516,43.69528],[7.32427,43.70032],[7.3215,43.70065],[7.31837,43.70548],[7.31462,43.70594],[7.30731,43.69781],[7.3087,43.69238],[7.30364,43.68598],[7.29501,43.68632],[7.28982,43.69277],[7.27524,43.69443],[7.26095,43.69416],[7.24789,43.69114],[7.2322,43.68079],[7.22958,43.6655],[7.21312,43.65233],[7.21171,43.64822],[7.20064,43.64613],[7.20221,43.65141],[7.19953,43.65502],[7.19296,43.65777],[7.17825,43.65607],[7.1674,43.65702],[7.15881,43.65424],[7.14972,43.64805],[7.14549,43.64182],[7.13753,43.63575],[7.1336,43.62509],[7.13008,43.6178],[7.12589,43.59684],[7.12933,43.59051],[7.12291,43.58626],[7.12967,43.58215],[7.12583,43.57414],[7.1336,43.57015],[7.13989,43.56914],[7.13626,43.55833],[7.14239,43.55066],[7.13407,43.5447],[7.12535,43.54542],[7.12044,43.54351],[7.11822,43.54822],[7.12145,43.55833],[7.11282,43.56677],[7.10032,43.57051],[7.0865,43.56976],[7.06928,43.56261],[7.06523,43.55833],[7.05772,43.55038],[7.0414,43.54104],[7.03816,43.53569],[7.03385,43.53917],[7.03192,43.54597],[7.01493,43.55047],[7.01037,43.54793],[6.99151,43.54871],[6.9729,43.5456],[6.95991,43.5403],[6.95186,43.53399],[6.94973,43.52828],[6.93836,43.51639],[6.93848,43.50938],[6.95328,43.50571],[6.9561,43.5003],[6.95521,43.497],[6.94684,43.49095],[6.94757,43.48437],[6.93408,43.48423],[6.93133,43.48026],[6.93198,43.47715],[6.9238,43.47054],[6.92519,43.46732],[6.91992,43.44956],[6.90161,43.44264],[6.89364,43.43659],[6.89485,43.43256],[6.89352,43.43126],[6.8909,43.42872],[6.87173,43.42577],[6.86647,43.43314],[6.85965,43.43276],[6.85977,43.41625],[6.85525,43.41158],[6.84473,43.41562],[6.82867,43.41799],[6.81114,43.41363],[6.79682,43.4132],[6.78901,43.40839],[6.78258,43.40962],[6.76371,43.42436],[6.748,43.41928],[6.73829,43.41112],[6.72952,43.39695],[6.73146,43.38941],[6.71477,43.37181],[6.71447,43.36824],[6.71866,43.35832],[6.71395,43.35325],[6.71525,43.34704],[6.69516,43.3407],[6.68218,43.34085],[6.67082,43.33462],[6.6657,43.32491],[6.66652,43.31818],[6.67113,43.31346],[6.6587,43.31337],[6.64365,43.30606],[6.63556,43.30725],[6.62774,43.30331],[6.62449,43.29705],[6.62078,43.29581],[6.60006,43.28493],[6.58949,43.28203],[6.58302,43.27586],[6.57578,43.27295],[6.57761,43.27],[6.58412,43.27237],[6.58677,43.26955],[6.58313,43.26695],[6.59416,43.26219],[6.60006,43.26282],[6.62361,43.26534],[6.64163,43.27413],[6.66452,43.26529],[6.66907,43.26875],[6.6701,43.27602],[6.67817,43.27811],[6.69695,43.26528],[6.69008,43.25259],[6.67676,43.2447],[6.66922,43.24517],[6.66542,43.24235],[6.6627,43.21903],[6.66912,43.20698],[6.67984,43.19936],[6.67549,43.19607],[6.65769,43.1953],[6.64348,43.18678],[6.6398,43.1737],[6.62972,43.16999],[6.61923,43.15995],[6.61062,43.16619],[6.60179,43.1814],[6.60006,43.18251],[6.59794,43.18387],[6.56146,43.18874],[6.5523,43.18737],[6.54183,43.18238],[6.53531,43.17621],[6.53488,43.17261],[6.53936,43.16938],[6.53542,43.16428],[6.52262,43.16529],[6.50794,43.15575],[6.49462,43.15087],[6.49014,43.15273],[6.48621,43.15184],[6.47794,43.15551],[6.47042,43.15447],[6.46433,43.15708],[6.44842,43.15242],[6.44755,43.14824],[6.44207,43.14403],[6.43766,43.14863],[6.428,43.1511],[6.41978,43.14811],[6.40345,43.14869],[6.39653,43.14401],[6.38491,43.14369],[6.37598,43.13598],[6.36816,43.13597],[6.36428,43.12587],[6.36501,43.12089],[6.36076,43.11941],[6.36272,43.11173],[6.36051,43.10635],[6.36608,43.10234],[6.36573,43.09491],[6.3687,43.09121],[6.36256,43.08739],[6.34125,43.08939],[6.32727,43.09288],[6.32349,43.09953],[6.31622,43.10591],[6.30918,43.10788],[6.29014,43.10806],[6.2869,43.11419],[6.27182,43.12103],[6.25998,43.12025],[6.25662,43.11896],[6.25018,43.11742],[6.24781,43.11597],[6.23952,43.11328],[6.23434,43.11306],[6.19943,43.11486],[6.17999,43.10633],[6.16145,43.08979],[6.15041,43.06223],[6.15017,43.04692],[6.15308,43.03719],[6.16743,43.03368],[6.15811,43.02844],[6.14528,43.02821],[6.13243,43.03545],[6.12341,43.0327],[6.11426,43.03422],[6.10297,43.02875],[6.09759,43.02874],[6.09299,43.03601],[6.09572,43.03975],[6.10404,43.04127],[6.12075,43.03984],[6.1272,43.04269],[6.13184,43.05009],[6.13251,43.05701],[6.12504,43.07765],[6.10878,43.08392],[6.09988,43.08356],[6.07873,43.08737],[6.07425,43.08452],[6.03253,43.07771],[6.02276,43.0786],[6.01812,43.08155],[6.02425,43.09221],[6.0184,43.09795],[6.00723,43.10337],[5.99328,43.10499],[5.97906,43.10654],[5.96804,43.10479],[5.95572,43.1076],[5.94199,43.10742],[5.93415,43.10553],[5.92924,43.10434],[5.93329,43.11659],[5.93087,43.11974],[5.92259,43.12248],[5.91532,43.11736],[5.91086,43.12005],[5.90638,43.1146],[5.89818,43.11379],[5.88734,43.11614],[5.88572,43.11702],[5.88869,43.10866],[5.88629,43.10425],[5.90103,43.10324],[5.90848,43.0996],[5.90854,43.09429],[5.90139,43.09025],[5.8971,43.0838],[5.90389,43.07898],[5.9081,43.07859],[5.91661,43.08518],[5.92064,43.08446],[5.92642,43.07839],[5.92901,43.08251],[5.93415,43.08348],[5.93789,43.08418],[5.94825,43.07938],[5.95129,43.074],[5.94444,43.06701],[5.93415,43.07114],[5.9325,43.0718],[5.91168,43.06685],[5.90357,43.07337],[5.89613,43.07792],[5.88822,43.07725],[5.87278,43.06843],[5.863,43.05643],[5.86033,43.04846],[5.84723,43.04929],[5.84199,43.04791],[5.82946,43.04976],[5.82209,43.05391],[5.81522,43.06322],[5.80134,43.06808],[5.79499,43.0703],[5.79587,43.07357],[5.80134,43.07607],[5.80309,43.07686],[5.80779,43.09163],[5.81203,43.09481],[5.80687,43.10011],[5.81322,43.1081],[5.80726,43.11571],[5.80134,43.11662],[5.79132,43.11324],[5.78652,43.1157],[5.77254,43.11725],[5.77458,43.12583],[5.77929,43.13178],[5.77037,43.1391],[5.75523,43.13498],[5.75238,43.13057],[5.74848,43.1347],[5.74003,43.13357],[5.73604,43.1359],[5.72592,43.13644],[5.7175,43.14736],[5.71139,43.14481],[5.70893,43.14648],[5.70113,43.14365],[5.69479,43.14441],[5.69291,43.1513],[5.68297,43.15619],[5.6833,43.16065],[5.69417,43.16774],[5.69366,43.17303],[5.68607,43.17937],[5.67188,43.17927],[5.66003,43.18241],[5.64977,43.18795],[5.63885,43.18877],[5.62343,43.18642],[5.61431,43.1817],[5.60759,43.17327],[5.61382,43.16902],[5.60697,43.16586],[5.60473,43.16062],[5.57227,43.17321],[5.55554,43.18837],[5.54847,43.19539],[5.54933,43.20673],[5.54445,43.20969],[5.53259,43.21231],[5.51752,43.20392],[5.51082,43.20384],[5.50023,43.19876],[5.49063,43.20323],[5.45887,43.21018],[5.4507,43.20896],[5.45017,43.20283],[5.42597,43.20927],[5.42037,43.2064],[5.40444,43.2119],[5.3667,43.20778],[5.34398,43.21346],[5.34883,43.22886],[5.37155,43.24608],[5.37461,43.25345],[5.3681,43.26769],[5.34854,43.28192],[5.35505,43.29262],[5.36438,43.29489],[5.36085,43.29853],[5.36301,43.30997],[5.35918,43.32164],[5.3385,43.34557],[5.32665,43.3521],[5.31784,43.35341],[5.31371,43.3589],[5.29818,43.35928],[5.28227,43.35362],[5.25853,43.33838],[5.23715,43.33158],[5.22202,43.32834],[5.21852,43.33049],[5.20945,43.32939],[5.19781,43.33263],[5.19049,43.3299],[5.18482,43.33226],[5.17407,43.33361],[5.16848,43.3287],[5.16325,43.32765],[5.15252,43.32951],[5.14627,43.32681],[5.13505,43.32895],[5.09675,43.32846],[5.08846,43.33253],[5.07973,43.32798],[5.06641,43.33149],[5.05221,43.32504],[5.04916,43.32677],[5.05021,43.33098],[5.0398,43.32828],[5.02127,43.34129],[5.01941,43.34519],[5.02127,43.34622],[5.02428,43.34662],[5.02226,43.35015],[5.025,43.35482],[5.02127,43.35634],[5.01804,43.35766],[5.01126,43.36829],[5.00113,43.37582],[4.98778,43.39182],[4.99514,43.39735],[4.99991,43.39797],[4.9955,43.40348],[4.98407,43.40329],[4.9813,43.39803],[4.9755,43.40141],[4.97722,43.40729],[4.97268,43.41383],[4.97226,43.4219],[4.96307,43.42661],[4.94286,43.42777],[4.93608,43.43133],[4.92857,43.43223],[4.91521,43.4287],[4.90478,43.41947],[4.89086,43.41499],[4.89209,43.42122],[4.8978,43.42719],[4.89062,43.427],[4.8804,43.42228],[4.86559,43.43524],[4.86083,43.45064],[4.85806,43.45204],[4.85312,43.44743],[4.87319,43.41789],[4.87224,43.4102],[4.86404,43.40718],[4.83418,43.42496],[4.82775,43.4242],[4.85575,43.40396],[4.85327,43.39849],[4.85044,43.39846],[4.8451,43.402],[4.84153,43.4036],[4.83912,43.39688],[4.85032,43.3919],[4.85298,43.38833],[4.8447,43.37513],[4.87583,43.3649],[4.88271,43.35452],[4.86025,43.33603],[4.84546,43.33015],[4.8359,43.3292],[4.81018,43.3401],[4.77328,43.34891],[4.72428,43.35014],[4.66032,43.34596],[4.59385,43.35644],[4.57041,43.3668],[4.56104,43.37407],[4.55749,43.38078],[4.56103,43.38733],[4.59255,43.40131],[4.59626,43.40551],[4.58681,43.42661],[4.57371,43.4378],[4.54718,43.44858],[4.51776,43.4544],[4.45621,43.45572],[4.4397,43.45375],[4.42139,43.44804],[4.40075,43.44731],[4.3753,43.45271],[4.23028,43.46018],[4.16562,43.47196],[4.14696,43.47783],[4.1292,43.48733],[4.11243,43.5087],[4.12142,43.51145],[4.12378,43.5211],[4.1358,43.52443],[4.13859,43.53123],[4.12586,43.54436],[4.10108,43.55471],[4.08779,43.55593],[4.08156,43.55326],[4.07857,43.55597],[4.07109,43.55704],[4.03765,43.55633],[4.00621,43.5514],[3.98662,43.54604],[3.97637,43.54067],[3.96939,43.54019],[3.93693,43.52885],[3.93266,43.52421],[3.92491,43.52365],[3.90798,43.5171],[3.85297,43.48753],[3.82622,43.46649],[3.79589,43.44074],[3.77631,43.43169],[3.75264,43.42585],[3.74595,43.42112],[3.73977,43.42141],[3.72498,43.41575],[3.72458,43.40155],[3.70567,43.39793],[3.69061,43.3919],[3.67479,43.39089],[3.66718,43.39344],[3.65287,43.38822],[3.60554,43.35759],[3.56663,43.32623],[3.53983,43.30198],[3.51549,43.27565],[3.50887,43.27231],[3.49801,43.27508],[3.48154,43.27432],[3.45395,43.28199],[3.44427,43.28168],[3.43667,43.28803],[3.42897,43.29018],[3.41923,43.29],[3.40862,43.2887],[3.40767,43.28754],[3.4049,43.28816],[3.40092,43.28745],[3.38783,43.28435],[3.36845,43.27868],[3.36478,43.27741],[3.35643,43.27452],[3.34375,43.26906],[3.31165,43.25444],[3.307,43.25207],[3.27112,43.23378],[3.24052,43.21287],[3.22344,43.20181],[3.18404,43.16965],[3.14984,43.13851],[3.14379,43.1323],[3.13444,43.12025],[3.13005,43.11419],[3.13117,43.11084],[3.12101,43.10609],[3.08445,43.05619],[3.07217,43.03358],[3.06364,43.01787],[3.06447,43.01282],[3.04913,42.98093],[3.0475,42.9757],[3.0471,42.97273],[3.04356,42.96348],[3.04288,42.96015],[3.03976,42.93171],[3.05312,42.92585],[3.0602,42.91723],[3.05936,42.91326],[3.04341,42.83817],[3.03873,42.77958],[3.03863,42.74337],[3.03984,42.72324],[3.0391,42.70661],[3.03373,42.70421],[3.03844,42.70032],[3.03536,42.6786],[3.0357,42.64076],[3.04291,42.60003],[3.04322,42.59869],[3.04453,42.59678],[3.04531,42.59379],[3.04654,42.56721],[3.0512,42.54593],[3.05828,42.53662],[3.07217,42.53434],[3.07599,42.53371],[3.08236,42.53082],[3.08612,42.52495],[3.09908,42.52356],[3.10685,42.5256],[3.1154,42.51993],[3.12228,42.52143],[3.13671,42.51634],[3.12403,42.5053],[3.12604,42.50209],[3.13511,42.49963],[3.13293,42.49498],[3.1284,42.48812],[3.13155,42.48553],[3.13088,42.48252],[3.15495,42.47692],[3.15487,42.47169],[3.1613,42.46497],[3.15726,42.45998],[3.16545,42.45683],[3.16123,42.45222],[3.16878,42.4472],[3.16712,42.44085],[3.17623,42.4407],[3.1748,42.43537],[3.14372,42.43337],[3.13578,42.4356],[3.12472,42.43536],[3.12082,42.43825],[3.10908,42.43458],[3.10275,42.42649],[3.08597,42.42578],[3.07968,42.42933],[3.07591,42.4349],[3.07217,42.43592],[3.07004,42.4365],[3.06621,42.44256],[3.05693,42.44699],[3.04564,42.46143],[3.0402,42.47353],[3.03096,42.47421],[3.01298,42.46707],[3.01121,42.46785],[3.00059,42.47255],[2.98776,42.47368],[2.98057,42.46767],[2.97674,42.46754],[2.967,42.46619],[2.94717,42.48187],[2.93285,42.47461],[2.92408,42.45918],[2.92013,42.45699],[2.91164,42.45724],[2.90464,42.45744],[2.89137,42.46175],[2.88652,42.46012],[2.87064,42.46722],[2.86428,42.46401],[2.85985,42.45516],[2.84442,42.45796],[2.84002,42.45875],[2.83661,42.45688],[2.8274,42.44008],[2.81786,42.43984],[2.80992,42.43244],[2.80459,42.43103],[2.79904,42.4193],[2.79301,42.41812],[2.78478,42.41751],[2.77769,42.41273],[2.77129,42.4121],[2.76054,42.4184],[2.75629,42.4249],[2.75217,42.4257],[2.72736,42.42279],[2.72393,42.42283],[2.71657,42.42089],[2.69251,42.40666],[2.67395,42.40464],[2.66953,42.38763],[2.65427,42.38602],[2.65924,42.37971],[2.66222,42.37356],[2.66166,42.36609],[2.67231,42.36001],[2.67551,42.35389],[2.67531,42.34388],[2.67234,42.34127],[2.66013,42.3408],[2.65114,42.34381],[2.61294,42.34642],[2.59063,42.35392],[2.5874,42.35685],[2.56184,42.35712],[2.55453,42.35317],[2.55116,42.34217],[2.54214,42.33389],[2.52621,42.33339],[2.50061,42.34279],[2.48271,42.34035],[2.47469,42.34814],[2.46539,42.36055],[2.45695,42.36343],[2.45453,42.36898],[2.44371,42.37066],[2.43435,42.37664],[2.43491,42.38877],[2.43188,42.39359],[2.40525,42.39314],[2.38533,42.40053],[2.36086,42.40293],[2.34614,42.4093],[2.34424,42.41603],[2.32671,42.41699],[2.31961,42.42152],[2.31875,42.42501],[2.30861,42.42821],[2.29869,42.42399],[2.29059,42.42365],[2.25711,42.43867],[2.24616,42.4295],[2.23307,42.4259],[2.22522,42.42595],[2.20147,42.417],[2.17997,42.41884],[2.16796,42.42409],[2.15693,42.42339],[2.13309,42.41455],[2.12453,42.40808],[2.12107,42.39761],[2.11473,42.3946],[2.1154,42.38292],[2.08948,42.3739],[2.08582,42.36422],[2.08457,42.36186],[2.07366,42.36512],[2.05808,42.35885],[2.02349,42.3558],[2.01529,42.34735],[2.01171,42.3527],[1.98591,42.36213],[1.97989,42.37017],[1.97229,42.37381],[1.96502,42.38222],[1.96036,42.39341],[1.96082,42.40298],[1.95526,42.41158],[1.95809,42.42366],[1.94108,42.43085],[1.94286,42.44443],[1.93687,42.45343],[1.93295,42.45494],[1.92127,42.44786],[1.90913,42.4472],[1.90635,42.44862],[1.90369,42.44853],[1.90022,42.44991],[1.89364,42.44788],[1.88506,42.4503],[1.88076,42.45926],[1.86716,42.46541],[1.86343,42.46582],[1.85929,42.4631],[1.85525,42.46397],[1.84781,42.46835],[1.84334,42.47716],[1.8328,42.48299],[1.82321,42.48586],[1.81604,42.48386],[1.80472,42.48965],[1.79068,42.48571],[1.76294,42.48748],[1.74645,42.49512],[1.73101,42.4924],[1.7258,42.5044],[1.72533,42.51362],[1.72227,42.51826],[1.73387,42.53158],[1.73541,42.54902],[1.73914,42.55531],[1.75053,42.56389],[1.76958,42.56483],[1.7861,42.57366],[1.78101,42.58199],[1.76213,42.5809],[1.72691,42.58976],[1.72663,42.59979],[1.73788,42.61152],[1.73613,42.61763],[1.73103,42.61519],[1.71409,42.61485],[1.69966,42.62215],[1.68239,42.62453],[1.66263,42.61958],[1.65292,42.6261],[1.63698,42.62965],[1.6277,42.62682],[1.61708,42.62603],[1.60875,42.62785],[1.60491,42.6269],[1.60112,42.62597],[1.59336,42.63266],[1.58182,42.6359],[1.57472,42.64779],[1.56894,42.64828],[1.56653,42.65023],[1.56579,42.65162],[1.56208,42.65353],[1.5602,42.65319],[1.5579,42.65194],[1.55569,42.65321],[1.55272,42.65396],[1.54826,42.65526],[1.53423,42.65038],[1.5221,42.64917],[1.51756,42.64568],[1.51194,42.64564],[1.50237,42.64558],[1.49365,42.65316],[1.47935,42.65092],[1.47656,42.64098],[1.46923,42.63382],[1.47548,42.61245],[1.46867,42.60718],[1.45615,42.60265],[1.44257,42.60367],[1.43481,42.60556],[1.42772,42.6202],[1.42053,42.62531],[1.41323,42.655],[1.40462,42.65786],[1.3974,42.66743],[1.38717,42.66877],[1.38914,42.68514],[1.38722,42.68858],[1.37635,42.69441],[1.36463,42.69538],[1.35189,42.70208],[1.35264,42.7104],[1.35712,42.7152],[1.3573,42.71942],[1.33868,42.71901],[1.33526,42.72406],[1.32598,42.72417],[1.31046,42.71815],[1.29397,42.71912],[1.27944,42.71466],[1.27516,42.71782],[1.27073,42.718],[1.25416,42.71492],[1.24764,42.72199],[1.22928,42.72765],[1.21668,42.72063],[1.189,42.71671],[1.17077,42.70814],[1.16011,42.71397],[1.13387,42.72831],[1.13439,42.7364],[1.13064,42.74037],[1.13186,42.75061],[1.12864,42.75461],[1.11883,42.76318],[1.11005,42.76602],[1.10793,42.77111],[1.08791,42.77827],[1.07871,42.78834],[1.07207,42.7828],[1.04708,42.78115],[1.03912,42.78676],[1.01886,42.78697],[1.00555,42.79084],[0.99401,42.78722],[0.9829,42.78735],[0.97605,42.79586],[0.95982,42.80561],[0.94847,42.80144],[0.92838,42.78918],[0.90796,42.79739],[0.90522,42.80114],[0.88616,42.81256],[0.87739,42.81425],[0.86237,42.82046],[0.85821,42.82574],[0.844,42.82893],[0.83488,42.82836],[0.81334,42.83779],[0.80147,42.84046],[0.7887,42.8365],[0.77881,42.83634],[0.7355,42.84877],[0.733,42.85441],[0.70842,42.86125],[0.69239,42.85549],[0.6779,42.85513],[0.67784,42.84808],[0.66254,42.84124],[0.65936,42.83525],[0.66233,42.82913],[0.66753,42.82597],[0.66989,42.8223],[0.66487,42.81518],[0.6702,42.80192],[0.66014,42.79819],[0.65223,42.78772],[0.64495,42.78298],[0.65435,42.77727],[0.66591,42.77466],[0.66247,42.77059],[0.65161,42.7657],[0.64249,42.75376],[0.66339,42.74972],[0.66334,42.74411],[0.66728,42.73823],[0.67012,42.73109],[0.68022,42.72324],[0.67392,42.71774],[0.68184,42.70829],[0.67438,42.69966],[0.67634,42.69101],[0.66948,42.68959],[0.66013,42.69095],[0.6198,42.69556],[0.60613,42.69948],[0.59678,42.70544],[0.59383,42.70418],[0.58866,42.69589],[0.57881,42.69502],[0.54795,42.70097],[0.53579,42.70006],[0.52961,42.70248],[0.52637,42.70252],[0.51925,42.69298],[0.51544,42.69157],[0.49562,42.69253],[0.47776,42.70002],[0.46167,42.69352],[0.45224,42.69395],[0.43631,42.6897],[0.4232,42.69066],[0.41749,42.69428],[0.40585,42.69567],[0.39673,42.69929],[0.39296,42.71322],[0.38547,42.71178],[0.37529,42.71456],[0.36013,42.72435],[0.35763,42.72004],[0.34534,42.7113],[0.32566,42.70468],[0.32155,42.68506],[0.3141,42.68396],[0.29505,42.67336],[0.27293,42.68983],[0.26468,42.69308],[0.26779,42.70062],[0.25991,42.71601],[0.25595,42.71709],[0.25219,42.71811],[0.22538,42.71814],[0.20613,42.72944],[0.1769,42.73652],[0.16367,42.72899],[0.16104,42.72392],[0.13663,42.72243],[0.13182,42.71522],[0.1143,42.71093],[0.10494,42.71062],[0.0907,42.71656],[0.07883,42.71475],[0.07249,42.70982],[0.06976,42.70364],[0.05809,42.698],[0.04724,42.69646],[0.02501,42.70207],[0.01695,42.70124],[0.01183,42.69273],[0.00157,42.686],[-0.01009,42.68477],[-0.04366,42.69266],[-0.04823,42.69373],[-0.05582,42.69272],[-0.06158,42.69468],[-0.06427,42.69997],[-0.06407,42.71125],[-0.06757,42.71671],[-0.0805,42.71737],[-0.0888,42.72104],[-0.10706,42.72163],[-0.11089,42.72624],[-0.1097,42.73415],[-0.1171,42.73869],[-0.12331,42.75112],[-0.13828,42.76612],[-0.14924,42.76957],[-0.14756,42.77388],[-0.15466,42.78212],[-0.15484,42.79267],[-0.15957,42.79715],[-0.17794,42.78529],[-0.18743,42.78745],[-0.19919,42.79569],[-0.21372,42.79692],[-0.2199,42.80185],[-0.2251,42.80205],[-0.23738,42.80768],[-0.23883,42.81781],[-0.24369,42.82349],[-0.24723,42.82046],[-0.25625,42.82007],[-0.27421,42.82839],[-0.27811,42.83581],[-0.306,42.84189],[-0.31334,42.84936],[-0.32455,42.83506],[-0.33064,42.83458],[-0.33605,42.83758],[-0.34711,42.8368],[-0.35483,42.83071],[-0.36601,42.81538],[-0.38165,42.80793],[-0.38473,42.80122],[-0.3943,42.79961],[-0.41084,42.80722],[-0.43961,42.79706],[-0.44387,42.79636],[-0.4525,42.8035],[-0.47856,42.80965],[-0.48406,42.81547],[-0.49645,42.81943],[-0.50127,42.82779],[-0.51018,42.82502],[-0.52498,42.81139],[-0.52312,42.79869],[-0.53011,42.79204],[-0.54366,42.79251],[-0.55105,42.77764],[-0.55647,42.78113],[-0.56011,42.78104],[-0.56518,42.78092],[-0.56783,42.78076],[-0.57014,42.78336],[-0.57005,42.79059],[-0.56518,42.7979],[-0.56518,42.80089],[-0.5693,42.80632],[-0.57514,42.80778],[-0.59315,42.80234],[-0.60008,42.80302],[-0.59895,42.81469],[-0.60337,42.82755],[-0.60231,42.83159],[-0.61922,42.83777],[-0.63612,42.85329],[-0.6466,42.85468],[-0.65569,42.85879],[-0.66145,42.8643],[-0.66275,42.8707],[-0.679,42.88383],[-0.69795,42.87955],[-0.70349,42.88336],[-0.71767,42.88619],[-0.72356,42.88978],[-0.72625,42.89213],[-0.73232,42.89744],[-0.73553,42.91245],[-0.7245,42.92016],[-0.73235,42.92875],[-0.7321,42.93877],[-0.73212,42.9453],[-0.74066,42.94875],[-0.75354,42.96733],[-0.76708,42.96855],[-0.77439,42.96536],[-0.7838,42.96452],[-0.79035,42.96327],[-0.81151,42.95158],[-0.83664,42.95418],[-0.86292,42.95091],[-0.87542,42.9546],[-0.89749,42.95586],[-0.89737,42.95898],[-0.90216,42.96251],[-0.9123,42.96391],[-0.92252,42.95559],[-0.93483,42.95291],[-0.94518,42.95384],[-0.96004,42.96009],[-0.97088,42.96177],[-0.9811,42.97009],[-0.99858,42.97644],[-1.01004,42.99157],[-1.07468,42.99907],[-1.08541,43.00297],[-1.08357,43.01066],[-1.09815,43.01338],[-1.1147,43.02313],[-1.13421,43.00897],[-1.14146,43.0076],[-1.14555,43.02431],[-1.17369,43.03706],[-1.18234,43.03307],[-1.2047,43.04477],[-1.20795,43.04646],[-1.21249,43.05136],[-1.22922,43.0551],[-1.24777,43.0429],[-1.25553,43.04354],[-1.26362,43.04421],[-1.2705,43.0547],[-1.28758,43.06333],[-1.29442,43.06372],[-1.30617,43.06833],[-1.30838,43.07131],[-1.29853,43.0934],[-1.27012,43.11825],[-1.3185,43.11275],[-1.3322,43.10771],[-1.34563,43.092],[-1.34089,43.08101],[-1.34427,43.07189],[-1.34336,43.05386],[-1.35373,43.02798],[-1.35841,43.0291],[-1.36017,43.02952],[-1.36588,43.0307],[-1.43904,43.04592],[-1.44711,43.05305],[-1.45614,43.06316],[-1.4719,43.08126],[-1.47166,43.09094],[-1.46563,43.09676],[-1.44233,43.10748],[-1.44236,43.11148],[-1.42862,43.11654],[-1.42688,43.1208],[-1.41528,43.12827],[-1.4107,43.14243],[-1.41518,43.14917],[-1.40752,43.15544],[-1.40283,43.15731],[-1.40153,43.17839],[-1.39255,43.18529],[-1.38235,43.18902],[-1.38627,43.19439],[-1.38323,43.20054],[-1.38473,43.20931],[-1.38163,43.21461],[-1.38427,43.22086],[-1.37856,43.22917],[-1.3785,43.23518],[-1.38451,43.25337],[-1.39239,43.26123],[-1.41324,43.27334],[-1.42745,43.26724],[-1.44591,43.26924],[-1.46858,43.27346],[-1.48364,43.28259],[-1.49135,43.28129],[-1.5059,43.29321],[-1.51511,43.29396],[-1.52937,43.29287],[-1.53544,43.29435],[-1.56318,43.28877],[-1.55722,43.27901],[-1.56866,43.25683],[-1.57477,43.25042],[-1.59512,43.25441],[-1.60846,43.25265],[-1.61778,43.25821],[-1.62545,43.27063],[-1.62974,43.2868],[-1.62221,43.30092],[-1.62554,43.30618],[-1.63543,43.30835],[-1.64539,43.30771],[-1.65648,43.3126],[-1.66629,43.31418],[-1.6819,43.31021],[-1.69408,43.31139],[-1.70387,43.30875],[-1.71339,43.30063],[-1.72234,43.29985],[-1.7289,43.29609],[-1.74098,43.3168],[-1.7382,43.32975],[-1.75055,43.33219],[-1.75368,43.34106],[-1.76094,43.34414],[-1.76199,43.34406],[-1.7727,43.34293],[-1.78598,43.35048],[-1.78368,43.35567],[-1.77051,43.36521],[-1.77394,43.36981],[-1.78001,43.36822],[-1.78768,43.37111],[-1.78832,43.37378],[-1.77678,43.37306],[-1.76296,43.37572],[-1.75138,43.3845],[-1.74242,43.3801],[-1.73291,43.38083],[-1.72286,43.3855],[-1.70255,43.39109],[-1.68958,43.39465],[-1.68448,43.39489],[-1.68097,43.38949],[-1.67208,43.3888],[-1.66381,43.3855],[-1.6678,43.38851],[-1.66133,43.39353],[-1.66422,43.39983],[-1.66265,43.40222],[-1.64177,43.40721],[-1.63633,43.41225],[-1.62959,43.41372],[-1.62106,43.42218],[-1.60941,43.42747],[-1.59717,43.43604],[-1.5771,43.46232],[-1.56859,43.47425],[-1.56843,43.48313],[-1.5582,43.48605],[-1.55433,43.4903],[-1.55456,43.49396],[-1.548,43.49395],[-1.52817,43.51998],[-1.52476,43.52959],[-1.51811,43.53491],[-1.4933,43.57054],[-1.49215,43.57204],[-1.48256,43.58645],[-1.46678,43.61013],[-1.46031,43.61984],[-1.4503,43.63895],[-1.44497,43.65454],[-1.43521,43.65219],[-1.42975,43.65421],[-1.44554,43.65647],[-1.44052,43.6835],[-1.44046,43.68961],[-1.43921,43.69825],[-1.4365,43.71043],[-1.43218,43.72561],[-1.43109,43.7279],[-1.42773,43.74139],[-1.41446,43.7852],[-1.41482,43.78656],[-1.4144,43.78861],[-1.41305,43.7931],[-1.41163,43.79783],[-1.39987,43.83634],[-1.3947,43.8509],[-1.38998,43.85667],[-1.39072,43.86259],[-1.38346,43.88431],[-1.35154,44.0014],[-1.32745,44.08729],[-1.32463,44.08856],[-1.31495,44.08537],[-1.32663,44.09202],[-1.31634,44.12883],[-1.2911,44.25063],[-1.287,44.2707],[-1.28657,44.27283],[-1.28465,44.28559],[-1.28133,44.29998],[-1.28005,44.3077],[-1.27895,44.31433],[-1.27739,44.31974],[-1.27473,44.33589],[-1.26947,44.36783],[-1.2662,44.38293],[-1.26597,44.38758],[-1.26187,44.41095],[-1.26189,44.41343],[-1.26065,44.41676],[-1.26038,44.42154],[-1.25858,44.43016],[-1.25811,44.43791],[-1.25652,44.445],[-1.25553,44.45409],[-1.25491,44.45972],[-1.25491,44.46279],[-1.25409,44.46764],[-1.25097,44.50496],[-1.25943,44.54417],[-1.23231,44.56934],[-1.2047,44.6154],[-1.20353,44.62303],[-1.20467,44.63456],[-1.2041,44.63867],[-1.19433,44.65781],[-1.18336,44.66299],[-1.161,44.66346],[-1.15275,44.66164],[-1.13959,44.65401],[-1.15284,44.64733],[-1.15427,44.64441],[-1.15199,44.64172],[-1.14467,44.63889],[-1.14596,44.6445],[-1.14137,44.64722],[-1.12105,44.64734],[-1.11808,44.64614],[-1.1188,44.64036],[-1.11352,44.64478],[-1.10563,44.64404],[-1.1014,44.64576],[-1.09374,44.64194],[-1.07889,44.64153],[-1.07526,44.64228],[-1.07356,44.64543],[-1.06205,44.64672],[-1.05324,44.64468],[-1.04956,44.6476],[-1.04405,44.64788],[-1.03987,44.65303],[-1.03244,44.64832],[-1.01402,44.64974],[-1.00466,44.64812],[-1.00575,44.65405],[-1.01695,44.66235],[-1.01804,44.66795],[-1.02607,44.67658],[-1.04078,44.68032],[-1.04079,44.68524],[-1.05138,44.68303],[-1.06807,44.69585],[-1.06354,44.6969],[-1.04682,44.69288],[-1.03693,44.69405],[-1.07802,44.72247],[-1.08655,44.72682],[-1.10166,44.73988],[-1.11875,44.74625],[-1.12086,44.75124],[-1.11633,44.75645],[-1.12951,44.75179],[-1.14147,44.76049],[-1.14943,44.76311],[-1.16191,44.77499],[-1.169,44.7732],[-1.17784,44.76225],[-1.17855,44.75738],[-1.17357,44.75089],[-1.17491,44.7461],[-1.19029,44.73613],[-1.19111,44.73131],[-1.19693,44.72682],[-1.20399,44.72138],[-1.2047,44.71967],[-1.20559,44.71755],[-1.22323,44.70892],[-1.23777,44.68097],[-1.23923,44.65686],[-1.24635,44.64216],[-1.2468,44.63542],[-1.24356,44.6294],[-1.24493,44.6233],[-1.24825,44.61945],[-1.25261,44.61844],[-1.25553,44.62182],[-1.26103,44.6282],[-1.26176,44.6473],[-1.25553,44.68242],[-1.24765,44.72682],[-1.24599,44.73613],[-1.23661,44.7889],[-1.23305,44.80895],[-1.21441,44.92078],[-1.21238,44.93648],[-1.21134,44.94025],[-1.20883,44.95847],[-1.20785,44.96224],[-1.20766,44.96635],[-1.2047,44.98643],[-1.20271,44.99996],[-1.19828,45.04116],[-1.19735,45.04439],[-1.1976,45.04663],[-1.19683,45.0485],[-1.19695,45.05057],[-1.19422,45.06833],[-1.1939,45.07039],[-1.19324,45.08252],[-1.1919,45.08778],[-1.19232,45.09052],[-1.1919,45.09394],[-1.19019,45.10783],[-1.18825,45.11784],[-1.18811,45.1228],[-1.18739,45.12467],[-1.187,45.12849],[-1.18567,45.14156],[-1.18385,45.15031],[-1.18396,45.15215],[-1.1813,45.16817],[-1.18089,45.17606],[-1.17991,45.17984],[-1.17731,45.19778],[-1.17586,45.20255],[-1.17193,45.23446],[-1.17047,45.24086],[-1.17046,45.24378],[-1.16944,45.25006],[-1.16451,45.28507],[-1.16129,45.33991],[-1.15979,45.36539],[-1.15957,45.37587],[-1.16054,45.38511],[-1.16044,45.39044],[-1.16036,45.39489],[-1.1603,45.39854],[-1.16098,45.40324],[-1.16062,45.40567],[-1.1604,45.40718],[-1.16063,45.41086],[-1.1588,45.41939],[-1.15498,45.42869],[-1.15413,45.4334],[-1.15167,45.43902],[-1.15104,45.44232],[-1.15143,45.45154],[-1.15231,45.45322],[-1.152,45.45546],[-1.15269,45.45925],[-1.156,45.46752],[-1.15456,45.48068],[-1.13756,45.50919],[-1.11738,45.52491],[-1.10113,45.54195],[-1.09651,45.55533],[-1.09146,45.56142],[-1.06404,45.57053],[-1.06138,45.56374],[-1.06196,45.5536],[-1.05433,45.54783],[-1.04355,45.54362],[-1.04015,45.5364],[-1.04395,45.53324],[-1.05086,45.53677],[-1.05958,45.53595],[-1.05599,45.53019],[-1.06852,45.52688],[-1.06835,45.51508],[-1.06059,45.50743],[-1.04739,45.50031],[-1.0435,45.49831],[-1.03687,45.49567],[-1.03494,45.49555],[-1.03134,45.49417],[-1.02593,45.49146],[-1.02475,45.48996],[-1.02618,45.48834],[-1.01661,45.48226],[-0.97901,45.45851],[-0.96996,45.45286],[-0.96721,45.45192],[-0.93362,45.44036],[-0.92835,45.43596],[-0.9102,45.41843],[-0.90394,45.41083],[-0.90424,45.4074],[-0.89197,45.40405],[-0.88355,45.39999],[-0.87901,45.3989],[-0.87545,45.39594],[-0.87371,45.39489],[-0.86605,45.39023],[-0.8645,45.3894],[-0.85293,45.38318],[-0.84674,45.3789],[-0.84362,45.37589],[-0.82856,45.36539],[-0.82189,45.36074],[-0.81014,45.3486],[-0.80352,45.34418],[-0.80085,45.33991],[-0.78205,45.30976],[-0.76608,45.28396],[-0.7522,45.24913],[-0.74711,45.22673],[-0.74732,45.20572],[-0.7348,45.17533],[-0.71419,45.13901],[-0.70915,45.1276],[-0.69981,45.11196],[-0.69766,45.10728],[-0.69161,45.09394],[-0.68886,45.08787],[-0.68334,45.07997],[-0.68057,45.07689],[-0.67118,45.0715],[-0.65599,45.05739],[-0.65391,45.05343],[-0.64693,45.05088],[-0.64754,45.04627],[-0.63953,45.03968],[-0.63353,45.03384],[-0.62722,45.02996],[-0.62376,45.02658],[-0.62011,45.02664],[-0.63687,45.04113],[-0.64083,45.04532],[-0.64146,45.04728],[-0.63926,45.05224],[-0.65616,45.06674],[-0.65815,45.06851],[-0.66401,45.07274],[-0.6722,45.08153],[-0.67211,45.08465],[-0.6615,45.07909],[-0.65485,45.07477],[-0.65017,45.07025],[-0.64624,45.06648],[-0.64493,45.06453],[-0.63729,45.05807],[-0.6294,45.04943],[-0.61681,45.03877],[-0.61266,45.03808],[-0.60171,45.04739],[-0.61674,45.05691],[-0.63845,45.07762],[-0.64229,45.08499],[-0.64406,45.09007],[-0.6454,45.09394],[-0.65452,45.10963],[-0.66789,45.12881],[-0.66791,45.14858],[-0.66789,45.1515],[-0.67016,45.16889],[-0.67117,45.17248],[-0.67239,45.17675],[-0.6886,45.22081],[-0.69012,45.23259],[-0.68301,45.23317],[-0.6915,45.23878],[-0.69904,45.28502],[-0.70217,45.28775],[-0.71483,45.32837],[-0.71934,45.33991],[-0.72514,45.35472],[-0.72433,45.35972],[-0.72866,45.36331],[-0.72944,45.36539],[-0.74048,45.39489],[-0.74388,45.40296],[-0.75332,45.42228],[-0.76606,45.43946],[-0.77375,45.44921],[-0.78125,45.45133],[-0.78275,45.45282],[-0.79067,45.46136],[-0.79174,45.46252],[-0.79836,45.47089],[-0.7962,45.4723],[-0.7992,45.47559],[-0.80817,45.47237],[-0.81686,45.48046],[-0.82605,45.48714],[-0.82114,45.49261],[-0.83589,45.4995],[-0.85586,45.5137],[-0.87257,45.51737],[-0.88173,45.52647],[-0.89251,45.53098],[-0.89751,45.52935],[-0.90401,45.53451],[-0.90867,45.53486],[-0.90802,45.54069],[-0.91794,45.55125],[-0.92297,45.55136],[-0.92835,45.55524],[-0.92987,45.55613],[-0.94144,45.55658],[-0.94614,45.55201],[-0.95818,45.55523],[-0.96721,45.56021],[-0.97026,45.5619],[-0.97407,45.56939],[-0.98168,45.57075],[-0.98375,45.57686],[-0.98927,45.57621],[-0.99235,45.57801],[-0.98939,45.58475],[-0.99459,45.59785],[-0.99986,45.60052],[-1.00978,45.59832],[-1.01381,45.60084],[-1.00953,45.6071],[-1.0102,45.61194],[-1.02365,45.62291],[-1.04101,45.61758],[-1.04428,45.62028],[-1.05158,45.62163],[-1.05135,45.62573],[-1.05415,45.62748],[-1.05979,45.62632],[-1.07496,45.63493],[-1.07781,45.63888],[-1.08339,45.63712],[-1.08794,45.64117],[-1.0957,45.64064],[-1.10104,45.64454],[-1.10971,45.64579],[-1.11565,45.64705],[-1.1475,45.66632],[-1.19324,45.68976],[-1.2047,45.694],[-1.21054,45.69616],[-1.22987,45.69169],[-1.22336,45.68006],[-1.2169,45.67523],[-1.21664,45.6727],[-1.22048,45.67284],[-1.22997,45.6801],[-1.23532,45.69335],[-1.23633,45.69686],[-1.23661,45.69993],[-1.24263,45.76626],[-1.24189,45.78376],[-1.23661,45.78805],[-1.20648,45.79353],[-1.2047,45.79288],[-1.19687,45.78999],[-1.1893,45.7899],[-1.15619,45.8018],[-1.14264,45.79673],[-1.14856,45.78837],[-1.14291,45.78846],[-1.13149,45.78246],[-1.12807,45.77759],[-1.11101,45.76748],[-1.10971,45.76611],[-1.10694,45.76432],[-1.10574,45.76294],[-1.10279,45.76172],[-1.10093,45.75907],[-1.09621,45.75843],[-1.09598,45.75666],[-1.09294,45.75779],[-1.0904,45.75675],[-1.08793,45.75412],[-1.07388,45.74921],[-1.05162,45.73336],[-1.04157,45.7287],[-1.04078,45.72416],[-1.03675,45.72467],[-1.02825,45.7194],[-1.02473,45.71721],[-1.02678,45.71309],[-1.02477,45.71052],[-1.01939,45.70864],[-1.01346,45.71151],[-1.00402,45.70251],[-0.99631,45.70322],[-0.99002,45.69766],[-0.98736,45.69686],[-0.98137,45.69163],[-0.98129,45.68841],[-0.97855,45.68868],[-0.98356,45.69568],[-0.9911,45.70074],[-0.99483,45.71116],[-0.98116,45.71134],[-0.9701,45.70732],[-0.96721,45.70378],[-0.96101,45.69617],[-0.95546,45.69359],[-0.95238,45.69363],[-0.96094,45.69982],[-0.96086,45.70569],[-0.96721,45.70919],[-0.97226,45.71197],[-0.97172,45.71621],[-0.98007,45.71525],[-0.99934,45.71819],[-1.00297,45.7194],[-1.02186,45.72569],[-1.03783,45.73785],[-1.02854,45.74384],[-1.03447,45.74623],[-1.04131,45.74147],[-1.04602,45.74105],[-1.05139,45.74456],[-1.05483,45.75546],[-1.06276,45.75551],[-1.07681,45.76119],[-1.06425,45.76807],[-1.08001,45.76715],[-1.09392,45.77656],[-1.10532,45.77904],[-1.10457,45.78767],[-1.11444,45.78457],[-1.11929,45.78878],[-1.1146,45.79874],[-1.12034,45.79496],[-1.12621,45.79713],[-1.13324,45.79681],[-1.13953,45.82284],[-1.15057,45.83147],[-1.15422,45.84526],[-1.16211,45.8441],[-1.16623,45.8458],[-1.16226,45.85305],[-1.15088,45.85336],[-1.15236,45.86134],[-1.12302,45.85737],[-1.10935,45.86625],[-1.10362,45.86493],[-1.09869,45.85971],[-1.10108,45.86535],[-1.10493,45.86773],[-1.0983,45.87756],[-1.08869,45.87624],[-1.07941,45.87093],[-1.08847,45.87741],[-1.09848,45.88094],[-1.08153,45.89913],[-1.07485,45.9106],[-1.07458,45.92636],[-1.07777,45.93665],[-1.09615,45.9422],[-1.09934,45.94527],[-1.09411,45.94887],[-1.06489,45.94987],[-1.05308,45.95273],[-1.03134,45.95787],[-1.02117,45.95788],[-1.01404,45.9614],[-1.00743,45.96941],[-0.99878,45.9685],[-0.99611,45.96519],[-0.99826,45.95448],[-1.01103,45.93935],[-1.01069,45.93219],[-1.00062,45.92258],[-0.99386,45.92238],[-0.97953,45.91403],[-0.96721,45.91457],[-0.95676,45.91502],[-0.94905,45.91989],[-0.94958,45.92256],[-0.96241,45.91707],[-0.96721,45.91697],[-0.97819,45.91673],[-1.00405,45.93143],[-1.00573,45.93789],[-0.99225,45.95525],[-0.99123,45.97046],[-1.00137,45.97582],[-1.00176,45.98138],[-1.00633,45.97494],[-1.01452,45.97046],[-1.02464,45.96492],[-1.06359,45.95608],[-1.07871,45.96163],[-1.08174,45.97046],[-1.08482,45.97939],[-1.0967,45.98526],[-1.10637,45.99663],[-1.1001,45.99602],[-1.09422,45.9922],[-1.08102,45.99609],[-1.064,45.99472],[-1.0573,45.9984],[-1.05325,46.00387],[-1.05297,46.00523],[-1.05301,46.01212],[-1.05449,46.01415],[-1.05748,46.01653],[-1.05941,46.01945],[-1.06126,46.02538],[-1.06103,46.0289],[-1.05651,46.03011],[-1.05612,46.03314],[-1.05681,46.03591],[-1.06166,46.04536],[-1.065,46.04913],[-1.06648,46.04999],[-1.07151,46.05091],[-1.07814,46.05351],[-1.08232,46.05306],[-1.08452,46.0532],[-1.0884,46.05453],[-1.09252,46.06225],[-1.09415,46.07706],[-1.10321,46.09493],[-1.11545,46.10204],[-1.1292,46.10177],[-1.13565,46.10522],[-1.14212,46.10547],[-1.1414,46.10944],[-1.13097,46.1093],[-1.12415,46.11342],[-1.12817,46.12588],[-1.1454,46.12731],[-1.14936,46.13282],[-1.15537,46.1367],[-1.1705,46.13946],[-1.16739,46.14307],[-1.16255,46.14436],[-1.15892,46.15255],[-1.16038,46.15448],[-1.18512,46.15315],[-1.2047,46.14624],[-1.22263,46.15033],[-1.22158,46.15724],[-1.22447,46.16481],[-1.21962,46.17044],[-1.21855,46.17933],[-1.21471,46.18279],[-1.2068,46.18509],[-1.2047,46.18734],[-1.20135,46.19095],[-1.20013,46.20021],[-1.19468,46.19934],[-1.19361,46.20363],[-1.18924,46.20494],[-1.19096,46.20888],[-1.20323,46.20312],[-1.2047,46.20408],[-1.20573,46.20475],[-1.2047,46.20595],[-1.19835,46.21336],[-1.18362,46.22102],[-1.17122,46.2241],[-1.15781,46.23528],[-1.14674,46.24098],[-1.13947,46.2535],[-1.12958,46.25406],[-1.11973,46.26039],[-1.11144,46.26126],[-1.11428,46.2721],[-1.12313,46.29322],[-1.12,46.29572],[-1.12302,46.30162],[-1.12617,46.30256],[-1.12677,46.30731],[-1.12489,46.30816],[-1.11781,46.31546],[-1.11198,46.31509],[-1.10789,46.31352],[-1.102,46.31306],[-1.09632,46.31101],[-1.09395,46.31196],[-1.09208,46.31492],[-1.08967,46.31618],[-1.07523,46.31729],[-1.0743,46.31876],[-1.07529,46.31999],[-1.07904,46.3175],[-1.08992,46.31893],[-1.09577,46.31567],[-1.10756,46.31745],[-1.11521,46.32249],[-1.11454,46.32887],[-1.11672,46.3274],[-1.11728,46.32457],[-1.12239,46.32469],[-1.12751,46.32075],[-1.12502,46.31686],[-1.13143,46.31134],[-1.14036,46.31178],[-1.14806,46.31651],[-1.16283,46.32434],[-1.16429,46.33264],[-1.16624,46.33027],[-1.16486,46.32286],[-1.16752,46.32],[-1.18444,46.31867],[-1.19921,46.31511],[-1.20205,46.3161],[-1.19632,46.30022],[-1.2047,46.2905],[-1.20629,46.28866],[-1.20769,46.28287],[-1.2047,46.2713],[-1.2043,46.26917],[-1.2047,46.2681],[-1.2064,46.2669],[-1.23145,46.27764],[-1.23661,46.28109],[-1.27536,46.30689],[-1.2943,46.31246],[-1.31172,46.33242],[-1.32688,46.33889],[-1.33291,46.3421],[-1.33296,46.34872],[-1.3329,46.34103],[-1.31976,46.33455],[-1.31317,46.33131],[-1.29673,46.30705],[-1.28799,46.29952],[-1.28281,46.29886],[-1.28481,46.29064],[-1.27988,46.28934],[-1.28115,46.28773],[-1.30015,46.2945],[-1.31976,46.32104],[-1.32649,46.33014],[-1.34332,46.34185],[-1.35517,46.3458],[-1.36101,46.34795],[-1.37401,46.34836],[-1.37705,46.34333],[-1.3868,46.34098],[-1.40226,46.34099],[-1.42294,46.34699],[-1.43896,46.34052],[-1.46544,46.34241],[-1.47094,46.34628],[-1.48191,46.37154],[-1.488,46.38138],[-1.50074,46.39591],[-1.50548,46.39953],[-1.51231,46.40304],[-1.52009,46.40538],[-1.52262,46.40521],[-1.52509,46.40578],[-1.53381,46.40875],[-1.54011,46.40952],[-1.54307,46.40868],[-1.54889,46.40591],[-1.56429,46.40676],[-1.62278,46.41318],[-1.63113,46.41791],[-1.65333,46.42275],[-1.64562,46.43182],[-1.62391,46.42794],[-1.60965,46.43356],[-1.61667,46.43394],[-1.62731,46.43063],[-1.63471,46.4317],[-1.63836,46.43452],[-1.63937,46.44237],[-1.64361,46.44012],[-1.64613,46.43461],[-1.65569,46.43069],[-1.66795,46.43736],[-1.70255,46.44831],[-1.70998,46.45139],[-1.71432,46.45901],[-1.72457,46.45936],[-1.73751,46.46787],[-1.75683,46.47551],[-1.76102,46.48059],[-1.77079,46.48944],[-1.78075,46.49385],[-1.79,46.49436],[-1.80058,46.48894],[-1.81181,46.49356],[-1.81848,46.50897],[-1.81868,46.51805],[-1.83375,46.5541],[-1.8468,46.58529],[-1.85684,46.60918],[-1.87135,46.61841],[-1.87676,46.62813],[-1.89739,46.64053],[-1.9226,46.67159],[-1.94399,46.69323],[-1.94957,46.69512],[-1.95494,46.69454],[-1.95976,46.69401],[-1.96441,46.6917],[-1.96936,46.694],[-1.97905,46.70417],[-1.98158,46.71881],[-2.00003,46.73385],[-2.02288,46.75027],[-2.03343,46.75667],[-2.04627,46.76546],[-2.05827,46.77489],[-2.1174,46.80347],[-2.14192,46.81901],[-2.14284,46.82052],[-2.14467,46.82684],[-2.14581,46.83414],[-2.1462,46.8389],[-2.14546,46.84817],[-2.14657,46.85763],[-2.15537,46.8838],[-2.15447,46.88917],[-2.13933,46.89197],[-2.12153,46.8918],[-2.10991,46.89961],[-2.11803,46.90175],[-2.11879,46.90569],[-2.10619,46.91919],[-2.09029,46.93048],[-2.08072,46.93404],[-2.08043,46.93828],[-2.07663,46.93852],[-2.07117,46.9352],[-2.07329,46.94114],[-2.05814,46.95131],[-2.04579,46.96716],[-2.04585,46.97873],[-2.03814,46.98974],[-2.03367,46.99201],[-2.03763,46.99674],[-2.03218,46.99964],[-2.02875,47.00918],[-2.01034,47.01686],[-2.00003,47.01829],[-1.98046,47.02872],[-1.98362,47.02946],[-1.9847,47.03182],[-1.98706,47.03699],[-1.99305,47.04505],[-1.99819,47.05405],[-2.00003,47.05615],[-2.00458,47.06133],[-2.00736,47.06312],[-2.0137,47.06486],[-2.01998,47.06873],[-2.02154,47.0697],[-2.028,47.07121],[-2.03178,47.07309],[-2.03727,47.07816],[-2.04,47.07931],[-2.04189,47.0823],[-2.043,47.08375],[-2.04885,47.08668],[-2.05136,47.09005],[-2.052,47.09386],[-2.05355,47.09454],[-2.10435,47.10665],[-2.10628,47.11209],[-2.12088,47.11018],[-2.15474,47.11299],[-2.17741,47.12194],[-2.20552,47.12497],[-2.21536,47.12427],[-2.22786,47.13087],[-2.24523,47.13125],[-2.24638,47.13479],[-2.22917,47.14497],[-2.22454,47.15302],[-2.20085,47.15837],[-2.19494,47.15837],[-2.17965,47.15611],[-2.17527,47.15837],[-2.17177,47.1617],[-2.16681,47.16759],[-2.16123,47.19322],[-2.15816,47.19703],[-2.15923,47.20946],[-2.15935,47.21082],[-2.18052,47.23413],[-2.17071,47.24101],[-2.17006,47.26721],[-2.14649,47.26989],[-2.12851,47.27481],[-2.0581,47.28255],[-2.04903,47.28547],[-2.04519,47.28945],[-2.04155,47.29133],[-2.03102,47.29013],[-2.01108,47.28475],[-2.00979,47.28358],[-2.00578,47.28229],[-2.00321,47.28491],[-2.00368,47.28631],[-2.00003,47.28654],[-1.9907,47.28489],[-1.96931,47.28231],[-1.95494,47.28146],[-1.94894,47.28111],[-1.92754,47.27985],[-1.92153,47.2791],[-1.89117,47.27074],[-1.85909,47.25149],[-1.85031,47.24843],[-1.84851,47.25011],[-1.84811,47.2535],[-1.84781,47.25601],[-1.84332,47.25577],[-1.84782,47.25835],[-1.85474,47.26382],[-1.86085,47.26792],[-1.86936,47.27332],[-1.87372,47.27282],[-1.89448,47.28059],[-1.89177,47.28369],[-1.94701,47.30359],[-1.95494,47.30494],[-1.9643,47.30475],[-1.98253,47.30501],[-1.98514,47.30784],[-1.98882,47.30947],[-1.992,47.30993],[-2.00003,47.31248],[-2.00329,47.31351],[-2.00877,47.31416],[-2.01049,47.315],[-2.01916,47.31498],[-2.02315,47.30553],[-2.02937,47.30533],[-2.03287,47.3013],[-2.03587,47.30551],[-2.03583,47.31518],[-2.04849,47.31345],[-2.06876,47.30514],[-2.10174,47.30661],[-2.12402,47.30412],[-2.14604,47.29888],[-2.17279,47.28878],[-2.18153,47.29857],[-2.18139,47.29217],[-2.18742,47.29012],[-2.18244,47.28373],[-2.19196,47.27905],[-2.19909,47.27091],[-2.20828,47.27046],[-2.22115,47.26667],[-2.22408,47.2639],[-2.22325,47.25885],[-2.22954,47.25619],[-2.24511,47.25587],[-2.2527,47.25302],[-2.26761,47.2391],[-2.28788,47.23735],[-2.29673,47.23442],[-2.30306,47.23711],[-2.33676,47.2533],[-2.34484,47.26378],[-2.35762,47.27269],[-2.36538,47.27568],[-2.36995,47.27743],[-2.39078,47.28158],[-2.39726,47.28131],[-2.4014,47.28114],[-2.41157,47.27937],[-2.42165,47.27585],[-2.42357,47.27396],[-2.42365,47.26974],[-2.41683,47.26241],[-2.41785,47.25875],[-2.43114,47.25866],[-2.44971,47.26352],[-2.45965,47.26925],[-2.47221,47.27011],[-2.49207,47.27525],[-2.4982,47.27988],[-2.50369,47.281],[-2.52262,47.28655],[-2.54403,47.29008],[-2.54657,47.29385],[-2.54319,47.29794],[-2.52119,47.3008],[-2.50595,47.29256],[-2.50227,47.28804],[-2.49564,47.28699],[-2.48719,47.2885],[-2.4764,47.2862],[-2.47943,47.29301],[-2.46916,47.2947],[-2.47498,47.29936],[-2.48492,47.30128],[-2.4872,47.30405],[-2.48574,47.30574],[-2.47407,47.30732],[-2.47375,47.31305],[-2.48117,47.31696],[-2.48611,47.31405],[-2.49324,47.31324],[-2.50711,47.31064],[-2.50581,47.33623],[-2.50988,47.3451],[-2.52717,47.36331],[-2.54505,47.36795],[-2.55181,47.3695],[-2.55842,47.37465],[-2.55504,47.37805],[-2.54505,47.38107],[-2.5337,47.38327],[-2.52285,47.39178],[-2.49819,47.40417],[-2.49199,47.40497],[-2.48755,47.411],[-2.47054,47.41684],[-2.46733,47.4162],[-2.46305,47.41095],[-2.45613,47.41378],[-2.44713,47.41173],[-2.43973,47.41416],[-2.43406,47.41311],[-2.43302,47.41601],[-2.44106,47.42094],[-2.45243,47.42511],[-2.45761,47.42408],[-2.45419,47.43132],[-2.44626,47.43644],[-2.45022,47.4427],[-2.45848,47.448],[-2.46852,47.44919],[-2.47965,47.4427],[-2.48047,47.44152],[-2.48269,47.4427],[-2.49177,47.44728],[-2.49987,47.45789],[-2.48875,47.47],[-2.49201,47.47766],[-2.50132,47.48788],[-2.49812,47.49482],[-2.49367,47.49624],[-2.48102,47.49477],[-2.46634,47.48718],[-2.45303,47.49],[-2.44666,47.49421],[-2.42736,47.4941],[-2.42411,47.49243],[-2.42709,47.48723],[-2.4233,47.4854],[-2.42085,47.49175],[-2.40741,47.49036],[-2.39843,47.4951],[-2.39567,47.49968],[-2.38361,47.49877],[-2.38338,47.50162],[-2.39136,47.50626],[-2.39726,47.50492],[-2.41382,47.49703],[-2.42542,47.49931],[-2.44155,47.49898],[-2.46694,47.51176],[-2.48768,47.51644],[-2.49643,47.51701],[-2.50205,47.51525],[-2.50281,47.51699],[-2.49459,47.52552],[-2.49683,47.53331],[-2.49055,47.5357],[-2.49176,47.54512],[-2.49432,47.5445],[-2.49406,47.54024],[-2.49919,47.5424],[-2.50586,47.53929],[-2.50571,47.53654],[-2.50933,47.53357],[-2.50873,47.53187],[-2.50445,47.53177],[-2.50073,47.53543],[-2.4984,47.53439],[-2.49728,47.53019],[-2.50482,47.52455],[-2.52031,47.52646],[-2.53285,47.52453],[-2.53496,47.52825],[-2.53715,47.52709],[-2.53828,47.52421],[-2.54505,47.52293],[-2.54692,47.51762],[-2.5569,47.51316],[-2.57522,47.51653],[-2.60146,47.51694],[-2.60545,47.51951],[-2.60915,47.5219],[-2.60545,47.52504],[-2.60294,47.52577],[-2.5834,47.52369],[-2.58506,47.52808],[-2.58374,47.5301],[-2.56527,47.53457],[-2.57477,47.53422],[-2.5806,47.53665],[-2.57477,47.54506],[-2.56441,47.54751],[-2.56098,47.55123],[-2.56991,47.55497],[-2.57477,47.55168],[-2.57926,47.5523],[-2.57642,47.55863],[-2.58155,47.5616],[-2.58598,47.55833],[-2.58497,47.54493],[-2.59886,47.5344],[-2.60545,47.53774],[-2.61264,47.5414],[-2.61769,47.55574],[-2.62479,47.55031],[-2.62123,47.5469],[-2.62025,47.53826],[-2.62437,47.5342],[-2.63769,47.53698],[-2.64796,47.53913],[-2.65979,47.54609],[-2.66906,47.54381],[-2.66614,47.53937],[-2.66817,47.53489],[-2.65732,47.53579],[-2.64776,47.52874],[-2.63769,47.52972],[-2.62365,47.52463],[-2.62564,47.51972],[-2.63114,47.52309],[-2.63769,47.51943],[-2.64168,47.51674],[-2.65894,47.51828],[-2.6601,47.52294],[-2.6707,47.5257],[-2.68257,47.53633],[-2.68474,47.53565],[-2.68828,47.53454],[-2.68474,47.53241],[-2.68131,47.52446],[-2.66547,47.51741],[-2.66833,47.50768],[-2.68474,47.49648],[-2.69692,47.5009],[-2.72455,47.50641],[-2.73612,47.50458],[-2.7415,47.50045],[-2.74358,47.49992],[-2.75092,47.49806],[-2.78131,47.49509],[-2.79375,47.48508],[-2.8047,47.48827],[-2.81578,47.48707],[-2.84947,47.49899],[-2.84832,47.51257],[-2.86954,47.53027],[-2.88701,47.5372],[-2.90296,47.53631],[-2.90347,47.54119],[-2.91142,47.54292],[-2.91628,47.54654],[-2.91118,47.55052],[-2.91184,47.55796],[-2.90723,47.56111],[-2.89879,47.56145],[-2.89436,47.55796],[-2.87969,47.56067],[-2.87068,47.55021],[-2.85982,47.54907],[-2.8616,47.53967],[-2.85315,47.53789],[-2.84976,47.53947],[-2.85259,47.54217],[-2.84894,47.54743],[-2.8414,47.54409],[-2.83202,47.5459],[-2.82799,47.54275],[-2.81993,47.54255],[-2.82006,47.54873],[-2.82486,47.55395],[-2.82298,47.55624],[-2.81334,47.55358],[-2.80678,47.55499],[-2.80718,47.54231],[-2.79968,47.538],[-2.79854,47.54771],[-2.78747,47.55192],[-2.78404,47.5466],[-2.7777,47.54691],[-2.77882,47.53968],[-2.76536,47.53906],[-2.76468,47.53642],[-2.75252,47.53791],[-2.74358,47.54292],[-2.73868,47.54101],[-2.73281,47.54219],[-2.72994,47.55022],[-2.73397,47.55256],[-2.72455,47.56642],[-2.71804,47.56828],[-2.71384,47.57872],[-2.71042,47.57903],[-2.70854,47.57635],[-2.70495,47.57981],[-2.70679,47.58634],[-2.7025,47.58961],[-2.69961,47.59009],[-2.69753,47.58761],[-2.69468,47.59026],[-2.68983,47.58991],[-2.69023,47.60257],[-2.68479,47.60687],[-2.6889,47.62142],[-2.69362,47.62451],[-2.69001,47.62941],[-2.70036,47.63122],[-2.70025,47.6334],[-2.69361,47.6373],[-2.70345,47.64001],[-2.71048,47.64881],[-2.7101,47.63664],[-2.71358,47.63119],[-2.70665,47.62511],[-2.71362,47.62396],[-2.71517,47.62133],[-2.70169,47.61669],[-2.69839,47.6101],[-2.70184,47.60887],[-2.70879,47.61514],[-2.71397,47.61419],[-2.71086,47.60296],[-2.7065,47.60037],[-2.71435,47.59441],[-2.718,47.5955],[-2.72387,47.60249],[-2.73278,47.60444],[-2.73805,47.6029],[-2.74358,47.60553],[-2.75831,47.61355],[-2.76782,47.61522],[-2.77773,47.62009],[-2.77803,47.62354],[-2.77304,47.62429],[-2.74358,47.61591],[-2.73886,47.61595],[-2.74358,47.62602],[-2.74509,47.63212],[-2.7468,47.63123],[-2.74612,47.62286],[-2.74884,47.62126],[-2.75727,47.63041],[-2.75477,47.63522],[-2.75701,47.6387],[-2.76124,47.63997],[-2.76354,47.63226],[-2.77166,47.6305],[-2.78682,47.63372],[-2.7888,47.63747],[-2.78454,47.6389],[-2.78418,47.64065],[-2.79005,47.64095],[-2.79354,47.64501],[-2.79297,47.63565],[-2.7811,47.62738],[-2.78308,47.62157],[-2.80047,47.61817],[-2.81302,47.62184],[-2.83282,47.61376],[-2.83258,47.61959],[-2.84133,47.61724],[-2.85427,47.61945],[-2.85969,47.62252],[-2.86757,47.61864],[-2.86772,47.62484],[-2.87273,47.6234],[-2.86925,47.61865],[-2.86626,47.61703],[-2.85951,47.61772],[-2.85704,47.61436],[-2.86791,47.607],[-2.86648,47.60464],[-2.85963,47.60215],[-2.86239,47.59784],[-2.87448,47.59883],[-2.8883,47.60362],[-2.89103,47.59909],[-2.89069,47.58551],[-2.88589,47.57947],[-2.88967,47.57525],[-2.8919,47.57626],[-2.89056,47.58195],[-2.89489,47.58244],[-2.89808,47.58518],[-2.9066,47.5829],[-2.90509,47.58893],[-2.91082,47.5919],[-2.91841,47.58401],[-2.9213,47.58445],[-2.93071,47.60108],[-2.93614,47.59605],[-2.93542,47.58767],[-2.93816,47.58857],[-2.94994,47.60926],[-2.94777,47.62191],[-2.94267,47.62501],[-2.93571,47.62538],[-2.94352,47.6289],[-2.95741,47.62715],[-2.96049,47.63606],[-2.95462,47.63936],[-2.94921,47.64684],[-2.93898,47.6514],[-2.93353,47.65156],[-2.93024,47.64716],[-2.92528,47.64558],[-2.9296,47.6486],[-2.92383,47.65981],[-2.92294,47.66154],[-2.92589,47.66819],[-2.93017,47.66515],[-2.92899,47.65981],[-2.92843,47.65725],[-2.93705,47.65483],[-2.94801,47.64833],[-2.95703,47.64682],[-2.95489,47.64231],[-2.9571,47.63926],[-2.96767,47.63964],[-2.96506,47.64625],[-2.97377,47.65514],[-2.97709,47.65795],[-2.98205,47.65588],[-2.97548,47.64617],[-2.97132,47.64408],[-2.97042,47.63361],[-2.96418,47.63379],[-2.96193,47.63199],[-2.95406,47.61328],[-2.96024,47.61439],[-2.96491,47.6113],[-2.96339,47.60812],[-2.96687,47.60654],[-2.97695,47.61067],[-2.98075,47.60444],[-2.96985,47.60581],[-2.96047,47.60115],[-2.96103,47.59866],[-2.95562,47.59799],[-2.96419,47.58945],[-2.96187,47.58354],[-2.95777,47.58034],[-2.94756,47.57845],[-2.94556,47.57202],[-2.93831,47.56705],[-2.93592,47.56137],[-2.9283,47.55863],[-2.9282,47.55581],[-2.93879,47.55459],[-2.95073,47.55651],[-2.95744,47.56435],[-2.96337,47.55489],[-2.96726,47.55625],[-2.97019,47.55889],[-2.97149,47.57031],[-2.97635,47.57678],[-2.9864,47.57779],[-2.99189,47.58134],[-2.98253,47.58957],[-2.98956,47.58481],[-2.99327,47.58604],[-2.995,47.58999],[-2.9975,47.58944],[-2.9926,47.57304],[-2.99751,47.57065],[-2.99718,47.56691],[-3.00487,47.56675],[-3.02189,47.59113],[-3.01751,47.59083],[-3.01426,47.59902],[-3.01926,47.59934],[-3.02278,47.60229],[-3.02722,47.61799],[-3.02323,47.62196],[-3.03223,47.62475],[-3.03637,47.63965],[-3.03682,47.63886],[-3.03636,47.63193],[-3.04032,47.6308],[-3.03539,47.62852],[-3.02736,47.61458],[-3.0283,47.60802],[-3.02604,47.60419],[-3.02936,47.59917],[-3.02538,47.5941],[-3.02718,47.58818],[-3.02087,47.56885],[-3.02449,47.56889],[-3.03315,47.57521],[-3.0386,47.57505],[-3.03574,47.58108],[-3.0411,47.58523],[-3.04445,47.57954],[-3.05198,47.57798],[-3.05465,47.57094],[-3.06302,47.57217],[-3.07013,47.57181],[-3.0746,47.57021],[-3.08916,47.56498],[-3.09643,47.56435],[-3.10569,47.57537],[-3.10105,47.57806],[-3.09342,47.57556],[-3.09232,47.57897],[-3.09535,47.58075],[-3.10303,47.58052],[-3.10345,47.58373],[-3.11815,47.59107],[-3.12418,47.59719],[-3.12809,47.59642],[-3.12864,47.57584],[-3.11852,47.57365],[-3.12831,47.56144],[-3.12989,47.55254],[-3.13281,47.55011],[-3.13854,47.55977],[-3.14018,47.57989],[-3.15837,47.6067],[-3.197,47.62376],[-3.19942,47.62976],[-3.20998,47.64135],[-3.20455,47.64872],[-3.20769,47.65767],[-3.20612,47.6644],[-3.18954,47.66081],[-3.18472,47.65567],[-3.17876,47.65687],[-3.18482,47.65981],[-3.18991,47.66227],[-3.20827,47.66707],[-3.2089,47.66895],[-3.20027,47.6721],[-3.19556,47.67885],[-3.18904,47.67879],[-3.19075,47.68222],[-3.18725,47.6844],[-3.18163,47.68197],[-3.17368,47.68279],[-3.16376,47.68045],[-3.16154,47.68742],[-3.15916,47.68893],[-3.15744,47.68677],[-3.15505,47.68726],[-3.14734,47.69566],[-3.14547,47.69847],[-3.15256,47.69835],[-3.15954,47.69519],[-3.16468,47.69772],[-3.15126,47.70433],[-3.14611,47.71255],[-3.14098,47.70786],[-3.13019,47.70781],[-3.12893,47.7142],[-3.12297,47.72045],[-3.12465,47.72539],[-3.1498,47.72189],[-3.14449,47.72896],[-3.1376,47.73077],[-3.13561,47.73405],[-3.13946,47.73484],[-3.14754,47.73109],[-3.15058,47.73429],[-3.14869,47.73782],[-3.12784,47.75137],[-3.135,47.7492],[-3.14094,47.74419],[-3.14495,47.74358],[-3.14723,47.74524],[-3.14758,47.75284],[-3.14977,47.75375],[-3.14953,47.74661],[-3.15965,47.73567],[-3.15574,47.73324],[-3.15947,47.72975],[-3.17058,47.73151],[-3.17487,47.73789],[-3.18624,47.73895],[-3.19116,47.74753],[-3.19903,47.74561],[-3.19842,47.74419],[-3.19329,47.74673],[-3.19177,47.74545],[-3.19234,47.73214],[-3.1855,47.73226],[-3.18046,47.73593],[-3.17722,47.73517],[-3.16977,47.72634],[-3.17547,47.72024],[-3.1698,47.71376],[-3.17116,47.71048],[-3.16751,47.70438],[-3.17481,47.70123],[-3.17598,47.70632],[-3.18488,47.7031],[-3.19465,47.70332],[-3.19868,47.69662],[-3.19611,47.69444],[-3.19175,47.69482],[-3.18956,47.69208],[-3.19808,47.68767],[-3.20258,47.69032],[-3.2107,47.68577],[-3.2018,47.68354],[-3.20082,47.68092],[-3.20274,47.677],[-3.20827,47.67597],[-3.20739,47.67211],[-3.21347,47.67139],[-3.21754,47.66682],[-3.21246,47.66129],[-3.21221,47.65981],[-3.21082,47.65159],[-3.21288,47.64598],[-3.2157,47.64589],[-3.2386,47.65869],[-3.2406,47.65981],[-3.24896,47.66448],[-3.26901,47.67771],[-3.28557,47.68568],[-3.28096,47.68942],[-3.28786,47.70091],[-3.29338,47.70279],[-3.30113,47.70278],[-3.30419,47.70278],[-3.3094,47.70581],[-3.31026,47.70888],[-3.32158,47.70531],[-3.32664,47.70892],[-3.33289,47.70739],[-3.34092,47.70868],[-3.34599,47.70669],[-3.35324,47.70385],[-3.36095,47.70849],[-3.35313,47.70941],[-3.35062,47.71427],[-3.34599,47.7153],[-3.34286,47.71599],[-3.34399,47.71982],[-3.3489,47.723],[-3.34622,47.72669],[-3.34684,47.73328],[-3.3219,47.73605],[-3.31658,47.74014],[-3.31512,47.74485],[-3.30568,47.74912],[-3.30234,47.76214],[-3.30113,47.7637],[-3.29683,47.76926],[-3.28644,47.77019],[-3.28294,47.77977],[-3.29203,47.78606],[-3.28694,47.7926],[-3.2911,47.79387],[-3.29583,47.78492],[-3.28773,47.77794],[-3.28725,47.7731],[-3.29071,47.77199],[-3.29518,47.77483],[-3.29908,47.77446],[-3.30113,47.77025],[-3.30324,47.7659],[-3.30913,47.76214],[-3.31635,47.75769],[-3.32273,47.75651],[-3.32544,47.74783],[-3.33444,47.74323],[-3.34176,47.74199],[-3.34599,47.74429],[-3.3527,47.75843],[-3.36206,47.76337],[-3.35996,47.7708],[-3.36746,47.7735],[-3.36975,47.77666],[-3.3763,47.78572],[-3.37814,47.79588],[-3.38086,47.79673],[-3.38472,47.79794],[-3.38576,47.80381],[-3.39159,47.806],[-3.38677,47.81463],[-3.38802,47.82312],[-3.38885,47.82852],[-3.39185,47.8225],[-3.3879,47.81639],[-3.38953,47.81148],[-3.39324,47.80926],[-3.39996,47.81015],[-3.40392,47.80858],[-3.39995,47.80878],[-3.38873,47.80305],[-3.38844,47.7979],[-3.38086,47.79149],[-3.38086,47.79014],[-3.38436,47.78407],[-3.38086,47.78271],[-3.37339,47.77984],[-3.37045,47.77519],[-3.37203,47.77053],[-3.36975,47.76742],[-3.36587,47.76214],[-3.36458,47.76038],[-3.35421,47.75565],[-3.35064,47.74376],[-3.35616,47.73253],[-3.3621,47.7283],[-3.36734,47.72689],[-3.36975,47.72799],[-3.3771,47.73136],[-3.38086,47.73134],[-3.3861,47.73131],[-3.38086,47.7284],[-3.3779,47.72676],[-3.37445,47.72024],[-3.36975,47.7169],[-3.36817,47.71577],[-3.36975,47.71462],[-3.38086,47.70649],[-3.38681,47.70214],[-3.41188,47.70227],[-3.41816,47.70149],[-3.42728,47.70361],[-3.45022,47.6965],[-3.45769,47.69847],[-3.46256,47.70506],[-3.48345,47.71646],[-3.48756,47.72257],[-3.49813,47.73013],[-3.50193,47.73772],[-3.50618,47.74676],[-3.52376,47.76214],[-3.52845,47.76625],[-3.52576,47.76918],[-3.53001,47.77567],[-3.5298,47.78162],[-3.52587,47.78588],[-3.52777,47.7896],[-3.52002,47.79839],[-3.51896,47.80322],[-3.52288,47.80559],[-3.52395,47.81066],[-3.53497,47.81557],[-3.53331,47.82058],[-3.5384,47.82448],[-3.53982,47.8307],[-3.5381,47.83606],[-3.52525,47.84431],[-3.523,47.84915],[-3.52919,47.85531],[-3.53562,47.85533],[-3.52893,47.84465],[-3.53953,47.83638],[-3.54138,47.82465],[-3.5451,47.82337],[-3.53595,47.82028],[-3.53598,47.81383],[-3.52591,47.80953],[-3.52628,47.80462],[-3.5216,47.80337],[-3.52231,47.79873],[-3.53081,47.79063],[-3.52883,47.78689],[-3.53317,47.77691],[-3.53192,47.76927],[-3.53816,47.76349],[-3.5488,47.76556],[-3.55327,47.76343],[-3.5628,47.76815],[-3.5728,47.76954],[-3.58085,47.76729],[-3.6079,47.7707],[-3.61615,47.76968],[-3.64481,47.77474],[-3.64958,47.77952],[-3.66506,47.78138],[-3.66992,47.78085],[-3.675,47.77658],[-3.68058,47.77684],[-3.72227,47.79856],[-3.72068,47.80484],[-3.71385,47.80741],[-3.70909,47.81238],[-3.70263,47.81307],[-3.69755,47.8184],[-3.68575,47.81913],[-3.67233,47.82339],[-3.64978,47.82124],[-3.63964,47.82902],[-3.65192,47.82266],[-3.67151,47.82562],[-3.69166,47.82113],[-3.69842,47.82352],[-3.70787,47.81395],[-3.7238,47.80614],[-3.73253,47.80456],[-3.74321,47.81655],[-3.74473,47.82772],[-3.74803,47.83263],[-3.74788,47.84818],[-3.75478,47.84421],[-3.75122,47.84425],[-3.7492,47.84152],[-3.75582,47.83544],[-3.74563,47.82454],[-3.74653,47.81906],[-3.75135,47.81545],[-3.74653,47.81485],[-3.7416,47.80891],[-3.73929,47.79969],[-3.75934,47.79114],[-3.78588,47.79087],[-3.78911,47.79026],[-3.80078,47.78807],[-3.80678,47.78961],[-3.8108,47.79422],[-3.82148,47.79649],[-3.82842,47.79451],[-3.83755,47.79654],[-3.85107,47.79321],[-3.85518,47.80367],[-3.88877,47.82854],[-3.90115,47.8347],[-3.90219,47.8395],[-3.89822,47.84604],[-3.89172,47.84535],[-3.88997,47.84881],[-3.89431,47.85029],[-3.88877,47.85373],[-3.87877,47.85994],[-3.88542,47.85868],[-3.88877,47.85625],[-3.89774,47.84976],[-3.90916,47.85092],[-3.91804,47.8561],[-3.91442,47.85886],[-3.90674,47.85665],[-3.90386,47.8588],[-3.91344,47.87188],[-3.90839,47.87385],[-3.91135,47.87556],[-3.91512,47.87454],[-3.91767,47.86856],[-3.9297,47.87074],[-3.93241,47.88043],[-3.94163,47.88431],[-3.94968,47.89133],[-3.94602,47.90456],[-3.95412,47.89495],[-3.96057,47.89656],[-3.97199,47.89563],[-3.97411,47.89657],[-3.97781,47.89819],[-3.98356,47.89437],[-3.99028,47.89702],[-3.98924,47.89259],[-3.98219,47.88903],[-3.98924,47.88212],[-3.98558,47.87595],[-3.98366,47.8615],[-3.97606,47.85553],[-3.97707,47.8543],[-4.02731,47.85006],[-4.03996,47.84545],[-4.04597,47.84981],[-4.04639,47.85269],[-4.05325,47.85474],[-4.05848,47.86012],[-4.07258,47.86486],[-4.06723,47.87126],[-4.07783,47.86637],[-4.08123,47.86479],[-4.0881,47.86358],[-4.09697,47.86202],[-4.10279,47.87012],[-4.11188,47.87213],[-4.11739,47.87714],[-4.1136,47.8821],[-4.1057,47.881],[-4.1243,47.88858],[-4.12442,47.89125],[-4.11615,47.89671],[-4.1284,47.89333],[-4.13407,47.89853],[-4.14073,47.90007],[-4.14448,47.91104],[-4.13929,47.92492],[-4.13228,47.92564],[-4.12896,47.93009],[-4.11481,47.93157],[-4.11051,47.93568],[-4.10945,47.94112],[-4.10439,47.94042],[-4.10118,47.94268],[-4.09436,47.93848],[-4.0881,47.93715],[-4.07951,47.93533],[-4.07783,47.93467],[-4.07414,47.93323],[-4.06956,47.93296],[-4.07783,47.93587],[-4.09038,47.9407],[-4.08881,47.94744],[-4.09777,47.94417],[-4.10705,47.94591],[-4.0968,47.96054],[-4.10213,47.9721],[-4.10791,47.97346],[-4.10718,47.96724],[-4.11897,47.96531],[-4.11267,47.95946],[-4.11797,47.95297],[-4.11285,47.95019],[-4.11192,47.93679],[-4.11778,47.93256],[-4.12964,47.93097],[-4.13365,47.92666],[-4.14031,47.92493],[-4.14861,47.91115],[-4.14703,47.89851],[-4.15723,47.89599],[-4.16532,47.89654],[-4.17521,47.90631],[-4.16873,47.89442],[-4.1609,47.89283],[-4.15346,47.89415],[-4.14992,47.89173],[-4.14424,47.89494],[-4.13679,47.89343],[-4.12368,47.88419],[-4.12289,47.87821],[-4.11433,47.86969],[-4.11463,47.86328],[-4.12629,47.86373],[-4.15131,47.85481],[-4.16502,47.84836],[-4.1657,47.8557],[-4.17514,47.87218],[-4.17258,47.87483],[-4.17521,47.87618],[-4.18459,47.88098],[-4.18514,47.8765],[-4.19319,47.874],[-4.19239,47.86676],[-4.18272,47.86681],[-4.1769,47.85403],[-4.18021,47.85326],[-4.19425,47.86334],[-4.19795,47.85759],[-4.19387,47.85313],[-4.18868,47.8497],[-4.18913,47.84584],[-4.18332,47.84304],[-4.18258,47.84625],[-4.17726,47.84374],[-4.18222,47.83611],[-4.17747,47.83384],[-4.17521,47.83418],[-4.16671,47.83487],[-4.16042,47.82985],[-4.16647,47.81566],[-4.17373,47.81165],[-4.17521,47.80653],[-4.18317,47.80062],[-4.19332,47.79653],[-4.20833,47.8016],[-4.21244,47.8037],[-4.21311,47.79631],[-4.21922,47.79337],[-4.22682,47.79332],[-4.26701,47.79065],[-4.27661,47.79187],[-4.2722,47.80088],[-4.28141,47.79403],[-4.29201,47.79234],[-4.29437,47.79289],[-4.29507,47.79831],[-4.30065,47.80059],[-4.31197,47.8008],[-4.32483,47.79792],[-4.34369,47.79945],[-4.3637,47.79591],[-4.37295,47.79784],[-4.3745,47.80292],[-4.37219,47.8096],[-4.37634,47.81632],[-4.38073,47.81748],[-4.37953,47.821],[-4.36539,47.82771],[-4.35783,47.82679],[-4.35008,47.83093],[-4.34828,47.83449],[-4.35127,47.83754],[-4.34641,47.83982],[-4.3477,47.849],[-4.34791,47.85021],[-4.35261,47.86301],[-4.36279,47.88905],[-4.37398,47.90512],[-4.38241,47.91899],[-4.38921,47.92808],[-4.3944,47.93351],[-4.39908,47.93734],[-4.40063,47.93861],[-4.40533,47.94068],[-4.40835,47.94277],[-4.41024,47.94703],[-4.4112,47.94818],[-4.42273,47.9621],[-4.44394,47.974],[-4.45169,47.98096],[-4.4627,47.98573],[-4.47282,47.98594],[-4.47526,47.98599],[-4.48203,47.99317],[-4.499,48.00131],[-4.50677,48.00377],[-4.51343,48.00588],[-4.52581,48.00648],[-4.53626,48.01211],[-4.53252,48.0193],[-4.53305,48.0325],[-4.52581,48.03637],[-4.50677,48.03583],[-4.49033,48.03788],[-4.49483,48.03976],[-4.50677,48.03915],[-4.51898,48.03852],[-4.52159,48.04115],[-4.52762,48.03876],[-4.53459,48.03301],[-4.53893,48.01445],[-4.54213,48.01141],[-4.55469,48.00996],[-4.55628,48.00711],[-4.55806,48.00391],[-4.56425,48.00033],[-4.59154,48.00714],[-4.59438,48.01332],[-4.60295,48.01519],[-4.62194,48.01837],[-4.63302,48.02932],[-4.64364,48.02416],[-4.65336,48.02271],[-4.66771,48.02639],[-4.69867,48.02781],[-4.71198,48.03297],[-4.72661,48.03425],[-4.73417,48.03832],[-4.71409,48.04232],[-4.70643,48.04659],[-4.7069,48.04954],[-4.71319,48.05351],[-4.71552,48.06263],[-4.71364,48.06445],[-4.69473,48.06053],[-4.68892,48.06204],[-4.67368,48.06151],[-4.66501,48.07193],[-4.65681,48.06817],[-4.64944,48.06924],[-4.64343,48.06743],[-4.63232,48.06762],[-4.629,48.07175],[-4.62158,48.06853],[-4.60367,48.0758],[-4.59193,48.07445],[-4.58716,48.07939],[-4.58329,48.07994],[-4.58098,48.08172],[-4.56821,48.08181],[-4.55628,48.07808],[-4.55158,48.07661],[-4.5425,48.08201],[-4.53715,48.0892],[-4.52581,48.08573],[-4.52206,48.08704],[-4.52166,48.09032],[-4.51883,48.08864],[-4.50677,48.08929],[-4.50065,48.08963],[-4.48694,48.087],[-4.47582,48.09558],[-4.47282,48.09581],[-4.46749,48.0962],[-4.46463,48.09894],[-4.45727,48.09661],[-4.45069,48.09815],[-4.4332,48.09741],[-4.41574,48.10651],[-4.40686,48.10417],[-4.39379,48.10459],[-4.37878,48.10805],[-4.37221,48.10966],[-4.36351,48.10864],[-4.35353,48.10312],[-4.34206,48.10003],[-4.33733,48.09593],[-4.32621,48.0978],[-4.32102,48.09294],[-4.30993,48.09025],[-4.29695,48.09223],[-4.29749,48.09588],[-4.28719,48.10284],[-4.28436,48.10784],[-4.28125,48.11788],[-4.28481,48.12586],[-4.27558,48.13332],[-4.27031,48.13324],[-4.27227,48.14673],[-4.27484,48.15053],[-4.27293,48.15261],[-4.27667,48.15593],[-4.28669,48.15614],[-4.29541,48.1592],[-4.2949,48.16358],[-4.29854,48.1672],[-4.29288,48.16904],[-4.29193,48.17522],[-4.29615,48.18375],[-4.30339,48.19484],[-4.31208,48.19715],[-4.31662,48.2032],[-4.32114,48.20392],[-4.32662,48.20219],[-4.33233,48.20599],[-4.37059,48.20567],[-4.37316,48.20741],[-4.37029,48.21107],[-4.37799,48.21799],[-4.39038,48.21832],[-4.39628,48.22013],[-4.40447,48.22264],[-4.41295,48.22286],[-4.41738,48.22681],[-4.43165,48.22889],[-4.4479,48.23518],[-4.45976,48.23573],[-4.46478,48.23895],[-4.47282,48.23783],[-4.49281,48.23506],[-4.49957,48.23191],[-4.50337,48.22668],[-4.49572,48.22206],[-4.4961,48.22013],[-4.49641,48.21857],[-4.50677,48.21373],[-4.5204,48.19176],[-4.53901,48.18085],[-4.54219,48.16982],[-4.55311,48.1684],[-4.5571,48.1703],[-4.55828,48.17564],[-4.55241,48.1815],[-4.55038,48.19573],[-4.55274,48.20878],[-4.55982,48.22013],[-4.56226,48.23049],[-4.57111,48.23267],[-4.56585,48.23619],[-4.56038,48.23628],[-4.55628,48.23771],[-4.5452,48.24157],[-4.5445,48.24997],[-4.55628,48.2579],[-4.58473,48.25187],[-4.5951,48.25319],[-4.60967,48.26079],[-4.61594,48.26042],[-4.62124,48.25731],[-4.62337,48.25844],[-4.61732,48.27346],[-4.62383,48.2798],[-4.61281,48.28105],[-4.60276,48.2858],[-4.59454,48.2774],[-4.58625,48.27616],[-4.57824,48.2786],[-4.56699,48.2863],[-4.56771,48.29142],[-4.57197,48.29898],[-4.57473,48.31387],[-4.58007,48.31887],[-4.57641,48.32503],[-4.55628,48.33706],[-4.53736,48.34042],[-4.53448,48.33904],[-4.54386,48.32563],[-4.54762,48.31117],[-4.55548,48.30456],[-4.55313,48.29462],[-4.53981,48.29065],[-4.53751,48.28552],[-4.53044,48.28625],[-4.52426,48.28974],[-4.52435,48.29528],[-4.5093,48.30865],[-4.50677,48.30925],[-4.50081,48.31066],[-4.50109,48.30737],[-4.50677,48.30288],[-4.51684,48.29491],[-4.50677,48.28513],[-4.50256,48.28104],[-4.49991,48.28181],[-4.47282,48.28685],[-4.47079,48.28723],[-4.46121,48.2938],[-4.44667,48.29125],[-4.42791,48.29099],[-4.42048,48.29271],[-4.42009,48.28584],[-4.41064,48.27682],[-4.3845,48.2752],[-4.36723,48.27781],[-4.36212,48.28023],[-4.3578,48.28239],[-4.35397,48.28564],[-4.35213,48.28647],[-4.34747,48.28653],[-4.338,48.28571],[-4.33135,48.28967],[-4.3069,48.29736],[-4.27143,48.29552],[-4.26517,48.29219],[-4.26535,48.28578],[-4.26855,48.28446],[-4.27497,48.28876],[-4.28321,48.28842],[-4.28828,48.28153],[-4.285,48.27783],[-4.28765,48.27466],[-4.28857,48.27335],[-4.28004,48.27403],[-4.25976,48.26568],[-4.25793,48.26296],[-4.26251,48.25948],[-4.25334,48.2579],[-4.2438,48.2491],[-4.22958,48.25121],[-4.2189,48.25783],[-4.21193,48.24389],[-4.20663,48.2391],[-4.21015,48.24662],[-4.17521,48.24521],[-4.15799,48.24452],[-4.13681,48.23651],[-4.11288,48.24396],[-4.11213,48.24101],[-4.11697,48.23346],[-4.11746,48.22013],[-4.10919,48.24079],[-4.10772,48.24472],[-4.11006,48.24799],[-4.13575,48.24175],[-4.1452,48.24364],[-4.15175,48.24737],[-4.15077,48.24955],[-4.1553,48.24753],[-4.15799,48.24725],[-4.17521,48.24883],[-4.19519,48.25067],[-4.20475,48.24966],[-4.21069,48.25772],[-4.2171,48.26079],[-4.22343,48.26031],[-4.2396,48.25441],[-4.25046,48.26615],[-4.27223,48.27466],[-4.27915,48.27821],[-4.278,48.28059],[-4.25903,48.28057],[-4.23335,48.29142],[-4.2249,48.28822],[-4.21278,48.2896],[-4.20259,48.29368],[-4.19606,48.29175],[-4.18654,48.29576],[-4.19327,48.29741],[-4.22425,48.29617],[-4.23817,48.29914],[-4.24034,48.30737],[-4.22114,48.31384],[-4.24197,48.31047],[-4.2503,48.30308],[-4.25832,48.3088],[-4.27227,48.30927],[-4.27925,48.31195],[-4.27577,48.31631],[-4.26874,48.31887],[-4.25143,48.32518],[-4.25535,48.32715],[-4.29345,48.31311],[-4.33001,48.31584],[-4.31804,48.32771],[-4.30637,48.3301],[-4.30737,48.33193],[-4.31465,48.3331],[-4.31413,48.3353],[-4.27799,48.34478],[-4.28924,48.34961],[-4.26982,48.35432],[-4.26675,48.35616],[-4.26865,48.35767],[-4.29156,48.35322],[-4.30218,48.35564],[-4.3059,48.34896],[-4.29959,48.34478],[-4.32964,48.34041],[-4.33046,48.34626],[-4.3185,48.36205],[-4.34471,48.34474],[-4.35135,48.34479],[-4.35532,48.34803],[-4.36228,48.34586],[-4.36962,48.33388],[-4.3799,48.32644],[-4.40113,48.32437],[-4.41081,48.32536],[-4.40583,48.33858],[-4.43958,48.32813],[-4.45128,48.32893],[-4.44816,48.33619],[-4.44175,48.34225],[-4.44136,48.35154],[-4.43263,48.36233],[-4.39672,48.38549],[-4.37184,48.39417],[-4.35929,48.40084],[-4.34839,48.40221],[-4.31394,48.41582],[-4.28266,48.43369],[-4.27466,48.44217],[-4.27032,48.44323],[-4.27454,48.44393],[-4.27872,48.43988],[-4.28099,48.43754],[-4.29285,48.43436],[-4.31405,48.42073],[-4.32848,48.41804],[-4.3308,48.41527],[-4.3406,48.41357],[-4.34753,48.40784],[-4.36028,48.40918],[-4.36588,48.40774],[-4.37005,48.40161],[-4.37398,48.40057],[-4.38565,48.41245],[-4.38512,48.40788],[-4.37852,48.39982],[-4.38139,48.39705],[-4.39175,48.39728],[-4.40312,48.39004],[-4.42317,48.39704],[-4.43369,48.39595],[-4.43399,48.38838],[-4.4379,48.38352],[-4.45273,48.38277],[-4.45587,48.38636],[-4.46745,48.38199],[-4.47282,48.38269],[-4.49594,48.3799],[-4.49721,48.37777],[-4.50677,48.37362],[-4.5274,48.36467],[-4.53538,48.35821],[-4.55388,48.36143],[-4.55628,48.35864],[-4.55845,48.35612],[-4.56513,48.35576],[-4.57269,48.34954],[-4.58406,48.34788],[-4.60865,48.33832],[-4.62178,48.33826],[-4.6278,48.33813],[-4.64003,48.34533],[-4.65122,48.34552],[-4.6647,48.35197],[-4.67894,48.35531],[-4.68524,48.35313],[-4.6914,48.35419],[-4.69959,48.35052],[-4.70268,48.34651],[-4.69947,48.33734],[-4.7155,48.33033],[-4.72725,48.33018],[-4.73588,48.33266],[-4.76217,48.32782],[-4.77234,48.32982],[-4.77163,48.33509],[-4.77507,48.33672],[-4.77096,48.34725],[-4.77926,48.35267],[-4.78012,48.354],[-4.77926,48.35914],[-4.7694,48.36185],[-4.75073,48.36017],[-4.75464,48.36245],[-4.74665,48.3666],[-4.75596,48.36403],[-4.76961,48.3644],[-4.76248,48.37185],[-4.76112,48.37857],[-4.77558,48.39037],[-4.77596,48.40674],[-4.77926,48.40627],[-4.78353,48.40565],[-4.79173,48.41188],[-4.7948,48.41421],[-4.79173,48.41928],[-4.78518,48.4301],[-4.78524,48.43585],[-4.77926,48.44137],[-4.77638,48.44403],[-4.77926,48.445],[-4.78148,48.44575],[-4.77926,48.44846],[-4.76685,48.46357],[-4.76107,48.46706],[-4.7582,48.4653],[-4.75954,48.45993],[-4.75106,48.47062],[-4.73692,48.47122],[-4.72246,48.47456],[-4.71676,48.46851],[-4.7188,48.47472],[-4.72484,48.47685],[-4.73724,48.47318],[-4.75273,48.4735],[-4.75921,48.47078],[-4.76712,48.47632],[-4.76681,48.48019],[-4.77503,48.48884],[-4.77744,48.49451],[-4.77893,48.49804],[-4.77645,48.50094],[-4.77782,48.5042],[-4.76763,48.50938],[-4.76966,48.51543],[-4.76373,48.51917],[-4.75877,48.52161],[-4.7641,48.53011],[-4.75103,48.53199],[-4.7511,48.54256],[-4.73733,48.54909],[-4.73302,48.55326],[-4.72985,48.55632],[-4.72098,48.55919],[-4.71528,48.55486],[-4.70711,48.55326],[-4.70416,48.55017],[-4.70142,48.55581],[-4.70406,48.55884],[-4.70204,48.56945],[-4.68679,48.57155],[-4.68408,48.56843],[-4.67855,48.56827],[-4.66903,48.57345],[-4.66321,48.56904],[-4.66166,48.57106],[-4.64719,48.57238],[-4.62716,48.57825],[-4.62362,48.57524],[-4.5985,48.57183],[-4.59156,48.55933],[-4.59555,48.55343],[-4.58623,48.55598],[-4.57975,48.55523],[-4.58087,48.55955],[-4.5583,48.55923],[-4.55628,48.5588],[-4.53205,48.55167],[-4.52912,48.55379],[-4.52475,48.55386],[-4.50848,48.54789],[-4.50727,48.55296],[-4.51461,48.55212],[-4.52472,48.55609],[-4.55628,48.56182],[-4.58459,48.56285],[-4.59438,48.57464],[-4.61032,48.5776],[-4.60414,48.58414],[-4.60701,48.59645],[-4.60013,48.60616],[-4.59699,48.60657],[-4.58792,48.60201],[-4.59349,48.5944],[-4.56538,48.59797],[-4.55628,48.59534],[-4.54397,48.59794],[-4.53049,48.59483],[-4.5291,48.592],[-4.52384,48.59226],[-4.52118,48.58521],[-4.50677,48.58629],[-4.50361,48.58653],[-4.49991,48.58257],[-4.48809,48.57348],[-4.4785,48.57226],[-4.49659,48.58374],[-4.5002,48.58912],[-4.51745,48.58931],[-4.52515,48.59533],[-4.55689,48.60446],[-4.5574,48.60893],[-4.5663,48.6096],[-4.56753,48.61758],[-4.56441,48.62052],[-4.56397,48.6242],[-4.55628,48.62378],[-4.54249,48.62488],[-4.54788,48.63344],[-4.54183,48.6364],[-4.53841,48.63167],[-4.53074,48.62947],[-4.5265,48.62991],[-4.52115,48.6341],[-4.51449,48.63415],[-4.50931,48.62342],[-4.50677,48.62294],[-4.49991,48.62164],[-4.4938,48.62446],[-4.47786,48.6238],[-4.47282,48.62491],[-4.46278,48.6271],[-4.45228,48.63552],[-4.44112,48.64079],[-4.43386,48.6357],[-4.4316,48.63726],[-4.43234,48.6412],[-4.42058,48.63804],[-4.3976,48.63645],[-4.40321,48.6404],[-4.41651,48.64196],[-4.42265,48.64577],[-4.43137,48.64745],[-4.43583,48.65502],[-4.43269,48.6556],[-4.42614,48.6526],[-4.39818,48.65585],[-4.37824,48.66298],[-4.37308,48.66843],[-4.36485,48.66933],[-4.34912,48.67638],[-4.33079,48.67552],[-4.32631,48.66729],[-4.31315,48.67101],[-4.29664,48.66316],[-4.30099,48.65272],[-4.31401,48.64625],[-4.31046,48.64308],[-4.31606,48.63757],[-4.31148,48.6354],[-4.29918,48.63283],[-4.2941,48.63637],[-4.29862,48.64038],[-4.28014,48.6435],[-4.27497,48.64914],[-4.24516,48.65],[-4.23573,48.65134],[-4.22003,48.64839],[-4.19975,48.6526],[-4.19456,48.65208],[-4.20001,48.65585],[-4.21079,48.65741],[-4.21861,48.6563],[-4.22132,48.65849],[-4.21253,48.66885],[-4.19632,48.678],[-4.18674,48.6861],[-4.18029,48.68453],[-4.17521,48.68605],[-4.1625,48.68984],[-4.14481,48.69241],[-4.13023,48.6962],[-4.12467,48.69367],[-4.10981,48.69486],[-4.09642,48.69329],[-4.09442,48.68781],[-4.09164,48.69136],[-4.0881,48.69185],[-4.08198,48.69269],[-4.07783,48.68884],[-4.06718,48.67898],[-4.05931,48.67561],[-4.05718,48.66961],[-4.05769,48.67573],[-4.06663,48.68659],[-4.05361,48.68573],[-4.03589,48.68757],[-4.04394,48.6886],[-4.05588,48.68721],[-4.05607,48.70136],[-4.04947,48.70497],[-4.04416,48.70293],[-4.04154,48.70344],[-4.03758,48.70648],[-4.03521,48.71329],[-4.02338,48.7109],[-4.01662,48.71229],[-4.01192,48.71538],[-4.01145,48.71712],[-4.0071,48.72586],[-4.00386,48.72399],[-4.00691,48.71999],[-3.99985,48.71223],[-3.99285,48.71579],[-3.99207,48.72301],[-3.98883,48.72646],[-3.98378,48.72701],[-3.97757,48.72276],[-3.97411,48.72429],[-3.96975,48.72519],[-3.96518,48.72136],[-3.97104,48.71385],[-3.97411,48.7038],[-3.97411,48.70184],[-3.97411,48.69803],[-3.9659,48.69238],[-3.96956,48.68632],[-3.97051,48.67428],[-3.96502,48.67504],[-3.95063,48.67192],[-3.95491,48.66921],[-3.95201,48.65877],[-3.95733,48.64775],[-3.9505,48.63891],[-3.95438,48.62701],[-3.95353,48.62052],[-3.9532,48.618],[-3.94873,48.6174],[-3.9473,48.61472],[-3.94097,48.60283],[-3.93529,48.59925],[-3.94257,48.612],[-3.93915,48.6147],[-3.94689,48.61898],[-3.94766,48.62052],[-3.95073,48.62675],[-3.94806,48.64043],[-3.95048,48.6508],[-3.94238,48.65551],[-3.94117,48.65797],[-3.92952,48.65912],[-3.9224,48.67495],[-3.90933,48.66983],[-3.89349,48.67123],[-3.89197,48.66727],[-3.90382,48.66389],[-3.90551,48.65897],[-3.89635,48.64553],[-3.88877,48.64252],[-3.88065,48.63929],[-3.86898,48.63562],[-3.86376,48.63398],[-3.85839,48.62866],[-3.85701,48.62052],[-3.85723,48.61931],[-3.85824,48.61825],[-3.86168,48.61381],[-3.86032,48.60922],[-3.8708,48.60411],[-3.85697,48.60788],[-3.84871,48.60318],[-3.85165,48.60669],[-3.85787,48.61059],[-3.85935,48.61404],[-3.85366,48.62052],[-3.85112,48.62342],[-3.84556,48.62686],[-3.84128,48.62701],[-3.83949,48.62811],[-3.83277,48.62833],[-3.82836,48.62719],[-3.82413,48.6298],[-3.82064,48.62782],[-3.8114,48.62932],[-3.82436,48.63033],[-3.84308,48.62877],[-3.84668,48.6302],[-3.8495,48.63562],[-3.85597,48.64807],[-3.85714,48.66181],[-3.86361,48.67006],[-3.86243,48.67242],[-3.85497,48.67269],[-3.85383,48.66293],[-3.84657,48.66029],[-3.84705,48.67271],[-3.85307,48.68869],[-3.84913,48.69428],[-3.84201,48.69792],[-3.84064,48.70439],[-3.83661,48.70818],[-3.83112,48.70966],[-3.82282,48.70378],[-3.8157,48.7154],[-3.7994,48.71122],[-3.78911,48.70341],[-3.77977,48.70194],[-3.77646,48.70293],[-3.77294,48.70641],[-3.76523,48.70867],[-3.74792,48.70794],[-3.7356,48.70868],[-3.73063,48.70621],[-3.7179,48.70447],[-3.71731,48.70014],[-3.70133,48.68993],[-3.68925,48.69143],[-3.67904,48.68698],[-3.65747,48.6959],[-3.65102,48.69395],[-3.64455,48.69531],[-3.64464,48.69216],[-3.65203,48.68745],[-3.65443,48.68241],[-3.64004,48.67408],[-3.65377,48.66633],[-3.65915,48.65942],[-3.65373,48.66433],[-3.63653,48.67103],[-3.6366,48.68091],[-3.62488,48.68582],[-3.6165,48.68305],[-3.6105,48.67023],[-3.5971,48.66888],[-3.58924,48.67103],[-3.57999,48.67088],[-3.57329,48.67472],[-3.56791,48.68254],[-3.57151,48.6872],[-3.58357,48.69039],[-3.58015,48.69765],[-3.58397,48.71834],[-3.58091,48.72302],[-3.56657,48.72618],[-3.56433,48.73074],[-3.55555,48.72751],[-3.53557,48.72787],[-3.53905,48.73106],[-3.5373,48.73252],[-3.52494,48.73074],[-3.51391,48.73358],[-3.50469,48.73188],[-3.50207,48.73282],[-3.51349,48.73482],[-3.52476,48.73157],[-3.53709,48.73446],[-3.54951,48.73324],[-3.5497,48.74565],[-3.56461,48.75946],[-3.58207,48.75714],[-3.58447,48.7582],[-3.57866,48.76301],[-3.58434,48.76969],[-3.58544,48.77791],[-3.5801,48.78041],[-3.57789,48.78891],[-3.57076,48.78978],[-3.56647,48.79703],[-3.5547,48.79151],[-3.54267,48.79802],[-3.54103,48.80129],[-3.53537,48.80287],[-3.53706,48.81078],[-3.54553,48.80983],[-3.54765,48.81177],[-3.54011,48.81687],[-3.54011,48.82343],[-3.53431,48.82426],[-3.52336,48.82066],[-3.52418,48.82917],[-3.51227,48.83417],[-3.50531,48.82567],[-3.50235,48.82554],[-3.50009,48.8287],[-3.4931,48.82797],[-3.4909,48.82189],[-3.48653,48.82736],[-3.49072,48.83088],[-3.48772,48.83431],[-3.48096,48.83765],[-3.47496,48.83431],[-3.47107,48.8266],[-3.46256,48.81958],[-3.45866,48.81637],[-3.45074,48.81629],[-3.43984,48.82],[-3.42794,48.81934],[-3.42828,48.81674],[-3.4366,48.81097],[-3.43697,48.80662],[-3.44213,48.8046],[-3.44055,48.79826],[-3.43177,48.7975],[-3.40874,48.79992],[-3.38904,48.80357],[-3.38859,48.81519],[-3.38086,48.81649],[-3.36975,48.81837],[-3.36615,48.81898],[-3.36266,48.82123],[-3.35562,48.82005],[-3.35097,48.822],[-3.34599,48.82544],[-3.34194,48.82824],[-3.3354,48.82851],[-3.32103,48.83779],[-3.30348,48.83566],[-3.29311,48.83078],[-3.28131,48.84203],[-3.27618,48.84163],[-3.26952,48.83395],[-3.26059,48.83818],[-3.25468,48.8486],[-3.2386,48.8605],[-3.23726,48.8615],[-3.23529,48.86633],[-3.22681,48.86824],[-3.21742,48.86286],[-3.21141,48.85017],[-3.20766,48.84744],[-3.21247,48.84416],[-3.21881,48.83398],[-3.20776,48.8376],[-3.20395,48.83496],[-3.20529,48.822],[-3.20732,48.81463],[-3.21691,48.80379],[-3.22622,48.79858],[-3.2268,48.79429],[-3.2386,48.78989],[-3.24714,48.78671],[-3.24988,48.78949],[-3.25355,48.78456],[-3.25087,48.78632],[-3.24398,48.7854],[-3.2386,48.78743],[-3.22914,48.79099],[-3.22293,48.78622],[-3.22258,48.78088],[-3.22474,48.774],[-3.2386,48.76022],[-3.25197,48.75759],[-3.25628,48.75239],[-3.26469,48.75192],[-3.26905,48.74839],[-3.26542,48.74666],[-3.26448,48.75113],[-3.24946,48.75117],[-3.25072,48.75446],[-3.24778,48.7573],[-3.24241,48.7568],[-3.24221,48.75367],[-3.2386,48.75775],[-3.2319,48.76532],[-3.22127,48.77115],[-3.21425,48.76892],[-3.21165,48.76433],[-3.21099,48.76698],[-3.20711,48.76835],[-3.20189,48.76547],[-3.1991,48.76579],[-3.20403,48.76917],[-3.21414,48.77031],[-3.22097,48.77454],[-3.21812,48.78235],[-3.2233,48.7907],[-3.22339,48.7956],[-3.20041,48.81436],[-3.19941,48.81779],[-3.19693,48.81825],[-3.20075,48.82067],[-3.20051,48.822],[-3.18923,48.83821],[-3.18225,48.84314],[-3.1736,48.84192],[-3.16764,48.85272],[-3.15703,48.85197],[-3.14739,48.85385],[-3.14159,48.85735],[-3.13347,48.85895],[-3.12784,48.86458],[-3.1124,48.86675],[-3.08695,48.86635],[-3.08088,48.86358],[-3.07666,48.85779],[-3.07813,48.85677],[-3.08603,48.86278],[-3.09397,48.8588],[-3.08816,48.85663],[-3.08415,48.8472],[-3.09926,48.8306],[-3.09236,48.83276],[-3.08739,48.83139],[-3.08356,48.83267],[-3.08027,48.82964],[-3.08441,48.82565],[-3.08404,48.822],[-3.08888,48.8116],[-3.09804,48.80438],[-3.09797,48.79463],[-3.10177,48.78773],[-3.09992,48.78399],[-3.11628,48.77557],[-3.12419,48.7716],[-3.12161,48.76724],[-3.12481,48.75739],[-3.13112,48.75278],[-3.1469,48.74767],[-3.14877,48.73865],[-3.14964,48.73422],[-3.13659,48.73213],[-3.1314,48.72219],[-3.1401,48.71129],[-3.13773,48.71065],[-3.1303,48.71953],[-3.12963,48.72634],[-3.11478,48.72501],[-3.11127,48.72181],[-3.09625,48.71652],[-3.08602,48.71661],[-3.09777,48.71833],[-3.11462,48.72595],[-3.12835,48.72747],[-3.13428,48.73362],[-3.14741,48.73592],[-3.14109,48.74739],[-3.12274,48.75434],[-3.11503,48.76454],[-3.10247,48.76614],[-3.0987,48.76933],[-3.10255,48.77977],[-3.09502,48.7822],[-3.0933,48.7956],[-3.08818,48.80102],[-3.08511,48.81025],[-3.0746,48.81854],[-3.06677,48.82173],[-3.06302,48.82182],[-3.0554,48.822],[-3.0554,48.82009],[-3.05682,48.81782],[-3.0554,48.81606],[-3.01944,48.822],[-3.01308,48.822],[-3.00895,48.81822],[-3.01604,48.81008],[-3.01044,48.80527],[-3.00311,48.80378],[-3.00477,48.79996],[-3.01892,48.7978],[-3.02583,48.79158],[-3.04565,48.78749],[-3.03942,48.78314],[-3.0143,48.78134],[-3.01571,48.77959],[-3.0262,48.77827],[-3.0254,48.7743],[-3.01528,48.76724],[-2.99046,48.76306],[-2.96323,48.76327],[-2.95265,48.76914],[-2.94454,48.7592],[-2.93157,48.75552],[-2.94131,48.74381],[-2.93568,48.73742],[-2.93709,48.73304],[-2.94791,48.72722],[-2.94354,48.72003],[-2.93137,48.71874],[-2.92435,48.70733],[-2.90273,48.69939],[-2.89145,48.69915],[-2.88421,48.69033],[-2.88629,48.6845],[-2.88076,48.6742],[-2.86616,48.672],[-2.85879,48.67438],[-2.85351,48.66777],[-2.85028,48.66722],[-2.84207,48.66372],[-2.83685,48.65586],[-2.82735,48.6553],[-2.82606,48.65039],[-2.82274,48.64865],[-2.82625,48.64694],[-2.82582,48.64338],[-2.82305,48.64192],[-2.82582,48.63689],[-2.82478,48.63562],[-2.82054,48.6304],[-2.82205,48.62283],[-2.82001,48.62052],[-2.81552,48.61544],[-2.81486,48.61065],[-2.82442,48.59887],[-2.81942,48.59379],[-2.80879,48.59212],[-2.79451,48.58547],[-2.77982,48.58449],[-2.77218,48.57068],[-2.75048,48.56261],[-2.74358,48.56189],[-2.73342,48.56084],[-2.7258,48.55676],[-2.71388,48.55455],[-2.72348,48.54723],[-2.71878,48.53974],[-2.71923,48.53502],[-2.72633,48.52984],[-2.73688,48.52828],[-2.7412,48.5247],[-2.71412,48.53117],[-2.71531,48.5256],[-2.71061,48.52029],[-2.70393,48.51302],[-2.68674,48.49428],[-2.68474,48.49355],[-2.67974,48.49174],[-2.67574,48.49125],[-2.68419,48.49745],[-2.67614,48.50906],[-2.68033,48.53288],[-2.66939,48.53498],[-2.65561,48.52557],[-2.64166,48.52372],[-2.63045,48.52536],[-2.62805,48.52182],[-2.62279,48.52072],[-2.63317,48.53012],[-2.63203,48.53707],[-2.62815,48.53999],[-2.60545,48.5517],[-2.57542,48.57591],[-2.56924,48.58236],[-2.55427,48.59089],[-2.55212,48.59837],[-2.53145,48.59766],[-2.4989,48.60765],[-2.47628,48.62052],[-2.46854,48.63398],[-2.48295,48.63852],[-2.48576,48.6444],[-2.47612,48.64511],[-2.46684,48.64907],[-2.45155,48.64844],[-2.43717,48.65182],[-2.42408,48.64747],[-2.41731,48.63656],[-2.42077,48.62936],[-2.40954,48.637],[-2.41493,48.64113],[-2.39724,48.64274],[-2.3861,48.65216],[-2.37692,48.65296],[-2.36908,48.6568],[-2.36208,48.65547],[-2.35704,48.6582],[-2.35225,48.6608],[-2.34853,48.66085],[-2.34799,48.66391],[-2.32898,48.67269],[-2.32659,48.68191],[-2.31686,48.68662],[-2.3117,48.68053],[-2.31381,48.67441],[-2.31103,48.67122],[-2.28606,48.66663],[-2.29474,48.65897],[-2.29867,48.65133],[-2.30863,48.64412],[-2.3084,48.63938],[-2.31213,48.63428],[-2.32072,48.62797],[-2.32499,48.62743],[-2.33623,48.62052],[-2.33753,48.61972],[-2.3233,48.61847],[-2.32031,48.61363],[-2.3135,48.61099],[-2.30337,48.62052],[-2.29804,48.62554],[-2.28648,48.62672],[-2.28847,48.62844],[-2.28613,48.63207],[-2.27458,48.63659],[-2.27232,48.64045],[-2.26008,48.64483],[-2.24478,48.64423],[-2.24482,48.64207],[-2.25532,48.635],[-2.25088,48.62831],[-2.24138,48.62279],[-2.24265,48.62052],[-2.24531,48.61577],[-2.23938,48.61222],[-2.22902,48.61025],[-2.22337,48.602],[-2.22359,48.59491],[-2.21426,48.5925],[-2.21042,48.58689],[-2.21181,48.57587],[-2.22607,48.57025],[-2.22312,48.57055],[-2.22146,48.56882],[-2.21834,48.56951],[-2.21657,48.56832],[-2.21824,48.56345],[-2.22107,48.56065],[-2.21757,48.55472],[-2.22282,48.55231],[-2.2244,48.54979],[-2.22407,48.54704],[-2.21912,48.54341],[-2.22263,48.54061],[-2.22659,48.53966],[-2.2264,48.5383],[-2.22053,48.54087],[-2.21824,48.54307],[-2.21819,48.54457],[-2.22298,48.54682],[-2.22347,48.55003],[-2.22206,48.55192],[-2.21557,48.55442],[-2.21922,48.56001],[-2.21583,48.56231],[-2.21583,48.56527],[-2.21348,48.56793],[-2.21568,48.5713],[-2.21389,48.57257],[-2.21207,48.57226],[-2.20804,48.57372],[-2.20556,48.57543],[-2.20575,48.57957],[-2.1918,48.5927],[-2.19428,48.59875],[-2.19341,48.60829],[-2.18501,48.60558],[-2.18262,48.60046],[-2.18734,48.58728],[-2.18672,48.58136],[-2.18165,48.57738],[-2.17646,48.57667],[-2.16521,48.57923],[-2.16495,48.5821],[-2.15696,48.58756],[-2.16967,48.59531],[-2.16614,48.60375],[-2.16334,48.60669],[-2.15342,48.61011],[-2.15031,48.61777],[-2.14469,48.61905],[-2.14164,48.611],[-2.12995,48.60527],[-2.12383,48.60483],[-2.13096,48.61194],[-2.13645,48.61337],[-2.13825,48.62052],[-2.13915,48.62412],[-2.14902,48.62703],[-2.15076,48.62948],[-2.1492,48.63316],[-2.14156,48.63211],[-2.13217,48.63786],[-2.12412,48.63549],[-2.11461,48.6424],[-2.11021,48.63779],[-2.10061,48.63856],[-2.09444,48.63412],[-2.08235,48.63603],[-2.07584,48.64002],[-2.05957,48.63982],[-2.05404,48.63685],[-2.04989,48.63699],[-2.05252,48.62657],[-2.04778,48.62475],[-2.03288,48.62576],[-2.0326,48.62052],[-2.03259,48.62046],[-2.03019,48.61908],[-2.02927,48.61714],[-2.02922,48.61507],[-2.03407,48.61303],[-2.0347,48.61079],[-2.03156,48.6084],[-2.02896,48.60809],[-2.03152,48.60637],[-2.03204,48.60378],[-2.03523,48.60222],[-2.0359,48.60053],[-2.0307,48.60362],[-2.02278,48.60474],[-2.02476,48.59938],[-2.01828,48.59595],[-2.01357,48.58759],[-2.00435,48.58768],[-2.00341,48.58299],[-1.99694,48.58335],[-1.99493,48.57838],[-2.00332,48.57625],[-2.01085,48.57097],[-2.00687,48.56609],[-2.00471,48.56807],[-2.00156,48.56761],[-1.99875,48.56194],[-1.99317,48.5585],[-1.99225,48.55403],[-1.99558,48.55119],[-1.98759,48.55027],[-1.98762,48.54498],[-1.97552,48.54397],[-1.97301,48.53708],[-1.98571,48.52534],[-1.9851,48.51805],[-1.9818,48.51533],[-1.98506,48.51038],[-1.98369,48.50119],[-1.98808,48.49956],[-1.993,48.50053],[-1.99142,48.49877],[-2.00145,48.49132],[-1.9941,48.49257],[-1.99195,48.49644],[-1.98893,48.49683],[-1.97647,48.4986],[-1.98036,48.50064],[-1.98041,48.50991],[-1.96892,48.51339],[-1.96975,48.5215],[-1.96503,48.52574],[-1.95984,48.52591],[-1.95623,48.52268],[-1.95414,48.52374],[-1.95047,48.52818],[-1.95018,48.52947],[-1.94805,48.53892],[-1.95018,48.53848],[-1.96052,48.53633],[-1.96883,48.5371],[-1.96125,48.54914],[-1.96313,48.55586],[-1.97638,48.55704],[-1.97303,48.56618],[-1.9812,48.57286],[-1.98621,48.58374],[-1.98056,48.58547],[-1.96212,48.57667],[-1.95533,48.57639],[-1.95528,48.579],[-1.96511,48.58447],[-1.96126,48.58891],[-1.96215,48.59263],[-1.97323,48.58998],[-1.97964,48.59334],[-1.98893,48.59367],[-1.99305,48.59389],[-1.99731,48.5911],[-2.00085,48.59349],[-1.99706,48.60373],[-2.00175,48.60081],[-2.01213,48.59897],[-2.01125,48.60422],[-2.00293,48.61397],[-2.01495,48.61454],[-2.01783,48.61894],[-2.01697,48.62052],[-2.01382,48.62631],[-2.02295,48.6342],[-2.02975,48.63466],[-2.03101,48.63642],[-2.02142,48.63992],[-2.02839,48.64732],[-2.02754,48.65074],[-2.00714,48.6554],[-1.99374,48.66133],[-1.98893,48.6666],[-1.98596,48.66861],[-1.98201,48.67479],[-1.98282,48.67679],[-1.9867,48.67717],[-1.98688,48.67861],[-1.98893,48.6803],[-1.99022,48.68241],[-1.98893,48.68416],[-1.98371,48.68184],[-1.96471,48.68685],[-1.9613,48.68095],[-1.95018,48.68336],[-1.94134,48.68552],[-1.95018,48.68994],[-1.95585,48.68827],[-1.95907,48.69002],[-1.95535,48.69236],[-1.95018,48.6928],[-1.94022,48.69366],[-1.93622,48.70184],[-1.93287,48.7002],[-1.93241,48.69463],[-1.927,48.69274],[-1.91737,48.69501],[-1.91231,48.69154],[-1.90401,48.69058],[-1.89252,48.69633],[-1.88847,48.69871],[-1.87472,48.69558],[-1.86863,48.70044],[-1.86186,48.70063],[-1.85538,48.70592],[-1.84382,48.70912],[-1.84452,48.70317],[-1.84959,48.69975],[-1.84631,48.6967],[-1.84633,48.69024],[-1.8369,48.68023],[-1.85091,48.67138],[-1.86241,48.66705],[-1.86439,48.65699],[-1.87102,48.64606],[-1.86771,48.63693],[-1.85695,48.62478],[-1.855,48.62303],[-1.85051,48.62052],[-1.84765,48.61893],[-1.84727,48.61759],[-1.84525,48.61644],[-1.84207,48.61463],[-1.82635,48.61093],[-1.81368,48.60883],[-1.79081,48.60615],[-1.77441,48.60371],[-1.76824,48.60381],[-1.76772,48.60253],[-1.76309,48.60382],[-1.75776,48.60361],[-1.74974,48.60511],[-1.72354,48.60597],[-1.70255,48.60731],[-1.67989,48.611],[-1.66776,48.61084],[-1.66528,48.61015],[-1.63764,48.61495],[-1.6346,48.61547],[-1.60554,48.62052],[-1.5711,48.6265],[-1.54946,48.63026],[-1.54108,48.63109],[-1.52035,48.62758],[-1.51676,48.62052],[-1.51564,48.61833],[-1.51211,48.61325],[-1.51127,48.6186],[-1.49672,48.6202],[-1.49098,48.61837],[-1.48474,48.62003],[-1.47599,48.61906],[-1.47114,48.62052],[-1.45601,48.62509],[-1.44875,48.62371],[-1.42749,48.6368],[-1.42618,48.64299],[-1.42286,48.64249],[-1.4209,48.63941],[-1.40817,48.64319],[-1.39844,48.64215],[-1.39093,48.64438],[-1.38333,48.64069],[-1.37634,48.64239],[-1.37023,48.64129],[-1.36166,48.63417],[-1.35096,48.63162],[-1.35135,48.63254],[-1.35808,48.63647],[-1.36488,48.64659],[-1.37296,48.64719],[-1.38088,48.65145],[-1.3927,48.65074],[-1.40001,48.65653],[-1.39797,48.66435],[-1.37663,48.68496],[-1.37229,48.69378],[-1.37794,48.68992],[-1.37782,48.68682],[-1.39455,48.67792],[-1.39853,48.6765],[-1.401,48.67417],[-1.40577,48.67338],[-1.4126,48.67104],[-1.42006,48.66999],[-1.42294,48.66849],[-1.42475,48.66623],[-1.42943,48.66711],[-1.43246,48.66674],[-1.43374,48.66557],[-1.43621,48.66328],[-1.4387,48.65578],[-1.44256,48.65568],[-1.44612,48.65498],[-1.44713,48.65765],[-1.44673,48.66401],[-1.44965,48.67022],[-1.45741,48.67361],[-1.46321,48.67422],[-1.47153,48.68062],[-1.4853,48.68588],[-1.49618,48.68416],[-1.50321,48.68534],[-1.50608,48.69113],[-1.51499,48.70065],[-1.5188,48.71659],[-1.52256,48.72179],[-1.52566,48.72389],[-1.52652,48.7271],[-1.53069,48.73088],[-1.53327,48.73108],[-1.55219,48.73272],[-1.55639,48.73458],[-1.56141,48.73605],[-1.56372,48.73762],[-1.56619,48.7408],[-1.5704,48.74331],[-1.57287,48.74773],[-1.57452,48.75478],[-1.57236,48.75927],[-1.57043,48.76901],[-1.57041,48.77039],[-1.5703,48.77694],[-1.56959,48.78178],[-1.56965,48.78822],[-1.56868,48.80423],[-1.5729,48.81598],[-1.57834,48.82428],[-1.59185,48.83259],[-1.60866,48.83536],[-1.59187,48.8453],[-1.58738,48.84645],[-1.58565,48.84796],[-1.58267,48.85255],[-1.57837,48.86222],[-1.57221,48.88491],[-1.57122,48.89061],[-1.56904,48.9031],[-1.56715,48.90856],[-1.56677,48.9102],[-1.56402,48.92046],[-1.56125,48.92195],[-1.56035,48.90913],[-1.55713,48.90656],[-1.55478,48.89481],[-1.55252,48.89366],[-1.54959,48.89552],[-1.55094,48.90884],[-1.54826,48.92506],[-1.54342,48.93143],[-1.54857,48.93981],[-1.56133,48.94024],[-1.56165,48.95122],[-1.56218,48.95659],[-1.56165,48.96829],[-1.56194,48.98131],[-1.55793,48.99785],[-1.55801,48.99935],[-1.55699,48.99994],[-1.55574,48.9997],[-1.55551,48.9981],[-1.55117,48.98881],[-1.54921,48.99056],[-1.55164,48.99818],[-1.55146,49.00358],[-1.55663,49.01086],[-1.5558,49.02645],[-1.53639,49.03411],[-1.51395,49.02343],[-1.50798,49.01915],[-1.50536,49.02019],[-1.50674,49.02194],[-1.50644,49.02439],[-1.50838,49.02631],[-1.51179,49.02781],[-1.51376,49.02946],[-1.51937,49.0321],[-1.52476,49.03345],[-1.52766,49.03566],[-1.53586,49.03884],[-1.54262,49.04127],[-1.54759,49.0378],[-1.5576,49.03685],[-1.55992,49.03829],[-1.56945,49.03145],[-1.56932,49.02788],[-1.57811,49.01561],[-1.57463,49.0011],[-1.57734,48.99874],[-1.58566,49.00593],[-1.59459,49.0246],[-1.60251,49.05314],[-1.5983,49.06023],[-1.59666,49.06614],[-1.60046,49.07077],[-1.59849,49.07379],[-1.60842,49.07954],[-1.61029,49.08357],[-1.60953,49.10237],[-1.60559,49.11198],[-1.59501,49.13056],[-1.58318,49.12646],[-1.57842,49.12995],[-1.58028,49.14126],[-1.58777,49.14198],[-1.59227,49.13889],[-1.59621,49.14409],[-1.59864,49.16871],[-1.60322,49.18431],[-1.60545,49.1919],[-1.60601,49.20672],[-1.61231,49.21786],[-1.59998,49.21735],[-1.57496,49.2229],[-1.57413,49.22464],[-1.58602,49.23257],[-1.60601,49.23216],[-1.61379,49.23515],[-1.62489,49.22421],[-1.62625,49.21253],[-1.64047,49.22112],[-1.65086,49.23575],[-1.65439,49.24175],[-1.65978,49.25642],[-1.66094,49.25868],[-1.678,49.28117],[-1.67672,49.2835],[-1.67312,49.27972],[-1.66424,49.2817],[-1.65815,49.27902],[-1.65755,49.28124],[-1.66506,49.28617],[-1.67079,49.28509],[-1.68416,49.28842],[-1.69304,49.29766],[-1.6965,49.30242],[-1.70004,49.30842],[-1.70255,49.31211],[-1.70758,49.31948],[-1.70801,49.32605],[-1.70255,49.32507],[-1.6831,49.3291],[-1.68286,49.33094],[-1.69538,49.33154],[-1.70333,49.34013],[-1.7124,49.34304],[-1.71451,49.33222],[-1.712,49.32908],[-1.72139,49.32703],[-1.72808,49.33073],[-1.74586,49.34785],[-1.75237,49.35323],[-1.7588,49.35854],[-1.76031,49.35983],[-1.78484,49.37381],[-1.78821,49.37422],[-1.79038,49.37009],[-1.79626,49.37217],[-1.80723,49.37213],[-1.81052,49.3773],[-1.81357,49.38098],[-1.82008,49.39106],[-1.82309,49.39897],[-1.824,49.40317],[-1.82323,49.40798],[-1.82301,49.4154],[-1.82279,49.42721],[-1.82337,49.43862],[-1.82724,49.45359],[-1.83642,49.46825],[-1.8471,49.47409],[-1.84489,49.47925],[-1.84579,49.4944],[-1.85107,49.50868],[-1.85392,49.50974],[-1.86048,49.51219],[-1.87076,49.51324],[-1.88116,49.51905],[-1.88847,49.53449],[-1.88389,49.54195],[-1.85806,49.55163],[-1.85468,49.55638],[-1.85261,49.56195],[-1.84632,49.5648],[-1.84137,49.57172],[-1.84195,49.58283],[-1.84559,49.62014],[-1.8603,49.64916],[-1.87366,49.65738],[-1.88669,49.65979],[-1.89857,49.66555],[-1.91733,49.66632],[-1.92989,49.67137],[-1.93952,49.67214],[-1.94582,49.67581],[-1.93664,49.69034],[-1.9472,49.70643],[-1.94495,49.71307],[-1.94669,49.71742],[-1.94158,49.72539],[-1.92491,49.72669],[-1.90667,49.72193],[-1.89733,49.71666],[-1.89433,49.71072],[-1.88476,49.70648],[-1.87445,49.7077],[-1.85176,49.71868],[-1.8492,49.71465],[-1.83742,49.70903],[-1.82789,49.69461],[-1.82295,49.69147],[-1.79035,49.68665],[-1.77421,49.68084],[-1.76094,49.67854],[-1.73226,49.67761],[-1.71777,49.67916],[-1.71209,49.67729],[-1.70441,49.67089],[-1.70255,49.67072],[-1.69598,49.67012],[-1.68758,49.67326],[-1.68179,49.6718],[-1.67898,49.6698],[-1.68314,49.66729],[-1.68273,49.66511],[-1.67192,49.65798],[-1.65144,49.6569],[-1.63081,49.66009],[-1.6307,49.65413],[-1.62422,49.64599],[-1.62025,49.64503],[-1.61698,49.64721],[-1.61432,49.64387],[-1.61194,49.64627],[-1.60356,49.64652],[-1.60436,49.65633],[-1.58717,49.65151],[-1.56943,49.65663],[-1.54882,49.65444],[-1.5312,49.65551],[-1.5274,49.65799],[-1.52126,49.65729],[-1.50222,49.66461],[-1.49334,49.66946],[-1.48805,49.6684],[-1.48487,49.67702],[-1.47672,49.6811],[-1.47371,49.68574],[-1.47748,49.68989],[-1.47349,49.69627],[-1.45262,49.69161],[-1.43587,49.70041],[-1.42707,49.70206],[-1.42133,49.70367],[-1.41391,49.70178],[-1.39268,49.70611],[-1.37141,49.70706],[-1.34422,49.70132],[-1.33186,49.70204],[-1.29983,49.69369],[-1.28988,49.69263],[-1.27952,49.69446],[-1.26639,49.69443],[-1.2717,49.68018],[-1.26191,49.67353],[-1.26212,49.66921],[-1.25778,49.66953],[-1.25646,49.66683],[-1.23964,49.6538],[-1.23929,49.6511],[-1.24344,49.64802],[-1.23661,49.63682],[-1.22883,49.62405],[-1.22927,49.60689],[-1.23661,49.60843],[-1.25551,49.61239],[-1.26603,49.59301],[-1.26356,49.58557],[-1.26867,49.58324],[-1.27952,49.58633],[-1.28558,49.58711],[-1.29545,49.58342],[-1.30043,49.57866],[-1.30477,49.57267],[-1.30784,49.56004],[-1.30967,49.55055],[-1.30789,49.54571],[-1.30743,49.54119],[-1.3065,49.53897],[-1.30273,49.53498],[-1.29111,49.52135],[-1.29287,49.51649],[-1.28837,49.51732],[-1.28011,49.50974],[-1.27833,49.50812],[-1.27345,49.50365],[-1.27001,49.50051],[-1.26514,49.49471],[-1.25545,49.48317],[-1.25395,49.48197],[-1.23661,49.46768],[-1.23083,49.46245],[-1.22314,49.45551],[-1.21245,49.44716],[-1.19692,49.43517],[-1.1894,49.42936],[-1.18333,49.42467],[-1.1751,49.41659],[-1.16997,49.41054],[-1.16816,49.40798],[-1.16283,49.38856],[-1.16907,49.38164],[-1.17877,49.37781],[-1.1769,49.36664],[-1.18341,49.36273],[-1.18334,49.34668],[-1.19487,49.33835],[-1.20271,49.33597],[-1.20233,49.33445],[-1.20926,49.33308],[-1.20215,49.3337],[-1.19435,49.33668],[-1.18597,49.34177],[-1.17104,49.3569],[-1.16174,49.35792],[-1.15423,49.3619],[-1.13933,49.35819],[-1.13435,49.35322],[-1.11782,49.34398],[-1.11451,49.32824],[-1.11959,49.32227],[-1.11292,49.32538],[-1.10572,49.32243],[-1.11291,49.32781],[-1.11572,49.35144],[-1.11784,49.36032],[-1.09008,49.38144],[-1.07929,49.38777],[-1.07056,49.39018],[-1.05691,49.39063],[-1.04986,49.38842],[-1.02962,49.38984],[-1.01944,49.39321],[-1.00523,49.39612],[-0.98494,49.3961],[-0.98306,49.3955],[-0.97918,49.3953],[-0.97511,49.39523],[-0.96721,49.39672],[-0.96156,49.39628],[-0.95966,49.39608],[-0.94716,49.39581],[-0.93855,49.39493],[-0.92722,49.39246],[-0.92535,49.39245],[-0.91273,49.38496],[-0.90514,49.38061],[-0.89633,49.37677],[-0.88163,49.37168],[-0.87876,49.37068],[-0.8609,49.36565],[-0.84304,49.36061],[-0.82729,49.35797],[-0.78894,49.35375],[-0.74571,49.3493],[-0.72717,49.34772],[-0.72318,49.3469],[-0.71915,49.34712],[-0.70769,49.34774],[-0.70141,49.34652],[-0.69547,49.34726],[-0.6841,49.34603],[-0.66756,49.3457],[-0.64514,49.34523],[-0.63961,49.34507],[-0.63309,49.34205],[-0.62773,49.34115],[-0.62515,49.34064],[-0.61143,49.34015],[-0.59894,49.33981],[-0.59349,49.3408],[-0.58626,49.34212],[-0.58112,49.3423],[-0.57266,49.34346],[-0.568,49.34411],[-0.56518,49.34488],[-0.56011,49.34538],[-0.55324,49.34605],[-0.50588,49.34385],[-0.48468,49.34073],[-0.48007,49.3394],[-0.46999,49.33776],[-0.4666,49.33749],[-0.43363,49.33518],[-0.41961,49.33565],[-0.41077,49.33518],[-0.39747,49.33336],[-0.37576,49.3275],[-0.36173,49.3233],[-0.35944,49.32237],[-0.3482,49.31781],[-0.34343,49.31607],[-0.342,49.31502],[-0.33957,49.31372],[-0.33775,49.31274],[-0.32654,49.30922],[-0.32406,49.30779],[-0.3231,49.30655],[-0.31909,49.30503],[-0.31717,49.30382],[-0.3092,49.3008],[-0.28746,49.29473],[-0.27913,49.29297],[-0.24997,49.28899],[-0.2486,49.28089],[-0.22852,49.27662],[-0.23026,49.27487],[-0.24609,49.2728],[-0.25182,49.26094],[-0.24937,49.2601],[-0.24698,49.26287],[-0.24439,49.26588],[-0.24215,49.26525],[-0.23093,49.26469],[-0.2283,49.26705],[-0.22553,49.26775],[-0.21759,49.27527],[-0.21888,49.27703],[-0.2225,49.27557],[-0.22406,49.27664],[-0.22436,49.28114],[-0.22077,49.28393],[-0.20755,49.2861],[-0.16967,49.28644],[-0.16425,49.28663],[-0.14654,49.28854],[-0.13925,49.28968],[-0.10468,49.29596],[-0.10717,49.28917],[-0.11202,49.28591],[-0.10514,49.28938],[-0.10042,49.29506],[-0.08889,49.29508],[-0.08514,49.29871],[-0.0832,49.30141],[-0.07736,49.30422],[-0.06613,49.30693],[-0.05874,49.30871],[-0.04929,49.3112],[-0.04151,49.31404],[-0.03807,49.3153],[-0.0169,49.32033],[-0.01361,49.3214],[-0.00323,49.32479],[0.0,49.32617],[0.01054,49.33069],[0.01422,49.33271],[0.03128,49.34204],[0.04311,49.347],[0.05324,49.35295],[0.05833,49.35601],[0.06823,49.36214],[0.0704,49.36707],[0.08531,49.36119],[0.07702,49.36766],[0.09378,49.38099],[0.10522,49.3901],[0.11112,49.39468],[0.13229,49.40372],[0.1381,49.40562],[0.14475,49.40628],[0.14874,49.40754],[0.15598,49.40982],[0.16104,49.41038],[0.16427,49.41074],[0.16858,49.41186],[0.17408,49.41191],[0.1846,49.41559],[0.22415,49.42785],[0.23095,49.42796],[0.2441,49.42819],[0.27555,49.42873],[0.28188,49.42886],[0.2856,49.42911],[0.29722,49.4299],[0.30976,49.4311],[0.33444,49.43352],[0.34057,49.43446],[0.36666,49.43848],[0.37064,49.43895],[0.40698,49.44641],[0.42577,49.45347],[0.46167,49.46846],[0.47544,49.47421],[0.48441,49.47829],[0.49366,49.48081],[0.50318,49.48202],[0.51649,49.47994],[0.52281,49.47669],[0.53634,49.46507],[0.53795,49.46368],[0.55876,49.44693],[0.57064,49.43738],[0.58014,49.43221],[0.58464,49.43027],[0.59476,49.42754],[0.59929,49.4272],[0.6058,49.4269],[0.61484,49.42816],[0.62425,49.4318],[0.6443,49.44309],[0.65288,49.44793],[0.65654,49.44912],[0.66015,49.45146],[0.66094,49.45279],[0.66552,49.45647],[0.66823,49.4639],[0.66991,49.48981],[0.6706,49.49471],[0.6708,49.49621],[0.67609,49.50815],[0.67759,49.50974],[0.67954,49.51183],[0.68277,49.51414],[0.68656,49.51586],[0.68993,49.51651],[0.69416,49.51715],[0.71645,49.52056],[0.73182,49.52107],[0.74645,49.51929],[0.74724,49.52041],[0.74624,49.52214],[0.73673,49.52404],[0.70762,49.52267],[0.68207,49.51722],[0.6725,49.50974],[0.66701,49.49729],[0.66621,49.49471],[0.66525,49.48723],[0.66276,49.46479],[0.66204,49.46141],[0.66022,49.45864],[0.65949,49.45753],[0.655,49.45379],[0.62725,49.43791],[0.62136,49.43482],[0.61835,49.4344],[0.61702,49.43338],[0.61358,49.433],[0.59868,49.43179],[0.58374,49.43535],[0.56759,49.44542],[0.54602,49.46368],[0.54037,49.46847],[0.53,49.47727],[0.52123,49.48325],[0.51324,49.48641],[0.50962,49.48679],[0.50122,49.48768],[0.49374,49.48747],[0.4832,49.48493],[0.47628,49.48159],[0.46167,49.475],[0.43556,49.46322],[0.43267,49.46222],[0.42163,49.45906],[0.40185,49.45445],[0.387,49.45231],[0.37765,49.45096],[0.35958,49.44983],[0.33743,49.44994],[0.30381,49.45176],[0.27477,49.45319],[0.27001,49.44724],[0.26419,49.44849],[0.25882,49.44644],[0.25239,49.44676],[0.24775,49.44946],[0.2441,49.44985],[0.23719,49.45059],[0.23095,49.45126],[0.21645,49.4528],[0.19493,49.45161],[0.17955,49.45313],[0.16496,49.45753],[0.12286,49.46474],[0.11873,49.4707],[0.14502,49.46856],[0.1644,49.47271],[0.1609,49.4742],[0.14222,49.47236],[0.114,49.4802],[0.10885,49.48457],[0.1,49.48738],[0.09041,49.49805],[0.08337,49.50222],[0.06854,49.50758],[0.0674,49.50974],[0.06586,49.51263],[0.06685,49.51878],[0.07785,49.54011],[0.09378,49.56357],[0.11119,49.58921],[0.11641,49.59583],[0.12534,49.60504],[0.12887,49.60989],[0.13047,49.6121],[0.13244,49.6148],[0.13587,49.61864],[0.14239,49.62911],[0.1432,49.63022],[0.15365,49.64746],[0.15089,49.65469],[0.15232,49.66034],[0.15776,49.66327],[0.15968,49.66991],[0.16104,49.67442],[0.16475,49.68679],[0.17982,49.69552],[0.18273,49.699],[0.19377,49.70655],[0.20171,49.7087],[0.20644,49.71367],[0.22534,49.71768],[0.22769,49.71768],[0.23095,49.71817],[0.23782,49.71921],[0.2441,49.72142],[0.2493,49.72325],[0.252,49.72347],[0.26,49.72789],[0.26485,49.72889],[0.26742,49.72942],[0.27014,49.73087],[0.27422,49.73304],[0.28648,49.73826],[0.28989,49.73786],[0.2938,49.73956],[0.29941,49.74018],[0.30362,49.74148],[0.30648,49.74131],[0.30764,49.73998],[0.31119,49.73981],[0.32039,49.74161],[0.32378,49.74228],[0.32842,49.74452],[0.33706,49.74696],[0.33896,49.74773],[0.34758,49.75124],[0.35553,49.75583],[0.36825,49.76819],[0.38714,49.77189],[0.42842,49.78639],[0.44994,49.79481],[0.45307,49.79661],[0.46371,49.80007],[0.46745,49.80206],[0.47072,49.80329],[0.4836,49.8081],[0.50298,49.81851],[0.5126,49.81947],[0.52407,49.82569],[0.53424,49.83347],[0.5623,49.84562],[0.58248,49.85234],[0.60069,49.85365],[0.60696,49.85633],[0.64553,49.86425],[0.64858,49.86437],[0.65298,49.86565],[0.65578,49.86569],[0.65765,49.86572],[0.66538,49.86714],[0.66852,49.86726],[0.70796,49.87286],[0.71925,49.86966],[0.75042,49.87108],[0.76389,49.87164],[0.80098,49.87831],[0.80806,49.88097],[0.81497,49.88268],[0.83278,49.88965],[0.83497,49.88963],[0.83954,49.88959],[0.84287,49.88955],[0.85779,49.89317],[0.86371,49.89315],[0.87131,49.89412],[0.87467,49.89455],[0.88719,49.89709],[0.89847,49.90021],[0.90334,49.90156],[0.92253,49.9048],[0.92975,49.90689],[0.93324,49.9079],[0.93652,49.9093],[0.94315,49.91212],[0.95102,49.9168],[0.95661,49.91879],[0.96207,49.91976],[0.97225,49.91914],[0.98118,49.91859],[0.99069,49.91744],[1.00261,49.91735],[1.02012,49.91602],[1.02573,49.9166],[1.03982,49.92011],[1.07241,49.92766],[1.08189,49.93268],[1.08748,49.93287],[1.08806,49.9364],[1.09577,49.93515],[1.11518,49.94074],[1.16011,49.95587],[1.18095,49.96503],[1.19632,49.96901],[1.20474,49.9732],[1.21018,49.98066],[1.23173,49.98783],[1.27071,50.01146],[1.28133,50.01772],[1.29722,50.02821],[1.30736,50.0325],[1.33864,50.05016],[1.34234,50.05187],[1.36854,50.06353],[1.37408,50.06122],[1.37964,50.06512],[1.38329,50.06702],[1.3863,50.06988],[1.38903,50.07305],[1.39207,50.07519],[1.4012,50.07967],[1.41104,50.08361],[1.41755,50.08767],[1.42132,50.08917],[1.44339,50.10072],[1.45375,50.10998],[1.45457,50.11114],[1.46677,50.13619],[1.46792,50.13912],[1.48151,50.17001],[1.49238,50.18453],[1.49602,50.18792],[1.50458,50.19589],[1.51194,50.20066],[1.51507,50.20269],[1.54278,50.21332],[1.56371,50.2162],[1.558,50.20903],[1.56012,50.20792],[1.56644,50.20243],[1.56507,50.20036],[1.56551,50.19896],[1.57061,50.19576],[1.5727,50.19499],[1.58954,50.18638],[1.59291,50.18444],[1.60491,50.18889],[1.61308,50.19191],[1.62276,50.19105],[1.66409,50.17829],[1.65766,50.17499],[1.67273,50.17469],[1.68354,50.18327],[1.68823,50.18807],[1.68069,50.19153],[1.67708,50.19395],[1.68499,50.2016],[1.67678,50.20901],[1.66152,50.214],[1.64303,50.21927],[1.63494,50.21656],[1.63165,50.21724],[1.62697,50.21446],[1.62124,50.21586],[1.60491,50.23299],[1.5961,50.24222],[1.59374,50.24469],[1.5946,50.25768],[1.58954,50.25582],[1.56317,50.25605],[1.55013,50.26024],[1.53823,50.28104],[1.54187,50.30502],[1.54415,50.31458],[1.54514,50.32263],[1.54652,50.32802],[1.55102,50.35035],[1.55646,50.36149],[1.5659,50.36371],[1.57381,50.35881],[1.58954,50.35939],[1.60243,50.35998],[1.60491,50.36016],[1.61301,50.36075],[1.61457,50.3614],[1.62513,50.36584],[1.62806,50.35936],[1.64474,50.35041],[1.63275,50.35879],[1.63322,50.3643],[1.6269,50.37092],[1.61775,50.37217],[1.61068,50.3711],[1.60491,50.37448],[1.60091,50.37681],[1.58166,50.37839],[1.57562,50.38291],[1.5714,50.39028],[1.56771,50.39411],[1.5588,50.39556],[1.55593,50.39884],[1.56863,50.44],[1.57021,50.44655],[1.57137,50.45716],[1.57329,50.46513],[1.5742,50.47115],[1.5747,50.47445],[1.57628,50.48754],[1.57836,50.51972],[1.58434,50.53478],[1.59067,50.53787],[1.59721,50.52944],[1.60491,50.52816],[1.61505,50.52323],[1.63487,50.51131],[1.63844,50.50913],[1.64063,50.50885],[1.65064,50.50884],[1.66236,50.50672],[1.63472,50.51393],[1.62846,50.51895],[1.62049,50.53322],[1.61505,50.53637],[1.60929,50.5397],[1.60491,50.54037],[1.60256,50.54769],[1.58127,50.56348],[1.57792,50.56994],[1.57869,50.58055],[1.57807,50.60658],[1.57623,50.63782],[1.57857,50.63934],[1.5754,50.64372],[1.57196,50.6642],[1.56226,50.69218],[1.56221,50.69969],[1.57147,50.71462],[1.56521,50.72407],[1.57207,50.72611],[1.57502,50.72286],[1.57809,50.72732],[1.58348,50.73055],[1.58954,50.7301],[1.58954,50.72766],[1.58454,50.72568],[1.58389,50.72455],[1.58673,50.72497],[1.58954,50.72573],[1.59449,50.72808],[1.59213,50.73091],[1.59461,50.74979],[1.6049,50.76528],[1.60416,50.78945],[1.60377,50.80185],[1.60491,50.80283],[1.60638,50.80409],[1.61457,50.80355],[1.60491,50.80603],[1.59999,50.8073],[1.59394,50.81768],[1.58872,50.8315],[1.57879,50.85346],[1.58169,50.8691],[1.58902,50.87124],[1.60491,50.87239],[1.61457,50.87309],[1.63616,50.87736],[1.64019,50.87827],[1.64556,50.88042],[1.64991,50.88363],[1.6581,50.88719],[1.66052,50.8876],[1.66213,50.88923],[1.66777,50.89258],[1.67816,50.90114],[1.6823,50.90534],[1.69259,50.91547],[1.70586,50.92389],[1.70859,50.927],[1.71198,50.92932],[1.71473,50.93023],[1.71763,50.93193],[1.72659,50.93721],[1.74252,50.94322],[1.76073,50.94848],[1.77533,50.95341],[1.78882,50.95648],[1.80111,50.95792],[1.82844,50.96246],[1.84763,50.96694],[1.85439,50.96852],[1.8573,50.97136],[1.86765,50.97413],[1.89243,50.97379],[1.91231,50.98275],[1.9427,50.98843],[1.9609,50.98721],[1.97286,50.98978],[1.99282,50.99373],[2.04225,50.99754],[2.05026,51.00397],[2.06769,51.00663],[2.08349,51.00849],[2.09312,51.00492],[2.10317,51.00544],[2.12045,50.99189],[2.11103,51.00483],[2.14047,51.02207],[2.1474,51.02961],[2.15398,51.02146],[2.16703,51.02032],[2.17098,51.01334],[2.17985,51.00133],[2.18268,51.00471],[2.17962,51.01592],[2.18603,51.01741],[2.18894,51.01808],[2.19151,51.0218],[2.24003,51.03647],[2.25455,51.04053],[2.26461,51.03373],[2.26794,51.03185],[2.27285,51.04145],[2.30333,51.0483],[2.32955,51.05184],[2.34557,51.04972],[2.34686,51.04453],[2.35334,51.04596],[2.37138,51.04471],[2.37148,51.04966],[2.3853,51.0493],[2.43232,51.05756],[2.44081,51.05974],[2.44787,51.06193],[2.46696,51.06629],[2.47326,51.06772],[2.47612,51.06838],[2.49415,51.07303],[2.54601,51.08938],[2.55919,51.07004]],[[1.98055,42.49478],[1.97691,42.48613],[1.9625,42.47794],[1.96026,42.47033],[1.95703,42.45871],[1.96006,42.45346],[1.96912,42.45208],[1.97035,42.45109],[1.97915,42.44824],[1.98087,42.44774],[2.00938,42.44812],[2.01272,42.44919],[2.01328,42.45197],[2.00282,42.45832],[1.9927,42.4626],[1.98655,42.47283],[1.99265,42.48342],[1.99836,42.48499],[1.98951,42.49354],[1.98055,42.49478]]],[[[5.31268,43.28738],[5.31667,43.28618],[5.32192,43.28627],[5.32204,43.28385],[5.31703,43.28275],[5.31363,43.28042],[5.31065,43.27648],[5.31097,43.27403],[5.30171,43.27205],[5.29901,43.26675],[5.29628,43.26682],[5.29416,43.26433],[5.29199,43.26443],[5.29174,43.26216],[5.28903,43.261],[5.2855,43.26555],[5.28906,43.26833],[5.29532,43.26876],[5.3015,43.27542],[5.30342,43.27621],[5.30104,43.27955],[5.29828,43.27837],[5.29348,43.27963],[5.29576,43.28168],[5.30385,43.28156],[5.30224,43.28418],[5.30798,43.28545],[5.31241,43.28438],[5.31268,43.28738]]],[[[4.89792,43.36347],[4.88815,43.3562],[4.88358,43.36116],[4.88315,43.36376],[4.88446,43.3644],[4.89023,43.36226],[4.89319,43.36304],[4.8946,43.36581],[4.89788,43.36824],[4.90577,43.37149],[4.9093,43.37409],[4.91214,43.37754],[4.91369,43.38517],[4.91613,43.38347],[4.91737,43.37979],[4.91491,43.37507],[4.89792,43.36347]]],[[[5.38109,43.18027],[5.3838,43.1785],[5.38668,43.17903],[5.39632,43.17564],[5.39687,43.17305],[5.38633,43.1732],[5.3726,43.17728],[5.37502,43.17931],[5.38109,43.18027]]],[[[5.34028,43.2092],[5.33844,43.20762],[5.33084,43.21162],[5.33906,43.21451],[5.34028,43.2092]]],[[[5.39155,43.18623],[5.38908,43.18528],[5.38355,43.1872],[5.3809,43.18939],[5.38347,43.19048],[5.38533,43.18854],[5.39155,43.18623]]],[[[5.33958,43.34059],[5.33778,43.33928],[5.33022,43.3439],[5.33165,43.3451],[5.33958,43.34059]]],[[[5.36662,43.19725],[5.36581,43.19611],[5.36122,43.1968],[5.36012,43.19947],[5.36233,43.20023],[5.36662,43.19725]]]]}},{"type":"Feature","properties":{"pais":"AND"},"geometry":{"type":"MultiPolygon","coordinates":[[[[1.41377,42.53564],[1.42378,42.5563],[1.44405,42.56755],[1.44306,42.57138],[1.4324,42.57547],[1.42682,42.58344],[1.42802,42.58698],[1.44044,42.59476],[1.44257,42.60367],[1.45615,42.60265],[1.46867,42.60718],[1.47548,42.61245],[1.46923,42.63382],[1.47656,42.64098],[1.47935,42.65092],[1.49365,42.65316],[1.50237,42.64558],[1.51194,42.64564],[1.51756,42.64568],[1.5221,42.64917],[1.53423,42.65038],[1.54826,42.65526],[1.55272,42.65396],[1.55569,42.65321],[1.5579,42.65194],[1.5602,42.65319],[1.56208,42.65353],[1.56579,42.65162],[1.56653,42.65023],[1.56894,42.64828],[1.57472,42.64779],[1.58182,42.6359],[1.59336,42.63266],[1.60112,42.62597],[1.60491,42.6269],[1.60875,42.62785],[1.61708,42.62603],[1.6277,42.62682],[1.63698,42.62965],[1.65292,42.6261],[1.66263,42.61958],[1.68239,42.62453],[1.69966,42.62215],[1.71409,42.61485],[1.73103,42.61519],[1.73613,42.61763],[1.73788,42.61152],[1.72663,42.59979],[1.72691,42.58976],[1.76213,42.5809],[1.78101,42.58199],[1.7861,42.57366],[1.76958,42.56483],[1.75053,42.56389],[1.73914,42.55531],[1.73541,42.54902],[1.73387,42.53158],[1.72227,42.51826],[1.72533,42.51362],[1.7258,42.5044],[1.71186,42.49289],[1.70396,42.49026],[1.6895,42.49493],[1.67968,42.49485],[1.6697,42.50324],[1.6627,42.49326],[1.66167,42.47415],[1.65664,42.46843],[1.63583,42.46739],[1.62877,42.46422],[1.60491,42.46567],[1.59766,42.46612],[1.58671,42.46126],[1.58091,42.44995],[1.57585,42.45122],[1.56732,42.45833],[1.56135,42.4583],[1.55706,42.45454],[1.55922,42.44936],[1.55362,42.44401],[1.5519,42.43343],[1.53058,42.43226],[1.5167,42.42907],[1.51194,42.43011],[1.49875,42.43299],[1.48447,42.43299],[1.44945,42.43839],[1.44331,42.44365],[1.44628,42.44625],[1.4415,42.45466],[1.4463,42.46012],[1.44058,42.46473],[1.4402,42.4758],[1.43319,42.48151],[1.4196,42.48439],[1.42567,42.49265],[1.4444,42.49594],[1.46726,42.51108],[1.44872,42.5405],[1.43828,42.5429],[1.41377,42.53564]]]]}},{"type":"Feature","properties":{"pais":"MAR"},"geometry":{"type":"MultiPolygon","coordinates":[[[[-9.52416,27.66426],[-9.63154,27.66573],[-9.89222,27.66652],[-9.90642,27.66656],[-10.33198,27.66675],[-10.42773,27.66651],[-10.53677,27.66624],[-10.70826,27.66582],[-10.81748,27.66704],[-10.82808,27.66716],[-10.92384,27.66662],[-11.06733,27.66582],[-11.30657,27.66777],[-11.54587,27.66559],[-11.78472,27.66965],[-11.85033,27.6696],[-12.01259,27.66946],[-12.17566,27.66933],[-12.49971,27.66823],[-12.74328,27.66805],[-13.17303,27.66701],[-13.16543,27.69056],[-13.16033,27.69697],[-13.13242,27.70696],[-13.10943,27.72268],[-13.07206,27.73587],[-13.05044,27.75205],[-13.04248,27.76262],[-13.02697,27.79511],[-13.00882,27.80926],[-13.00018,27.843],[-12.98983,27.85928],[-12.98686,27.87039],[-12.98739,27.87753],[-12.98312,27.88323],[-12.98022,27.8933],[-12.97201,27.89812],[-12.96735,27.90332],[-12.95856,27.92127],[-12.93921,27.93006],[-12.93047,27.94481],[-12.92194,27.94858],[-12.91634,27.95369],[-12.86372,27.95628],[-12.84215,27.95967],[-12.82081,27.96624],[-12.66482,27.98212],[-12.55796,27.99686],[-12.52166,28.00694],[-12.2547,28.053],[-12.23013,28.05156],[-12.21569,28.05897],[-12.08499,28.08654],[-12.05379,28.0961],[-12.04147,28.10615],[-11.98081,28.13305],[-11.94881,28.15067],[-11.89859,28.17039],[-11.88008,28.17643],[-11.87239,28.17655],[-11.86446,28.1821],[-11.85033,28.18748],[-11.80178,28.20595],[-11.78151,28.21003],[-11.76741,28.21866],[-11.7047,28.24079],[-11.65957,28.25255],[-11.58809,28.27575],[-11.50523,28.31089],[-11.4926,28.32162],[-11.46548,28.3359],[-11.45759,28.34278],[-11.45085,28.35208],[-11.44159,28.37628],[-11.43303,28.38124],[-11.42629,28.39012],[-11.4089,28.40378],[-11.39116,28.42868],[-11.38291,28.44473],[-11.36802,28.45283],[-11.35631,28.4635],[-11.35269,28.4689],[-11.34885,28.48424],[-11.32087,28.51629],[-11.30238,28.53217],[-11.27135,28.55264],[-11.25019,28.57154],[-11.21316,28.61377],[-11.16968,28.64222],[-11.13674,28.6743],[-11.11513,28.6873],[-11.09884,28.70108],[-11.07653,28.73004],[-11.07152,28.74292],[-11.04196,28.76187],[-11.0092,28.7722],[-10.97297,28.79149],[-10.84438,28.84845],[-10.70409,28.91693],[-10.62236,28.9603],[-10.53631,29.01114],[-10.5079,29.03087],[-10.47934,29.06035],[-10.46932,29.06742],[-10.45744,29.08348],[-10.44074,29.0963],[-10.42801,29.11667],[-10.42208,29.12945],[-10.40539,29.14583],[-10.3831,29.17805],[-10.34531,29.21418],[-10.32714,29.23597],[-10.29474,29.26172],[-10.26232,29.27724],[-10.2172,29.31073],[-10.20543,29.33624],[-10.19468,29.35176],[-10.19375,29.35693],[-10.19605,29.36291],[-10.18971,29.36551],[-10.16932,29.39313],[-10.12255,29.43899],[-10.11052,29.4553],[-10.09686,29.48252],[-10.07711,29.50231],[-10.0711,29.51865],[-10.07079,29.53263],[-10.05847,29.55414],[-10.05757,29.56369],[-10.0473,29.585],[-10.03307,29.59721],[-10.0201,29.61982],[-10.00349,29.64172],[-9.99117,29.65347],[-9.97994,29.67675],[-9.95944,29.70005],[-9.89222,29.7543],[-9.87679,29.76674],[-9.83199,29.80851],[-9.81718,29.83234],[-9.79118,29.86254],[-9.78839,29.87807],[-9.76215,29.91376],[-9.75947,29.92999],[-9.74179,29.95563],[-9.69425,30.05139],[-9.66794,30.08811],[-9.65472,30.12457],[-9.65231,30.14121],[-9.64251,30.17302],[-9.63957,30.19366],[-9.64156,30.20587],[-9.63309,30.22892],[-9.62185,30.28519],[-9.61919,30.31301],[-9.60436,30.36478],[-9.60141,30.3938],[-9.60478,30.41023],[-9.61388,30.42107],[-9.64496,30.42726],[-9.6477,30.42453],[-9.64987,30.42503],[-9.65058,30.43674],[-9.66161,30.44837],[-9.67843,30.49703],[-9.68602,30.50593],[-9.6916,30.52191],[-9.70193,30.53855],[-9.71313,30.54494],[-9.72694,30.54645],[-9.73924,30.55201],[-9.74882,30.5732],[-9.78352,30.60827],[-9.82563,30.62619],[-9.83732,30.62766],[-9.86026,30.624],[-9.8771,30.62481],[-9.88635,30.62864],[-9.88887,30.63286],[-9.88646,30.65994],[-9.8765,30.69122],[-9.8713,30.7007],[-9.85205,30.72019],[-9.84995,30.73415],[-9.83074,30.76203],[-9.82733,30.77617],[-9.81634,30.7902],[-9.80554,30.81957],[-9.8093,30.83517],[-9.81464,30.83909],[-9.82199,30.84016],[-9.8256,30.84765],[-9.8133,30.87386],[-9.80884,30.8894],[-9.81874,30.9127],[-9.81772,30.9305],[-9.82502,30.96568],[-9.82309,30.97816],[-9.81397,30.99279],[-9.80936,31.01106],[-9.81596,31.02729],[-9.81729,31.04938],[-9.82319,31.05977],[-9.82028,31.07077],[-9.82058,31.08918],[-9.82596,31.0967],[-9.83783,31.10214],[-9.84029,31.10739],[-9.83513,31.12555],[-9.83835,31.13584],[-9.83808,31.14533],[-9.81807,31.18909],[-9.82194,31.21056],[-9.81755,31.2257],[-9.81889,31.23629],[-9.79879,31.28978],[-9.79628,31.32622],[-9.80442,31.36759],[-9.81623,31.38253],[-9.83576,31.38724],[-9.84085,31.39301],[-9.82993,31.41691],[-9.80725,31.43737],[-9.79379,31.45366],[-9.77626,31.4879],[-9.76885,31.49649],[-9.76864,31.50577],[-9.77318,31.51041],[-9.77184,31.51431],[-9.76031,31.52195],[-9.73182,31.54829],[-9.68897,31.60266],[-9.67663,31.6346],[-9.67378,31.69923],[-9.64732,31.72115],[-9.61186,31.75924],[-9.58825,31.78732],[-9.58062,31.80074],[-9.54202,31.83484],[-9.52866,31.84843],[-9.52416,31.85561],[-9.52041,31.86159],[-9.49683,31.88124],[-9.46008,31.92189],[-9.34741,32.03062],[-9.34049,32.05197],[-9.3302,32.06761],[-9.32839,32.08456],[-9.32047,32.10346],[-9.31972,32.11487],[-9.26112,32.17594],[-9.2532,32.19994],[-9.25145,32.21719],[-9.26426,32.25181],[-9.25145,32.27551],[-9.24486,32.3],[-9.25356,32.31882],[-9.27955,32.33123],[-9.28195,32.34584],[-9.28884,32.36394],[-9.28445,32.37668],[-9.26531,32.39516],[-9.2488,32.41683],[-9.23438,32.4559],[-9.23227,32.47397],[-9.24735,32.49438],[-9.26325,32.50652],[-9.26988,32.51657],[-9.27309,32.52896],[-9.28166,32.54297],[-9.255,32.56246],[-9.17373,32.62185],[-9.11056,32.67128],[-9.03513,32.74588],[-8.95906,32.8004],[-8.89977,32.84287],[-8.85841,32.88501],[-8.78978,32.94426],[-8.77897,32.95812],[-8.75272,32.98331],[-8.74891,32.98452],[-8.74546,32.98046],[-8.74174,32.98224],[-8.73268,32.99353],[-8.7352,32.99517],[-8.74063,32.99449],[-8.74022,32.99855],[-8.71236,33.02285],[-8.70022,33.04128],[-8.6514,33.09029],[-8.64575,33.09932],[-8.63129,33.11389],[-8.6238,33.1252],[-8.62123,33.13414],[-8.61489,33.14103],[-8.61617,33.14654],[-8.62632,33.16061],[-8.6221,33.17125],[-8.57783,33.21471],[-8.55975,33.22232],[-8.55418,33.23393],[-8.53877,33.24854],[-8.5093,33.26266],[-8.50323,33.26],[-8.49538,33.2504],[-8.48519,33.24617],[-8.46586,33.24616],[-8.4406,33.25478],[-8.39589,33.27938],[-8.33894,33.32211],[-8.32608,33.33579],[-8.31218,33.35746],[-8.30167,33.3651],[-8.2215,33.38292],[-8.19555,33.39321],[-8.17878,33.40343],[-8.15267,33.40746],[-8.12604,33.41474],[-8.08956,33.43154],[-8.01281,33.45627],[-7.96729,33.47859],[-7.94204,33.48108],[-7.9204,33.48838],[-7.87055,33.51284],[-7.85255,33.51881],[-7.82579,33.53436],[-7.82073,33.53379],[-7.81356,33.52869],[-7.80236,33.53006],[-7.79181,33.53621],[-7.75937,33.54835],[-7.72596,33.56596],[-7.70265,33.58144],[-7.6847,33.59022],[-7.67716,33.59735],[-7.66476,33.60189],[-7.65394,33.61003],[-7.64231,33.60642],[-7.62482,33.60937],[-7.60268,33.60457],[-7.5942,33.60927],[-7.58412,33.60627],[-7.53379,33.62298],[-7.48994,33.64748],[-7.42571,33.6931],[-7.39835,33.71943],[-7.39499,33.7172],[-7.39502,33.71248],[-7.38569,33.70911],[-7.37532,33.70921],[-7.35493,33.71491],[-7.34547,33.72077],[-7.34004,33.72969],[-7.31764,33.74154],[-7.27964,33.77073],[-7.24869,33.78645],[-7.22822,33.79958],[-7.19199,33.80515],[-7.17167,33.8168],[-7.15426,33.82025],[-7.14722,33.82549],[-7.1392,33.82537],[-7.12832,33.82921],[-7.06766,33.86696],[-7.04935,33.87102],[-7.02842,33.87957],[-7.00681,33.89342],[-6.99196,33.90756],[-6.98074,33.91281],[-6.94857,33.93479],[-6.85478,34.02351],[-6.83512,34.03594],[-6.82545,34.0515],[-6.78692,34.08881],[-6.72738,34.16391],[-6.7006,34.20833],[-6.67939,34.2566],[-6.65267,34.26963],[-6.65599,34.27173],[-6.66949,34.26801],[-6.67125,34.26904],[-6.66579,34.2802],[-6.53813,34.45078],[-6.50007,34.51025],[-6.39064,34.69732],[-6.30416,34.86463],[-6.29225,34.87114],[-6.28079,34.86457],[-6.287,34.86069],[-6.29656,34.84356],[-6.29629,34.83122],[-6.28471,34.83286],[-6.27422,34.82623],[-6.26799,34.81942],[-6.25215,34.83824],[-6.25073,34.84812],[-6.25484,34.85966],[-6.25236,34.86587],[-6.25375,34.86925],[-6.26046,34.86997],[-6.26983,34.86579],[-6.28998,34.87401],[-6.29866,34.87308],[-6.2985,34.87837],[-6.24519,34.99662],[-6.22408,35.05071],[-6.21315,35.08939],[-6.18725,35.14579],[-6.17054,35.18952],[-6.16564,35.19482],[-6.1485,35.20194],[-6.14927,35.21079],[-6.10749,35.31662],[-6.09458,35.35517],[-6.08117,35.3952],[-6.06463,35.42085],[-6.05026,35.45395],[-6.02638,35.48023],[-6.00826,35.52955],[-5.969,35.66995],[-5.96875,35.67085],[-5.92913,35.78688],[-5.90612,35.80003],[-5.88965,35.80037],[-5.86381,35.79686],[-5.84812,35.79956],[-5.83521,35.79535],[-5.80581,35.78995],[-5.79712,35.78036],[-5.78157,35.77785],[-5.76829,35.78353],[-5.75307,35.79748],[-5.74914,35.80525],[-5.74757,35.81738],[-5.72663,35.82398],[-5.71893,35.82946],[-5.70689,35.8306],[-5.68825,35.83721],[-5.6545,35.82858],[-5.628,35.83467],[-5.60485,35.83085],[-5.59072,35.83273],[-5.57254,35.83966],[-5.56331,35.846],[-5.55574,35.84556],[-5.54843,35.84851],[-5.53825,35.85586],[-5.50576,35.88956],[-5.49795,35.89039],[-5.48352,35.90478],[-5.47344,35.90739],[-5.4652,35.91286],[-5.45471,35.91258],[-5.44933,35.90703],[-5.44455,35.9054],[-5.43718,35.90848],[-5.42835,35.90797],[-5.41725,35.91026],[-5.4038,35.91951],[-5.3938,35.91062],[-5.38194,35.91302],[-5.37783,35.90692],[-5.37197,35.88306],[-5.35571,35.87363],[-5.3503,35.87459],[-5.34337,35.87088],[-5.3474,35.85442],[-5.35286,35.84784],[-5.35323,35.83869],[-5.34583,35.76841],[-5.33486,35.71598],[-5.32828,35.6973],[-5.31926,35.68364],[-5.30612,35.68278],[-5.29054,35.68736],[-5.27363,35.68526],[-5.28048,35.66995],[-5.2833,35.66366],[-5.2651,35.60272],[-5.2405,35.55017],[-5.23394,35.54759],[-5.22583,35.5495],[-5.21273,35.53823],[-5.20135,35.54114],[-5.19337,35.53595],[-5.18432,35.5357],[-5.17427,35.5316],[-5.15217,35.50411],[-5.10553,35.47554],[-5.06199,35.4079],[-5.03184,35.40005],[-5.0167,35.40262],[-4.99258,35.37783],[-4.96357,35.35631],[-4.92613,35.31722],[-4.89779,35.30486],[-4.87787,35.30012],[-4.86783,35.30087],[-4.85564,35.29006],[-4.84575,35.27904],[-4.81778,35.25828],[-4.79827,35.25195],[-4.78239,35.23819],[-4.76726,35.23414],[-4.75288,35.22553],[-4.73613,35.22393],[-4.72196,35.21688],[-4.67988,35.20483],[-4.66971,35.20672],[-4.66348,35.21171],[-4.65719,35.21061],[-4.64975,35.21327],[-4.63277,35.19651],[-4.61345,35.18936],[-4.611,35.18908],[-4.60228,35.18807],[-4.58962,35.19123],[-4.52174,35.17565],[-4.49397,35.17626],[-4.4437,35.15786],[-4.42506,35.15452],[-4.40439,35.15799],[-4.38943,35.15335],[-4.37823,35.15386],[-4.37265,35.14858],[-4.36822,35.15045],[-4.35567,35.14786],[-4.33913,35.15711],[-4.32572,35.15817],[-4.31357,35.16626],[-4.30776,35.16835],[-4.30182,35.16721],[-4.29789,35.17038],[-4.29684,35.17146],[-4.29396,35.17103],[-4.29067,35.17254],[-4.28678,35.18086],[-4.28279,35.1783],[-4.25092,35.1881],[-4.23954,35.18495],[-4.22677,35.18544],[-4.21889,35.18413],[-4.21494,35.18588],[-4.21355,35.18855],[-4.20855,35.18845],[-4.1892,35.19808],[-4.17692,35.19806],[-4.16406,35.20169],[-4.1603,35.20129],[-4.15407,35.19739],[-4.14886,35.19938],[-4.13914,35.19936],[-4.13294,35.20096],[-4.11245,35.20625],[-4.08981,35.21969],[-4.06955,35.22427],[-4.06159,35.22895],[-4.05385,35.22896],[-4.04243,35.23511],[-4.03516,35.23391],[-4.01809,35.23992],[-4.01614,35.23533],[-4.00823,35.23243],[-3.99592,35.23627],[-3.98118,35.2362],[-3.94171,35.25799],[-3.9285,35.26135],[-3.9203,35.25886],[-3.91584,35.25471],[-3.92305,35.24968],[-3.92549,35.2437],[-3.92006,35.24002],[-3.92252,35.23297],[-3.90659,35.21416],[-3.88355,35.20483],[-3.86232,35.19977],[-3.85444,35.19789],[-3.83599,35.19728],[-3.81837,35.20007],[-3.7911,35.20859],[-3.77209,35.22187],[-3.76505,35.23323],[-3.7576,35.26476],[-3.75108,35.27277],[-3.74093,35.27484],[-3.72996,35.28252],[-3.72059,35.28503],[-3.71532,35.28384],[-3.70667,35.28793],[-3.68635,35.2842],[-3.67771,35.28488],[-3.67499,35.27869],[-3.66155,35.2668],[-3.58503,35.22528],[-3.56826,35.22014],[-3.5586,35.22135],[-3.53763,35.21784],[-3.48881,35.19961],[-3.47403,35.19858],[-3.45155,35.20481],[-3.44328,35.19763],[-3.42462,35.19249],[-3.33486,35.18587],[-3.3231,35.19055],[-3.30393,35.20387],[-3.26024,35.21273],[-3.24892,35.21798],[-3.24108,35.2189],[-3.23661,35.22192],[-3.22548,35.22246],[-3.21707,35.22669],[-3.20474,35.22362],[-3.18755,35.23026],[-3.15988,35.25105],[-3.13377,35.28384],[-3.12412,35.28273],[-3.11739,35.27582],[-3.10783,35.27245],[-3.09437,35.27605],[-3.08086,35.28418],[-3.06818,35.29438],[-3.05106,35.31534],[-3.01258,35.37706],[-3.00864,35.38975],[-3.01046,35.39398],[-3.0036,35.39638],[-3.00844,35.40182],[-3.00457,35.40945],[-2.99615,35.41585],[-2.99432,35.43049],[-2.98222,35.43531],[-2.97376,35.43869],[-2.96943,35.43585],[-2.96239,35.43771],[-2.95628,35.43514],[-2.95053,35.42604],[-2.96063,35.4183],[-2.96393,35.41151],[-2.9573,35.4013],[-2.96308,35.392],[-2.96057,35.38372],[-2.96524,35.37933],[-2.97099,35.36536],[-2.96949,35.35942],[-2.96403,35.35643],[-2.95732,35.34554],[-2.96164,35.33323],[-2.97338,35.31542],[-2.97489,35.30235],[-2.97009,35.28943],[-2.96621,35.2881],[-2.96734,35.2822],[-2.95484,35.27298],[-2.94999,35.26633],[-2.9387,35.26778],[-2.92812,35.27308],[-2.92171,35.26903],[-2.91949,35.26187],[-2.90797,35.25004],[-2.86265,35.20965],[-2.86527,35.2083],[-2.87209,35.21068],[-2.88112,35.22209],[-2.90114,35.23602],[-2.91907,35.25398],[-2.92584,35.25296],[-2.92933,35.24295],[-2.92337,35.22611],[-2.91698,35.21916],[-2.90477,35.21572],[-2.90121,35.21241],[-2.9035,35.20869],[-2.9137,35.20605],[-2.92343,35.19813],[-2.92546,35.19325],[-2.9138,35.16988],[-2.90587,35.16146],[-2.90216,35.14975],[-2.8917,35.13911],[-2.87995,35.13157],[-2.81391,35.10389],[-2.75825,35.09897],[-2.75256,35.10185],[-2.74773,35.11311],[-2.75455,35.12076],[-2.76425,35.12534],[-2.78274,35.14013],[-2.79079,35.15194],[-2.81539,35.16743],[-2.82743,35.17826],[-2.82723,35.18138],[-2.76667,35.13643],[-2.74551,35.12446],[-2.7309,35.12032],[-2.68472,35.10033],[-2.62764,35.0873],[-2.59833,35.08653],[-2.57477,35.08357],[-2.56403,35.08222],[-2.5339,35.08603],[-2.48616,35.10292],[-2.46009,35.11937],[-2.4311,35.14273],[-2.42375,35.14531],[-2.39397,35.13426],[-2.35704,35.12615],[-2.29854,35.11332],[-2.25722,35.09663],[-2.20974,35.0846],[-2.21438,35.06807],[-2.21169,35.05764],[-2.20601,35.05081],[-2.18805,35.03866],[-2.17387,35.0219],[-2.15497,35.01438],[-2.1267,34.99736],[-2.11485,34.98451],[-2.09249,34.96898],[-2.07844,34.95499],[-2.05157,34.93943],[-2.0311,34.93278],[-2.00898,34.93244],[-1.98791,34.93591],[-1.98322,34.93454],[-1.97594,34.89585],[-1.96938,34.88117],[-1.95954,34.87342],[-1.90292,34.84901],[-1.88997,34.82228],[-1.88285,34.81332],[-1.85339,34.80593],[-1.83982,34.79713],[-1.82171,34.78959],[-1.80824,34.77991],[-1.74696,34.75314],[-1.74957,34.74736],[-1.7743,34.73296],[-1.77857,34.70655],[-1.83479,34.63765],[-1.84606,34.62384],[-1.82288,34.61445],[-1.77526,34.55177],[-1.75754,34.53576],[-1.74801,34.5233],[-1.73251,34.51411],[-1.69881,34.50392],[-1.69298,34.49983],[-1.78102,34.39324],[-1.77828,34.38329],[-1.76243,34.36597],[-1.75291,34.3506],[-1.70585,34.31002],[-1.70984,34.29041],[-1.70801,34.27074],[-1.71292,34.24989],[-1.70916,34.22989],[-1.64602,34.10476],[-1.69659,33.87223],[-1.66954,33.77407],[-1.72646,33.73458],[-1.73573,33.70152],[-1.71133,33.68826],[-1.70486,33.67897],[-1.70006,33.67631],[-1.67926,33.67536],[-1.6583,33.68071],[-1.64568,33.6758],[-1.62681,33.62829],[-1.6154,33.62131],[-1.60177,33.61818],[-1.59634,33.61308],[-1.59401,33.60445],[-1.59749,33.57942],[-1.59009,33.57254],[-1.59459,33.55984],[-1.60063,33.55408],[-1.58792,33.52927],[-1.60187,33.50503],[-1.61836,33.48747],[-1.61675,33.47333],[-1.62196,33.46131],[-1.62116,33.44544],[-1.62796,33.43112],[-1.64452,33.42013],[-1.64744,33.40751],[-1.66105,33.37782],[-1.66174,33.35138],[-1.65741,33.3364],[-1.65833,33.30307],[-1.6675,33.27915],[-1.65624,33.25714],[-1.64094,33.24542],[-1.62647,33.22134],[-1.6111,33.21401],[-1.59915,33.20362],[-1.59652,33.19358],[-1.58283,33.1748],[-1.57087,33.14499],[-1.53805,33.11721],[-1.53104,33.10645],[-1.51236,33.09477],[-1.49662,33.0904],[-1.47471,33.07517],[-1.46219,33.04342],[-1.47311,33.02247],[-1.47159,33.00259],[-1.48055,32.98028],[-1.49342,32.96742],[-1.5108,32.968],[-1.54098,32.95655],[-1.38196,32.74377],[-1.26695,32.6935],[-1.06808,32.56246],[-0.9994,32.51715],[-1.00406,32.50478],[-1.04235,32.47657],[-1.04739,32.46607],[-1.0577,32.45945],[-1.0631,32.45179],[-1.09308,32.43624],[-1.09963,32.42718],[-1.11605,32.42322],[-1.12867,32.41332],[-1.14514,32.41631],[-1.15945,32.41568],[-1.17481,32.41156],[-1.19399,32.40231],[-1.20381,32.39303],[-1.20285,32.38552],[-1.20732,32.37085],[-1.22094,32.34337],[-1.24356,32.33049],[-1.24762,32.32576],[-1.24662,32.31804],[-1.2376,32.312],[-1.23501,32.30444],[-1.2353,32.28829],[-1.24688,32.24902],[-1.24181,32.20638],[-1.25703,32.19886],[-1.27981,32.17949],[-1.29472,32.17214],[-1.2981,32.16495],[-1.29419,32.16154],[-1.28555,32.15999],[-1.26361,32.16255],[-1.24489,32.16592],[-1.21862,32.17486],[-1.18772,32.16724],[-1.1781,32.15854],[-1.16849,32.13573],[-1.15522,32.1279],[-1.15505,32.11173],[-1.18209,32.10224],[-1.20366,32.08564],[-1.24505,32.07572],[-1.25861,32.07647],[-1.2731,32.0847],[-1.32984,32.08202],[-1.35039,32.08843],[-1.39667,32.08563],[-1.42815,32.08897],[-1.43906,32.09269],[-1.47606,32.09507],[-1.5814,32.09272],[-1.5997,32.09521],[-1.64438,32.10831],[-1.66163,32.1094],[-1.68876,32.1156],[-1.70957,32.11463],[-1.72626,32.12111],[-1.75183,32.12268],[-1.78507,32.13651],[-1.79919,32.13793],[-1.82382,32.14698],[-1.87158,32.14804],[-1.88572,32.15341],[-1.89454,32.16073],[-1.90594,32.16355],[-1.91808,32.16226],[-1.92879,32.15231],[-1.94168,32.15782],[-1.97148,32.1594],[-1.98682,32.1729],[-2.00217,32.17644],[-2.01639,32.17514],[-2.04369,32.16369],[-2.07697,32.15742],[-2.09286,32.14952],[-2.1367,32.13933],[-2.18907,32.14379],[-2.23261,32.15652],[-2.25585,32.15699],[-2.26968,32.16137],[-2.28561,32.15568],[-2.30217,32.15371],[-2.35704,32.15768],[-2.36242,32.15807],[-2.44503,32.15981],[-2.47619,32.15279],[-2.53443,32.14741],[-2.55659,32.12993],[-2.57477,32.12161],[-2.59516,32.11227],[-2.64295,32.11857],[-2.68472,32.11496],[-2.68702,32.11477],[-2.73431,32.11398],[-2.75674,32.1169],[-2.78351,32.11477],[-2.80777,32.11769],[-2.83736,32.11412],[-2.87902,32.11514],[-2.90057,32.11844],[-2.91696,32.09472],[-2.92752,32.04186],[-2.92752,32.02977],[-2.91681,32.01529],[-2.89795,31.97741],[-2.88394,31.96236],[-2.87675,31.93381],[-2.84388,31.88364],[-2.83897,31.86068],[-2.84108,31.83595],[-2.82437,31.81513],[-2.82442,31.8013],[-2.98222,31.76964],[-3.66499,31.63171],[-3.66971,31.37788],[-3.68118,31.36652],[-3.70439,31.35876],[-3.71156,31.34619],[-3.72237,31.33921],[-3.73263,31.33949],[-3.74081,31.35201],[-3.7488,31.35366],[-3.7527,31.34532],[-3.75197,31.33654],[-3.76059,31.33104],[-3.75889,31.32296],[-3.762,31.30902],[-3.77656,31.29874],[-3.7828,31.29104],[-3.77974,31.28767],[-3.77215,31.29085],[-3.76872,31.27854],[-3.75498,31.28045],[-3.75605,31.26472],[-3.76169,31.25778],[-3.77165,31.25276],[-3.77444,31.24266],[-3.78415,31.23357],[-3.78128,31.2284],[-3.76802,31.22355],[-3.76092,31.1878],[-3.75645,31.17916],[-3.77042,31.15007],[-3.76879,31.12467],[-3.74499,31.12473],[-3.73269,31.1189],[-3.72924,31.13475],[-3.73643,31.14417],[-3.72147,31.14882],[-3.71358,31.15773],[-3.71043,31.171],[-3.7019,31.17459],[-3.69716,31.16851],[-3.68751,31.16823],[-3.67828,31.16373],[-3.67009,31.15325],[-3.66811,31.11922],[-3.67268,31.09706],[-3.67078,31.09165],[-3.64866,31.09042],[-3.64066,31.09485],[-3.6391,31.10114],[-3.64626,31.11507],[-3.64801,31.12878],[-3.64599,31.1398],[-3.63935,31.14508],[-3.63576,31.13866],[-3.63652,31.12543],[-3.63354,31.11401],[-3.62813,31.10905],[-3.61516,31.11661],[-3.6059,31.09857],[-3.60249,31.08154],[-3.59202,31.07491],[-3.58888,31.05654],[-3.57964,31.05116],[-3.57336,31.05058],[-3.56236,31.05553],[-3.55557,31.0637],[-3.5514,31.06445],[-3.54749,31.0465],[-3.53962,31.03345],[-3.53482,31.01443],[-3.53586,30.98701],[-3.53934,30.97963],[-3.5382,30.97308],[-3.54462,30.96692],[-3.53901,30.95792],[-3.54393,30.95196],[-3.54833,30.93766],[-3.55885,30.92759],[-3.56705,30.92988],[-3.57203,30.92808],[-3.58256,30.91262],[-3.58816,30.89594],[-3.60039,30.88637],[-3.61296,30.86834],[-3.6197,30.86429],[-3.63277,30.86148],[-3.64945,30.84367],[-3.6493,30.81037],[-3.65653,30.79306],[-3.65682,30.77619],[-3.65191,30.77034],[-3.6388,30.77109],[-3.62529,30.76397],[-3.6186,30.73653],[-3.6389,30.70005],[-3.84456,30.62689],[-3.86232,30.62297],[-3.98376,30.59615],[-4.13294,30.58507],[-4.14959,30.58384],[-4.32252,30.52736],[-4.59741,30.2912],[-4.93553,30.13983],[-5.24426,29.92451],[-5.25673,29.91143],[-5.27837,29.90054],[-5.30021,29.8765],[-5.30681,29.86164],[-5.32807,29.83746],[-5.31939,29.79638],[-5.32358,29.77823],[-5.55115,29.5012],[-5.56631,29.48802],[-5.60939,29.4906],[-5.64016,29.49906],[-5.68477,29.53762],[-5.69087,29.5354],[-5.71025,29.51869],[-5.72666,29.5193],[-5.73809,29.51417],[-5.74468,29.51523],[-5.74902,29.52214],[-5.74772,29.53447],[-5.72276,29.57237],[-5.72135,29.58597],[-5.78954,29.61264],[-5.79948,29.61376],[-5.86415,29.60363],[-5.88012,29.58845],[-5.88748,29.59386],[-5.92388,29.59472],[-5.99243,29.57791],[-6.01019,29.57938],[-6.01968,29.57435],[-6.03255,29.57424],[-6.06352,29.56337],[-6.09458,29.56729],[-6.10253,29.5683],[-6.15698,29.58067],[-6.1933,29.58385],[-6.24133,29.5684],[-6.28621,29.56867],[-6.29952,29.56614],[-6.31459,29.569],[-6.34379,29.56684],[-6.36875,29.56891],[-6.39121,29.55796],[-6.42216,29.56349],[-6.45983,29.56313],[-6.48573,29.55129],[-6.52448,29.52066],[-6.55097,29.52356],[-6.57109,29.52146],[-6.61122,29.52695],[-6.62834,29.52119],[-6.69752,29.51202],[-6.71977,29.50117],[-6.74997,29.47305],[-6.7622,29.46656],[-6.77994,29.46201],[-6.80027,29.46173],[-6.83506,29.4668],[-6.86014,29.4825],[-6.8855,29.48386],[-6.90763,29.49922],[-6.93165,29.49579],[-6.96397,29.49576],[-6.9804,29.50266],[-6.98976,29.50388],[-7.02234,29.49444],[-7.02926,29.49895],[-7.03822,29.49777],[-7.06099,29.50198],[-7.10298,29.52281],[-7.11705,29.52478],[-7.12453,29.51989],[-7.15253,29.5192],[-7.22634,29.48697],[-7.24973,29.47431],[-7.2877,29.44482],[-7.31393,29.41704],[-7.33806,29.39754],[-7.37824,29.38143],[-7.39224,29.37885],[-7.41371,29.37928],[-7.4868,29.3631],[-7.53168,29.36314],[-7.58324,29.37465],[-7.59748,29.37352],[-7.61331,29.36744],[-7.62303,29.35859],[-7.63198,29.32353],[-7.6487,29.30529],[-7.68268,29.29556],[-7.77368,29.25817],[-7.82589,29.22067],[-7.85969,29.2018],[-7.89384,29.18672],[-7.95276,29.14231],[-7.96402,29.12719],[-8.12478,29.03799],[-8.1695,29.00401],[-8.20023,28.99792],[-8.22371,28.98884],[-8.25438,28.96093],[-8.28475,28.94323],[-8.34818,28.89524],[-8.43267,28.8158],[-8.45111,28.80244],[-8.58873,28.74219],[-8.66421,28.71337],[-8.66665,27.66204],[-8.73023,27.66482],[-8.75178,27.66487],[-8.76509,27.6649],[-9.10892,27.66492],[-9.19719,27.66493],[-9.50664,27.6641],[-9.51172,27.66409],[-9.52416,27.66426]]],[[[-2.86052,35.20093],[-2.85762,35.20565],[-2.85621,35.2058],[-2.84465,35.19622],[-2.84429,35.19438],[-2.84949,35.19351],[-2.85253,35.19419],[-2.85544,35.19844],[-2.86052,35.20093]]],[[[-2.92204,35.27365],[-2.91864,35.27535],[-2.92058,35.27874],[-2.91786,35.27927],[-2.9138,35.27686],[-2.91705,35.2742],[-2.91578,35.27205],[-2.9191,35.27034],[-2.92204,35.27365]]],[[[-9.791,31.49728],[-9.7895,31.4997],[-9.78681,31.49774],[-9.78287,31.4978],[-9.78649,31.49313],[-9.7897,31.49446],[-9.791,31.49728]]],[[[-6.26384,34.86287],[-6.26281,34.86441],[-6.25859,34.86385],[-6.25777,34.86144],[-6.2624,34.86045],[-6.26384,34.86287]]],[[[-2.84447,35.19159],[-2.84105,35.19421],[-2.83767,35.19061],[-2.84173,35.18945],[-2.84447,35.19159]]]]}},{"type":"Feature","properties":{"pais":"GIB"},"geometry":{"type":"MultiPolygon","coordinates":[[[[-5.35152,36.15257],[-5.34401,36.15263],[-5.33922,36.15203],[-5.34126,36.12467],[-5.34805,36.11354],[-5.35591,36.12522],[-5.35948,36.14578],[-5.35877,36.14967],[-5.35152,36.15257]]]]}},{"type":"Feature","properties":{"pais":"DZA"},"geometry":{"type":"MultiPolygon","coordinates":[[[[9.93825,27.73058],[9.92515,27.69792],[9.9156,27.66453],[9.8905,27.61462],[9.88031,27.60154],[9.86253,27.58511],[9.83649,27.57593],[9.83097,27.57019],[9.83146,27.56526],[9.83657,27.56222],[9.87547,27.55778],[9.86304,27.52932],[9.85763,27.50068],[9.83108,27.48295],[9.81552,27.4592],[9.81652,27.44621],[9.80917,27.43373],[9.80794,27.41154],[9.79666,27.39416],[9.79038,27.37811],[9.78964,27.36764],[9.78219,27.3527],[9.79087,27.34564],[9.78203,27.27807],[9.80776,27.22147],[9.81498,27.18857],[9.82916,27.15237],[9.83189,27.1184],[9.83799,27.10459],[9.84623,27.06583],[9.84562,27.02323],[9.86422,26.95588],[9.87597,26.93021],[9.87892,26.91179],[9.90982,26.87477],[9.92757,26.86027],[9.90308,26.74501],[9.91709,26.64751],[9.86492,26.52287],[9.52609,26.38362],[9.48608,26.31659],[9.46745,26.29227],[9.44742,26.24921],[9.39859,26.20038],[10.02459,25.33656],[10.03691,24.96182],[10.05505,24.83969],[10.21685,24.75109],[10.25429,24.60476],[10.423,24.47883],[10.48269,24.47923],[10.71444,24.56611],[10.96304,24.47478],[11.0076,24.47128],[11.02629,24.46176],[11.04161,24.44115],[11.04664,24.43439],[11.13561,24.39056],[11.27106,24.30332],[11.4244,24.19974],[11.46817,24.21482],[11.50637,24.22396],[11.56048,24.25083],[11.58962,24.2527],[11.60418,24.25991],[11.60896,24.25957],[11.9985,23.5127],[11.36313,23.15256],[11.04161,22.96721],[10.97271,22.92746],[10.79315,22.82406],[10.25713,22.5149],[10.20531,22.48426],[9.6516,22.15752],[8.91646,21.72254],[8.89359,21.70899],[8.71986,21.60599],[8.552,21.50453],[8.50014,21.47317],[8.21619,21.30133],[7.79274,21.0452],[7.78519,21.04063],[7.45937,20.84132],[7.3985,20.7901],[7.04491,20.49229],[6.86157,20.33764],[6.70447,20.2039],[6.10689,19.69413],[6.02377,19.62261],[5.81935,19.44672],[5.81302,19.44127],[5.1955,19.32392],[5.1045,19.30662],[4.83126,19.25346],[4.63334,19.21495],[4.52734,19.19432],[4.26667,19.1436],[4.24295,19.1389],[3.50268,18.99212],[3.41719,18.97777],[3.3604,18.9639],[3.35113,18.96778],[3.33782,18.98719],[3.32939,18.99427],[3.3097,18.99454],[3.3002,18.99727],[3.27818,19.02843],[3.25389,19.04149],[3.23749,19.06064],[3.21064,19.07261],[3.19122,19.08837],[3.17947,19.09355],[3.16562,19.10741],[3.15507,19.1091],[3.14085,19.1184],[3.12543,19.12412],[3.12206,19.12919],[3.12135,19.13849],[3.11652,19.14541],[3.11737,19.15713],[3.12275,19.16546],[3.12409,19.18096],[3.15647,19.21016],[3.16094,19.21743],[3.16492,19.23554],[3.17579,19.24822],[3.18058,19.25899],[3.1969,19.27103],[3.20256,19.28582],[3.20413,19.30414],[3.18453,19.33096],[3.17716,19.35578],[3.19855,19.38988],[3.19944,19.41372],[3.20951,19.43004],[3.25672,19.43872],[3.26465,19.44962],[3.24733,19.49237],[3.26328,19.51901],[3.25276,19.52434],[3.24707,19.53063],[3.24495,19.5523],[3.23635,19.5582],[3.23758,19.56634],[3.23155,19.58385],[3.2342,19.60618],[3.25048,19.63305],[3.24886,19.64795],[3.24086,19.6544],[3.24035,19.6604],[3.23211,19.67466],[3.23215,19.69805],[3.22945,19.70944],[3.24792,19.74344],[3.24813,19.75574],[3.2427,19.77577],[3.25891,19.81442],[3.25342,19.83229],[3.24435,19.83745],[3.22911,19.84008],[3.19936,19.8393],[3.19152,19.84391],[3.17631,19.84689],[3.15824,19.85654],[3.14522,19.85622],[3.13646,19.86996],[3.11318,19.87678],[3.10374,19.8859],[3.09388,19.88841],[3.07595,19.90447],[3.05044,19.90847],[3.04863,19.90831],[3.03647,19.90722],[3.01425,19.92929],[2.97662,19.94845],[2.96027,19.94771],[2.94823,19.95254],[2.93745,19.94989],[2.92884,19.95268],[2.92228,19.9516],[2.91164,19.95824],[2.90713,19.96105],[2.89691,19.96043],[2.89137,19.96373],[2.88361,19.96181],[2.87709,19.95409],[2.86935,19.96137],[2.86219,19.96187],[2.85598,19.96931],[2.84723,19.96874],[2.84023,19.96112],[2.83053,19.95969],[2.81286,19.96635],[2.80357,19.97432],[2.79084,19.97659],[2.78269,19.97171],[2.77502,19.97429],[2.7677,19.97966],[2.76836,19.98619],[2.75659,19.99432],[2.73587,19.99069],[2.73138,19.99852],[2.72376,20.00276],[2.71932,20.01682],[2.7129,20.02146],[2.7145,20.03084],[2.70894,20.03675],[2.70655,20.0523],[2.69686,20.07089],[2.67678,20.08201],[2.67117,20.07697],[2.66221,20.05333],[2.63681,20.04001],[2.63441,20.04059],[2.63543,20.04633],[2.62186,20.05118],[2.59181,20.03703],[2.56204,20.03556],[2.55649,20.03903],[2.5508,20.05352],[2.5347,20.06311],[2.53207,20.07569],[2.5245,20.07743],[2.51858,20.09008],[2.49021,20.08628],[2.48171,20.10134],[2.46702,20.10843],[2.46106,20.09506],[2.44101,20.07739],[2.44466,20.05691],[2.42791,20.04859],[2.40421,20.03038],[2.39606,20.0359],[2.39129,20.02591],[2.38058,20.02172],[2.37625,20.03931],[2.38339,20.0519],[2.37584,20.06667],[2.3738,20.08044],[2.37932,20.09543],[2.39148,20.10144],[2.40254,20.11668],[2.39598,20.13237],[2.38769,20.1443],[2.3709,20.1438],[2.3644,20.14612],[2.35946,20.15142],[2.3585,20.15908],[2.34453,20.17684],[2.33269,20.17975],[2.3274,20.19272],[2.3189,20.20185],[2.31722,20.21678],[2.30487,20.22679],[2.30675,20.23632],[2.3036,20.248],[2.30821,20.25935],[2.30431,20.27459],[2.2897,20.27082],[2.27914,20.27191],[2.2679,20.28007],[2.25967,20.2914],[2.2316,20.2981],[2.21079,20.3109],[2.19614,20.30732],[2.19159,20.29592],[2.1911,20.27211],[2.1759,20.26291],[2.17417,20.25569],[2.16724,20.25316],[2.14115,20.25326],[2.13208,20.23633],[2.12554,20.23319],[2.11744,20.23278],[2.09933,20.24101],[2.08453,20.23779],[2.07793,20.24402],[2.0687,20.24467],[2.05326,20.25901],[2.04297,20.26344],[2.0211,20.24753],[2.02206,20.23806],[2.01522,20.23388],[2.00021,20.23673],[1.98327,20.24895],[1.97067,20.25374],[1.95174,20.25479],[1.9402,20.2349],[1.92332,20.21907],[1.90692,20.2297],[1.89738,20.24111],[1.89915,20.24958],[1.89446,20.25329],[1.89594,20.26145],[1.88264,20.28863],[1.87521,20.28741],[1.86791,20.29108],[1.84801,20.29229],[1.82428,20.28477],[1.79744,20.29166],[1.7743,20.3174],[1.77566,20.33209],[1.75931,20.33895],[1.75504,20.35036],[1.73807,20.35058],[1.73305,20.35872],[1.71951,20.36425],[1.70926,20.37503],[1.69874,20.37968],[1.69708,20.38586],[1.67043,20.39966],[1.66697,20.41732],[1.67379,20.42579],[1.67642,20.43533],[1.6667,20.45219],[1.67654,20.48333],[1.66791,20.4932],[1.66056,20.4963],[1.66663,20.50719],[1.6662,20.51047],[1.66054,20.51418],[1.66719,20.52498],[1.66673,20.53028],[1.66236,20.53814],[1.65141,20.54436],[1.6406,20.56024],[1.62887,20.57023],[1.61062,20.57423],[1.60491,20.58671],[1.60224,20.59255],[1.59327,20.59685],[1.57749,20.59922],[1.56958,20.60613],[1.54728,20.60902],[1.53418,20.61525],[1.5238,20.61436],[1.51194,20.61699],[1.49821,20.62004],[1.45429,20.64272],[1.41904,20.64858],[1.40562,20.65631],[1.38638,20.65217],[1.36994,20.66573],[1.35522,20.67005],[1.35098,20.69177],[1.34129,20.69822],[1.3394,20.70662],[1.32873,20.72278],[1.3165,20.73045],[1.29071,20.7263],[1.27791,20.73266],[1.25643,20.73293],[1.24165,20.72878],[1.23316,20.72332],[1.21351,20.72212],[1.1789,20.72425],[1.16853,20.73124],[1.1651,20.74522],[1.16464,20.78943],[1.1864,20.86725],[1.188,20.90302],[1.19319,20.9379],[1.18849,20.95526],[1.19303,20.97151],[1.18283,21.02198],[1.1707,21.04744],[1.16144,21.10796],[1.16011,21.11118],[1.15442,21.1249],[-0.4043,22.15752],[-0.56011,22.25962],[-0.56518,22.26294],[-1.0,22.54746],[-1.66667,22.98038],[-1.74362,23.03003],[-2.25,23.35635],[-2.35704,23.4249],[-2.57477,23.56423],[-2.68472,23.63454],[-2.91667,23.78273],[-2.98222,23.82438],[-3.83333,24.36397],[-3.86232,24.38214],[-4.20073,24.59416],[-4.34244,24.68283],[-4.611,24.85513],[-4.83174,24.99656],[-4.83333,24.99759],[-4.83705,24.99988],[-4.84716,25.0061],[-5.04263,25.12668],[-5.68229,25.52041],[-5.75,25.5621],[-6.09458,25.77198],[-6.31388,25.90535],[-6.75,26.17015],[-7.21442,26.44891],[-7.61022,26.68651],[-7.66667,26.72036],[-7.85542,26.83217],[-8.66667,27.31274],[-8.66667,27.3171],[-8.66665,27.66204],[-8.66421,28.71337],[-8.58873,28.74219],[-8.45111,28.80244],[-8.43267,28.8158],[-8.34818,28.89524],[-8.28475,28.94323],[-8.25438,28.96093],[-8.22371,28.98884],[-8.20023,28.99792],[-8.1695,29.00401],[-8.12478,29.03799],[-7.96402,29.12719],[-7.95276,29.14231],[-7.89384,29.18672],[-7.85969,29.2018],[-7.82589,29.22067],[-7.77368,29.25817],[-7.68268,29.29556],[-7.6487,29.30529],[-7.63198,29.32353],[-7.62303,29.35859],[-7.61331,29.36744],[-7.59748,29.37352],[-7.58324,29.37465],[-7.53168,29.36314],[-7.4868,29.3631],[-7.41371,29.37928],[-7.39224,29.37885],[-7.37824,29.38143],[-7.33806,29.39754],[-7.31393,29.41704],[-7.2877,29.44482],[-7.24973,29.47431],[-7.22634,29.48697],[-7.15253,29.5192],[-7.12453,29.51989],[-7.11705,29.52478],[-7.10298,29.52281],[-7.06099,29.50198],[-7.03822,29.49777],[-7.02926,29.49895],[-7.02234,29.49444],[-6.98976,29.50388],[-6.9804,29.50266],[-6.96397,29.49576],[-6.93165,29.49579],[-6.90763,29.49922],[-6.8855,29.48386],[-6.86014,29.4825],[-6.83506,29.4668],[-6.80027,29.46173],[-6.77994,29.46201],[-6.7622,29.46656],[-6.74997,29.47305],[-6.71977,29.50117],[-6.69752,29.51202],[-6.62834,29.52119],[-6.61122,29.52695],[-6.57109,29.52146],[-6.55097,29.52356],[-6.52448,29.52066],[-6.48573,29.55129],[-6.45983,29.56313],[-6.42216,29.56349],[-6.39121,29.55796],[-6.36875,29.56891],[-6.34379,29.56684],[-6.31459,29.569],[-6.29952,29.56614],[-6.28621,29.56867],[-6.24133,29.5684],[-6.1933,29.58385],[-6.15698,29.58067],[-6.10253,29.5683],[-6.09458,29.56729],[-6.06352,29.56337],[-6.03255,29.57424],[-6.01968,29.57435],[-6.01019,29.57938],[-5.99243,29.57791],[-5.92388,29.59472],[-5.88748,29.59386],[-5.88012,29.58845],[-5.86415,29.60363],[-5.79948,29.61376],[-5.78954,29.61264],[-5.72135,29.58597],[-5.72276,29.57237],[-5.74772,29.53447],[-5.74902,29.52214],[-5.74468,29.51523],[-5.73809,29.51417],[-5.72666,29.5193],[-5.71025,29.51869],[-5.69087,29.5354],[-5.68477,29.53762],[-5.64016,29.49906],[-5.60939,29.4906],[-5.56631,29.48802],[-5.55115,29.5012],[-5.32358,29.77823],[-5.31939,29.79638],[-5.32807,29.83746],[-5.30681,29.86164],[-5.30021,29.8765],[-5.27837,29.90054],[-5.25673,29.91143],[-5.24426,29.92451],[-4.93553,30.13983],[-4.59741,30.2912],[-4.32252,30.52736],[-4.14959,30.58384],[-4.13294,30.58507],[-3.98376,30.59615],[-3.86232,30.62297],[-3.84456,30.62689],[-3.6389,30.70005],[-3.6186,30.73653],[-3.62529,30.76397],[-3.6388,30.77109],[-3.65191,30.77034],[-3.65682,30.77619],[-3.65653,30.79306],[-3.6493,30.81037],[-3.64945,30.84367],[-3.63277,30.86148],[-3.6197,30.86429],[-3.61296,30.86834],[-3.60039,30.88637],[-3.58816,30.89594],[-3.58256,30.91262],[-3.57203,30.92808],[-3.56705,30.92988],[-3.55885,30.92759],[-3.54833,30.93766],[-3.54393,30.95196],[-3.53901,30.95792],[-3.54462,30.96692],[-3.5382,30.97308],[-3.53934,30.97963],[-3.53586,30.98701],[-3.53482,31.01443],[-3.53962,31.03345],[-3.54749,31.0465],[-3.5514,31.06445],[-3.55557,31.0637],[-3.56236,31.05553],[-3.57336,31.05058],[-3.57964,31.05116],[-3.58888,31.05654],[-3.59202,31.07491],[-3.60249,31.08154],[-3.6059,31.09857],[-3.61516,31.11661],[-3.62813,31.10905],[-3.63354,31.11401],[-3.63652,31.12543],[-3.63576,31.13866],[-3.63935,31.14508],[-3.64599,31.1398],[-3.64801,31.12878],[-3.64626,31.11507],[-3.6391,31.10114],[-3.64066,31.09485],[-3.64866,31.09042],[-3.67078,31.09165],[-3.67268,31.09706],[-3.66811,31.11922],[-3.67009,31.15325],[-3.67828,31.16373],[-3.68751,31.16823],[-3.69716,31.16851],[-3.7019,31.17459],[-3.71043,31.171],[-3.71358,31.15773],[-3.72147,31.14882],[-3.73643,31.14417],[-3.72924,31.13475],[-3.73269,31.1189],[-3.74499,31.12473],[-3.76879,31.12467],[-3.77042,31.15007],[-3.75645,31.17916],[-3.76092,31.1878],[-3.76802,31.22355],[-3.78128,31.2284],[-3.78415,31.23357],[-3.77444,31.24266],[-3.77165,31.25276],[-3.76169,31.25778],[-3.75605,31.26472],[-3.75498,31.28045],[-3.76872,31.27854],[-3.77215,31.29085],[-3.77974,31.28767],[-3.7828,31.29104],[-3.77656,31.29874],[-3.762,31.30902],[-3.75889,31.32296],[-3.76059,31.33104],[-3.75197,31.33654],[-3.7527,31.34532],[-3.7488,31.35366],[-3.74081,31.35201],[-3.73263,31.33949],[-3.72237,31.33921],[-3.71156,31.34619],[-3.70439,31.35876],[-3.68118,31.36652],[-3.66971,31.37788],[-3.66499,31.63171],[-2.98222,31.76964],[-2.82442,31.8013],[-2.82437,31.81513],[-2.84108,31.83595],[-2.83897,31.86068],[-2.84388,31.88364],[-2.87675,31.93381],[-2.88394,31.96236],[-2.89795,31.97741],[-2.91681,32.01529],[-2.92752,32.02977],[-2.92752,32.04186],[-2.91696,32.09472],[-2.90057,32.11844],[-2.87902,32.11514],[-2.83736,32.11412],[-2.80777,32.11769],[-2.78351,32.11477],[-2.75674,32.1169],[-2.73431,32.11398],[-2.68702,32.11477],[-2.68472,32.11496],[-2.64295,32.11857],[-2.59516,32.11227],[-2.57477,32.12161],[-2.55659,32.12993],[-2.53443,32.14741],[-2.47619,32.15279],[-2.44503,32.15981],[-2.36242,32.15807],[-2.35704,32.15768],[-2.30217,32.15371],[-2.28561,32.15568],[-2.26968,32.16137],[-2.25585,32.15699],[-2.23261,32.15652],[-2.18907,32.14379],[-2.1367,32.13933],[-2.09286,32.14952],[-2.07697,32.15742],[-2.04369,32.16369],[-2.01639,32.17514],[-2.00217,32.17644],[-1.98682,32.1729],[-1.97148,32.1594],[-1.94168,32.15782],[-1.92879,32.15231],[-1.91808,32.16226],[-1.90594,32.16355],[-1.89454,32.16073],[-1.88572,32.15341],[-1.87158,32.14804],[-1.82382,32.14698],[-1.79919,32.13793],[-1.78507,32.13651],[-1.75183,32.12268],[-1.72626,32.12111],[-1.70957,32.11463],[-1.68876,32.1156],[-1.66163,32.1094],[-1.64438,32.10831],[-1.5997,32.09521],[-1.5814,32.09272],[-1.47606,32.09507],[-1.43906,32.09269],[-1.42815,32.08897],[-1.39667,32.08563],[-1.35039,32.08843],[-1.32984,32.08202],[-1.2731,32.0847],[-1.25861,32.07647],[-1.24505,32.07572],[-1.20366,32.08564],[-1.18209,32.10224],[-1.15505,32.11173],[-1.15522,32.1279],[-1.16849,32.13573],[-1.1781,32.15854],[-1.18772,32.16724],[-1.21862,32.17486],[-1.24489,32.16592],[-1.26361,32.16255],[-1.28555,32.15999],[-1.29419,32.16154],[-1.2981,32.16495],[-1.29472,32.17214],[-1.27981,32.17949],[-1.25703,32.19886],[-1.24181,32.20638],[-1.24688,32.24902],[-1.2353,32.28829],[-1.23501,32.30444],[-1.2376,32.312],[-1.24662,32.31804],[-1.24762,32.32576],[-1.24356,32.33049],[-1.22094,32.34337],[-1.20732,32.37085],[-1.20285,32.38552],[-1.20381,32.39303],[-1.19399,32.40231],[-1.17481,32.41156],[-1.15945,32.41568],[-1.14514,32.41631],[-1.12867,32.41332],[-1.11605,32.42322],[-1.09963,32.42718],[-1.09308,32.43624],[-1.0631,32.45179],[-1.0577,32.45945],[-1.04739,32.46607],[-1.04235,32.47657],[-1.00406,32.50478],[-0.9994,32.51715],[-1.06808,32.56246],[-1.26695,32.6935],[-1.38196,32.74377],[-1.54098,32.95655],[-1.5108,32.968],[-1.49342,32.96742],[-1.48055,32.98028],[-1.47159,33.00259],[-1.47311,33.02247],[-1.46219,33.04342],[-1.47471,33.07517],[-1.49662,33.0904],[-1.51236,33.09477],[-1.53104,33.10645],[-1.53805,33.11721],[-1.57087,33.14499],[-1.58283,33.1748],[-1.59652,33.19358],[-1.59915,33.20362],[-1.6111,33.21401],[-1.62647,33.22134],[-1.64094,33.24542],[-1.65624,33.25714],[-1.6675,33.27915],[-1.65833,33.30307],[-1.65741,33.3364],[-1.66174,33.35138],[-1.66105,33.37782],[-1.64744,33.40751],[-1.64452,33.42013],[-1.62796,33.43112],[-1.62116,33.44544],[-1.62196,33.46131],[-1.61675,33.47333],[-1.61836,33.48747],[-1.60187,33.50503],[-1.58792,33.52927],[-1.60063,33.55408],[-1.59459,33.55984],[-1.59009,33.57254],[-1.59749,33.57942],[-1.59401,33.60445],[-1.59634,33.61308],[-1.60177,33.61818],[-1.6154,33.62131],[-1.62681,33.62829],[-1.64568,33.6758],[-1.6583,33.68071],[-1.67926,33.67536],[-1.70006,33.67631],[-1.70486,33.67897],[-1.71133,33.68826],[-1.73573,33.70152],[-1.72646,33.73458],[-1.66954,33.77407],[-1.69659,33.87223],[-1.64602,34.10476],[-1.70916,34.22989],[-1.71292,34.24989],[-1.70801,34.27074],[-1.70984,34.29041],[-1.70585,34.31002],[-1.75291,34.3506],[-1.76243,34.36597],[-1.77828,34.38329],[-1.78102,34.39324],[-1.69298,34.49983],[-1.69881,34.50392],[-1.73251,34.51411],[-1.74801,34.5233],[-1.75754,34.53576],[-1.77526,34.55177],[-1.82288,34.61445],[-1.84606,34.62384],[-1.83479,34.63765],[-1.77857,34.70655],[-1.7743,34.73296],[-1.74957,34.74736],[-1.74696,34.75314],[-1.80824,34.77991],[-1.82171,34.78959],[-1.83982,34.79713],[-1.85339,34.80593],[-1.88285,34.81332],[-1.88997,34.82228],[-1.90292,34.84901],[-1.95954,34.87342],[-1.96938,34.88117],[-1.97594,34.89585],[-1.98322,34.93454],[-1.98791,34.93591],[-2.00898,34.93244],[-2.0311,34.93278],[-2.05157,34.93943],[-2.07844,34.95499],[-2.09249,34.96898],[-2.11485,34.98451],[-2.1267,34.99736],[-2.15497,35.01438],[-2.17387,35.0219],[-2.18805,35.03866],[-2.20601,35.05081],[-2.21169,35.05764],[-2.21438,35.06807],[-2.20974,35.0846],[-2.20089,35.08446],[-2.19343,35.08778],[-2.18387,35.08674],[-2.1683,35.09745],[-2.15565,35.10134],[-2.14309,35.09346],[-2.1321,35.09124],[-2.11953,35.09302],[-2.11795,35.0887],[-2.10879,35.08082],[-2.08355,35.07336],[-2.05962,35.07105],[-2.03711,35.07248],[-2.02228,35.07856],[-2.01198,35.07132],[-1.99563,35.07362],[-1.96113,35.07273],[-1.94329,35.07803],[-1.93652,35.08367],[-1.92177,35.08402],[-1.91318,35.08713],[-1.90696,35.08469],[-1.89846,35.09189],[-1.88562,35.09122],[-1.87264,35.09995],[-1.861,35.10273],[-1.85432,35.1071],[-1.84772,35.10622],[-1.83208,35.1112],[-1.82062,35.11926],[-1.81615,35.12667],[-1.80977,35.12705],[-1.80502,35.1317],[-1.80201,35.12496],[-1.79684,35.12119],[-1.77257,35.11969],[-1.74168,35.13666],[-1.7302,35.14982],[-1.72275,35.15259],[-1.72172,35.15969],[-1.71438,35.1628],[-1.69983,35.17757],[-1.68682,35.18177],[-1.65943,35.17675],[-1.65831,35.18076],[-1.64958,35.18683],[-1.64814,35.19406],[-1.64429,35.1961],[-1.63482,35.21092],[-1.62041,35.2198],[-1.61113,35.22057],[-1.60976,35.22761],[-1.60532,35.23122],[-1.58938,35.23572],[-1.58656,35.23981],[-1.58125,35.23893],[-1.57551,35.24119],[-1.57042,35.25127],[-1.56117,35.25808],[-1.55308,35.26974],[-1.52107,35.27312],[-1.50993,35.27748],[-1.49816,35.28725],[-1.48782,35.28952],[-1.4814,35.29704],[-1.46927,35.29973],[-1.46215,35.30739],[-1.44474,35.30715],[-1.4174,35.29968],[-1.38681,35.30535],[-1.35116,35.32277],[-1.33121,35.34707],[-1.29608,35.35081],[-1.28537,35.35651],[-1.27325,35.3705],[-1.25577,35.39594],[-1.25321,35.4072],[-1.23762,35.4398],[-1.22954,35.46841],[-1.22417,35.48739],[-1.22109,35.49031],[-1.22151,35.49602],[-1.21566,35.50351],[-1.21755,35.5081],[-1.21448,35.51131],[-1.21549,35.51466],[-1.21062,35.52059],[-1.20677,35.53569],[-1.19712,35.54883],[-1.19719,35.55439],[-1.19286,35.56168],[-1.19827,35.56888],[-1.19755,35.57315],[-1.18192,35.58033],[-1.17351,35.57958],[-1.16198,35.57298],[-1.15557,35.57429],[-1.14619,35.58928],[-1.14126,35.59105],[-1.1024,35.62287],[-1.07862,35.6335],[-1.06741,35.6324],[-1.06905,35.63684],[-1.05893,35.64156],[-1.055,35.65466],[-1.04922,35.65829],[-1.04944,35.66413],[-1.04032,35.66995],[-1.03632,35.67251],[-1.02862,35.67402],[-1.02061,35.68021],[-1.01167,35.67661],[-0.9923,35.67972],[-0.97576,35.69044],[-0.96708,35.70034],[-0.96542,35.70689],[-0.96179,35.70778],[-0.95508,35.7168],[-0.93705,35.72753],[-0.92192,35.72498],[-0.91477,35.71924],[-0.912,35.71279],[-0.90237,35.70706],[-0.88459,35.70744],[-0.86082,35.71627],[-0.84353,35.73172],[-0.82721,35.75632],[-0.82551,35.76652],[-0.81263,35.76637],[-0.80489,35.77137],[-0.79597,35.77217],[-0.79492,35.76476],[-0.7883,35.75865],[-0.7683,35.74802],[-0.74741,35.74076],[-0.7308,35.73699],[-0.70426,35.74197],[-0.69791,35.73726],[-0.70373,35.73321],[-0.70138,35.72349],[-0.69512,35.71916],[-0.68191,35.71406],[-0.65735,35.71358],[-0.65015,35.70912],[-0.63981,35.71133],[-0.63547,35.71013],[-0.6075,35.7209],[-0.58776,35.73819],[-0.56518,35.76513],[-0.56011,35.76912],[-0.55192,35.77557],[-0.54855,35.77015],[-0.53899,35.76687],[-0.52776,35.76871],[-0.50084,35.79444],[-0.48633,35.83063],[-0.48155,35.8541],[-0.47988,35.86997],[-0.48734,35.87696],[-0.46897,35.88566],[-0.46118,35.87953],[-0.44953,35.87726],[-0.41974,35.88039],[-0.40632,35.88966],[-0.39442,35.89222],[-0.38912,35.9006],[-0.39041,35.90643],[-0.38542,35.90874],[-0.37475,35.9068],[-0.36313,35.90815],[-0.35248,35.90561],[-0.33939,35.9089],[-0.33606,35.89491],[-0.31989,35.8862],[-0.30414,35.88201],[-0.29462,35.87491],[-0.29219,35.87012],[-0.29573,35.86033],[-0.30632,35.85982],[-0.30864,35.84963],[-0.29868,35.83398],[-0.27523,35.81948],[-0.22312,35.80502],[-0.16548,35.79955],[-0.15985,35.79339],[-0.14848,35.7907],[-0.11146,35.78918],[-0.09811,35.79144],[-0.08405,35.80157],[-0.04366,35.81594],[-0.03533,35.82286],[0.00665,35.8453],[0.02382,35.85877],[0.0455,35.89061],[0.05689,35.92146],[0.07167,35.92591],[0.08257,35.94081],[0.0933,35.96917],[0.11597,36.00049],[0.12977,36.03651],[0.15341,36.05612],[0.18941,36.08598],[0.20399,36.10477],[0.21879,36.11456],[0.23557,36.12183],[0.25507,36.12343],[0.28634,36.13483],[0.30185,36.14753],[0.3179,36.15571],[0.33449,36.17461],[0.34003,36.18975],[0.35405,36.19859],[0.38333,36.21065],[0.4118,36.20966],[0.45136,36.2215],[0.45439,36.2224],[0.46358,36.22845],[0.47904,36.23337],[0.50321,36.25058],[0.55909,36.27546],[0.5924,36.28465],[0.61316,36.2999],[0.6333,36.30823],[0.64755,36.32303],[0.65285,36.32601],[0.65876,36.32932],[0.75165,36.33437],[0.77459,36.34246],[0.80624,36.36506],[0.81495,36.36514],[0.82589,36.3617],[0.83475,36.36243],[0.87012,36.37278],[0.89327,36.38427],[0.90916,36.3973],[0.92228,36.41619],[0.92826,36.43625],[0.93918,36.44733],[1.00176,36.4625],[1.08486,36.49347],[1.09601,36.49443],[1.10737,36.49081],[1.13946,36.49338],[1.18781,36.51426],[1.23948,36.50464],[1.25499,36.50402],[1.28536,36.50803],[1.31437,36.51813],[1.34008,36.54945],[1.35767,36.55314],[1.3673,36.55066],[1.38483,36.55078],[1.38978,36.54066],[1.3958,36.53721],[1.42673,36.53886],[1.44176,36.53626],[1.46078,36.54115],[1.4671,36.53895],[1.47419,36.53165],[1.49266,36.52811],[1.51194,36.53002],[1.52581,36.54099],[1.54205,36.53861],[1.55532,36.54063],[1.5773,36.53477],[1.5993,36.53654],[1.60491,36.53834],[1.65367,36.55398],[1.70748,36.55335],[1.73725,36.55589],[1.7571,36.5609],[1.7879,36.55796],[1.82866,36.56336],[1.85124,36.56961],[1.88528,36.5693],[1.91203,36.57601],[1.9701,36.56693],[2.00362,36.56674],[2.03447,36.57009],[2.056,36.57587],[2.0933,36.58021],[2.10378,36.58449],[2.12664,36.58661],[2.15121,36.59418],[2.15997,36.59965],[2.17398,36.6009],[2.18893,36.61016],[2.22743,36.614],[2.23874,36.61917],[2.25093,36.61962],[2.25773,36.6232],[2.2633,36.62613],[2.28951,36.63289],[2.34791,36.64338],[2.38334,36.639],[2.40038,36.63335],[2.4069,36.6229],[2.40583,36.61354],[2.40879,36.60642],[2.43228,36.59538],[2.44817,36.59619],[2.4969,36.59147],[2.53522,36.59082],[2.55841,36.59288],[2.60366,36.60215],[2.64171,36.61734],[2.66806,36.63284],[2.69211,36.6508],[2.73249,36.66963],[2.77535,36.68323],[2.79451,36.69302],[2.82181,36.71387],[2.83948,36.73439],[2.84498,36.7495],[2.84243,36.76297],[2.85911,36.76109],[2.87905,36.7696],[2.89714,36.78858],[2.89958,36.80377],[2.92806,36.80568],[2.96242,36.81397],[2.98811,36.81407],[3.01121,36.81803],[3.03996,36.80804],[3.06099,36.79105],[3.06305,36.76688],[3.08107,36.75288],[3.11567,36.74382],[3.1509,36.74214],[3.16752,36.74381],[3.19015,36.75006],[3.21242,36.76109],[3.23147,36.77996],[3.23462,36.7997],[3.22751,36.81066],[3.23327,36.81398],[3.25511,36.81194],[3.27532,36.80098],[3.307,36.79201],[3.32667,36.78644],[3.42565,36.7699],[3.48127,36.76796],[3.49601,36.76978],[3.50842,36.77443],[3.52193,36.78443],[3.55084,36.79194],[3.56685,36.804],[3.61585,36.81651],[3.68581,36.84596],[3.71406,36.86516],[3.72111,36.8786],[3.73372,36.88564],[3.83827,36.91019],[3.86438,36.91247],[3.89145,36.92128],[3.91417,36.91809],[3.92366,36.90708],[3.94904,36.89876],[3.96513,36.89801],[4.01452,36.90218],[4.0722,36.89668],[4.10374,36.89125],[4.14172,36.89633],[4.15551,36.90539],[4.18355,36.89649],[4.20659,36.89371],[4.24811,36.9039],[4.27255,36.90326],[4.29117,36.90636],[4.31107,36.89737],[4.32992,36.89889],[4.36424,36.89241],[4.39772,36.89142],[4.41455,36.89597],[4.4231,36.90707],[4.43311,36.90943],[4.47923,36.89995],[4.50823,36.88769],[4.56243,36.88342],[4.6259,36.88358],[4.64526,36.88636],[4.6639,36.8832],[4.70814,36.88142],[4.72829,36.88348],[4.74539,36.89121],[4.75918,36.89385],[4.78507,36.89032],[4.80435,36.88166],[4.81461,36.87326],[4.85364,36.86617],[4.88839,36.85124],[4.92086,36.84795],[4.94056,36.83031],[4.96762,36.81709],[4.99836,36.81141],[5.01175,36.80423],[5.02663,36.7907],[5.0537,36.78171],[5.10099,36.77408],[5.10232,36.76172],[5.08196,36.74543],[5.07848,36.73296],[5.08342,36.71235],[5.09778,36.69895],[5.13899,36.6785],[5.21752,36.64992],[5.25778,36.64064],[5.29902,36.63877],[5.36396,36.64394],[5.40383,36.65258],[5.42693,36.65511],[5.43897,36.66371],[5.46436,36.66542],[5.48157,36.67493],[5.49878,36.67858],[5.53654,36.70293],[5.55224,36.71746],[5.55468,36.73911],[5.57444,36.76301],[5.59618,36.77638],[5.61212,36.77708],[5.64199,36.78383],[5.65923,36.79627],[5.67605,36.80063],[5.69391,36.81647],[5.73216,36.82162],[5.74257,36.82659],[5.76705,36.82596],[5.77994,36.81356],[5.80134,36.80764],[5.86693,36.81584],[5.88182,36.82316],[5.88748,36.8203],[5.90015,36.8238],[5.91983,36.82413],[5.99973,36.841],[6.05901,36.86044],[6.14707,36.89412],[6.2069,36.90788],[6.23677,36.92104],[6.2613,36.94637],[6.26288,36.95385],[6.26067,36.96073],[6.2464,36.97406],[6.2425,36.98285],[6.26045,37.00684],[6.26704,37.0245],[6.30702,37.04025],[6.3394,37.06691],[6.36528,37.07569],[6.40959,37.0838],[6.44482,37.08215],[6.47353,37.08634],[6.48938,37.08402],[6.5047,37.07667],[6.52099,37.0558],[6.54488,37.05172],[6.54556,37.03126],[6.55388,37.02689],[6.56721,37.02491],[6.56808,37.01357],[6.5749,37.00918],[6.56959,37.00005],[6.56788,36.99031],[6.57314,36.98241],[6.58177,36.97738],[6.60882,36.97138],[6.62581,36.97149],[6.62929,36.96376],[6.63494,36.95901],[6.6572,36.95729],[6.67038,36.95047],[6.68366,36.95514],[6.69217,36.95058],[6.72121,36.94675],[6.74074,36.95104],[6.74988,36.95684],[6.75639,36.95056],[6.77038,36.94674],[6.78083,36.9484],[6.79592,36.95482],[6.81762,36.94941],[6.84208,36.95233],[6.85238,36.93555],[6.88144,36.92681],[6.88428,36.9182],[6.88293,36.90106],[6.88611,36.89459],[6.8984,36.88798],[6.92796,36.88208],[6.98777,36.88884],[7.03986,36.90317],[7.0414,36.90393],[7.05758,36.91193],[7.06871,36.91277],[7.08676,36.91897],[7.10914,36.91671],[7.12254,36.90915],[7.13666,36.9099],[7.14942,36.91592],[7.16591,36.9199],[7.20072,36.94255],[7.23405,36.97323],[7.2473,36.99196],[7.25421,37.01171],[7.25369,37.02546],[7.24384,37.03548],[7.22085,37.04549],[7.1889,37.06927],[7.17324,37.07764],[7.18113,37.08017],[7.19574,37.07719],[7.20703,37.08527],[7.21467,37.08759],[7.2475,37.081],[7.26464,37.07],[7.27288,37.06756],[7.28293,37.06985],[7.28826,37.07644],[7.29376,37.07844],[7.31549,37.0698],[7.33393,37.06571],[7.34404,37.0659],[7.36752,37.07134],[7.3736,37.08025],[7.38489,37.08141],[7.39242,37.07636],[7.3843,37.06581],[7.38425,37.06086],[7.39513,37.04897],[7.4054,37.04246],[7.42333,37.03966],[7.46453,37.04543],[7.51225,37.04035],[7.51841,37.0354],[7.52723,37.01982],[7.55113,37.00563],[7.5664,36.98713],[7.59579,36.97153],[7.61891,36.9637],[7.64192,36.96519],[7.65771,36.97411],[7.66569,36.96757],[7.68126,36.96869],[7.69126,36.96211],[7.69954,36.96039],[7.70368,36.95304],[7.7103,36.95064],[7.73845,36.95693],[7.7652,36.95899],[7.77752,36.96548],[7.78671,36.96653],[7.7805,36.95276],[7.76932,36.94365],[7.763,36.93135],[7.76485,36.92155],[7.77293,36.90738],[7.76674,36.89898],[7.77131,36.89626],[7.76462,36.88726],[7.7643,36.87891],[7.76968,36.87211],[7.78577,36.86148],[7.81392,36.84979],[7.84757,36.84301],[7.88646,36.84252],[7.94168,36.84831],[7.99151,36.85861],[8.08729,36.89019],[8.17421,36.92571],[8.22702,36.94992],[8.23862,36.94741],[8.24374,36.93615],[8.26036,36.92901],[8.26703,36.92018],[8.27343,36.91691],[8.28879,36.91539],[8.36271,36.92033],[8.40148,36.9129],[8.43,36.89695],[8.44149,36.899],[8.46718,36.89872],[8.49026,36.90523],[8.50439,36.90527],[8.5595,36.92695],[8.58961,36.93014],[8.60832,36.93926],[8.62093,36.93542],[8.63772,36.9386],[8.64209,36.94115],[8.6435,36.92906],[8.65191,36.91584],[8.63772,36.90796],[8.63146,36.89547],[8.62675,36.85677],[8.63772,36.85251],[8.65453,36.8484],[8.66263,36.84941],[8.67847,36.83871],[8.6781,36.82981],[8.66917,36.81743],[8.65594,36.80934],[8.63772,36.80403],[8.62393,36.8],[8.6141,36.79209],[8.59808,36.79601],[8.57145,36.77315],[8.53641,36.77347],[8.52561,36.78058],[8.51462,36.7777],[8.50015,36.7779],[8.48653,36.7781],[8.43211,36.75858],[8.43025,36.7512],[8.43347,36.74767],[8.44371,36.7457],[8.45864,36.7495],[8.46751,36.74293],[8.46468,36.73321],[8.46604,36.72426],[8.48635,36.69434],[8.48208,36.68065],[8.46642,36.6668],[8.4559,36.66181],[8.45878,36.65442],[8.44635,36.6196],[8.4333,36.61816],[8.41825,36.6206],[8.40532,36.61594],[8.39871,36.6099],[8.39176,36.59593],[8.3641,36.59055],[8.34928,36.58171],[8.32888,36.57377],[8.31757,36.55458],[8.29043,36.53889],[8.25549,36.53501],[8.22352,36.51573],[8.1969,36.50786],[8.17895,36.51184],[8.17113,36.50281],[8.15563,36.49607],[8.15947,36.4898],[8.15984,36.47796],[8.17025,36.4629],[8.17825,36.45905],[8.19697,36.45805],[8.20211,36.45144],[8.20988,36.44713],[8.24676,36.4457],[8.26505,36.44011],[8.28685,36.44408],[8.30125,36.44141],[8.30779,36.43483],[8.31901,36.4365],[8.33082,36.43238],[8.34277,36.43462],[8.35562,36.44362],[8.36473,36.43873],[8.37361,36.42763],[8.40421,36.42183],[8.40847,36.41405],[8.39541,36.39423],[8.40025,36.38378],[8.40023,36.37481],[8.39413,36.36492],[8.37748,36.34894],[8.38437,36.33403],[8.37954,36.32601],[8.37748,36.32259],[8.37749,36.31743],[8.38026,36.31166],[8.38914,36.30432],[8.38013,36.29746],[8.37002,36.29588],[8.35833,36.28848],[8.34043,36.26687],[8.34049,36.26375],[8.34948,36.26001],[8.35375,36.25216],[8.35341,36.2301],[8.33981,36.21259],[8.32978,36.19092],[8.30762,36.17184],[8.31152,36.15852],[8.33813,36.13586],[8.33925,36.1167],[8.34414,36.10256],[8.33776,36.09461],[8.32346,36.08624],[8.31297,36.06868],[8.31192,36.05927],[8.29797,36.03958],[8.29644,36.03153],[8.29993,36.009],[8.29064,35.95772],[8.28762,35.95211],[8.27672,35.94749],[8.26488,35.93803],[8.26251,35.91899],[8.2567,35.91042],[8.25803,35.90788],[8.27005,35.90471],[8.26757,35.89755],[8.25557,35.88559],[8.26929,35.87627],[8.2674,35.86687],[8.27235,35.81805],[8.2652,35.79601],[8.26474,35.78054],[8.25921,35.76272],[8.26616,35.73023],[8.28225,35.71933],[8.30919,35.69084],[8.31887,35.68519],[8.33459,35.68276],[8.34169,35.67852],[8.35552,35.66799],[8.35965,35.64299],[8.35693,35.62175],[8.35133,35.60755],[8.35342,35.5823],[8.36233,35.53759],[8.3609,35.52365],[8.37351,35.49579],[8.38382,35.48586],[8.38455,35.48085],[8.38254,35.46744],[8.37059,35.46608],[8.35323,35.46027],[8.33892,35.44267],[8.32994,35.42257],[8.32011,35.41472],[8.32589,35.41032],[8.32892,35.40371],[8.31374,35.37259],[8.31725,35.33862],[8.31238,35.31434],[8.32242,35.29946],[8.3259,35.28869],[8.33435,35.28009],[8.35896,35.2746],[8.38126,35.26371],[8.40743,35.24605],[8.42212,35.2448],[8.44014,35.23751],[8.47271,35.23691],[8.45405,35.21848],[8.42341,35.17817],[8.41602,35.15053],[8.40217,35.12943],[8.35692,35.09632],[8.31665,35.00977],[8.3174,34.99666],[8.3117,34.95622],[8.31372,34.94796],[8.28403,34.94292],[8.27811,34.93913],[8.24807,34.91995],[8.25721,34.90403],[8.2618,34.87547],[8.27002,34.86195],[8.2739,34.83961],[8.28069,34.82286],[8.28496,34.80134],[8.28305,34.7676],[8.29537,34.74449],[8.31836,34.731],[8.31224,34.72832],[8.29628,34.72938],[8.26596,34.6934],[8.24487,34.68908],[8.23929,34.68504],[8.23745,34.67605],[8.24316,34.66764],[8.25831,34.65989],[8.27588,34.65845],[8.27955,34.65317],[8.27337,34.64463],[8.26276,34.64268],[8.24337,34.63153],[8.24378,34.6216],[8.24767,34.6141],[8.2302,34.61333],[8.2116,34.60134],[8.2067,34.5882],[8.22033,34.58029],[8.22063,34.57749],[8.18787,34.57113],[8.17182,34.57349],[8.1704,34.56551],[8.16112,34.56567],[8.16452,34.55249],[8.15306,34.54615],[8.14662,34.53337],[8.12445,34.52578],[8.11328,34.5124],[8.09857,34.51142],[8.08316,34.51367],[8.073,34.5037],[8.06995,34.49633],[8.04028,34.49001],[8.01949,34.47233],[8.00845,34.4569],[7.98936,34.45325],[7.97371,34.44724],[7.95497,34.44592],[7.95009,34.43976],[7.93813,34.43438],[7.9338,34.42078],[7.92719,34.41709],[7.90384,34.41374],[7.89101,34.41469],[7.87614,34.40673],[7.8563,34.40314],[7.85426,34.39482],[7.85306,34.38993],[7.85426,34.38664],[7.85709,34.37885],[7.85426,34.37219],[7.85182,34.36643],[7.85151,34.34984],[7.84353,34.32448],[7.81322,34.25252],[7.80349,34.219],[7.7961,34.20837],[7.77599,34.19881],[7.72432,34.16719],[7.65382,34.19495],[7.61414,34.13756],[7.60474,34.11112],[7.57196,34.09624],[7.57125,34.09328],[7.57694,34.09282],[7.57555,34.0884],[7.56091,34.07992],[7.53858,34.07158],[7.53135,34.06508],[7.53048,34.05872],[7.55304,34.01625],[7.54082,33.97536],[7.54059,33.93768],[7.52353,33.90499],[7.54549,33.83704],[7.52654,33.7973],[7.56015,33.77762],[7.58656,33.75155],[7.57605,33.74409],[7.56637,33.72672],[7.59658,33.68903],[7.59446,33.6445],[7.62932,33.5718],[7.7343,33.43536],[7.74313,33.42388],[7.7889,33.26176],[7.80872,33.21718],[7.81023,33.20718],[7.83992,33.19398],[7.85426,33.17715],[7.88899,33.17793],[8.14064,33.0839],[8.10946,33.0658],[8.10702,33.04709],[8.3223,32.82239],[8.35839,32.50184],[8.44144,32.45284],[8.50015,32.4189],[8.552,32.38892],[8.85673,32.21249],[8.90611,32.18387],[9.07522,32.08578],[9.31376,31.16831],[9.47009,30.56122],[9.55156,30.24639],[9.54816,30.24366],[9.53674,30.23449],[9.39103,30.16566],[9.41816,30.04628],[9.4214,30.03975],[9.53771,29.90395],[9.58797,29.80622],[9.65373,29.6782],[9.74529,29.49969],[9.78262,29.42682],[9.81569,29.28396],[9.83875,29.18421],[9.87506,29.02699],[9.9054,28.76569],[9.83875,28.29453],[9.83768,28.28692],[9.83875,28.28345],[9.96109,27.88622],[9.96305,27.86519],[9.961,27.85821],[9.95028,27.84999],[9.94618,27.84249],[9.94047,27.76906],[9.94116,27.73783],[9.93825,27.73058]]],[[[-1.13525,35.71887],[-1.13518,35.72209],[-1.13287,35.72259],[-1.13254,35.72629],[-1.12841,35.72685],[-1.13012,35.72067],[-1.13525,35.71887]]],[[[-1.48281,35.32218],[-1.48146,35.32586],[-1.47788,35.32436],[-1.47865,35.32198],[-1.47661,35.31853],[-1.47975,35.31778],[-1.48281,35.32218]]],[[[4.99399,36.82557],[4.99619,36.82775],[4.99935,36.82773],[5.00188,36.82607],[4.99671,36.82435],[4.99399,36.82557]]]]}}]}