{
 "type": "FeatureCollection",
 "features": [
  {
   "type": "Feature",
   "geometry": {
    "type": "MultiPolygon",
    "coordinates": [
     [
      [
       [
        -2.901674862031872,
        43.11979910117207
       ],
       [
        -2.901734896936793,
        43.119830344934314
       ],
       [
        -2.90179598039251,
        43.11986631697774
       ],
       [
        -2.901853918461557,
        43.119888104025804
       ],
       [
        -2.901913953564165,
        43.11991934767445
       ],
       [
        -2.901971891735076,
        43.1199411346514
       ],
       [
        -2.902036450722717,
        43.11993290595454
       ],
       [
        -2.902101009694338,
        43.11992467721693
       ],
       [
        -2.90216556864993,
        43.11991644843854
       ],
       [
        -2.902228030551095,
        43.11989876299185
       ],
       [
        -2.902280890959566,
        43.11986771545516
       ],
       [
        -2.902303733684417,
        43.119821046197096
       ],
       [
        -2.902333032256299,
        43.11977355404292
       ],
       [
        -2.90237733958261,
        43.1197338727203
       ],
       [
        -2.902421646853963,
        43.11969419137846
       ],
       [
        -2.902424073305188,
        43.11964526246276
       ],
       [
        -2.902413588043256,
        43.11959797933564
       ],
       [
        -2.902382686723655,
        43.119548436572146
       ],
       [
        -2.902372201523875,
        43.11950115343533
       ],
       [
        -2.902402548439964,
        43.1194583895672
       ],
       [
        -2.902466058335107,
        43.11944543229473
       ],
       [
        -2.902530616734159,
        43.119437203295206
       ],
       [
        -2.902598320722413,
        43.11944315918898
       ],
       [
        -2.902651899909826,
        43.11947522531993
       ],
       [
        -2.902662385328034,
        43.119522508423046
       ],
       [
        -2.902666414916849,
        43.11957061443373
       ],
       [
        -2.90268335623192,
        43.11961707461871
       ],
       [
        -2.902742342946488,
        43.119643589469995
       ],
       [
        -2.902811095761959,
        43.1196542735219
       ],
       [
        -2.902886304464476,
        43.1196641346015
       ],
       [
        -2.902952960193287,
        43.11966536194248
       ],
       [
        -2.903016470199613,
        43.1196524043243
       ],
       [
        -2.903060776999289,
        43.119612722712766
       ],
       [
        -2.903106132324356,
        43.119577769386375
       ],
       [
        -2.903158992026712,
        43.11954672140204
       ],
       [
        -2.903204347250302,
        43.11951176803246
       ],
       [
        -2.903257206848967,
        43.11948071999794
       ],
       [
        -2.903294008956142,
        43.11943713293073
       ],
       [
        -2.903308297762857,
        43.11938182979792
       ],
       [
        -2.903278444404851,
        43.1193370156183
       ],
       [
        -2.903220506343987,
        43.11931522937467
       ],
       [
        -2.903156112512034,
        43.11929426603788
       ],
       [
        -2.903086311483505,
        43.11927885390154
       ],
       [
        -2.903016510494316,
        43.11926344171586
       ],
       [
        -2.902948806660524,
        43.11925748609655
       ],
       [
        -2.9028800542901,
        43.11924680212286
       ],
       [
        -2.902805894678747,
        43.119241669330535
       ],
       [
        -2.902739239438735,
        43.11924044187949
       ],
       [
        -2.902672584203495,
        43.119239214384486
       ],
       [
        -2.902598424626802,
        43.11923408143937
       ],
       [
        -2.902530720882245,
        43.11922812553822
       ],
       [
        -2.902456561336767,
        43.1192229924884
       ],
       [
        -2.90238449882977,
        43.119227316013934
       ],
       [
        -2.902317843627439,
        43.119226088284684
       ],
       [
        -2.902237228291126,
        43.11922177796146
       ],
       [
        -2.902163068789087,
        43.11921664469567
       ],
       [
        -2.90209641361013,
        43.11921541682015
       ],
       [
        -2.9020243510975,
        43.11921974008972
       ],
       [
        -2.901954550492168,
        43.11920432716164
       ],
       [
        -2.901891205745641,
        43.11918809132356
       ],
       [
        -2.901822453682835,
        43.11917740662356
       ],
       [
        -2.901753701647398,
        43.119166721876105
       ],
       [
        -2.90167849382105,
        43.11915685992874
       ],
       [
        -2.901608693394174,
        43.11914144675692
       ],
       [
        -2.901539941447137,
        43.11913076186177
       ],
       [
        -2.901472237962307,
        43.119124805246024
       ],
       [
        -2.901435434696851,
        43.11916839169332
       ],
       [
        -2.901426551558158,
        43.11921814345891
       ],
       [
        -2.901430580076779,
        43.11926624955898
       ],
       [
        -2.901429201206798,
        43.1193199068152
       ],
       [
        -2.901420318058817,
        43.119369658574264
       ],
       [
        -2.901411434902029,
        43.11941941033075
       ],
       [
        -2.901415463446232,
        43.11946751642281
       ],
       [
        -2.901451771300187,
        43.1195115083489
       ],
       [
        -2.901517213175473,
        43.11953720110016
       ],
       [
        -2.901570791840822,
        43.11956926781406
       ],
       [
        -2.90161250729495,
        43.119607708508894
       ],
       [
        -2.901635903657093,
        43.119653346044906
       ],
       [
        -2.901674862031872,
        43.11979910117207
       ]
      ]
     ]
    ]
   },
   "properties": {
    "fuente": "EFFIS",
    "id_effis": 809748,
    "lat": 43.11948232784706,
    "lon": -2.902223324048136,
    "fecha_incendio": "2026-09-22T12:34:00+02:00",
    "novedad": "actualizada",
    "ultima_actualizacion": "2026-10-05T08:53:13.157237+02:00",
    "provincia": "Bizkaia",
    "municipio": "Orozko",
    "area_ha": 1.0,
    "pct_natura2000": 0.0,
    "cubierta_pct": {
     "broadlea": null,
     "conifer": null,
     "mixed": null,
     "scleroph": null,
     "transit": null,
     "othernatlc": null,
     "agriareas": null,
     "artifsurf": null,
     "otherlc": null
    }
   }
  },
  {
   "type": "Feature",
   "geometry": {
    "type": "MultiPolygon",
    "coordinates": [
     [
      [
       [
        -4.137117749006377,
        43.0396416836271
       ],
       [
        -4.137256790342025,
        43.03964255102837
       ],
       [
        -4.137391049438999,
        43.03962374756772
       ],
       [
        -4.137530090755002,
        43.03962461459359
       ],
       [
        -4.137664349742875,
        43.03960581077276
       ],
       [
        -4.137803391039213,
        43.03960667742323
       ],
       [
        -4.137942432349149,
        43.039607543882035
       ],
       [
        -4.13808147367269,
        43.03960841014916
       ],
       [
        -4.138215732484939,
        43.0395896056007
       ],
       [
        -4.138347599939194,
        43.039560965567276
       ],
       [
        -4.138499145077069,
        43.03949905845047
       ],
       [
        -4.138655472568828,
        43.039456821714005
       ],
       [
        -4.138787339551153,
        43.03942818111736
       ],
       [
        -4.138927849497329,
        43.039377989207324
       ],
       [
        -4.139054933422821,
        43.03932967768045
       ],
       [
        -4.139184408557782,
        43.03929120128506
       ],
       [
        -4.139316274959711,
        43.0392625600112
       ],
       [
        -4.139443358357371,
        43.03921424800662
       ],
       [
        -4.139536415697998,
        43.039140191287395
       ],
       [
        -4.139624689898782,
        43.03904646392976
       ],
       [
        -4.139686112449672,
        43.03895649780822
       ],
       [
        -4.139702474875476,
        43.03885250307302
       ],
       [
        -4.139638283346997,
        43.038759792243944
       ],
       [
        -4.139514138103563,
        43.038705990383995
       ],
       [
        -4.139381350251797,
        43.03867373955197
       ],
       [
        -4.139268239714743,
        43.03860822147044
       ],
       [
        -4.139204049211121,
        43.038515510317175
       ],
       [
        -4.13917774437043,
        43.03840732206491
       ],
       [
        -4.139153830990763,
        43.03830896909075
       ],
       [
        -4.139199436777462,
        43.038211048487426
       ],
       [
        -4.139326518134983,
        43.038162736646946
       ],
       [
        -4.139455990668897,
        43.03812425994193
       ],
       [
        -4.139515021363236,
        43.03802445857764
       ],
       [
        -4.139504533149402,
        43.03792422503624
       ],
       [
        -4.139358321663408,
        43.037893854724715
       ],
       [
        -4.139214501654062,
        43.03787331949716
       ],
       [
        -4.139075464334173,
        43.03787245467146
       ],
       [
        -4.138923001550858,
        43.03787347020367
       ],
       [
        -4.138725479862993,
        43.03786045645378
       ],
       [
        -4.138581660202306,
        43.037839920314994
       ],
       [
        -4.138437840653184,
        43.03781938396798
       ],
       [
        -4.138305976997526,
        43.03784802405026
       ],
       [
        -4.138167861141906,
        43.037908050404134
       ],
       [
        -4.138035075983128,
        43.03787579770398
       ],
       [
        -4.137997739403055,
        43.03777932477711
       ],
       [
        -4.137846747023643,
        43.037729281563244
       ],
       [
        -4.137700537011052,
        43.03769890880581
       ],
       [
        -4.137545683734523,
        43.03769008689845
       ],
       [
        -4.137406646985991,
        43.037689219760274
       ],
       [
        -4.137256575744793,
        43.03770006811725
       ],
       [
        -4.137088297082178,
        43.037693125833165
       ],
       [
        -4.136935834877111,
        43.03769413835105
       ],
       [
        -4.136788154466045,
        43.037714821382565
       ],
       [
        -4.136638083092207,
        43.03772566882477
       ],
       [
        -4.136587323477207,
        43.037631075538755
       ],
       [
        -4.136563414974853,
        43.03753272174731
       ],
       [
        -4.136419597038753,
        43.03751218247635
       ],
       [
        -4.136269526134275,
        43.037523029359484
       ],
       [
        -4.136130489886318,
        43.037522160451076
       ],
       [
        -4.13599145365198,
        43.03752129135099
       ],
       [
        -4.135838991954385,
        43.0375223021997
       ],
       [
        -4.135706209125432,
        43.03749004636202
       ],
       [
        -4.135677520826555,
        43.03737202149159
       ],
       [
        -4.135738947950456,
        43.03728205751205
       ],
       [
        -4.135873202175246,
        43.037263256172224
       ],
       [
        -4.136017019260844,
        43.03728379624958
       ],
       [
        -4.13616083645802,
        43.037304336118716
       ],
       [
        -4.136297481409347,
        43.0372953696105
       ],
       [
        -4.136431735522465,
        43.03727656753216
       ],
       [
        -4.136565989559756,
        43.037257765277374
       ],
       [
        -4.136695461827157,
        43.03721929208777
       ],
       [
        -4.136725254881964,
        43.03711341728123
       ],
       [
        -4.136701346496983,
        43.037015063476964
       ],
       [
        -4.136675047396543,
        43.03690687427294
       ],
       [
        -4.136610863338597,
        43.036814161155625
       ],
       [
        -4.136530863442013,
        43.036713492823
       ],
       [
        -4.136520380911464,
        43.036613258698715
       ],
       [
        -4.136645070270121,
        43.03655511481067
       ],
       [
        -4.136786495093791,
        43.036565818460254
       ],
       [
        -4.136886173195597,
        43.036633219912346
       ],
       [
        -4.136936932180249,
        43.036727813144495
       ],
       [
        -4.136960840767394,
        43.036826166910515
       ],
       [
        -4.136984749461059,
        43.0369245206598
       ],
       [
        -4.13702208359731,
        43.03702099409986
       ],
       [
        -4.137143831704702,
        43.037064963908115
       ],
       [
        -4.137282866957173,
        43.037065831451656
       ],
       [
        -4.137333627072914,
        43.03716042441797
       ],
       [
        -4.137330685856789,
        43.037262538701434
       ],
       [
        -4.137432756891892,
        43.03733977487853
       ],
       [
        -4.137532437216128,
        43.03740717558571
       ],
       [
        -4.137664300245664,
        43.0373785365204
       ],
       [
        -4.137788990043359,
        43.03732039124505
       ],
       [
        -4.137923243834795,
        43.03730158719513
       ],
       [
        -4.138059888630075,
        43.03729261830856
       ],
       [
        -4.138201315600446,
        43.03730331990959
       ],
       [
        -4.138345133762058,
        43.03732385664216
       ],
       [
        -4.13847938742048,
        43.03730505185738
       ],
       [
        -4.138613641003061,
        43.03728624689616
       ],
       [
        -4.138745503316178,
        43.037257606438075
       ],
       [
        -4.138748442084048,
        43.037155492184006
       ],
       [
        -4.13871110496945,
        43.03705901947876
       ],
       [
        -4.138622458026802,
        43.03697990410571
       ],
       [
        -4.138533811343144,
        43.03690078864224
       ],
       [
        -4.138401028318484,
        43.0368685363342
       ],
       [
        -4.138257211270118,
        43.03684799964116
       ],
       [
        -4.138113394333319,
        43.03682746273991
       ],
       [
        -4.13798061173786,
        43.03679520986512
       ],
       [
        -4.137846359088436,
        43.03681401396602
       ],
       [
        -4.137707324383807,
        43.036813147181604
       ],
       [
        -4.137594219705216,
        43.036747626956114
       ],
       [
        -4.137481115296129,
        43.03668210659268
       ],
       [
        -4.137368011156559,
        43.036616586091306
       ],
       [
        -4.137268332511282,
        43.036549185129275
       ],
       [
        -4.137168654111298,
        43.03648178405806
       ],
       [
        -4.137080010299619,
        43.03640266720363
       ],
       [
        -4.137029251445872,
        43.03630807401414
       ],
       [
        -4.137122307709105,
        43.036234019371165
       ],
       [
        -4.137266122748978,
        43.0362545577478
       ],
       [
        -4.137387869377621,
        43.03629852733277
       ],
       [
        -4.137438628805223,
        43.03639312032627
       ],
       [
        -4.137475963216001,
        43.03648959363303
       ],
       [
        -4.137575641997143,
        43.03655699438967
       ],
       [
        -4.137663916023889,
        43.03646326854967
       ],
       [
        -4.137693707189736,
        43.0363573934463
       ],
       [
        -4.137710073132646,
        43.03625339870848
       ],
       [
        -4.137621428963465,
        43.03617428232438
       ],
       [
        -4.137480004881097,
        43.0361635798182
       ],
       [
        -4.137344833346337,
        43.03612149066543
       ],
       [
        -4.137209662018464,
        43.03607940132441
       ],
       [
        -4.137087916012439,
        43.03603543149875
       ],
       [
        -4.136955135899442,
        43.03600317718361
       ],
       [
        -4.136877527513147,
        43.035912344422556
       ],
       [
        -4.136788885084608,
        43.035833227235486
       ],
       [
        -4.13672470228535,
        43.03574051407174
       ],
       [
        -4.136660519713551,
        43.03564780085356
       ],
       [
        -4.136593946652687,
        43.03554525218186
       ],
       [
        -4.136505305248708,
        43.03546613469236
       ],
       [
        -4.136363883166648,
        43.035455430560106
       ],
       [
        -4.136220070499868,
        43.035434890817235
       ],
       [
        -4.136087292324412,
        43.03540263528973
       ],
       [
        -4.135987617483366,
        43.0353352328867
       ],
       [
        -4.135936861605503,
        43.0352406389789
       ],
       [
        -4.135953230641602,
        43.03513664434001
       ],
       [
        -4.135942749808913,
        43.035036409976044
       ],
       [
        -4.135865144534594,
        43.03494557627483
       ],
       [
        -4.135765470815675,
        43.03487817359474
       ],
       [
        -4.135714715811684,
        43.034783579514325
       ],
       [
        -4.135731085240956,
        43.03467958486076
       ],
       [
        -4.135707180168358,
        43.03458123052754
       ],
       [
        -4.135643000785525,
        43.03448851648194
       ],
       [
        -4.135592246417458,
        43.03439392229114
       ],
       [
        -4.135568341770842,
        43.03429556788953
       ],
       [
        -4.13553101248599,
        43.03419909355465
       ],
       [
        -4.13549368334948,
        43.034102619194
       ],
       [
        -4.135405045952051,
        43.03402350052906
       ],
       [
        -4.135305374511078,
        43.033956097277816
       ],
       [
        -4.135205703315376,
        43.033888693917405
       ],
       [
        -4.135101251667744,
        43.03380161952956
       ],
       [
        -4.134988156349783,
        43.03373609595326
       ],
       [
        -4.134910554617998,
        43.033645261318775
       ],
       [
        -4.134821918815463,
        43.03356614206627
       ],
       [
        -4.134728863439332,
        43.033640194728626
       ],
       [
        -4.134739341570585,
        43.03374042941239
       ],
       [
        -4.134779059429529,
        43.03384673959427
       ],
       [
        -4.134802962447071,
        43.03394509426626
       ],
       [
        -4.134929482705649,
        43.034008738030735
       ],
       [
        -4.135053612898752,
        43.03406254616705
       ],
       [
        -4.135199812034127,
        43.03409292316017
       ],
       [
        -4.135332586599936,
        43.034125179993175
       ],
       [
        -4.13542122407183,
        43.034204298712865
       ],
       [
        -4.135332949380651,
        43.03429802278815
       ],
       [
        -4.13520017441001,
        43.03426576597195
       ],
       [
        -4.135070707439298,
        43.03430423718638
       ],
       [
        -4.135040912043588,
        43.03441011181867
       ],
       [
        -4.135091665531157,
        43.03450470631063
       ],
       [
        -4.135213406582426,
        43.03454867874023
       ],
       [
        -4.135335147827915,
        43.03459265101597
       ],
       [
        -4.135385901999456,
        43.034687245326054
       ],
       [
        -4.135261215130624,
        43.03474538767817
       ],
       [
        -4.13518636441643,
        43.03483723155912
       ],
       [
        -4.135140753759833,
        43.03493515076548
       ],
       [
        -4.13512438329536,
        43.03503914533148
       ],
       [
        -4.135065347469198,
        43.035138944526004
       ],
       [
        -4.134974680644477,
        43.03522283281913
       ],
       [
        -4.13491325401689,
        43.03531279647282
       ],
       [
        -4.134910308187171,
        43.03541491097536
       ],
       [
        -4.134907362375746,
        43.03551702546868
       ],
       [
        -4.134958116885052,
        43.03561161991156
       ],
       [
        -4.13499544648876,
        43.035708094336215
       ],
       [
        -4.135032776240799,
        43.03580456873509
       ],
       [
        -4.135043255868269,
        43.03590480316474
       ],
       [
        -4.135067160717787,
        43.03600315755391
       ],
       [
        -4.135091065673811,
        43.03610151192633
       ],
       [
        -4.135088120332641,
        43.036203626353355
       ],
       [
        -4.13507174978396,
        43.0363076208043
       ],
       [
        -4.135055379207205,
        43.03641161524445
       ],
       [
        -4.135146410764666,
        43.03650056938584
       ],
       [
        -4.135259512067364,
        43.03656609246193
       ],
       [
        -4.135310268325368,
        43.036660686595305
       ],
       [
        -4.135334174133444,
        43.0367590408321
       ],
       [
        -4.135371505389005,
        43.03685551497854
       ],
       [
        -4.135381986069133,
        43.03695574925553
       ],
       [
        -4.135336374660663,
        43.0370536684006
       ],
       [
        -4.13529315373371,
        43.0371614229408
       ],
       [
        -4.135231726038834,
        43.03725138667491
       ],
       [
        -4.13515687272615,
        43.03734323041918
       ],
       [
        -4.135063812556321,
        43.037417283297806
       ],
       [
        -4.134973142746849,
        43.037501171518166
       ],
       [
        -4.134927530392113,
        43.03759909046202
       ],
       [
        -4.134897734029067,
        43.037704964791956
       ],
       [
        -4.134894788720619,
        43.03780707907715
       ],
       [
        -4.13489184343046,
        43.0379091933531
       ],
       [
        -4.134862046936783,
        43.03801506764919
       ],
       [
        -4.134818824730735,
        43.03812282193804
       ],
       [
        -4.134757395560419,
        43.038212785355164
       ],
       [
        -4.134700747394653,
        43.03832241958364
       ],
       [
        -4.134673341058915,
        43.03843812922456
       ],
       [
        -4.134670395529978,
        43.038540243447756
       ],
       [
        -4.134770074811159,
        43.03860764684279
       ],
       [
        -4.134889988428105,
        43.038529834214934
       ],
       [
        -4.134983050340026,
        43.038455781513946
       ],
       [
        -4.135137905068161,
        43.03846460730011
       ],
       [
        -4.135262045504938,
        43.038518414685484
       ],
       [
        -4.13531519466149,
        43.03862284400625
       ],
       [
        -4.135414874866693,
        43.038690246733964
       ],
       [
        -4.135551523060911,
        43.03868128115059
       ],
       [
        -4.1356809989037,
        43.0386428092022
       ],
       [
        -4.135789876509684,
        43.038576711057644
       ],
       [
        -4.135882937396528,
        43.03850265756062
       ],
       [
        -4.135944365113491,
        43.03841269352305
       ],
       [
        -4.13603742558748,
        43.038338639885716
       ],
       [
        -4.136146302305782,
        43.0382725413663
       ],
       [
        -4.136207729445397,
        43.0381825771683
       ],
       [
        -4.136183821208988,
        43.03808422332415
       ],
       [
        -4.136229431750154,
        43.037986303905136
       ],
       [
        -4.136356514901759,
        43.03793799573818
       ],
       [
        -4.136497943011967,
        43.03794869968408
       ],
       [
        -4.136586588676687,
        43.038027816894285
       ],
       [
        -4.136623923143771,
        43.03812429038391
       ],
       [
        -4.136580704073825,
        43.03823204532561
       ],
       [
        -4.136490035289275,
        43.038315934820645
       ],
       [
        -4.136417573686001,
        43.038417614767376
       ],
       [
        -4.136401205487005,
        43.03852160917535
       ],
       [
        -4.136478817205044,
        43.038612442009835
       ],
       [
        -4.136611603135201,
        43.03864469671267
       ],
       [
        -4.136766458732173,
        43.03865351997702
       ],
       [
        -4.136934740090845,
        43.03866046271334
       ],
       [
        -4.137076170101246,
        43.03867116578864
       ],
       [
        -4.137164817810461,
        43.03875028238522
       ],
       [
        -4.137202153882972,
        43.03884675555716
       ],
       [
        -4.137129692977883,
        43.038948435949614
       ],
       [
        -4.137039024012443,
        43.039032325892755
       ],
       [
        -4.136964171634954,
        43.03912417081336
       ],
       [
        -4.136902744877387,
        43.03921413539007
       ],
       [
        -4.136872951684872,
        43.0393200100692
       ],
       [
        -4.136843158416391,
        43.03942588473247
       ],
       [
        -4.136826790971598,
        43.03952987910092
       ],
       [
        -4.137117749006377,
        43.0396416836271
       ]
      ]
     ]
    ]
   },
   "properties": {
    "fuente": "EFFIS",
    "id_effis": 809746,
    "lat": 43.03741457197685,
    "lon": -4.136845712762618,
    "fecha_incendio": "2026-09-28T19:57:00+02:00",
    "novedad": "actualizada",
    "ultima_actualizacion": "2026-10-05T08:52:26.440178+02:00",
    "provincia": "Cantabria",
    "municipio": "Campoo de Enmedio",
    "area_ha": 10.0,
    "pct_natura2000": 0.0,
    "cubierta_pct": {
     "broadlea": 0.0,
     "conifer": 0.0,
     "mixed": 0.0,
     "scleroph": 0.0,
     "transit": 0.0,
     "othernatlc": 100.0,
     "agriareas": 0.0,
     "artifsurf": 0.0,
     "otherlc": 0.0
    }
   }
  },
  {
   "type": "Feature",
   "geometry": {
    "type": "MultiPolygon",
    "coordinates": [
     [
      [
       [
        -6.037860360033914,
        41.57246187096528
       ],
       [
        -6.037723290235311,
        41.57241194713597
       ],
       [
        -6.037602034231684,
        41.57236976756513
       ],
       [
        -6.037488713201311,
        41.572305668279064
       ],
       [
        -6.037362205158524,
        41.57224371236828
       ],
       [
        -6.037262071909767,
        41.57217746927839
       ],
       [
        -6.037135564400254,
        41.572115513051166
       ],
       [
        -6.037022244405717,
        41.57205141317833
       ],
       [
        -6.036882493596531,
        41.572043183699336
       ],
       [
        -6.036779565069867,
        41.572121802929935
       ],
       [
        -6.036721450360544,
        41.57221376784628
       ],
       [
        -6.036631708691303,
        41.57229024349235
       ],
       [
        -6.036507713918299,
        41.57234134174379
       ],
       [
        -6.036365336489052,
        41.57232322351041
       ],
       [
        -6.036233463318377,
        41.572344657279096
       ],
       [
        -6.036101590067005,
        41.57236609087413
       ],
       [
        -6.035980335386405,
        41.57232390926417
       ],
       [
        -6.036022637950665,
        41.57222420003288
       ],
       [
        -6.036112380265868,
        41.57214772491274
       ],
       [
        -6.036183683085179,
        41.57205361696008
       ],
       [
        -6.036170610248994,
        41.571952593019454
       ],
       [
        -6.036025607890373,
        41.571924586192786
       ],
       [
        -6.035920052520936,
        41.57199331650348
       ],
       [
        -6.035867188568186,
        41.57210505710079
       ],
       [
        -6.035824885801319,
        41.572204766283676
       ],
       [
        -6.035782582928285,
        41.572304475442955
       ],
       [
        -6.035711279291088,
        41.57239858311295
       ],
       [
        -6.035621536188669,
        41.57247505787857
       ],
       [
        -6.035534418829471,
        41.57256142063678
       ],
       [
        -6.035399861243282,
        41.57262454888085
       ],
       [
        -6.035297103620416,
        41.57254841569112
       ],
       [
        -6.035352594730953,
        41.57244656348058
       ],
       [
        -6.035394898346589,
        41.572346854492466
       ],
       [
        -6.03545301508704,
        41.57225489029645
       ],
       [
        -6.035508505769455,
        41.572153037985636
       ],
       [
        -6.035579809494117,
        41.57205893043747
       ],
       [
        -6.03566430028757,
        41.571962679546424
       ],
       [
        -6.03574879084838,
        41.5718664285827
       ],
       [
        -6.035806906750109,
        41.57177446416696
       ],
       [
        -6.035833396257987,
        41.57166701019644
       ],
       [
        -6.035833511371328,
        41.571563842835594
       ],
       [
        -6.035846813664143,
        41.57145853215238
       ],
       [
        -6.035833741693752,
        41.57135750808084
       ],
       [
        -6.035794295584225,
        41.57126077060733
       ],
       [
        -6.03567304345992,
        41.57121858848686
       ],
       [
        -6.035559726916426,
        41.571154486761294
       ],
       [
        -6.035493907287847,
        41.571062035668106
       ],
       [
        -6.035449210368517,
        41.57094552181566
       ],
       [
        -6.035436139321626,
        41.57084449761085
       ],
       [
        -6.03542044255482,
        41.57073358529478
       ],
       [
        -6.035433745638304,
        41.57062827455816
       ],
       [
        -6.035447048709925,
        41.57052296380984
       ],
       [
        -6.035489351431501,
        41.57042325463459
       ],
       [
        -6.035515841347968,
        41.57031580059997
       ],
       [
        -6.035558143879519,
        41.57021609138276
       ],
       [
        -6.035595194751671,
        41.57009660594359
       ],
       [
        -6.03563487129714,
        41.56998700858028
       ],
       [
        -6.035692986111688,
        41.56989504410928
       ],
       [
        -6.035751100779806,
        41.56980307960139
       ],
       [
        -6.035819776301802,
        41.56969908366117
       ],
       [
        -6.035875264868322,
        41.569597230976996
       ],
       [
        -6.035957126754633,
        41.56949109162816
       ],
       [
        -6.036046865788608,
        41.569414616488906
       ],
       [
        -6.0361708554572,
        41.56936351885678
       ],
       [
        -6.036310657458523,
        41.56932016579774
       ],
       [
        -6.036432020899259,
        41.56925917976117
       ],
       [
        -6.036550758253465,
        41.56918830550076
       ],
       [
        -6.036656308719339,
        41.56911957450965
       ],
       [
        -6.036775045590109,
        41.56904869998745
       ],
       [
        -6.03689640811584,
        41.56898771339714
       ],
       [
        -6.037015144499325,
        41.56891683859478
       ],
       [
        -6.037131254698153,
        41.5688360755894
       ],
       [
        -6.037231552128918,
        41.56874756787154
       ],
       [
        -6.037321288727748,
        41.568671091607364
       ],
       [
        -6.037405773205226,
        41.568574839146194
       ],
       [
        -6.037495509383803,
        41.56849836272626
       ],
       [
        -6.03763005672796,
        41.568435231746115
       ],
       [
        -6.037761921376829,
        41.56841379633514
       ],
       [
        -6.037888533897313,
        41.568372584659905
       ],
       [
        -6.037849087298262,
        41.56827584775597
       ],
       [
        -6.037759521191981,
        41.56819757307956
       ],
       [
        -6.037714823014023,
        41.56808105998661
       ],
       [
        -6.037725496486899,
        41.56796586075431
       ],
       [
        -6.037796793239791,
        41.56787175148526
       ],
       [
        -6.037836465209423,
        41.56776215317219
       ],
       [
        -6.037847138510974,
        41.56764695389864
       ],
       [
        -6.037860437769931,
        41.567541642667884
       ],
       [
        -6.037902735480733,
        41.56744193235936
       ],
       [
        -6.037960845277225,
        41.567349966513326
       ],
       [
        -6.038032141140096,
        41.56725585705186
       ],
       [
        -6.0381692551953,
        41.567254197270564
       ],
       [
        -6.038258820244986,
        41.56733247168125
       ],
       [
        -6.038351011574177,
        41.567420634038044
       ],
       [
        -6.038474995773448,
        41.5673695336115
       ],
       [
        -6.03853310468386,
        41.56727756745381
       ],
       [
        -6.038533216628628,
        41.56717439978071
       ],
       [
        -6.038662452346094,
        41.567143075205145
       ],
       [
        -6.038794258257274,
        41.567173222328016
       ],
       [
        -6.038860077719698,
        41.5672656715618
       ],
       [
        -6.038912711199032,
        41.56736026443336
       ],
       [
        -6.038965344869244,
        41.56745485726182
       ],
       [
        -6.039031164976477,
        41.56754730633468
       ],
       [
        -6.039110171573078,
        41.56763761162431
       ],
       [
        -6.039231418768846,
        41.56767978983941
       ],
       [
        -6.039321151668157,
        41.56760331181276
       ],
       [
        -6.039408258158408,
        41.56751694569985
       ],
       [
        -6.039511176856856,
        41.56743832373989
       ],
       [
        -6.039600909125489,
        41.56736184546414
       ],
       [
        -6.039698574891289,
        41.56726344730849
       ],
       [
        -6.039769868086884,
        41.56716933667908
       ],
       [
        -6.039812162600476,
        41.567069625630985
       ],
       [
        -6.039825458564702,
        41.56696431419525
       ],
       [
        -6.039851940597081,
        41.566856858930215
       ],
       [
        -6.039878422572253,
        41.56674940364937
       ],
       [
        -6.039918090523194,
        41.56663980452749
       ],
       [
        -6.040044698318426,
        41.566598590186814
       ],
       [
        -6.040158010542231,
        41.56666268719056
       ],
       [
        -6.040184273270132,
        41.56676156710345
       ],
       [
        -6.04027384015582,
        41.566839839658044
       ],
       [
        -6.040400448125485,
        41.566798624862855
       ],
       [
        -6.040458553836264,
        41.566706657636324
       ],
       [
        -6.04054565774741,
        41.566620290539234
       ],
       [
        -6.040664386100866,
        41.566549411477034
       ],
       [
        -6.040796300178594,
        41.56647638833553
       ],
       [
        -6.040920280757677,
        41.566425284922175
       ],
       [
        -6.04103900836934,
        41.566354405422935
       ],
       [
        -6.041128737482302,
        41.5662779257933
       ],
       [
        -6.041250091025969,
        41.566216934013
       ],
       [
        -6.041379323635585,
        41.56618560596416
       ],
       [
        -6.04151123621673,
        41.56611258189586
       ],
       [
        -6.041635215573906,
        41.566061477610816
       ],
       [
        -6.041764447703335,
        41.566030149070464
       ],
       [
        -6.041896306214847,
        41.5660087083082
       ],
       [
        -6.042017552093483,
        41.56605088321337
       ],
       [
        -6.042117679524039,
        41.56611712206435
       ],
       [
        -6.042209874446608,
        41.566205280792204
       ],
       [
        -6.042302069662293,
        41.56629343941644
       ],
       [
        -6.042394265171105,
        41.56638159793707
       ],
       [
        -6.042473275045691,
        41.56647190051881
       ],
       [
        -6.042573403764869,
        41.566538138836485
       ],
       [
        -6.042676159391227,
        41.566614264951895
       ],
       [
        -6.042784168688145,
        41.566710166759336
       ],
       [
        -6.042863179666377,
        41.56680046896272
       ],
       [
        -6.042942190905278,
        41.566890771086136
       ],
       [
        -6.0430238291609,
        41.56699096102551
       ],
       [
        -6.043113400200088,
        41.56706923084205
       ],
       [
        -6.043202971490759,
        41.56714750056279
       ],
       [
        -6.043268797720712,
        41.5672399466223
       ],
       [
        -6.04334781026018,
        41.56733024833856
       ],
       [
        -6.043437382304296,
        41.56740851780119
       ],
       [
        -6.0435269545999,
        41.56748678716805
       ],
       [
        -6.043619154042302,
        41.56757494430895
       ],
       [
        -6.043700794551416,
        41.567675133545684
       ],
       [
        -6.04379036764842,
        41.56775340262604
       ],
       [
        -6.0439036863797,
        41.567817495034454
       ],
       [
        -6.04400381918791,
        41.567883731675124
       ],
       [
        -6.044103952231165,
        41.56794996820193
       ],
       [
        -6.04419352632878,
        41.56802823686143
       ],
       [
        -6.044283100677895,
        41.568106505425135
       ],
       [
        -6.044335743635003,
        41.568201094998784
       ],
       [
        -6.044293455918975,
        41.56830080763948
       ],
       [
        -6.044172101454223,
        41.56836180307337
       ],
       [
        -6.044066560088822,
        41.56843054182357
       ],
       [
        -6.043945205182228,
        41.5684915369869
       ],
       [
        -6.043823850054332,
        41.56855253200548
       ],
       [
        -6.04370512169073,
        41.56862341473398
       ],
       [
        -6.043583766104957,
        41.56868440946623
       ],
       [
        -6.043462410297887,
        41.5687454040537
       ],
       [
        -6.043341054269521,
        41.56880639849643
       ],
       [
        -6.043238138281843,
        41.56888502425159
       ],
       [
        -6.043148408483495,
        41.56896150563643
       ],
       [
        -6.043042865128949,
        41.56903024332456
       ],
       [
        -6.042924135096498,
        41.56910112514161
       ],
       [
        -6.042805404813324,
        41.56917200682011
       ],
       [
        -6.042684047414266,
        41.569233000479706
       ],
       [
        -6.042562689793888,
        41.569293993994535
       ],
       [
        -6.042414958892907,
        41.56935927571114
       ],
       [
        -6.042285720358691,
        41.56939060523138
       ],
       [
        -6.042153854913128,
        41.569412046690424
       ],
       [
        -6.04201936261582,
        41.56942360007623
       ],
       [
        -6.041874310465568,
        41.56944718528521
       ],
       [
        -6.041760990659998,
        41.56938309068341
       ],
       [
        -6.041634484567326,
        41.56932114000751
       ],
       [
        -6.041499992408268,
        41.569332692682224
       ],
       [
        -6.04137338018985,
        41.56937390893948
       ],
       [
        -6.041346900531995,
        41.56948136427748
       ],
       [
        -6.041399540451545,
        41.56957595540219
       ],
       [
        -6.041293994317821,
        41.56964469128018
       ],
       [
        -6.041188447968574,
        41.56971342704859
       ],
       [
        -6.041098714705281,
        41.569789906634554
       ],
       [
        -6.040993167930033,
        41.56985864220003
       ],
       [
        -6.040903434255164,
        41.56993512161276
       ],
       [
        -6.040782073732982,
        41.569996113002226
       ],
       [
        -6.040676526311172,
        41.57006484823894
       ],
       [
        -6.04058679200486,
        41.5701413273716
       ],
       [
        -6.040483870735366,
        41.57021995034545
       ],
       [
        -6.040352003070319,
        41.57024138946059
       ],
       [
        -6.040204322008958,
        41.57025508433821
       ],
       [
        -6.040067201164281,
        41.57025674717911
       ],
       [
        -6.039937959803241,
        41.57028807370087
       ],
       [
        -6.039832411046947,
        41.57035680806395
       ],
       [
        -6.039697916456253,
        41.57036835835942
       ],
       [
        -6.039563421825741,
        41.57037990847304
       ],
       [
        -6.039565939058448,
        41.570492963710464
       ],
       [
        -6.039644951062431,
        41.57058326813473
       ],
       [
        -6.039697589570098,
        41.57067786011937
       ],
       [
        -6.039713294066829,
        41.57078877148909
       ],
       [
        -6.039713185229578,
        41.57089193870763
       ],
       [
        -6.03973945031255,
        41.570990818267326
       ],
       [
        -6.039778902472965,
        41.571087553976405
       ],
       [
        -6.039691792357171,
        41.57117392025738
       ],
       [
        -6.03955729599006,
        41.57118547041517
       ],
       [
        -6.03942279958313,
        41.571197020391125
       ],
       [
        -6.039290929593518,
        41.57121845815209
       ],
       [
        -6.039219632139846,
        41.57131256823174
       ],
       [
        -6.03916152154314,
        41.57140453450795
       ],
       [
        -6.039119224315642,
        41.57150424497144
       ],
       [
        -6.039092740524261,
        41.57161169963803
       ],
       [
        -6.039050443106772,
        41.57171141005955
       ],
       [
        -6.038994958448607,
        41.57181326418973
       ],
       [
        -6.038905219985889,
        41.571889741816854
       ],
       [
        -6.038815481322049,
        41.57196621936411
       ],
       [
        -6.038694115233846,
        41.57202720826907
       ],
       [
        -6.038588562534509,
        41.57209594133081
       ],
       [
        -6.038467196004394,
        41.57215692996517
       ],
       [
        -6.038335268391035,
        41.57222995008728
       ],
       [
        -6.03820602230994,
        41.572261274451655
       ],
       [
        -6.038100468740383,
        41.57233000700751
       ],
       [
        -6.037860360033914,
        41.57246187096528
       ]
      ]
     ]
    ]
   },
   "properties": {
    "fuente": "EFFIS",
    "id_effis": 809733,
    "lat": 41.56921374972827,
    "lon": -6.039447540085954,
    "fecha_incendio": "2026-09-21T09:13:00+02:00",
    "novedad": "actualizada",
    "ultima_actualizacion": "2026-10-05T08:46:51.268457+02:00",
    "provincia": "Zamora",
    "municipio": "Muelas del Pan",
    "area_ha": 26.0,
    "pct_natura2000": 0.0,
    "cubierta_pct": {
     "broadlea": 0.0,
     "conifer": 0.0,
     "mixed": 0.0,
     "scleroph": 0.0,
     "transit": 0.0,
     "othernatlc": 96.0,
     "agriareas": 4.0,
     "artifsurf": 0.0,
     "otherlc": 0.0
    }
   }
  },
  {
   "type": "Feature",
   "geometry": {
    "type": "MultiPolygon",
    "coordinates": [
     [
      [
       [
        -5.204202648381894,
        42.56118832789196
       ],
       [
        -5.203860067029622,
        42.56086003460297
       ],
       [
        -5.203557622893543,
        42.56048761381586
       ],
       [
        -5.203184377108344,
        42.56024003894715
       ],
       [
        -5.202940994481881,
        42.55989668008877
       ],
       [
        -5.202895987070693,
        42.559523197779754
       ],
       [
        -5.202900573315824,
        42.559142184604184
       ],
       [
        -5.202994884802037,
        42.55870951465031
       ],
       [
        -5.202999471258786,
        42.55832850119716
       ],
       [
        -5.203211884569376,
        42.5579539596675
       ],
       [
        -5.203674838098694,
        42.55814987819074
       ],
       [
        -5.203868624111102,
        42.55850076711112
       ],
       [
        -5.203864043375637,
        42.558881780365326
       ],
       [
        -5.204008241000741,
        42.55924019982989
       ],
       [
        -5.204471208045657,
        42.55943611402823
       ],
       [
        -5.204976596337861,
        42.55939739290011
       ],
       [
        -5.205491445668562,
        42.559395264117754
       ],
       [
        -5.20573484074397,
        42.55973861653524
       ],
       [
        -5.205730273192212,
        42.560119629049325
       ],
       [
        -5.205874486445535,
        42.560478044950266
       ],
       [
        -5.206018701816035,
        42.560836460465936
       ],
       [
        -5.205855892746947,
        42.56120347450282
       ],
       [
        -5.205378875668555,
        42.56135198492116
       ],
       [
        -5.204202648381894,
        42.56118832789196
       ]
      ]
     ]
    ]
   },
   "properties": {
    "fuente": "EFFIS",
    "id_effis": 809731,
    "lat": 42.559950902416205,
    "lon": -5.204332079217306,
    "fecha_incendio": "2026-09-24T20:36:00+02:00",
    "novedad": "actualizada",
    "ultima_actualizacion": "2026-10-05T08:45:24.894506+02:00",
    "provincia": "León",
    "municipio": "Valdepolo",
    "area_ha": 5.0,
    "pct_natura2000": 0.0,
    "cubierta_pct": {
     "broadlea": 0.0,
     "conifer": 0.0,
     "mixed": 0.0,
     "scleroph": 100.0,
     "transit": 0.0,
     "othernatlc": 0.0,
     "agriareas": 0.0,
     "artifsurf": 0.0,
     "otherlc": 0.0
    }
   }
  },
  {
   "type": "Feature",
   "geometry": {
    "type": "MultiPolygon",
    "coordinates": [
     [
      [
       [
        -5.216368838242333,
        43.2102585457662
       ],
       [
        -5.216548943671643,
        43.21024482115891
       ],
       [
        -5.216725649445596,
        43.21021820499183
       ],
       [
        -5.216909154330188,
        43.210217370988275
       ],
       [
        -5.217096058897223,
        43.21022942787776
       ],
       [
        -5.217279563847502,
        43.210228593200384
       ],
       [
        -5.217465796789807,
        43.2103077672145
       ],
       [
        -5.217408041682296,
        43.210437096890445
       ],
       [
        -5.217541263636284,
        43.21052425596745
       ],
       [
        -5.217674486018324,
        43.21061141484967
       ],
       [
        -5.217793438026524,
        43.21071412655015
       ],
       [
        -5.217880448982944,
        43.21083505295251
       ],
       [
        -5.217985131087027,
        43.210953317401554
       ],
       [
        -5.218104084456797,
        43.21105602866624
       ],
       [
        -5.21822303828214,
        43.211158739768436
       ],
       [
        -5.218292380138004,
        43.21128232761713
       ],
       [
        -5.218379393193296,
        43.21140325346978
       ],
       [
        -5.218448735763112,
        43.21152684116473
       ],
       [
        -5.218500407746091,
        43.21165309074064
       ],
       [
        -5.218499067105201,
        43.21178732613419
       ],
       [
        -5.218315557176989,
        43.21178816317617
       ],
       [
        -5.218367229197168,
        43.21191441279218
       ],
       [
        -5.218454243574407,
        43.21203533847759
       ],
       [
        -5.218541258357906,
        43.21215626406377
       ],
       [
        -5.218462433188419,
        43.21227536492835
       ],
       [
        -5.218295922410073,
        43.21234065770073
       ],
       [
        -5.218129411287851,
        43.21240595020623
       ],
       [
        -5.217962899821783,
        43.212471242444906
       ],
       [
        -5.217799788060639,
        43.212549425583354
       ],
       [
        -5.217742032325934,
        43.21267875523414
       ],
       [
        -5.217575519739595,
        43.212744046855455
       ],
       [
        -5.217398806854081,
        43.21277066467205
       ],
       [
        -5.217208494060595,
        43.21274571743518
       ],
       [
        -5.217046724240249,
        43.21268966403849
       ],
       [
        -5.216870011323548,
        43.212716280933684
       ],
       [
        -5.216686498622903,
        43.21271711510613
       ],
       [
        -5.21663482926288,
        43.212590864631814
       ],
       [
        -5.216776871522195,
        43.21250245377627
       ],
       [
        -5.216689859823161,
        43.2123815266114
       ],
       [
        -5.216513820155341,
        43.21234102515151
       ],
       [
        -5.216326908955401,
        43.2123289674121
       ],
       [
        -5.216146797173917,
        43.21234269179723
       ],
       [
        -5.216067967052028,
        43.21246179093139
       ],
       [
        -5.216119635013415,
        43.212588041751616
       ],
       [
        -5.216171303245861,
        43.21271429252414
       ],
       [
        -5.216240643107295,
        43.212837881684614
       ],
       [
        -5.216405812295432,
        43.21290682759413
       ],
       [
        -5.216582525939395,
        43.212880211491274
       ],
       [
        -5.216744295833634,
        43.21293626561918
       ],
       [
        -5.216778294461837,
        43.213065177643756
       ],
       [
        -5.21672053619215,
        43.21319450673565
       ],
       [
        -5.21651935055513,
        43.2131980023008
       ],
       [
        -5.216335836375977,
        43.213198835882615
       ],
       [
        -5.2161312509998,
        43.21318943945748
       ],
       [
        -5.215954536284646,
        43.21321605479862
       ],
       [
        -5.215785967071964,
        43.21313421694102
       ],
       [
        -5.215698956299861,
        43.21301328895735
       ],
       [
        -5.215565730916913,
        43.21292612773654
       ],
       [
        -5.215531735111577,
        43.21279721520277
       ],
       [
        -5.215550753501715,
        43.21266031831679
       ],
       [
        -5.215605114433745,
        43.212518098512355
       ],
       [
        -5.215553447682632,
        43.21239184738483
       ],
       [
        -5.215448767548811,
        43.21227358049709
       ],
       [
        -5.215297873227524,
        43.212189080224
       ],
       [
        -5.215246207559342,
        43.21206282887243
       ],
       [
        -5.215325038920698,
        43.21194373030167
       ],
       [
        -5.215308715682927,
        43.21181215614309
       ],
       [
        -5.215292447907041,
        43.21179377660376
       ],
       [
        -5.215410102625571,
        43.211682168470645
       ],
       [
        -5.215411923130544,
        43.211500848225015
       ],
       [
        -5.215668983483062,
        43.21153455071328
       ],
       [
        -5.215670803261617,
        43.211353230463736
       ],
       [
        -5.21562488481366,
        43.21117910015712
       ],
       [
        -5.215531228540225,
        43.21101215971911
       ],
       [
        -5.215351280133174,
        43.21089442495074
       ],
       [
        -5.215118713282166,
        43.210840913092866
       ],
       [
        -5.215152990566045,
        43.21080355875618
       ],
       [
        -5.215228421561159,
        43.210671568873714
       ],
       [
        -5.215370461685273,
        43.21058315992088
       ],
       [
        -5.215533571458955,
        43.21050498063541
       ],
       [
        -5.21560026506352,
        43.21045624939624
       ],
       [
        -5.215632165703999,
        43.21045381873781
       ],
       [
        -5.21587544608413,
        43.210435281738135
       ],
       [
        -5.216104950731911,
        43.21036450509342
       ],
       [
        -5.216317918907929,
        43.21026242592292
       ],
       [
        -5.216368838242333,
        43.2102585457662
       ]
      ]
     ]
    ]
   },
   "properties": {
    "fuente": "EFFIS",
    "id_effis": 809725,
    "lat": 43.21161512818208,
    "lon": -5.216780644989278,
    "fecha_incendio": "2026-09-24T13:36:00+02:00",
    "novedad": "actualizada",
    "ultima_actualizacion": "2026-10-05T08:41:13.140126+02:00",
    "provincia": "Asturias",
    "municipio": "Ponga",
    "area_ha": 6.0,
    "pct_natura2000": 100.0,
    "cubierta_pct": {
     "broadlea": 0.0,
     "conifer": 0.0,
     "mixed": 0.0,
     "scleroph": 0.0,
     "transit": 0.0,
     "othernatlc": 100.0,
     "agriareas": 0.0,
     "artifsurf": 0.0,
     "otherlc": 0.0
    }
   }
  },
  {
   "type": "Feature",
   "geometry": {
    "type": "MultiPolygon",
    "coordinates": [
     [
      [
       [
        -5.253770927924512,
        43.24154403335834
       ],
       [
        -5.253669504601683,
        43.24146988028629
       ],
       [
        -5.253570610886552,
        43.24140528547933
       ],
       [
        -5.253448027080309,
        43.24135420631202
       ],
       [
        -5.253349133838587,
        43.241289611267995
       ],
       [
        -5.253260821362715,
        43.24121347907093
       ],
       [
        -5.253183089669919,
        43.241125809745874
       ],
       [
        -5.253270263047031,
        43.24104307179075
       ],
       [
        -5.253398831291718,
        43.24101372676136
       ],
       [
        -5.253470365229254,
        43.24092340892096
       ],
       [
        -5.253431962792747,
        43.240829803713346
       ],
       [
        -5.253406670190879,
        43.24073421980862
       ],
       [
        -5.253407597026605,
        43.24063467854762
       ],
       [
        -5.253395414246785,
        43.240537115947824
       ],
       [
        -5.253422560395711,
        43.24043361732783
       ],
       [
        -5.253449706480739,
        43.240330118693855
       ],
       [
        -5.253424414206812,
        43.24023453474479
       ],
       [
        -5.253425341151603,
        43.24013499344001
       ],
       [
        -5.253410629384881,
        43.24002787239799
       ],
       [
        -5.253411556410674,
        43.239928331074196
       ],
       [
        -5.253425592949425,
        43.23982681107299
       ],
       [
        -5.253400301074908,
        43.23973122706659
       ],
       [
        -5.253348790416622,
        43.2396396003636
       ],
       [
        -5.253260480801527,
        43.23956346797609
       ],
       [
        -5.253148481720917,
        43.239500851177304
       ],
       [
        -5.253206905189467,
        43.23941251207628
       ],
       [
        -5.253262799376524,
        43.23931461453022
       ],
       [
        -5.253305584050035,
        43.23921869560208
       ],
       [
        -5.253280292807654,
        43.23912311149911
       ],
       [
        -5.253215673721576,
        43.23903346330154
       ],
       [
        -5.253255929244225,
        43.238927985959286
       ],
       [
        -5.25338449303437,
        43.238898641035696
       ],
       [
        -5.253489830892502,
        43.23883304099709
       ],
       [
        -5.253595168533178,
        43.2387674408521
       ],
       [
        -5.253723731837787,
        43.238738095508815
       ],
       [
        -5.253782153894445,
        43.23864975606491
       ],
       [
        -5.25371753467077,
        43.23856010815768
       ],
       [
        -5.253731570764154,
        43.238458588015405
       ],
       [
        -5.25386219918313,
        43.23848857163366
       ],
       [
        -5.253916238518962,
        43.238589756573816
       ],
       [
        -5.254046867349512,
        43.238619739937825
       ],
       [
        -5.254191068573761,
        43.23859797366164
       ],
       [
        -5.254279377768651,
        43.238674105309705
       ],
       [
        -5.25433088879744,
        43.23876573159922
       ],
       [
        -5.254329963010183,
        43.23886527298676
       ],
       [
        -5.254208987467003,
        43.2389232942536
       ],
       [
        -5.25410365022972,
        43.23898889501667
       ],
       [
        -5.253972557335755,
        43.239008682456465
       ],
       [
        -5.253921046597885,
        43.23891705599358
       ],
       [
        -5.253798468048571,
        43.23886597698523
       ],
       [
        -5.253693130466197,
        43.238931577334746
       ],
       [
        -5.253605960294062,
        43.23901431569626
       ],
       [
        -5.253578814690195,
        43.23911781446746
       ],
       [
        -5.25353603050321,
        43.23921373350385
       ],
       [
        -5.253561322231262,
        43.239309317520885
       ],
       [
        -5.253660211995006,
        43.239373912568695
       ],
       [
        -5.253737941641665,
        43.23946158171491
       ],
       [
        -5.253815671547018,
        43.239549250787235
       ],
       [
        -5.253854073410285,
        43.239642855963986
       ],
       [
        -5.253879365968486,
        43.239738439842675
       ],
       [
        -5.253878439684869,
        43.23983798116308
       ],
       [
        -5.253966750608177,
        43.23991411295403
       ],
       [
        -5.254005153056378,
        43.240007718027734
       ],
       [
        -5.253964898462049,
        43.24011319554711
       ],
       [
        -5.253862088345132,
        43.24018835444324
       ],
       [
        -5.25379308498459,
        43.24028823095848
       ],
       [
        -5.253734661737374,
        43.240376570328415
       ],
       [
        -5.253733735385627,
        43.24047611159821
       ],
       [
        -5.253732809060036,
        43.240575652859185
       ],
       [
        -5.253758102085363,
        43.24067123668158
       ],
       [
        -5.253822724262371,
        43.2407608843184
       ],
       [
        -5.253900456360073,
        43.24084855316561
       ],
       [
        -5.253951969288013,
        43.24094017942801
       ],
       [
        -5.253977262934605,
        43.241035763148226
       ],
       [
        -5.253989446935405,
        43.24113332560086
       ],
       [
        -5.254027850557651,
        43.241226930537316
       ],
       [
        -5.254152964038113,
        43.24128756736315
       ],
       [
        -5.25427554835542,
        43.24133864566366
       ],
       [
        -5.254353282066692,
        43.24142631407223
       ],
       [
        -5.254294858809186,
        43.24151465368448
       ],
       [
        -5.254161231023221,
        43.24152488313959
       ],
       [
        -5.254030595386821,
        43.24149490020423
       ],
       [
        -5.253896967617827,
        43.24150512931009
       ],
       [
        -5.253770927924512,
        43.24154403335834
       ]
      ]
     ]
    ]
   },
   "properties": {
    "fuente": "EFFIS",
    "id_effis": 809723,
    "lat": 43.240099963120024,
    "lon": -5.253685988732612,
    "fecha_incendio": "2026-09-24T20:36:00+02:00",
    "novedad": "actualizada",
    "ultima_actualizacion": "2026-10-05T08:40:10.221567+02:00",
    "provincia": "Asturias",
    "municipio": "Ponga",
    "area_ha": 1.0,
    "pct_natura2000": 100.0,
    "cubierta_pct": {
     "broadlea": 0.0,
     "conifer": 0.0,
     "mixed": 0.0,
     "scleroph": 0.0,
     "transit": 0.0,
     "othernatlc": 99.99999999,
     "agriareas": 0.0,
     "artifsurf": 0.0,
     "otherlc": 0.0
    }
   }
  },
  {
   "type": "Feature",
   "geometry": {
    "type": "MultiPolygon",
    "coordinates": [
     [
      [
       [
        -5.254569384126301,
        43.23873967165561
       ],
       [
        -5.254544091146291,
        43.23864408788516
       ],
       [
        -5.25444520173333,
        43.238579493651926
       ],
       [
        -5.254356892479092,
        43.23850336214457
       ],
       [
        -5.254268583475771,
        43.23842723054771
       ],
       [
        -5.254389558023936,
        43.23836920921712
       ],
       [
        -5.254523178679719,
        43.23835897965505
       ],
       [
        -5.254524104279685,
        43.23825943823076
       ],
       [
        -5.254485702622061,
        43.238165833197066
       ],
       [
        -5.254528484806457,
        43.23806991373984
       ],
       [
        -5.254571266878859,
        43.23797399426054
       ],
       [
        -5.25469982808731,
        43.23794464772343
       ],
       [
        -5.254838506335792,
        43.23795353453098
       ],
       [
        -5.254928202804053,
        43.23788035350393
       ],
       [
        -5.254970984145993,
        43.237784433863574
       ],
       [
        -5.254958800166779,
        43.237686871264046
       ],
       [
        -5.255045966838319,
        43.23760413175685
       ],
       [
        -5.255187173674059,
        43.23762257648421
       ],
       [
        -5.255238684938022,
        43.23771420238242
       ],
       [
        -5.255195904059947,
        43.23781012212703
       ],
       [
        -5.255153123069903,
        43.237906041849584
       ],
       [
        -5.255068485501406,
        43.237998339804555
       ],
       [
        -5.255025704221395,
        43.23809425946761
       ],
       [
        -5.254967284411598,
        43.23818259959948
       ],
       [
        -5.25506617368163,
        43.23824719334781
       ],
       [
        -5.255104576354875,
        43.23834079812368
       ],
       [
        -5.255061794980143,
        43.238436717778335
       ],
       [
        -5.255003374971496,
        43.238525057912724
       ],
       [
        -5.255028668622323,
        43.23862064155683
       ],
       [
        -5.255053962383096,
        43.238716225183836
       ],
       [
        -5.255011180758815,
        43.23881214479569
       ],
       [
        -5.25492148316464,
        43.23888532587594
       ],
       [
        -5.254785332015042,
        43.23888599762671
       ],
       [
        -5.25472071089782,
        43.23879635043568
       ],
       [
        -5.254789711392457,
        43.23869647325615
       ],
       [
        -5.254569384126301,
        43.23873967165561
       ]
      ]
     ]
    ]
   },
   "properties": {
    "fuente": "EFFIS",
    "id_effis": 809724,
    "lat": 43.23829825220957,
    "lon": -5.254809858460447,
    "fecha_incendio": "2026-09-24T20:36:00+02:00",
    "novedad": "actualizada",
    "ultima_actualizacion": "2026-10-05T08:40:10.221567+02:00",
    "provincia": "Asturias",
    "municipio": "Ponga",
    "area_ha": 1.0,
    "pct_natura2000": 100.0,
    "cubierta_pct": {
     "broadlea": null,
     "conifer": null,
     "mixed": null,
     "scleroph": null,
     "transit": null,
     "othernatlc": null,
     "agriareas": null,
     "artifsurf": null,
     "otherlc": null
    }
   }
  },
  {
   "type": "Feature",
   "geometry": {
    "type": "MultiPolygon",
    "coordinates": [
     [
      [
       [
        -4.817556336475469,
        43.309811791543616
       ],
       [
        -4.817523984335864,
        43.309728658902976
       ],
       [
        -4.817481066145244,
        43.309647072923575
       ],
       [
        -4.817461260913393,
        43.30957009168808
       ],
       [
        -4.817430889613295,
        43.30949465711655
       ],
       [
        -4.817453349028482,
        43.30941148916149
       ],
       [
        -4.817488355017039,
        43.30933447264393
       ],
       [
        -4.817523360931037,
        43.309257456111744
       ],
       [
        -4.817556386260052,
        43.30917274144001
       ],
       [
        -4.817601958088527,
        43.30909417818907
       ],
       [
        -4.817634983252481,
        43.30900946348555
       ],
       [
        -4.817668008341905,
        43.30892474876772
       ],
       [
        -4.817713579885645,
        43.30884618545948
       ],
       [
        -4.817736038807792,
        43.30876301741316
       ],
       [
        -4.817792176159538,
        43.30868290736177
       ],
       [
        -4.817850293894713,
        43.308610495400664
       ],
       [
        -4.817933504469198,
        43.30855038620643
       ],
       [
        -4.818006148937762,
        43.3084918236759
       ],
       [
        -4.818053700328793,
        43.30842095832811
       ],
       [
        -4.818065592788651,
        43.308339336929976
       ],
       [
        -4.818134275829774,
        43.30826537806861
       ],
       [
        -4.818219466236643,
        43.308212966762895
       ],
       [
        -4.818292110066812,
        43.30815440403069
       ],
       [
        -4.818364753763977,
        43.308095841247635
       ],
       [
        -4.818472393025775,
        43.308088071653046
       ],
       [
        -4.818582012850133,
        43.30808800005424
       ],
       [
        -4.818654656196292,
        43.30802943707084
       ],
       [
        -4.818702206534963,
        43.307958571424
       ],
       [
        -4.818803903700003,
        43.30792770716265
       ],
       [
        -4.818903620148376,
        43.30788914469814
       ],
       [
        -4.819017863549317,
        43.30786443150911
       ],
       [
        -4.819123521695102,
        43.30784896313523
       ],
       [
        -4.819219932115098,
        43.307882776935806
       ],
       [
        -4.819260870393063,
        43.3079566641778
       ],
       [
        -4.819331525628637,
        43.30801821271203
       ],
       [
        -4.819443126065104,
        43.30802583827638
       ],
       [
        -4.8195507651157,
        43.30801806754265
       ],
       [
        -4.819656423420211,
        43.308002598610486
       ],
       [
        -4.819764062411935,
        43.30799482765188
       ],
       [
        -4.819862454241077,
        43.308036338899356
       ],
       [
        -4.819962170218449,
        43.30799777541106
       ],
       [
        -4.820030850597814,
        43.307923815324166
       ],
       [
        -4.820078399237095,
        43.30785294907671
       ],
       [
        -4.820201227142048,
        43.307818989550455
       ],
       [
        -4.820316788959336,
        43.30784201030654
       ],
       [
        -4.820396030165375,
        43.307894313038
       ],
       [
        -4.820477252353443,
        43.30795431376668
       ],
       [
        -4.820518192312522,
        43.30802820044627
       ],
       [
        -4.820516869081652,
        43.308108275062956
       ],
       [
        -4.820494414179332,
        43.30819144364866
       ],
       [
        -4.820482525091784,
        43.30827306524034
       ],
       [
        -4.820587522104243,
        43.30829763263256
       ],
       [
        -4.820693180683456,
        43.30828216261505
       ],
       [
        -4.820723555351504,
        43.30835759618185
       ],
       [
        -4.820711666587788,
        43.30843921777977
       ],
       [
        -4.820699777810097,
        43.30852083937137
       ],
       [
        -4.820709020841512,
        43.30859936693859
       ],
       [
        -4.820611285244786,
        43.30864562921532
       ],
       [
        -4.820505626007463,
        43.30866109916266
       ],
       [
        -4.820407890164917,
        43.30870736124838
       ],
       [
        -4.82031015417871,
        43.30875362324245
       ],
       [
        -4.820211760715876,
        43.30871211250244
       ],
       [
        -4.820106763107717,
        43.30868754474708
       ],
       [
        -4.819999122882407,
        43.30869531610221
       ],
       [
        -4.819926480117888,
        43.308753880000225
       ],
       [
        -4.819853837220375,
        43.30881244384742
       ],
       [
        -4.819744215967551,
        43.308812516864286
       ],
       [
        -4.819647803594256,
        43.308778703646176
       ],
       [
        -4.819562613666562,
        43.30883111611399
       ],
       [
        -4.819504497828395,
        43.30890352898705
       ],
       [
        -4.81948204138195,
        43.30898669734153
       ],
       [
        -4.819501848969004,
        43.30906367814777
       ],
       [
        -4.819500524561535,
        43.30914375271971
       ],
       [
        -4.819499200168894,
        43.30922382728602
       ],
       [
        -4.819392877416472,
        43.309279333386606
       ],
       [
        -4.819295139797416,
        43.30932559442971
       ],
       [
        -4.819199382774077,
        43.30937955346593
       ],
       [
        -4.819103625587013,
        43.30943351241426
       ],
       [
        -4.819018434339414,
        43.309485924436686
       ],
       [
        -4.818935223664306,
        43.30954603447922
       ],
       [
        -4.818852012831983,
        43.30960614445526
       ],
       [
        -4.818768801842448,
        43.3096662543648
       ],
       [
        -4.818675024543094,
        43.309727911012324
       ],
       [
        -4.818589832545152,
        43.309780322684645
       ],
       [
        -4.818527761160121,
        43.30970952888357
       ],
       [
        -4.81857531267387,
        43.30963866335687
       ],
       [
        -4.818622864087906,
        43.30956779780683
       ],
       [
        -4.818653907268549,
        43.309475384745525
       ],
       [
        -4.818544947660568,
        43.309435419213166
       ],
       [
        -4.818428720486478,
        43.3094524338296
       ],
       [
        -4.818330981886183,
        43.309498693966084
       ],
       [
        -4.818245789894283,
        43.309551105358764
       ],
       [
        -4.81821078480847,
        43.309628122097415
       ],
       [
        -4.818140119932893,
        43.309694382858865
       ],
       [
        -4.818028516518416,
        43.309686755959504
       ],
       [
        -4.817914932553673,
        43.30967143082359
       ],
       [
        -4.817811251512826,
        43.30969459613393
       ],
       [
        -4.817709550957867,
        43.30972545945714
       ],
       [
        -4.817556336475469,
        43.309811791543616
       ]
      ]
     ]
    ]
   },
   "properties": {
    "fuente": "EFFIS",
    "id_effis": 809720,
    "lat": 43.30873156944494,
    "lon": -4.818949388081107,
    "fecha_incendio": "2026-09-24T12:51:00+02:00",
    "novedad": "actualizada",
    "ultima_actualizacion": "2026-10-05T08:38:20.090796+02:00",
    "provincia": "Asturias",
    "municipio": "Cabrales",
    "area_ha": 3.0,
    "pct_natura2000": 0.0,
    "cubierta_pct": {
     "broadlea": 0.0,
     "conifer": 0.0,
     "mixed": 0.0,
     "scleroph": 0.0,
     "transit": 0.0,
     "othernatlc": 0.0,
     "agriareas": 100.0,
     "artifsurf": 0.0,
     "otherlc": 0.0
    }
   }
  },
  {
   "type": "Feature",
   "geometry": {
    "type": "MultiPolygon",
    "coordinates": [
     [
      [
       [
        -4.228884724983086,
        43.103391764265005
       ],
       [
        -4.228755692532367,
        43.10330484992517
       ],
       [
        -4.228655141941321,
        43.10318765154704
       ],
       [
        -4.228540351070773,
        43.1030855949609
       ],
       [
        -4.228357470194973,
        43.10307194529622
       ],
       [
        -4.22818571695259,
        43.103030455828176
       ],
       [
        -4.228171938319186,
        43.102901035530266
       ],
       [
        -4.228175513799146,
        43.10276917095261
       ],
       [
        -4.227992634036727,
        43.102755520592375
       ],
       [
        -4.227909440097266,
        43.10263587711033
       ],
       [
        -4.22802647943661,
        43.102527439990176
       ],
       [
        -4.228012701451787,
        43.10239801959825
       ],
       [
        -4.227897913495362,
        43.10229596213215
       ],
       [
        -4.227726162970694,
        43.102254471778316
       ],
       [
        -4.227551299640891,
        43.10220028348739
       ],
       [
        -4.227404918302254,
        43.10211581134584
       ],
       [
        -4.227218927859528,
        43.10208946186782
       ],
       [
        -4.227047178498017,
        43.10204797032021
       ],
       [
        -4.226946633950397,
        43.10193076994705
       ],
       [
        -4.227025853356285,
        43.10181452432954
       ],
       [
        -4.226977370535067,
        43.10168999175738
       ],
       [
        -4.226911534262445,
        43.10156790318265
       ],
       [
        -4.226782509290762,
        43.10148098597812
       ],
       [
        -4.226667725585912,
        43.10137892691551
       ],
       [
        -4.226636597659737,
        43.101251950101286
       ],
       [
        -4.226640177077505,
        43.10112008528488
       ],
       [
        -4.226626402983551,
        43.100990664441476
       ],
       [
        -4.226508507929355,
        43.10087590742833
       ],
       [
        -4.226328747344668,
        43.100874951543354
       ],
       [
        -4.226228206647824,
        43.100757750231224
       ],
       [
        -4.22609918470038,
        43.10067083200929
       ],
       [
        -4.225970163163257,
        43.100583913604666
       ],
       [
        -4.225795306818365,
        43.10052972200061
       ],
       [
        -4.225634691749911,
        43.10046038853829
       ],
       [
        -4.225531040849576,
        43.100330488695
       ],
       [
        -4.225416261955407,
        43.10022842797592
       ],
       [
        -4.225287242547183,
        43.10014150860669
       ],
       [
        -4.225204058779971,
        43.10002186234701
       ],
       [
        -4.225138228673408,
        43.09989977227157
       ],
       [
        -4.224977616271901,
        43.099830437652436
       ],
       [
        -4.224877080456571,
        43.09971323475482
       ],
       [
        -4.224811251488424,
        43.09959114440253
       ],
       [
        -4.224780129169297,
        43.09946416666757
       ],
       [
        -4.224749007029402,
        43.09933718890461
       ],
       [
        -4.224752591253901,
        43.099205323807965
       ],
       [
        -4.224828699911256,
        43.09907638182848
       ],
       [
        -4.225005342599633,
        43.09906464277374
       ],
       [
        -4.225125493338818,
        43.09896890648946
       ],
       [
        -4.225286574237612,
        43.098893678111494
       ],
       [
        -4.225461424962637,
        43.09894787083125
       ],
       [
        -4.2256474042955,
        43.09897422393192
       ],
       [
        -4.225822255635549,
        43.09902841600641
       ],
       [
        -4.225836026796044,
        43.09915783725317
       ],
       [
        -4.225965044657249,
        43.099244756037585
       ],
       [
        -4.226135462724523,
        43.099207619533715
       ],
       [
        -4.226312105656024,
        43.099195878190976
       ],
       [
        -4.226485635963928,
        43.099171438825906
       ],
       [
        -4.226665391354907,
        43.099172394584414
       ],
       [
        -4.226811763568773,
        43.09925686826572
       ],
       [
        -4.226877596267588,
        43.09937895724101
       ],
       [
        -4.226710290766025,
        43.0994287926961
       ],
       [
        -4.226536759790324,
        43.09945323246085
       ],
       [
        -4.226498473350364,
        43.09958998539354
       ],
       [
        -4.226599012226309,
        43.09970718660237
       ],
       [
        -4.226775656589755,
        43.099695444413236
       ],
       [
        -4.226942962763151,
        43.09964560884141
       ],
       [
        -4.227100464347986,
        43.09970224260841
       ],
       [
        -4.227131591920664,
        43.09982921945172
       ],
       [
        -4.227162719672599,
        43.09995619626705
       ],
       [
        -4.227263260649115,
        43.10007339671927
       ],
       [
        -4.227420763779387,
        43.100130029922646
       ],
       [
        -4.227592507617023,
        43.10017152106188
       ],
       [
        -4.227750011367957,
        43.10022815372995
       ],
       [
        -4.227833200777937,
        43.100347797711386
       ],
       [
        -4.228016072912773,
        43.100361448608645
       ],
       [
        -4.228116616455395,
        43.100478648098985
       ],
       [
        -4.228277234699545,
        43.1005479775267
       ],
       [
        -4.228397382946617,
        43.10045223754485
       ],
       [
        -4.228415198865851,
        43.10030523077143
       ],
       [
        -4.228384068084282,
        43.1001782544661
       ],
       [
        -4.228352937481995,
        43.10005127813273
       ],
       [
        -4.228339160239242,
        43.09992185750055
       ],
       [
        -4.228510904171052,
        43.0999633470847
       ],
       [
        -4.228576741479893,
        43.10008543474914
       ],
       [
        -4.228691525717616,
        43.100187491738254
       ],
       [
        -4.228806310388828,
        43.100289548575944
       ],
       [
        -4.228935335581386,
        43.10037646327746
       ],
       [
        -4.229095954556963,
        43.10044579138962
       ],
       [
        -4.229210740529444,
        43.10054784770886
       ],
       [
        -4.229325526935422,
        43.100649903876686
       ],
       [
        -4.229356660178297,
        43.10077687977147
       ],
       [
        -4.229422500454158,
        43.10089896671754
       ],
       [
        -4.229384220271978,
        43.101035720398144
       ],
       [
        -4.229544841738293,
        43.1011050476875
       ],
       [
        -4.229673870053205,
        43.1011919612979
       ],
       [
        -4.229739711601961,
        43.101314047958844
       ],
       [
        -4.229822907034385,
        43.10143369002192
       ],
       [
        -4.229888749249199,
        43.10155577654225
       ],
       [
        -4.229971945412455,
        43.10167541843775
       ],
       [
        -4.229985727294631,
        43.101804838526185
       ],
       [
        -4.229813976610233,
        43.101763351705415
       ],
       [
        -4.229667593047497,
        43.10167888287279
       ],
       [
        -4.229608846053667,
        43.10180538348608
       ],
       [
        -4.229723635980486,
        43.10190743899434
       ],
       [
        -4.22990962718665,
        43.101933783848416
       ],
       [
        -4.230081378463757,
        43.10197527048374
       ],
       [
        -4.230164575758329,
        43.10209491214668
       ],
       [
        -4.230143650745473,
        43.10222922134027
       ],
       [
        -4.230122725686966,
        43.102363530516044
       ],
       [
        -4.230205923744467,
        43.10248317208464
       ],
       [
        -4.230237060512946,
        43.10261014741477
       ],
       [
        -4.230198781740094,
        43.102746901170526
       ],
       [
        -4.230102213554033,
        43.1028655936264
       ],
       [
        -4.229985177349542,
        43.102974033027095
       ],
       [
        -4.229817864491741,
        43.10302387368928
       ],
       [
        -4.229697713897567,
        43.10311961522455
       ],
       [
        -4.229530400425823,
        43.103169455423135
       ],
       [
        -4.229359973142751,
        43.10320659779429
       ],
       [
        -4.229186432149731,
        43.103231042320495
       ],
       [
        -4.228884724983086,
        43.103391764265005
       ]
      ]
     ]
    ]
   },
   "properties": {
    "fuente": "EFFIS",
    "id_effis": 809718,
    "lat": 43.10113959497758,
    "lon": -4.227768705324603,
    "fecha_incendio": "2026-09-24T20:36:00+02:00",
    "novedad": "actualizada",
    "ultima_actualizacion": "2026-10-05T08:36:48.774542+02:00",
    "provincia": "Cantabria",
    "municipio": "Tojos, Los",
    "area_ha": 9.0,
    "pct_natura2000": 100.0,
    "cubierta_pct": {
     "broadlea": 0.0,
     "conifer": 0.0,
     "mixed": 0.0,
     "scleroph": 0.0,
     "transit": 0.0,
     "othernatlc": 100.0,
     "agriareas": 0.0,
     "artifsurf": 0.0,
     "otherlc": 0.0
    }
   }
  },
  {
   "type": "Feature",
   "geometry": {
    "type": "MultiPolygon",
    "coordinates": [
     [
      [
       [
        -4.219680594741274,
        43.10136437608976
       ],
       [
        -4.219584007651727,
        43.10148305918698
       ],
       [
        -4.219632474401279,
        43.1016075957907
       ],
       [
        -4.219715649371183,
        43.101727246732146
       ],
       [
        -4.219798824722298,
        43.101846897582355
       ],
       [
        -4.219927839818854,
        43.10193382395589
       ],
       [
        -4.220028370038508,
        43.1020510317216
       ],
       [
        -4.220059484299848,
        43.102178010882916
       ],
       [
        -4.220000716597232,
        43.10230450646497
       ],
       [
        -4.219904128901695,
        43.10242318979388
       ],
       [
        -4.219727475663511,
        43.10243492021388
       ],
       [
        -4.219607310292974,
        43.10253065023832
       ],
       [
        -4.21946667896629,
        43.10261612496978
       ],
       [
        -4.219286913799414,
        43.10261515670446
       ],
       [
        -4.21911337119072,
        43.1026395840072
       ],
       [
        -4.218993204492981,
        43.10273531332457
       ],
       [
        -4.218972254095899,
        43.102869620872944
       ],
       [
        -4.218808044329545,
        43.102932141510344
       ],
       [
        -4.218640723040036,
        43.10298196393064
       ],
       [
        -4.218449824765854,
        43.103008832760445
       ],
       [
        -4.218276280746252,
        43.10303325866009
       ],
       [
        -4.218138757594729,
        43.10313142956442
       ],
       [
        -4.217977657396102,
        43.10320664685768
       ],
       [
        -4.217810334728613,
        43.10325646793316
       ],
       [
        -4.217639900790399,
        43.10329359074764
       ],
       [
        -4.217472577629319,
        43.10334341127518
       ],
       [
        -4.217305254205448,
        43.10339323153155
       ],
       [
        -4.21712237598609,
        43.10337956148008
       ],
       [
        -4.216939497868762,
        43.10336589109486
       ],
       [
        -4.217116643408048,
        43.10320960260089
       ],
       [
        -4.217236813892532,
        43.103113875440165
       ],
       [
        -4.217356984018219,
        43.10301814813958
       ],
       [
        -4.2174771537851,
        43.10292242069914
       ],
       [
        -4.217597323193188,
        43.10282669311879
       ],
       [
        -4.217734846581441,
        43.10272852291917
       ],
       [
        -4.217895945860684,
        43.10265330600982
       ],
       [
        -4.218060155792074,
        43.102590786834035
       ],
       [
        -4.218180323695773,
        43.102495058578754
       ],
       [
        -4.218131859020106,
        43.10237052130971
       ],
       [
        -4.217961427734331,
        43.10240764461589
       ],
       [
        -4.217820794395444,
        43.102493117126116
       ],
       [
        -4.217683271631593,
        43.10259128744343
       ],
       [
        -4.217503506728466,
        43.10259031600092
       ],
       [
        -4.217388737174309,
        43.102488246090815
       ],
       [
        -4.217305565706711,
        43.102368593209
       ],
       [
        -4.217190797002164,
        43.10226652303102
       ],
       [
        -4.217072917946749,
        43.10215175467602
       ],
       [
        -4.216943906721157,
        43.102064824564195
       ],
       [
        -4.21677216555585,
        43.10202331533109
       ],
       [
        -4.216601734496971,
        43.10206043635024
       ],
       [
        -4.216461100025243,
        43.102145907027285
       ],
       [
        -4.216278226003336,
        43.10213223531369
       ],
       [
        -4.216106485159749,
        43.102090724943274
       ],
       [
        -4.215934744577872,
        43.10204921427224
       ],
       [
        -4.215868931062452,
        43.101927117885865
       ],
       [
        -4.216048693764798,
        43.10192809229782
       ],
       [
        -4.216231567070271,
        43.10194176444952
       ],
       [
        -4.216401997999862,
        43.10190464405422
       ],
       [
        -4.216572428732489,
        43.101867523376356
       ],
       [
        -4.216730416548544,
        43.10177961024483
       ],
       [
        -4.21689151462978,
        43.10170439491142
       ],
       [
        -4.21705261232741,
        43.10162917932793
       ],
       [
        -4.217193244866824,
        43.10154370784833
       ],
       [
        -4.217366784948705,
        43.10151928389139
       ],
       [
        -4.217507416816539,
        43.10143381198677
       ],
       [
        -4.217441600880926,
        43.1013117166323
       ],
       [
        -4.217445200877379,
        43.1011798515506
       ],
       [
        -4.217562256438794,
        43.10107142593837
       ],
       [
        -4.217621028511802,
        43.100944931518036
       ],
       [
        -4.217474665569152,
        43.10086044438451
       ],
       [
        -4.217345656865307,
        43.10077351461962
       ],
       [
        -4.217297195985195,
        43.100648976664345
       ],
       [
        -4.217266089072379,
        43.10052199628047
       ],
       [
        -4.217345325782994,
        43.1004057576082
       ],
       [
        -4.217506419648701,
        43.10033054133307
       ],
       [
        -4.217391655133127,
        43.10022847109045
       ],
       [
        -4.217218118780842,
        43.100252895007614
       ],
       [
        -4.217044582300956,
        43.10027731863024
       ],
       [
        -4.216872846479096,
        43.10023580935188
       ],
       [
        -4.216841740851692,
        43.10010882875706
       ],
       [
        -4.216677536225798,
        43.1001713459281
       ],
       [
        -4.216491557865272,
        43.1001449763319
       ],
       [
        -4.216570795688827,
        43.10002873819806
       ],
       [
        -4.216741221085643,
        43.09999161733362
       ],
       [
        -4.216881850526041,
        43.09990614626208
       ],
       [
        -4.217042943682688,
        43.09983093071484
       ],
       [
        -4.217216478876225,
        43.09980650712346
       ],
       [
        -4.217333532522918,
        43.09969808170926
       ],
       [
        -4.21749462461124,
        43.099622865460844
       ],
       [
        -4.217614788120569,
        43.099527137771794
       ],
       [
        -4.217734951271158,
        43.09943140994286
       ],
       [
        -4.217892931487072,
        43.09934349504055
       ],
       [
        -4.218057132751402,
        43.09928097595157
       ],
       [
        -4.218218222916166,
        43.09920575858082
       ],
       [
        -4.218273881608639,
        43.09906656564008
       ],
       [
        -4.218332650866929,
        43.09894007067979
       ],
       [
        -4.218473275839061,
        43.09885459745161
       ],
       [
        -4.218476874265991,
        43.0987227321127
       ],
       [
        -4.218597034633644,
        43.09862700327723
       ],
       [
        -4.218770565844505,
        43.098602577111095
       ],
       [
        -4.218944096927772,
        43.09857815065045
       ],
       [
        -4.219120738796327,
        43.09856642189185
       ],
       [
        -4.219303602516084,
        43.09858008880572
       ],
       [
        -4.219449962013784,
        43.09866457355107
       ],
       [
        -4.21960745302126,
        43.09872121933887
       ],
       [
        -4.219736460219762,
        43.09880814640916
       ],
       [
        -4.219865467828551,
        43.09889507329679
       ],
       [
        -4.2200483328226,
        43.09890873882348
       ],
       [
        -4.220205825144587,
        43.09896538363
       ],
       [
        -4.22036642901578,
        43.09903472612351
       ],
       [
        -4.220414894584055,
        43.09915926263706
       ],
       [
        -4.220250695953145,
        43.099221785483365
       ],
       [
        -4.22025868675952,
        43.09929695026001
       ],
       [
        -4.220001127451552,
        43.09931405448931
       ],
       [
        -4.219795488412284,
        43.09941526736545
       ],
       [
        -4.219643350208475,
        43.09960048420747
       ],
       [
        -4.219544712810103,
        43.09986970521934
       ],
       [
        -4.219527207490438,
        43.10000669822215
       ],
       [
        -4.219510101601858,
        43.1000091061357
       ],
       [
        -4.21933967767045,
        43.100046231622414
       ],
       [
        -4.219243091643133,
        43.10016491449169
       ],
       [
        -4.219204788189785,
        43.10030166507754
       ],
       [
        -4.219183838240784,
        43.10043597292513
       ],
       [
        -4.219043210843314,
        43.100521447100654
       ],
       [
        -4.218872785224529,
        43.100558571834114
       ],
       [
        -4.21869924840863,
        43.10058299829927
       ],
       [
        -4.218499024891456,
        43.10057177309173
       ],
       [
        -4.21832859883439,
        43.10060889691947
       ],
       [
        -4.218377061876076,
        43.10073343432187
       ],
       [
        -4.218540779595376,
        43.10081547752413
       ],
       [
        -4.218623950918863,
        43.10093512954706
       ],
       [
        -4.218752961986382,
        43.10102205760129
       ],
       [
        -4.218916681128847,
        43.10110410013432
       ],
       [
        -4.219090219375421,
        43.101079673265
       ],
       [
        -4.219251312854846,
        43.10100445426368
       ],
       [
        -4.219412405950674,
        43.1009292350123
       ],
       [
        -4.21955303371629,
        43.10084376034138
       ],
       [
        -4.219572765224387,
        43.10085227951177
       ],
       [
        -4.219601686729298,
        43.10098901813341
       ],
       [
        -4.21972576711156,
        43.101336920006226
       ],
       [
        -4.219680594741274,
        43.10136437608976
       ]
      ]
     ]
    ]
   },
   "properties": {
    "fuente": "EFFIS",
    "id_effis": 809693,
    "lat": 43.1009608416679,
    "lon": -4.218429492023238,
    "fecha_incendio": "2026-09-24T20:36:00+02:00",
    "novedad": "actualizada",
    "ultima_actualizacion": "2026-10-05T08:35:55.524870+02:00",
    "provincia": "Cantabria",
    "municipio": "Tojos, Los",
    "area_ha": 9.0,
    "pct_natura2000": 100.0,
    "cubierta_pct": {
     "broadlea": 0.0,
     "conifer": 0.0,
     "mixed": 0.0,
     "scleroph": 0.0,
     "transit": 0.0,
     "othernatlc": 100.0,
     "agriareas": 0.0,
     "artifsurf": 0.0,
     "otherlc": 0.0
    }
   }
  },
  {
   "type": "Feature",
   "geometry": {
    "type": "MultiPolygon",
    "coordinates": [
     [
      [
       [
        -4.241590462076611,
        43.03924857504406
       ],
       [
        -4.241450080882313,
        43.0390847871015
       ],
       [
        -4.241382381948375,
        43.038910743122855
       ],
       [
        -4.241435818776804,
        43.038719606043756
       ],
       [
        -4.241632126104957,
        43.03860010698273
       ],
       [
        -4.241887437706946,
        43.03861915879067
       ],
       [
        -4.241983712052579,
        43.03880752993151
       ],
       [
        -4.242099866861804,
        43.03897473592982
       ],
       [
        -4.242167568043108,
        43.039148779353
       ],
       [
        -4.241590462076611,
        43.03924857504406
       ]
      ]
     ]
    ]
   },
   "properties": {
    "fuente": "EFFIS",
    "id_effis": 809691,
    "lat": 43.03893365941823,
    "lon": -4.241742432755974,
    "fecha_incendio": "2026-09-28T19:57:00+02:00",
    "novedad": "actualizada",
    "ultima_actualizacion": "2026-10-05T08:34:14.996224+02:00",
    "provincia": "Cantabria",
    "municipio": "Hermandad de Campoo de Suso",
    "area_ha": 0.0,
    "pct_natura2000": 0.0,
    "cubierta_pct": {
     "broadlea": null,
     "conifer": null,
     "mixed": null,
     "scleroph": null,
     "transit": null,
     "othernatlc": null,
     "agriareas": null,
     "artifsurf": null,
     "otherlc": null
    }
   }
  },
  {
   "type": "Feature",
   "geometry": {
    "type": "MultiPolygon",
    "coordinates": [
     [
      [
       [
        -4.244571048331596,
        43.037193922650545
       ],
       [
        -4.244527569378191,
        43.037016461336776
       ],
       [
        -4.244532543076246,
        43.0368321613016
       ],
       [
        -4.244561742909735,
        43.03664444189488
       ],
       [
        -4.244615168648422,
        43.036453303100764
       ],
       [
        -4.244854942012301,
        43.036511259308874
       ],
       [
        -4.244995325615045,
        43.03667504279921
       ],
       [
        -4.245175466221826,
        43.03679649486202
       ],
       [
        -4.245435119637585,
        43.036833284021206
       ],
       [
        -4.245575505805541,
        43.03699706658706
       ],
       [
        -4.24532889589172,
        43.03701351609848
       ],
       [
        -4.245073589782588,
        43.03699447279968
       ],
       [
        -4.24483567574373,
        43.03704641332451
       ],
       [
        -4.244571048331596,
        43.037193922650545
       ]
      ]
     ]
    ]
   },
   "properties": {
    "fuente": "EFFIS",
    "id_effis": 809690,
    "lat": 43.036836730690396,
    "lon": -4.244892361834107,
    "fecha_incendio": "2026-09-28T19:57:00+02:00",
    "novedad": "actualizada",
    "ultima_actualizacion": "2026-10-05T08:34:14.996224+02:00",
    "provincia": "Cantabria",
    "municipio": "Hermandad de Campoo de Suso",
    "area_ha": 0.0,
    "pct_natura2000": 0.0,
    "cubierta_pct": {
     "broadlea": null,
     "conifer": null,
     "mixed": null,
     "scleroph": null,
     "transit": null,
     "othernatlc": null,
     "agriareas": null,
     "artifsurf": null,
     "otherlc": null
    }
   }
  },
  {
   "type": "Feature",
   "geometry": {
    "type": "MultiPolygon",
    "coordinates": [
     [
      [
       [
        -4.245921507020142,
        43.035442718512996
       ],
       [
        -4.246141400193191,
        43.03552183754301
       ],
       [
        -4.246345764940687,
        43.0356398679629
       ],
       [
        -4.246605414024349,
        43.035676654276664
       ],
       [
        -4.246830276165595,
        43.03557147160118
       ],
       [
        -4.247055137559727,
        43.03546628843798
       ],
       [
        -4.247060104015831,
        43.035281988254035
       ],
       [
        -4.246899841491962,
        43.035139373435754
       ],
       [
        -4.246660071674761,
        43.03508142191055
       ],
       [
        -4.24651968784481,
        43.03491764052401
       ],
       [
        -4.246524656206375,
        43.0347333402272
       ],
       [
        -4.246505399489658,
        43.03455245969213
       ],
       [
        -4.246486142981457,
        43.03437157912028
       ],
       [
        -4.246261905781191,
        43.03427471455336
       ],
       [
        -4.246081771390275,
        43.03415326399282
       ],
       [
        -4.246014066651741,
        43.03397922257791
       ],
       [
        -4.245946362398794,
        43.03380518107845
       ],
       [
        -4.246114073505248,
        43.033671347034904
       ],
       [
        -4.245953818358259,
        43.033528730311055
       ],
       [
        -4.245694179445715,
        43.03349194196068
       ],
       [
        -4.245474294937782,
        43.03341282157175
       ],
       [
        -4.245232047495464,
        43.033447016615035
       ],
       [
        -4.245002842573356,
        43.03353444960527
       ],
       [
        -4.245046318697246,
        43.033711911307556
       ],
       [
        -4.245275524207205,
        43.03362447821435
       ],
       [
        -4.2454556550716,
        43.03374593036823
       ],
       [
        -4.245499132828078,
        43.03392339179701
       ],
       [
        -4.245542610934067,
        43.034100853170855
       ],
       [
        -4.245537639236118,
        43.034285153613105
       ],
       [
        -4.245581117902611,
        43.03446261490099
       ],
       [
        -4.245673047349189,
        43.03463323696283
       ],
       [
        -4.245716526853291,
        43.034810698116964
       ],
       [
        -4.245553159990092,
        43.03496227760121
       ],
       [
        -4.24532892202183,
        43.03486541103358
       ],
       [
        -4.245099712057767,
        43.03495284428836
       ],
       [
        -4.245279847048643,
        43.03507429650185
       ],
       [
        -4.245347551377336,
        43.03524833826322
       ],
       [
        -4.245527687903138,
        43.035369789960434
       ],
       [
        -4.24566248233964,
        43.035203884028405
       ],
       [
        -4.245909084710622,
        43.03518743389861
       ],
       [
        -4.245921507020142,
        43.035442718512996
       ]
      ]
     ]
    ]
   },
   "properties": {
    "fuente": "EFFIS",
    "id_effis": 809689,
    "lat": 43.03467039954995,
    "lon": -4.246021745620538,
    "fecha_incendio": "2026-09-28T19:57:00+02:00",
    "novedad": "actualizada",
    "ultima_actualizacion": "2026-10-05T08:34:14.996224+02:00",
    "provincia": "Cantabria",
    "municipio": "Hermandad de Campoo de Suso",
    "area_ha": 2.0,
    "pct_natura2000": 0.0,
    "cubierta_pct": {
     "broadlea": 0.0,
     "conifer": 0.0,
     "mixed": 0.0,
     "scleroph": 0.0,
     "transit": 0.0,
     "othernatlc": 100.0,
     "agriareas": 0.0,
     "artifsurf": 0.0,
     "otherlc": 0.0
    }
   }
  },
  {
   "type": "Feature",
   "geometry": {
    "type": "MultiPolygon",
    "coordinates": [
     [
      [
       [
        -4.251192226480965,
        43.03669980848654
       ],
       [
        -4.251172953770985,
        43.036518929602316
       ],
       [
        -4.250968575532654,
        43.036400909425026
       ],
       [
        -4.251021980568545,
        43.03620976781052
       ],
       [
        -4.250978483257987,
        43.036032309664904
       ],
       [
        -4.250723178911262,
        43.03601328057289
       ],
       [
        -4.250463525210422,
        43.035976504984966
       ],
       [
        -4.250303252018695,
        43.035833895958056
       ],
       [
        -4.25038523386699,
        43.03565707968493
       ],
       [
        -4.250467215312836,
        43.03548026333125
       ],
       [
        -4.25068772075507,
        43.03535732640985
       ],
       [
        -4.250925623748489,
        43.035305372357385
       ],
       [
        -4.251036178062225,
        43.03514288053044
       ],
       [
        -4.251146731845157,
        43.03498038857622
       ],
       [
        -4.251257285097271,
        43.03481789649475
       ],
       [
        -4.251310688603776,
        43.034626754522435
       ],
       [
        -4.251478390009102,
        43.034492911950075
       ],
       [
        -4.251638661963961,
        43.0346355193072
       ],
       [
        -4.25173060957444,
        43.034806135302595
       ],
       [
        -4.251822557801709,
        43.03497675117225
       ],
       [
        -4.252073508179846,
        43.03497803184189
       ],
       [
        -4.252184058924113,
        43.03481553881943
       ],
       [
        -4.252417608671474,
        43.03474583555008
       ],
       [
        -4.252668558152483,
        43.03474711476838
       ],
       [
        -4.252675075142338,
        43.03475920709314
       ],
       [
        -4.252669902392442,
        43.034791356922504
       ],
       [
        -4.25250025514245,
        43.03499739662533
       ],
       [
        -4.252200357964383,
        43.03516460494133
       ],
       [
        -4.252068897062661,
        43.03532363236771
       ],
       [
        -4.252105873811881,
        43.03547447952495
       ],
       [
        -4.252194066742063,
        43.03560248691393
       ],
       [
        -4.252333476066958,
        43.03570765440152
       ],
       [
        -4.252424836353268,
        43.03581960745038
       ],
       [
        -4.252468147358472,
        43.03593834619605
       ],
       [
        -4.252505996661842,
        43.03600583321264
       ],
       [
        -4.25253838411695,
        43.03602206851915
       ],
       [
        -4.252547685527523,
        43.03602414475739
       ],
       [
        -4.252598515070671,
        43.03609729409558
       ],
       [
        -4.252642017374186,
        43.036274751388405
       ],
       [
        -4.252412812288185,
        43.03636220098699
       ],
       [
        -4.252179256440543,
        43.03643190433043
       ],
       [
        -4.251945700080844,
        43.036501607145006
       ],
       [
        -4.251716493213064,
        43.03658905519983
       ],
       [
        -4.251187273537819,
        43.03688410826277
       ],
       [
        -4.251192226480965,
        43.03669980848654
       ]
      ]
     ]
    ]
   },
   "properties": {
    "fuente": "EFFIS",
    "id_effis": 809683,
    "lat": 43.035703701038926,
    "lon": -4.251552540682332,
    "fecha_incendio": "2026-09-28T19:57:00+02:00",
    "novedad": "actualizada",
    "ultima_actualizacion": "2026-10-05T08:29:33.059593+02:00",
    "provincia": "Cantabria",
    "municipio": "Hermandad de Campoo de Suso",
    "area_ha": 3.0,
    "pct_natura2000": 0.0,
    "cubierta_pct": {
     "broadlea": 0.0,
     "conifer": 0.0,
     "mixed": 0.0,
     "scleroph": 0.0,
     "transit": 0.0,
     "othernatlc": 100.0,
     "agriareas": 0.0,
     "artifsurf": 0.0,
     "otherlc": 0.0
    }
   }
  },
  {
   "type": "Feature",
   "geometry": {
    "type": "MultiPolygon",
    "coordinates": [
     [
      [
       [
        -4.238458659637709,
        43.04188900318074
       ],
       [
        -4.238356604467743,
        43.041864330721125
       ],
       [
        -4.238349874858971,
        43.041764036046196
       ],
       [
        -4.238272702249467,
        43.04155353295313
       ],
       [
        -4.238133821517,
        43.04136299206554
       ],
       [
        -4.238036843172929,
        43.04115528287336
       ],
       [
        -4.237981766882316,
        43.04093040549816
       ],
       [
        -4.237920851057034,
        43.040702599516514
       ],
       [
        -4.237905684098449,
        43.04065017627629
       ],
       [
        -4.2379233129331,
        43.04062427783845
       ],
       [
        -4.23800533575616,
        43.04044747111431
       ],
       [
        -4.238260653827739,
        43.04046653186731
       ],
       [
        -4.23845697253094,
        43.04034703881474
       ],
       [
        -4.238653290496324,
        43.040227545390515
       ],
       [
        -4.238878181992131,
        43.04012237994925
       ],
       [
        -4.239045924213682,
        43.039988557427215
       ],
       [
        -4.239283854130624,
        43.03993663019634
       ],
       [
        -4.239508102140245,
        43.040033509479485
       ],
       [
        -4.239767765879551,
        43.04007031280117
       ],
       [
        -4.240010042440159,
        43.04003613019476
       ],
       [
        -4.240261012653657,
        43.04003743961563
       ],
       [
        -4.240511982909511,
        43.040038748412
       ],
       [
        -4.24076730031637,
        43.04005780285785
       ],
       [
        -4.241013923548265,
        43.04004136413119
       ],
       [
        -4.241033167884805,
        43.04022224525394
       ],
       [
        -4.240979729189284,
        43.040413381937505
       ],
       [
        -4.240974745903763,
        43.04059768153256
       ],
       [
        -4.241225718652341,
        43.04059898848303
       ],
       [
        -4.241465505810485,
        43.040656952132395
       ],
       [
        -4.241484752045257,
        43.04083783302181
       ],
       [
        -4.241664899221499,
        43.0409592907334
       ],
       [
        -4.241889155574963,
        43.04105616440752
       ],
       [
        -4.242049423990188,
        43.0411987863036
       ],
       [
        -4.242229573605038,
        43.04132024290123
       ],
       [
        -4.242321507115981,
        43.04149086692717
       ],
       [
        -4.242561299254026,
        43.04154882778842
       ],
       [
        -4.242807928377638,
        43.04153238453185
       ],
       [
        -4.243050209413192,
        43.0414981945475
       ],
       [
        -4.243210482106809,
        43.04164081442532
       ],
       [
        -4.243128473611012,
        43.04181762478143
       ],
       [
        -4.242932159511732,
        43.04193712662942
       ],
       [
        -4.242685528731845,
        43.04195357023201
       ],
       [
        -4.242445734745087,
        43.041895609738866
       ],
       [
        -4.242194756290401,
        43.04189430598621
       ],
       [
        -4.241954963095356,
        43.04183634430262
       ],
       [
        -4.241712680197196,
        43.04187053170599
       ],
       [
        -4.241470397050194,
        43.0419047185348
       ],
       [
        -4.2412237661752,
        43.04192115857327
       ],
       [
        -4.240968440391236,
        43.04190210555448
       ],
       [
        -4.240734851438523,
        43.04197178309398
       ],
       [
        -4.240571455300102,
        43.042123354482406
       ],
       [
        -4.240316128922804,
        43.04210429983604
       ],
       [
        -4.24006514989045,
        43.04210299081166
       ],
       [
        -4.239835906303957,
        43.04219041258541
       ],
       [
        -4.239580579963468,
        43.042171356080694
       ],
       [
        -4.239512881588523,
        43.041997311276866
       ],
       [
        -4.239742124912807,
        43.041909890229576
       ],
       [
        -4.239967020520284,
        43.041804722391305
       ],
       [
        -4.240101842020859,
        43.04163882396869
       ],
       [
        -4.239941577104618,
        43.041496198933665
       ],
       [
        -4.239721669335568,
        43.04141706722892
       ],
       [
        -4.239581287321458,
        43.04125327700753
       ],
       [
        -4.239562046605296,
        43.04107239565661
       ],
       [
        -4.239615490112646,
        43.0408812596863
       ],
       [
        -4.239811807445368,
        43.040761764082696
       ],
       [
        -4.24000812404026,
        43.040642268107476
       ],
       [
        -4.240142943299202,
        43.040476369536236
       ],
       [
        -4.239982681898446,
        43.040333744326915
       ],
       [
        -4.239749097810496,
        43.040403419536176
       ],
       [
        -4.239524206780819,
        43.04050858687756
       ],
       [
        -4.239413613689595,
        43.04067106652034
       ],
       [
        -4.239457081614436,
        43.04084852982053
       ],
       [
        -4.239346487855867,
        43.041011009363714
       ],
       [
        -4.239317271577485,
        43.041198727066295
       ],
       [
        -4.239360739857208,
        43.041376190320285
       ],
       [
        -4.239404208486427,
        43.041553653519344
       ],
       [
        -4.239236463170111,
        43.041687476553506
       ],
       [
        -4.239125867616022,
        43.041849955795115
       ],
       [
        -4.23914510763026,
        43.04203083713345
       ],
       [
        -4.238948785199655,
        43.0421503314655
       ],
       [
        -4.238832631791264,
        43.04198312224286
       ],
       [
        -4.238837621185569,
        43.041798822786006
       ],
       [
        -4.23871833095138,
        43.041925808921505
       ],
       [
        -4.238458659637709,
        43.04188900318074
       ]
      ]
     ]
    ]
   },
   "properties": {
    "fuente": "EFFIS",
    "id_effis": 809682,
    "lat": 43.041119596499286,
    "lon": -4.240152966036796,
    "fecha_incendio": "2026-09-28T19:57:00+02:00",
    "novedad": "actualizada",
    "ultima_actualizacion": "2026-10-05T08:29:33.059593+02:00",
    "provincia": "Cantabria",
    "municipio": "Hermandad de Campoo de Suso",
    "area_ha": 6.0,
    "pct_natura2000": 0.0,
    "cubierta_pct": {
     "broadlea": 0.0,
     "conifer": 0.0,
     "mixed": 0.0,
     "scleroph": 0.0,
     "transit": 0.0,
     "othernatlc": 100.0,
     "agriareas": 0.0,
     "artifsurf": 0.0,
     "otherlc": 0.0
    }
   }
  },
  {
   "type": "Feature",
   "geometry": {
    "type": "MultiPolygon",
    "coordinates": [
     [
      [
       [
        -4.247866691386553,
        43.04315008403596
       ],
       [
        -4.248026981263184,
        43.04329269557865
       ],
       [
        -4.248167393120632,
        43.04345647291998
       ],
       [
        -4.248363701672675,
        43.043336961214266
       ],
       [
        -4.2485600094868,
        43.04321744913698
       ],
       [
        -4.248810994513774,
        43.04321873688827
       ],
       [
        -4.249061979582946,
        43.043220024015
       ],
       [
        -4.24914397178311,
        43.04304320952489
       ],
       [
        -4.249076243419335,
        43.04286917212953
       ],
       [
        -4.248896073826806,
        43.0427477284761
       ],
       [
        -4.248691676748928,
        43.042629704850995
       ],
       [
        -4.248471751799066,
        43.04255059276302
       ],
       [
        -4.248355569845792,
        43.04238339537548
       ],
       [
        -4.248151175287685,
        43.042265370548115
       ],
       [
        -4.247891495339315,
        43.04222858930768
       ],
       [
        -4.24765356306782,
        43.04228053677484
       ],
       [
        -4.247428678646165,
        43.042385721350314
       ],
       [
        -4.247177697372703,
        43.042384430055556
       ],
       [
        -4.246918017620535,
        43.04234764631159
       ],
       [
        -4.246662687405169,
        43.04232860781545
       ],
       [
        -4.246411706487255,
        43.04232731460792
       ],
       [
        -4.246165074637936,
        43.042343766728116
       ],
       [
        -4.245997342157473,
        43.04247760052201
       ],
       [
        -4.246221612298699,
        43.04257446405795
       ],
       [
        -4.246441534076342,
        43.04265358113367
       ],
       [
        -4.246688167165027,
        43.042637128306794
       ],
       [
        -4.246930450853043,
        43.04260292897361
       ],
       [
        -4.246973943948535,
        43.04278038802193
       ],
       [
        -4.247017437393716,
        43.0429578470153
       ],
       [
        -4.24713361687013,
        43.04312504593422
       ],
       [
        -4.247367203346299,
        43.0430553537434
       ],
       [
        -4.247596439769688,
        43.04296791515753
       ],
       [
        -4.247843073978498,
        43.04295145948372
       ],
       [
        -4.247866691386553,
        43.04315008403596
       ]
      ]
     ]
    ]
   },
   "properties": {
    "fuente": "EFFIS",
    "id_effis": 809681,
    "lat": 43.04274930979518,
    "lon": -4.247798988614842,
    "fecha_incendio": "2026-09-28T19:57:00+02:00",
    "novedad": "actualizada",
    "ultima_actualizacion": "2026-10-05T08:29:33.059593+02:00",
    "provincia": "Cantabria",
    "municipio": "Hermandad de Campoo de Suso",
    "area_ha": 2.0,
    "pct_natura2000": 0.0,
    "cubierta_pct": {
     "broadlea": 0.0,
     "conifer": 0.0,
     "mixed": 0.0,
     "scleroph": 0.0,
     "transit": 0.0,
     "othernatlc": 99.99999999,
     "agriareas": 0.0,
     "artifsurf": 0.0,
     "otherlc": 0.0
    }
   }
  },
  {
   "type": "Feature",
   "geometry": {
    "type": "MultiPolygon",
    "coordinates": [
     [
      [
       [
        -5.180514115483813,
        36.947605889213136
       ],
       [
        -5.180591311977437,
        36.94759967881097
       ],
       [
        -5.180677442029033,
        36.94759836803723
       ],
       [
        -5.180778741615398,
        36.94759458823621
       ],
       [
        -5.180854589269708,
        36.94758224346114
       ],
       [
        -5.180938021662969,
        36.94756866413817
       ],
       [
        -5.181015218097934,
        36.94756245338718
       ],
       [
        -5.18109241452283,
        36.94755624257264
       ],
       [
        -5.181169610937662,
        36.94755003169455
       ],
       [
        -5.181245458493827,
        36.947537686604896
       ],
       [
        -5.181320465549348,
        36.94755724670574
       ],
       [
        -5.181397661955439,
        36.94755103563921
       ],
       [
        -5.181468114010892,
        36.94751415378894
       ],
       [
        -5.181542612616799,
        36.94749567431605
       ],
       [
        -5.181618460066874,
        36.94748332892653
       ],
       [
        -5.181692958608481,
        36.94746484933547
       ],
       [
        -5.181761729877067,
        36.94749177776847
       ],
       [
        -5.181838085947986,
        36.94751747158789
       ],
       [
        -5.181915282288607,
        36.947511260095204
       ],
       [
        -5.181993827532628,
        36.94751118267377
       ],
       [
        -5.182071023859716,
        36.94750497105267
       ],
       [
        -5.182157153842771,
        36.94750365891476
       ],
       [
        -5.182234350154665,
        36.94749744715901
       ],
       [
        -5.182311546456485,
        36.94749123533969
       ],
       [
        -5.182402563266916,
        36.947476420119536
       ],
       [
        -5.182478410583728,
        36.947464074035686
       ],
       [
        -5.182563191567561,
        36.94745662739804
       ],
       [
        -5.182646623568707,
        36.94744304656028
       ],
       [
        -5.182738989242153,
        36.94743436513883
       ],
       [
        -5.182814836470594,
        36.9474220187843
       ],
       [
        -5.182890683676106,
        36.94740967236885
       ],
       [
        -5.182943267464513,
        36.94736299048064
       ],
       [
        -5.182929777559189,
        36.94730164928754
       ],
       [
        -5.182901118284783,
        36.947242777377475
       ],
       [
        -5.182857289676094,
        36.94718637473557
       ],
       [
        -5.182812112175546,
        36.94712383794228
       ],
       [
        -5.182775868418463,
        36.94706620060909
       ],
       [
        -5.18273827576951,
        36.947002429128844
       ],
       [
        -5.182709616829578,
        36.946943557123774
       ],
       [
        -5.182732701655453,
        36.94686990857764
       ],
       [
        -5.182791520907126,
        36.94681585799501
       ],
       [
        -5.182815954590143,
        36.94674834354783
       ],
       [
        -5.182801116062719,
        36.94668086814705
       ],
       [
        -5.18278004189004,
        36.94662076149885
       ],
       [
        -5.182750034185116,
        36.94655575534085
       ],
       [
        -5.182704857297042,
        36.94649321842031
       ],
       [
        -5.182652095881664,
        36.94643191609201
       ],
       [
        -5.182615852726022,
        36.94637427862127
       ],
       [
        -5.182563091500727,
        36.94631297622552
       ],
       [
        -5.18250679251848,
        36.946271310812264
       ],
       [
        -5.182442909008351,
        36.94623087996521
       ],
       [
        -5.18236385638204,
        36.94619291826749
       ],
       [
        -5.182288850522517,
        36.94617335892274
       ],
       [
        -5.182204911229108,
        36.94614889995787
       ],
       [
        -5.182123669750943,
        36.946136709204396
       ],
       [
        -5.182048664032339,
        36.946117149659194
       ],
       [
        -5.181968771487741,
        36.946111092914244
       ],
       [
        -5.181887530107133,
        36.94609890195039
       ],
       [
        -5.181807637605192,
        36.94609284506548
       ],
       [
        -5.181724207041529,
        36.94610642511621
       ],
       [
        -5.181640776450123,
        36.946120005093206
       ],
       [
        -5.181560043482828,
        36.946145853307094
       ],
       [
        -5.181488243890366,
        36.94617660108135
       ],
       [
        -5.181413746609588,
        36.946195080486774
       ],
       [
        -5.181371444821187,
        36.94625279538889
       ],
       [
        -5.181336727597614,
        36.94630927575438
       ],
       [
        -5.181268974185648,
        36.94635842583632
       ],
       [
        -5.181208805324177,
        36.94640634136395
       ],
       [
        -5.181123184864106,
        36.94644569203307
       ],
       [
        -5.181061667049786,
        36.94648747330678
       ],
       [
        -5.181001497959748,
        36.946535388702266
       ],
       [
        -5.180959195689629,
        36.94659310341242
       ],
       [
        -5.180890093006253,
        36.94663611905972
       ],
       [
        -5.180818292686334,
        36.94666686632908
       ],
       [
        -5.180765707982014,
        36.94671354709792
       ],
       [
        -5.180693907539841,
        36.946744294273564
       ],
       [
        -5.180632389256558,
        36.946786075267674
       ],
       [
        -5.180572219670338,
        36.94683399038856
       ],
       [
        -5.18051205001015,
        36.946881905470754
       ],
       [
        -5.180459464976977,
        36.946928586067784
       ],
       [
        -5.180408228635536,
        36.94698140080341
       ],
       [
        -5.180359689730262,
        36.94704648384765
       ],
       [
        -5.180308453247235,
        36.94709929852643
       ],
       [
        -5.18025991419119,
        36.94716438151526
       ],
       [
        -5.18020732882145,
        36.94721106196732
       ],
       [
        -5.180154743389155,
        36.94725774238957
       ],
       [
        -5.180093224410966,
        36.94729952302957
       ],
       [
        -5.180031705366344,
        36.94734130362951
       ],
       [
        -5.180070644470885,
        36.94741121043871
       ],
       [
        -5.180120706953566,
        36.94746024587318
       ],
       [
        -5.18014177920014,
        36.94752035313826
       ],
       [
        -5.180178021038881,
        36.94757799154158
       ],
       [
        -5.180514115483813,
        36.947605889213136
       ]
      ]
     ]
    ]
   },
   "properties": {
    "fuente": "EFFIS",
    "id_effis": 808951,
    "lat": 36.94694393862861,
    "lon": -5.18161853796691,
    "fecha_incendio": "2026-09-19T02:43:00+02:00",
    "novedad": "actualizada",
    "ultima_actualizacion": "2026-10-05T07:19:57.447789+02:00",
    "provincia": "Cádiz",
    "municipio": "Olvera",
    "area_ha": 3.0,
    "pct_natura2000": 0.0,
    "cubierta_pct": {
     "broadlea": 0.0,
     "conifer": 0.0,
     "mixed": 0.0,
     "scleroph": 0.0,
     "transit": 0.0,
     "othernatlc": 100.0,
     "agriareas": 0.0,
     "artifsurf": 0.0,
     "otherlc": 0.0
    }
   }
  },
  {
   "type": "Feature",
   "geometry": {
    "type": "MultiPolygon",
    "coordinates": [
     [
      [
       [
        -3.947106778163438,
        39.364326041159735
       ],
       [
        -3.947038676338819,
        39.36427032636264
       ],
       [
        -3.946978115271149,
        39.36420623022384
       ],
       [
        -3.94692661881329,
        39.36414081959687
       ],
       [
        -3.946911380350572,
        39.364070151181
       ],
       [
        -3.946941464229901,
        39.36399291055396
       ],
       [
        -3.946973071898385,
        39.36392273675512
       ],
       [
        -3.946985026791555,
        39.36384812499393
       ],
       [
        -3.946968264548512,
        39.36377038971904
       ],
       [
        -3.946953026193855,
        39.36369972127739
       ],
       [
        -3.946936264056647,
        39.363621985980664
       ],
       [
        -3.946919501974875,
        39.36354425067255
       ],
       [
        -3.946922392543977,
        39.363470953324324
       ],
       [
        -3.946943411876371,
        39.36339502709011
       ],
       [
        -3.947003736286604,
        39.36332797676373
       ],
       [
        -3.947085236960335,
        39.36327243118552
       ],
       [
        -3.947171309018488,
        39.363238086073444
       ],
       [
        -3.947264921493665,
        39.363195359572785
       ],
       [
        -3.947349469517197,
        39.36315394746134
       ],
       [
        -3.947435541303304,
        39.363119602117656
       ],
       [
        -3.947532201203508,
        39.363091009043075
       ],
       [
        -3.947619796703866,
        39.36306373037661
       ],
       [
        -3.947708916025106,
        39.36304351846777
       ],
       [
        -3.94780557571296,
        39.36301492512337
       ],
       [
        -3.947893171015445,
        39.36298764621246
       ],
       [
        -3.947983814080355,
        39.362974500885706
       ],
       [
        -3.948073012435349,
        39.36299800416643
       ],
       [
        -3.948187879844931,
        39.36301049686958
       ],
       [
        -3.948281570792722,
        39.363011484916136
       ],
       [
        -3.94829352421118,
        39.36293687296807
       ],
       [
        -3.948278284760899,
        39.362866204709114
       ],
       [
        -3.948263045356439,
        39.362795536440714
       ],
       [
        -3.948264410596234,
        39.36271517221152
       ],
       [
        -3.948265775849243,
        39.36263480797477
       ],
       [
        -3.948268665044322,
        39.36256151055988
       ],
       [
        -3.948253425776445,
        39.362490842261714
       ],
       [
        -3.948238186554383,
        39.36242017395412
       ],
       [
        -3.948222947378138,
        39.36234950563708
       ],
       [
        -3.948207708247714,
        39.36227883731058
       ],
       [
        -3.948201533361164,
        39.36220685442018
       ],
       [
        -3.948263379543597,
        39.362146870123745
       ],
       [
        -3.948354021416235,
        39.36213372447668
       ],
       [
        -3.94842059794915,
        39.36218237168964
       ],
       [
        -3.948479634330877,
        39.36223940025979
       ],
       [
        -3.948585436289279,
        39.36225320712191
       ],
       [
        -3.948627868440974,
        39.362319931595216
       ],
       [
        -3.948686905153687,
        39.3623769600183
       ],
       [
        -3.94877610294371,
        39.36240046268174
       ],
       [
        -3.948800406966713,
        39.36246981627464
       ],
       [
        -3.948833775286879,
        39.3625378552392
       ],
       [
        -3.94879310575793,
        39.36260934428668
       ],
       [
        -3.948707035248802,
        39.3626436908207
       ],
       [
        -3.948633076858366,
        39.3626908563254
       ],
       [
        -3.948590883075242,
        39.362755278464434
       ],
       [
        -3.948657460501751,
        39.36280392544994
       ],
       [
        -3.948746658887136,
        39.36282742810942
       ],
       [
        -3.948805696238676,
        39.362884456406164
       ],
       [
        -3.948857193425022,
        39.36294986609253
       ],
       [
        -3.948949440139447,
        39.36298750217772
       ],
       [
        -3.949017542139991,
        39.363043215694525
       ],
       [
        -3.949059975388574,
        39.36310993988214
       ],
       [
        -3.949135617896664,
        39.363157271852934
       ],
       [
        -3.949224816978418,
        39.36318077403626
       ],
       [
        -3.9492929194516,
        39.36323648733027
       ],
       [
        -3.949362546129338,
        39.36329926736963
       ],
       [
        -3.949430648864727,
        39.36335498054998
       ],
       [
        -3.949454954113242,
        39.363424333863264
       ],
       [
        -3.949497388129336,
        39.363491057803955
       ],
       [
        -3.949530757884339,
        39.363559096401815
       ],
       [
        -3.949582256458024,
        39.363624505604484
       ],
       [
        -3.949641295398071,
        39.36368153328457
       ],
       [
        -3.949694318335151,
        39.363754009202076
       ],
       [
        -3.949753357511918,
        39.36381103679725
       ],
       [
        -3.949813920952884,
        39.36387513113596
       ],
       [
        -3.949847291304987,
        39.36394316957505
       ],
       [
        -3.949871597322965,
        39.36401252271221
       ],
       [
        -3.949923096678877,
        39.364077931673314
       ],
       [
        -3.949965531717694,
        39.36414465532493
       ],
       [
        -3.950017031296034,
        39.3642100642187
       ],
       [
        -3.950059466540877,
        39.36427678781221
       ],
       [
        -3.950101901884551,
        39.36434351137876
       ],
       [
        -3.950144337327063,
        39.36441023491836
       ],
       [
        -3.950177708394273,
        39.364478273178634
       ],
       [
        -3.950146103939166,
        39.36454844787819
       ],
       [
        -3.950056902538626,
        39.364524946663195
       ],
       [
        -3.950014467093171,
        39.36445822309352
       ],
       [
        -3.949947886723286,
        39.3644095772355
       ],
       [
        -3.949866225889031,
        39.36437769432479
       ],
       [
        -3.949775500677775,
        39.36434712605026
       ],
       [
        -3.949680283564009,
        39.36433907274304
       ],
       [
        -3.949594211359401,
        39.36437342006341
       ],
       [
        -3.949505090791788,
        39.36439363373168
       ],
       [
        -3.949412921914291,
        39.364399713738486
       ],
       [
        -3.949316180666863,
        39.36438459328125
       ],
       [
        -3.94924053645446,
        39.36433726157408
       ],
       [
        -3.949151335721322,
        39.36431375949131
       ],
       [
        -3.949057642851538,
        39.364312772358645
       ],
       [
        -3.948966998144289,
        39.364325918733776
       ],
       [
        -3.948867288929733,
        39.364340379648816
       ],
       [
        -3.948785628759435,
        39.364308495795875
       ],
       [
        -3.948752259278901,
        39.36424045698607
       ],
       [
        -3.948691696512572,
        39.364176361981706
       ],
       [
        -3.948606988590651,
        39.36413034434685
       ],
       [
        -3.948510247978246,
        39.364115223053105
       ],
       [
        -3.948421047856913,
        39.36409172026668
       ],
       [
        -3.948339388253248,
        39.36405983600699
       ],
       [
        -3.948251791757128,
        39.364087115332765
       ],
       [
        -3.948191468016883,
        39.364154166363164
       ],
       [
        -3.948103871346289,
        39.36418144555739
       ],
       [
        -3.948017798578674,
        39.36421579149247
       ],
       [
        -3.947927153842654,
        39.36422893689025
       ],
       [
        -3.94783193722201,
        39.36422088173586
       ],
       [
        -3.947730704031851,
        39.364228274652824
       ],
       [
        -3.947633963517398,
        39.364213152476225
       ],
       [
        -3.947543318725971,
        39.36422629751428
       ],
       [
        -3.947451149993265,
        39.36423237563784
       ],
       [
        -3.94735898124796,
        39.36423845367348
       ],
       [
        -3.947262240822609,
        39.36422333112023
       ],
       [
        -3.947171595960332,
        39.364236475810294
       ],
       [
        -3.947106778163438,
        39.364326041159735
       ]
      ]
     ]
    ]
   },
   "properties": {
    "fuente": "EFFIS",
    "id_effis": 798491,
    "lat": 39.36358883572823,
    "lon": -3.948401076901372,
    "fecha_incendio": "2026-09-26T13:53:00+02:00",
    "novedad": "actualizada",
    "ultima_actualizacion": "2026-10-02T13:36:21.771691+02:00",
    "provincia": "Toledo",
    "municipio": "Yébenes, Los",
    "area_ha": 3.0,
    "pct_natura2000": 100.0,
    "cubierta_pct": {
     "broadlea": 20.0,
     "conifer": 0.0,
     "mixed": 0.0,
     "scleroph": 80.0,
     "transit": 0.0,
     "othernatlc": 0.0,
     "agriareas": 0.0,
     "artifsurf": 0.0,
     "otherlc": 0.0
    }
   }
  },
  {
   "type": "Feature",
   "geometry": {
    "type": "MultiPolygon",
    "coordinates": [
     [
      [
       [
        -1.845058932276859,
        43.07905375989533
       ],
       [
        -1.845167950350598,
        43.07904907931173
       ],
       [
        -1.845275369590925,
        43.079036518173645
       ],
       [
        -1.845382788790566,
        43.0790239569226
       ],
       [
        -1.845450887972313,
        43.07908860016306
       ],
       [
        -1.845539571022467,
        43.07903789271229
       ],
       [
        -1.845614314293762,
        43.0789726804782
       ],
       [
        -1.845729277465969,
        43.07894310184551
       ],
       [
        -1.845836696421356,
        43.078930540118506
       ],
       [
        -1.845962401299184,
        43.07889970504605
       ],
       [
        -1.84606982013734,
        43.078887143074425
       ],
       [
        -1.84617723893482,
        43.07887458098986
       ],
       [
        -1.846296998515235,
        43.07886864298583
       ],
       [
        -1.846407615170955,
        43.078871841496884
       ],
       [
        -1.84651823184374,
        43.078875039886825
       ],
       [
        -1.846622452556211,
        43.07884671650279
       ],
       [
        -1.846698793449242,
        43.07878938390596
       ],
       [
        -1.846738111665131,
        43.07871217884118
       ],
       [
        -1.846853073835984,
        43.07868259895213
       ],
       [
        -1.84695889310385,
        43.07866215563934
       ],
       [
        -1.847071108481917,
        43.07867323384283
       ],
       [
        -1.847166637431618,
        43.07871046577056
       ],
       [
        -1.847278852951563,
        43.07872154374023
       ],
       [
        -1.847381473981434,
        43.07868533918499
       ],
       [
        -1.847457813972065,
        43.07862800603092
       ],
       [
        -1.847452564842648,
        43.07854794568772
       ],
       [
        -1.847393606820619,
        43.07847416705813
       ],
       [
        -1.847279792687004,
        43.07845520879846
       ],
       [
        -1.847184264096935,
        43.078417976960765
       ],
       [
        -1.84717901539701,
        43.07833791657906
       ],
       [
        -1.847230673568538,
        43.07826733540345
       ],
       [
        -1.847257650054824,
        43.078183506042286
       ],
       [
        -1.847198692707825,
        43.07810972726074
       ],
       [
        -1.847103164761703,
        43.07807249532035
       ],
       [
        -1.847025922347688,
        43.07801698986163
       ],
       [
        -1.846921251965393,
        43.07798889445329
       ],
       [
        -1.846809037942901,
        43.07797781604476
       ],
       [
        -1.846746637762382,
        43.07804965330146
       ],
       [
        -1.846784110996696,
        43.078125944918895
       ],
       [
        -1.846879638819883,
        43.078163177161244
       ],
       [
        -1.846947738563259,
        43.07822781942866
       ],
       [
        -1.846963728681209,
        43.07830662354332
       ],
       [
        -1.846947493525233,
        43.0783891965354
       ],
       [
        -1.846931258339492,
        43.078471769519936
       ],
       [
        -1.846891940491342,
        43.07854897466603
       ],
       [
        -1.846779725395008,
        43.07853789625626
       ],
       [
        -1.846731510038131,
        43.07846286094297
       ],
       [
        -1.84673700372204,
        43.07838154425518
       ],
       [
        -1.846688788575228,
        43.07830650890678
       ],
       [
        -1.846584117835332,
        43.078278413165776
       ],
       [
        -1.846448820861033,
        43.07826196646139
       ],
       [
        -1.846336606422283,
        43.07825088754255
       ],
       [
        -1.84622439203121,
        43.07823980849826
       ],
       [
        -1.846119721655512,
        43.07821171226741
       ],
       [
        -1.846042479998866,
        43.078156206047424
       ],
       [
        -1.845965238497245,
        43.078100699762295
       ],
       [
        -1.845860568512315,
        43.07807260325118
       ],
       [
        -1.845749953417282,
        43.07806940410326
       ],
       [
        -1.845644134819327,
        43.078089846147996
       ],
       [
        -1.845536717339594,
        43.07810240764389
       ],
       [
        -1.845441190521411,
        43.07806517410991
       ],
       [
        -1.845316636171471,
        43.07804746973605
       ],
       [
        -1.845210817480467,
        43.07806791133113
       ],
       [
        -1.845097454475026,
        43.07810536981114
       ],
       [
        -1.84498364191609,
        43.07808640892979
       ],
       [
        -1.844967654558509,
        43.078007604421494
       ],
       [
        -1.845043996032686,
        43.07795027301684
       ],
       [
        -1.845083315978385,
        43.077873068498256
       ],
       [
        -1.845110295390656,
        43.077789239610105
       ],
       [
        -1.845115791370708,
        43.077707922909134
       ],
       [
        -1.845027809738111,
        43.07765367194914
       ],
       [
        -1.844898909571592,
        43.07766874493272
       ],
       [
        -1.84478989402722,
        43.07767342517097
       ],
       [
        -1.844679279791289,
        43.077670224832985
       ],
       [
        -1.844570264236618,
        43.0776749048353
       ],
       [
        -1.844462847319888,
        43.077687465184056
       ],
       [
        -1.8443586276371,
        43.07771578635023
       ],
       [
        -1.844243666152859,
        43.077745363417726
       ],
       [
        -1.844137847664758,
        43.07776580389309
       ],
       [
        -1.844049165226122,
        43.07781651015623
       ],
       [
        -1.843997503634185,
        43.07788708982008
       ],
       [
        -1.843958182276738,
        43.07796429395091
       ],
       [
        -1.843883438351989,
        43.07802950503429
       ],
       [
        -1.843807095693067,
        43.07808683559005
       ],
       [
        -1.843718412536151,
        43.07813754156788
       ],
       [
        -1.843702172869246,
        43.078220114161226
       ],
       [
        -1.84368753174685,
        43.07831056722047
       ],
       [
        -1.84367129202195,
        43.07839313979849
       ],
       [
        -1.843780308928559,
        43.07838846073278
       ],
       [
        -1.843884530010383,
        43.078360140142884
       ],
       [
        -1.844004288670205,
        43.07835420486693
       ],
       [
        -1.844114904127555,
        43.07835740590992
       ],
       [
        -1.844192144196616,
        43.07841291362776
       ],
       [
        -1.844208130695252,
        43.07849171825279
       ],
       [
        -1.844277826526657,
        43.078564242819866
       ],
       [
        -1.844382496593612,
        43.07859234095161
       ],
       [
        -1.844478023600767,
        43.078629575462294
       ],
       [
        -1.844558461832131,
        43.078700843780695
       ],
       [
        -1.844595932727855,
        43.07877713622257
       ],
       [
        -1.844708147774286,
        43.078788217048455
       ],
       [
        -1.844821961617564,
        43.07880717819688
       ],
       [
        -1.844909944918823,
        43.07886142924325
       ],
       [
        -1.844978043356722,
        43.078926072828075
       ],
       [
        -1.845058932276859,
        43.07905375989533
       ]
      ]
     ]
    ]
   },
   "properties": {
    "fuente": "EFFIS",
    "id_effis": 794016,
    "lat": 43.07838965125522,
    "lon": -1.845415214192237,
    "fecha_incendio": "2026-09-27T01:52:00+02:00",
    "novedad": "actualizada",
    "ultima_actualizacion": "2026-10-01T13:55:18.208347+02:00",
    "provincia": "Navarra",
    "municipio": "Ezkurra",
    "area_ha": 2.0,
    "pct_natura2000": 100.0,
    "cubierta_pct": {
     "broadlea": 100.0,
     "conifer": 0.0,
     "mixed": 0.0,
     "scleroph": 0.0,
     "transit": 0.0,
     "othernatlc": 0.0,
     "agriareas": 0.0,
     "artifsurf": 0.0,
     "otherlc": 0.0
    }
   }
  },
  {
   "type": "Feature",
   "geometry": {
    "type": "MultiPolygon",
    "coordinates": [
     [
      [
       [
        -2.664055218903282,
        41.29711053918422
       ],
       [
        -2.663930643887676,
        41.29710776313488
       ],
       [
        -2.663802299966973,
        41.29708672034539
       ],
       [
        -2.663714740758763,
        41.29702294814526
       ],
       [
        -2.663659654621947,
        41.29693626223731
       ],
       [
        -2.663604568658454,
        41.29684957628656
       ],
       [
        -2.663573643959142,
        41.29675979229589
       ],
       [
        -2.663554799897147,
        41.2966684592881
       ],
       [
        -2.663584277949431,
        41.296570930275976
       ],
       [
        -2.663683580429494,
        41.29651132271275
       ],
       [
        -2.663796847640329,
        41.29645929932441
       ],
       [
        -2.663880300419814,
        41.29638297399511
       ],
       [
        -2.663861456100305,
        41.29629164102012
       ],
       [
        -2.663751621601532,
        41.29624010013355
       ],
       [
        -2.663625163980631,
        41.296228190344515
       ],
       [
        -2.663505133744906,
        41.29618733148044
       ],
       [
        -2.663437968399887,
        41.296102194333706
       ],
       [
        -2.663407044477042,
        41.296012410204746
       ],
       [
        -2.663376120663425,
        41.29592262605531
       ],
       [
        -2.663381438073331,
        41.29582819497299
       ],
       [
        -2.663438845566748,
        41.29574583460436
       ],
       [
        -2.663351288843986,
        41.295682061930144
       ],
       [
        -2.663226716778483,
        41.29567928490631
       ],
       [
        -2.663104029015201,
        41.295685641046994
       ],
       [
        -2.663004392405614,
        41.295623416986714
       ],
       [
        -2.663073880562324,
        41.295539507877635
       ],
       [
        -2.663198452330638,
        41.29554228510289
       ],
       [
        -2.663343416127274,
        41.29552369760222
       ],
       [
        -2.663478183870854,
        41.29551579218985
       ],
       [
        -2.663545786966138,
        41.29542274944512
       ],
       [
        -2.663539023915956,
        41.29532986730475
       ],
       [
        -2.663624360028133,
        41.29526267545336
       ],
       [
        -2.663745162580122,
        41.29524718537676
       ],
       [
        -2.663854995192641,
        41.2952987263728
       ],
       [
        -2.663934240364314,
        41.29538231427643
       ],
       [
        -2.664074661000822,
        41.295401807974535
       ],
       [
        -2.664194690046001,
        41.29544266621122
       ],
       [
        -2.664323030638068,
        41.29546370861827
       ],
       [
        -2.664451371325778,
        41.29548475085551
       ],
       [
        -2.664559320518411,
        41.29552715773492
       ],
       [
        -2.664578165472501,
        41.29561849062574
       ],
       [
        -2.664436970705929,
        41.29565534651685
       ],
       [
        -2.664314283046042,
        41.295661704157304
       ],
       [
        -2.664193479812857,
        41.295677194942705
       ],
       [
        -2.664067023245375,
        41.295665285682915
       ],
       [
        -2.664039430592188,
        41.295771948195565
       ],
       [
        -2.664034114174633,
        41.295866379290324
       ],
       [
        -2.664052958527884,
        41.29595771226861
       ],
       [
        -2.66407180295673,
        41.29604904523318
       ],
       [
        -2.664159361023047,
        41.29611281720867
       ],
       [
        -2.664246919282623,
        41.29617658909723
       ],
       [
        -2.664373376952049,
        41.29618849808987
       ],
       [
        -2.66449229661185,
        41.29616387378077
       ],
       [
        -2.664609331654226,
        41.29613011604805
       ],
       [
        -2.66472825112463,
        41.296105491458995
       ],
       [
        -2.664849055072037,
        41.29609000000603
       ],
       [
        -2.664969858966318,
        41.296074508406676
       ],
       [
        -2.665094432005176,
        41.296077283204575
       ],
       [
        -2.665219005062264,
        41.29608005784493
       ],
       [
        -2.665349232051386,
        41.29611023212468
       ],
       [
        -2.665392239285373,
        41.29619846633687
       ],
       [
        -2.665350683720391,
        41.29629754505606
       ],
       [
        -2.665345369369625,
        41.29639197611545
       ],
       [
        -2.665340055023997,
        41.29648640716588
       ],
       [
        -2.665334740683491,
        41.29658083820733
       ],
       [
        -2.665341506842422,
        41.29667372002573
       ],
       [
        -2.665299950991421,
        41.296772798686604
       ],
       [
        -2.665214614794001,
        41.296839991890195
       ],
       [
        -2.665095694125228,
        41.296864617081084
       ],
       [
        -2.665006249258713,
        41.296791712776184
       ],
       [
        -2.665035725077911,
        41.29669418340571
       ],
       [
        -2.664948165166237,
        41.2966304122943
       ],
       [
        -2.664840213656625,
        41.29658800594989
       ],
       [
        -2.664752654119857,
        41.296524234648196
       ],
       [
        -2.66464281839536,
        41.29647269479823
       ],
       [
        -2.664524671470365,
        41.29644097049562
       ],
       [
        -2.664409520343918,
        41.29648386141861
       ],
       [
        -2.664340033083174,
        41.2965677713657
       ],
       [
        -2.664322636722178,
        41.29666375148016
       ],
       [
        -2.664329401389715,
        41.29675663340261
       ],
       [
        -2.664336166098151,
        41.296849515315174
       ],
       [
        -2.664330850282389,
        41.29694394631151
       ],
       [
        -2.664457309559206,
        41.29695585514257
       ],
       [
        -2.664581884322131,
        41.29695863053555
       ],
       [
        -2.664669444355949,
        41.29702240194799
       ],
       [
        -2.664712451434328,
        41.29711063638337
       ],
       [
        -2.664595414671379,
        41.297144394255135
       ],
       [
        -2.664454216574471,
        41.29718125021116
       ],
       [
        -2.664333410465011,
        41.29719674122635
       ],
       [
        -2.664278323257602,
        41.29711005570792
       ],
       [
        -2.664168486841429,
        41.29705851537922
       ],
       [
        -2.664055218903282,
        41.29711053918422
       ]
      ]
     ]
    ]
   },
   "properties": {
    "fuente": "EFFIS",
    "id_effis": 794015,
    "lat": 41.296248892806865,
    "lon": -2.664194806896174,
    "fecha_incendio": "2026-09-22T13:10:00+02:00",
    "novedad": "actualizada",
    "ultima_actualizacion": "2026-10-01T13:53:03.924097+02:00",
    "provincia": "Soria",
    "municipio": "Baraona",
    "area_ha": 2.0,
    "pct_natura2000": 100.0,
    "cubierta_pct": {
     "broadlea": 0.0,
     "conifer": 0.0,
     "mixed": 0.0,
     "scleroph": 0.0,
     "transit": 0.0,
     "othernatlc": 99.99999999,
     "agriareas": 0.0,
     "artifsurf": 0.0,
     "otherlc": 0.0
    }
   }
  },
  {
   "type": "Feature",
   "geometry": {
    "type": "MultiPolygon",
    "coordinates": [
     [
      [
       [
        -3.68620334257331,
        41.176400306698525
       ],
       [
        -3.686334073997573,
        41.17645991799689
       ],
       [
        -3.686462405098433,
        41.176508751308496
       ],
       [
        -3.686607215252219,
        41.1764997370205
       ],
       [
        -3.686737621553055,
        41.17642605575652
       ],
       [
        -3.686882268479709,
        41.17635039506663
       ],
       [
        -3.687022276883117,
        41.17631982459787
       ],
       [
        -3.687150608261175,
        41.17636865701138
       ],
       [
        -3.687243419265983,
        41.176455760524185
       ],
       [
        -3.687393030739273,
        41.176468300643265
       ],
       [
        -3.687537840731412,
        41.176459284992355
       ],
       [
        -3.687670646706341,
        41.176396380295785
       ],
       [
        -3.687784409926137,
        41.176313899283905
       ],
       [
        -3.68792681870084,
        41.176294105307534
       ],
       [
        -3.688069227395914,
        41.17627431112745
       ],
       [
        -3.688221239537586,
        41.176297627753826
       ],
       [
        -3.688363648167542,
        41.17627783315033
       ],
       [
        -3.688463169477528,
        41.17619733084738
       ],
       [
        -3.68856028962068,
        41.17610605070059
       ],
       [
        -3.688657409504911,
        41.17601477045801
       ],
       [
        -3.688771170854779,
        41.175932288334074
       ],
       [
        -3.688915814400971,
        41.1758566247271
       ],
       [
        -3.689055820872833,
        41.17582605141398
       ],
       [
        -3.689195827219143,
        41.17579547790489
       ],
       [
        -3.689338234483372,
        41.17577568192538
       ],
       [
        -3.689319522739014,
        41.175889397996585
       ],
       [
        -3.689222403960959,
        41.175980678868775
       ],
       [
        -3.689369613757369,
        41.17598243828612
       ],
       [
        -3.689523861068024,
        41.175949884694816
       ],
       [
        -3.689637621212689,
        41.175867401602495
       ],
       [
        -3.689718097427658,
        41.17576732228381
       ],
       [
        -3.689798573412686,
        41.17566724289682
       ],
       [
        -3.689879049167767,
        41.17556716344151
       ],
       [
        -3.689978567601317,
        41.175486659641344
       ],
       [
        -3.690111369348871,
        41.17542375172634
       ],
       [
        -3.690268016170107,
        41.175401974710304
       ],
       [
        -3.690424662894991,
        41.17538019744774
       ],
       [
        -3.690581309523521,
        41.17535841993868
       ],
       [
        -3.690721314209674,
        41.175327844299495
       ],
       [
        -3.690856516216559,
        41.17527571309172
       ],
       [
        -3.690994119309265,
        41.175234359385364
       ],
       [
        -3.69113412355157,
        41.17520378316965
       ],
       [
        -3.691290769552175,
        41.17518200454841
       ],
       [
        -3.691428372188355,
        41.17514065024595
       ],
       [
        -3.691508844840486,
        41.17504056950417
       ],
       [
        -3.691651249841294,
        41.17502077023723
       ],
       [
        -3.691793654762469,
        41.17500097076659
       ],
       [
        -3.691943263942592,
        41.17501350406554
       ],
       [
        -3.692076062898445,
        41.17495059355991
       ],
       [
        -3.692187416706242,
        41.17485732993898
       ],
       [
        -3.692284529785683,
        41.174766046220874
       ],
       [
        -3.692384044108698,
        41.174685540055535
       ],
       [
        -3.692464514789814,
        41.17458545854997
       ],
       [
        -3.692468980450764,
        41.17447372196738
       ],
       [
        -3.692444965469782,
        41.1743659454716
       ],
       [
        -3.692420950602241,
        41.17425816895528
       ],
       [
        -3.692382695564966,
        41.174152372457165
       ],
       [
        -3.692358680947845,
        41.17404459589581
       ],
       [
        -3.692320426207247,
        41.17393879934264
       ],
       [
        -3.692267931411347,
        41.17383498277958
       ],
       [
        -3.692201196625957,
        41.17373314618246
       ],
       [
        -3.692148702260732,
        41.1736293295221
       ],
       [
        -3.69209620809986,
        41.17352551281711
       ],
       [
        -3.692043714143357,
        41.17342169606749
       ],
       [
        -3.691962740176572,
        41.173321839223775
       ],
       [
        -3.691881766498697,
        41.17322198229504
       ],
       [
        -3.691815033176777,
        41.17312014533132
       ],
       [
        -3.691734060056369,
        41.173020288244686
       ],
       [
        -3.69165308722487,
        41.17292043107304
       ],
       [
        -3.691548437137449,
        41.17284608903416
       ],
       [
        -3.691420109739219,
        41.172797262059795
       ],
       [
        -3.691277542559896,
        41.1727504147823
       ],
       [
        -3.691149215600862,
        41.172701587437174
       ],
       [
        -3.691018487727838,
        41.17264198220169
       ],
       [
        -3.690890161225869,
        41.172593154500085
       ],
       [
        -3.690797351577966,
        41.172506054055894
       ],
       [
        -3.690699740096892,
        41.17239739805482
       ],
       [
        -3.690580852259242,
        41.172325034670116
       ],
       [
        -3.690431250006905,
        41.172312499057654
       ],
       [
        -3.690350280422254,
        41.172212640647714
       ],
       [
        -3.690257472208119,
        41.172125539619095
       ],
       [
        -3.6901267465461,
        41.17206593309965
       ],
       [
        -3.690022099962807,
        41.17199158927105
       ],
       [
        -3.689917453649291,
        41.17191724531772
       ],
       [
        -3.689812807605534,
        41.17184290123965
       ],
       [
        -3.689684483875216,
        41.17179407184526
       ],
       [
        -3.689577437536308,
        41.171708949726224
       ],
       [
        -3.689482230510872,
        41.17161107009382
       ],
       [
        -3.689401263581008,
        41.171511210755085
       ],
       [
        -3.689308457942998,
        41.17142410869471
       ],
       [
        -3.6892038135825,
        41.17134976388292
       ],
       [
        -3.689063652419633,
        41.171313690959565
       ],
       [
        -3.688918690088356,
        41.17125606224251
       ],
       [
        -3.688787967756148,
        41.17119645379488
       ],
       [
        -3.688707002614786,
        41.17109659379089
       ],
       [
        -3.688566842368298,
        41.17106052012396
       ],
       [
        -3.68843852140717,
        41.17101168898522
       ],
       [
        -3.688307800117072,
        41.17095207985457
       ],
       [
        -3.688214997019745,
        41.17086497663946
       ],
       [
        -3.688110355070104,
        41.17079063055242
       ],
       [
        -3.688029391676111,
        41.17069076989899
       ],
       [
        -3.687910510681109,
        41.17061840296357
       ],
       [
        -3.687815797334387,
        41.17072046059137
       ],
       [
        -3.687811322514382,
        41.170832197648224
       ],
       [
        -3.687821087389078,
        41.170941955327294
       ],
       [
        -3.687802372922703,
        41.17105567172374
       ],
       [
        -3.687783658421417,
        41.171169388105234
       ],
       [
        -3.687779183640737,
        41.171281125111065
       ],
       [
        -3.687729589059057,
        41.17138802235229
       ],
       [
        -3.687679994337607,
        41.17149491956182
       ],
       [
        -3.687599519349774,
        41.17159499759054
       ],
       [
        -3.687519044132025,
        41.171695075550936
       ],
       [
        -3.687452808562576,
        41.17179317412667
       ],
       [
        -3.687403213160905,
        41.17190007117602
       ],
       [
        -3.687412977783271,
        41.17200982879029
       ],
       [
        -3.687363382201083,
        41.172116725802816
       ],
       [
        -3.687220982636781,
        41.172136518762045
       ],
       [
        -3.687194577940627,
        41.172017962580505
       ],
       [
        -3.687182413289938,
        41.17189742709614
       ],
       [
        -3.687172649124912,
        41.1717876694331
       ],
       [
        -3.687032650628384,
        41.17181823994504
       ],
       [
        -3.686885450941057,
        41.171816476719435
       ],
       [
        -3.686832967715084,
        41.171712656693956
       ],
       [
        -3.686688168610356,
        41.17172167101624
       ],
       [
        -3.686552970635387,
        41.171773796559954
       ],
       [
        -3.686424649821535,
        41.171724962827774
       ],
       [
        -3.686344172625772,
        41.17182503987685
       ],
       [
        -3.686263695200086,
        41.17192511685758
       ],
       [
        -3.686166577341028,
        41.17201639503873
       ],
       [
        -3.686116979644146,
        41.17212329148815
       ],
       [
        -3.686067381807473,
        41.172230187905896
       ],
       [
        -3.686017783831006,
        41.17233708429194
       ],
       [
        -3.685951545421949,
        41.17243518188501
       ],
       [
        -3.685871066748227,
        41.17253525852454
       ],
       [
        -3.68579058784457,
        41.17263533509574
       ],
       [
        -3.685740989187813,
        41.17274223132161
       ],
       [
        -3.685722270924202,
        41.172855947242155
       ],
       [
        -3.685826913766297,
        41.17293029568974
       ],
       [
        -3.685893636834416,
        41.17303213704164
       ],
       [
        -3.685946119934619,
        41.17313595743923
       ],
       [
        -3.685970122762268,
        41.17324373601914
       ],
       [
        -3.685994125703311,
        41.173351514578535
       ],
       [
        -3.686018128757743,
        41.173459293117375
       ],
       [
        -3.68602789161536,
        41.17356905075807
       ],
       [
        -3.685978292873297,
        41.17367594700979
       ],
       [
        -3.686002296115406,
        41.173783725513054
       ],
       [
        -3.686028699812691,
        41.17390228184293
       ],
       [
        -3.686121504961605,
        41.17398938679906
       ],
       [
        -3.686252230864901,
        41.17404899851387
       ],
       [
        -3.686380556619066,
        41.17409783220958
       ],
       [
        -3.686508882588973,
        41.17414666572926
       ],
       [
        -3.686561367970464,
        41.17425048561766
       ],
       [
        -3.686654174487299,
        41.17433759000093
       ],
       [
        -3.686735141303695,
        41.17443745132821
       ],
       [
        -3.686668902296891,
        41.17453554922321
       ],
       [
        -3.686602663108125,
        41.174633647069996
       ],
       [
        -3.686612427516409,
        41.17474340448098
       ],
       [
        -3.686679154317063,
        41.174845245008505
       ],
       [
        -3.686771962025107,
        41.17493234919437
       ],
       [
        -3.686864770016866,
        41.17501945327681
       ],
       [
        -3.686983658965701,
        41.175091820922745
       ],
       [
        -3.687138068274702,
        41.175125917155015
       ],
       [
        -3.687292477767741,
        41.17516001313859
       ],
       [
        -3.687432646805243,
        41.175196088205794
       ],
       [
        -3.68741393159925,
        41.1753098040849
       ],
       [
        -3.687271524900658,
        41.17532959727518
       ],
       [
        -3.687172003315266,
        41.17541009845045
       ],
       [
        -3.687167528353354,
        41.175521834977346
       ],
       [
        -3.687070407007842,
        41.175613113839816
       ],
       [
        -3.686970884777237,
        41.175693614809774
       ],
       [
        -3.686828477109666,
        41.17571340738224
       ],
       [
        -3.686747996416084,
        41.17581348448372
       ],
       [
        -3.686698397722552,
        41.17592038086515
       ],
       [
        -3.686548787776174,
        41.17590783963807
       ],
       [
        -3.686444138454466,
        41.17583349236921
       ],
       [
        -3.686301730343182,
        41.17585328419142
       ],
       [
        -3.686235489517225,
        41.17595138171707
       ],
       [
        -3.686245253855429,
        41.17606113902717
       ],
       [
        -3.68620334257331,
        41.176400306698525
       ]
      ]
     ]
    ]
   },
   "properties": {
    "fuente": "EFFIS",
    "id_effis": 794014,
    "lat": 41.17375595272122,
    "lon": -3.688832751788594,
    "fecha_incendio": "2026-09-25T12:14:00+02:00",
    "novedad": "actualizada",
    "ultima_actualizacion": "2026-10-01T13:51:41.382103+02:00",
    "provincia": "Segovia",
    "municipio": "Ventosilla y Tejadilla",
    "area_ha": 21.0,
    "pct_natura2000": 0.0,
    "cubierta_pct": {
     "broadlea": 0.0,
     "conifer": 0.0,
     "mixed": 0.0,
     "scleroph": 4.34782609,
     "transit": 0.0,
     "othernatlc": 95.65217391,
     "agriareas": 0.0,
     "artifsurf": 0.0,
     "otherlc": 0.0
    }
   }
  },
  {
   "type": "Feature",
   "geometry": {
    "type": "MultiPolygon",
    "coordinates": [
     [
      [
       [
        -4.075229753733318,
        40.14583943328737
       ],
       [
        -4.075475526388138,
        40.145823009984426
       ],
       [
        -4.075729578215662,
        40.14584377929393
       ],
       [
        -4.075958792021783,
        40.14575296831315
       ],
       [
        -4.076048515768587,
        40.145931930010306
       ],
       [
        -4.075823441165928,
        40.146041337807674
       ],
       [
        -4.076045726316584,
        40.14614349687798
       ],
       [
        -4.076299779692659,
        40.14616426463843
       ],
       [
        -4.076553833268004,
        40.146185031727555
       ],
       [
        -4.076776120204822,
        40.14628718905256
       ],
       [
        -4.077001194084544,
        40.14617777910026
       ],
       [
        -4.077197963838692,
        40.14605327456087
       ],
       [
        -4.077418896149886,
        40.145925267127645
       ],
       [
        -4.077554917527907,
        40.14575197729053
       ],
       [
        -4.077537679214045,
        40.14556250951287
       ],
       [
        -4.077516300990569,
        40.14535444515588
       ],
       [
        -4.077745510839756,
        40.14526363004513
       ],
       [
        -4.077857367316811,
        40.14509384230674
       ],
       [
        -4.077815965740649,
        40.14490787706437
       ],
       [
        -4.077726238886756,
        40.14472891691201
       ],
       [
        -4.077660675365985,
        40.14454645407346
       ],
       [
        -4.0776434376599,
        40.14435698605735
       ],
       [
        -4.077889204377168,
        40.14434055682052
       ],
       [
        -4.07797893096821,
        40.14451951690324
       ],
       [
        -4.078068658148585,
        40.14469847685033
       ],
       [
        -4.078230874438341,
        40.14486692859669
       ],
       [
        -4.078368928776351,
        40.145038882747485
       ],
       [
        -4.078482820990189,
        40.145214339409506
       ],
       [
        -4.078524224864092,
        40.14540030423244
       ],
       [
        -4.078565629069748,
        40.14558626899087
       ],
       [
        -4.078823821868637,
        40.145625626669364
       ],
       [
        -4.078992283158049,
        40.14548602497181
       ],
       [
        -4.079189047343741,
        40.14536151649531
       ],
       [
        -4.079300900204839,
        40.14519172723214
       ],
       [
        -4.079461078237568,
        40.14501493183357
       ],
       [
        -4.079625396143801,
        40.14485673259898
       ],
       [
        -4.079789713317659,
        40.144698533084785
       ],
       [
        -4.079796631816524,
        40.144505562611066
       ],
       [
        -4.079618530978059,
        40.14437780944974
       ],
       [
        -4.079460452919763,
        40.144227956468626
       ],
       [
        -4.079238169089836,
        40.144125804963394
       ],
       [
        -4.079020026415343,
        40.14404224939837
       ],
       [
        -4.078781862190517,
        40.14398079264244
       ],
       [
        -4.078527816463445,
        40.143960031071394
       ],
       [
        -4.078273770935581,
        40.14393926882906
       ],
       [
        -4.077995563109454,
        40.14392200854941
       ],
       [
        -4.077737377973374,
        40.14388264834662
       ],
       [
        -4.077535120915798,
        40.14375839364021
       ],
       [
        -4.077618673652041,
        40.14357351189636
       ],
       [
        -4.077860297399184,
        40.14353848625078
       ],
       [
        -4.078101920915451,
        40.143503460010706
       ],
       [
        -4.078347684334813,
        40.14348702970886
       ],
       [
        -4.078585167255344,
        40.14343340574704
       ],
       [
        -4.078592089880748,
        40.14324043496899
       ],
       [
        -4.078373951330959,
        40.14315687773999
       ],
       [
        -4.078132329205225,
        40.143191904623116
       ],
       [
        -4.077886566877771,
        40.14320833434911
       ],
       [
        -4.077640804456172,
        40.14322476345628
       ],
       [
        -4.077390902112938,
        40.14322259535645
       ],
       [
        -4.077277017410132,
        40.143047136802984
       ],
       [
        -4.077211457708128,
        40.14286467321628
       ],
       [
        -4.077145898468909,
        40.14268220953543
       ],
       [
        -4.077056177677604,
        40.14250324815001
       ],
       [
        -4.076938155928839,
        40.1423091923559
       ],
       [
        -4.076848436424654,
        40.1421302306667
       ],
       [
        -4.076782879333963,
        40.141947766530635
       ],
       [
        -4.076693160946184,
        40.141768804593916
       ],
       [
        -4.07665176654088,
        40.14158283797609
       ],
       [
        -4.076707018959182,
        40.14138286217866
       ],
       [
        -4.076843034624126,
        40.14120957271017
       ],
       [
        -4.076874124849794,
        40.14101309908206
       ],
       [
        -4.076905214986136,
        40.14081662540686
       ],
       [
        -4.076887982372574,
        40.1406271563544
       ],
       [
        -4.076798266153824,
        40.1404481941975
       ],
       [
        -4.076756872936515,
        40.14026222733009
       ],
       [
        -4.076691318912574,
        40.140079762676756
       ],
       [
        -4.076649926425237,
        40.13989379566844
       ],
       [
        -4.076471846516426,
        40.13976603543435
       ],
       [
        -4.076226096971665,
        40.13978246059533
       ],
       [
        -4.076048018293949,
        40.13965469952885
       ],
       [
        -4.075889962387623,
        40.139504839270344
       ],
       [
        -4.075751929296792,
        40.139332879905744
       ],
       [
        -4.075638057879753,
        40.13915741828259
       ],
       [
        -4.075548347957178,
        40.13897845448986
       ],
       [
        -4.075458638623759,
        40.138799490561524
       ],
       [
        -4.075368929879475,
        40.13862052649757
       ],
       [
        -4.075190856608576,
        40.138492763526756
       ],
       [
        -4.074988623526809,
        40.13836850203004
       ],
       [
        -4.074750485674096,
        40.13830703415696
       ],
       [
        -4.074504741441545,
        40.13832345481288
       ],
       [
        -4.074546125877041,
        40.13850942330499
       ],
       [
        -4.074704175683545,
        40.138659286106595
       ],
       [
        -4.074450153208771,
        40.138638512989054
       ],
       [
        -4.074191992564885,
        40.13859914233821
       ],
       [
        -4.074185054859982,
        40.13879211423186
       ],
       [
        -4.074403171654931,
        40.138875681964485
       ],
       [
        -4.074561222162444,
        40.139025544918425
       ],
       [
        -4.074578446648832,
        40.13921501496782
       ],
       [
        -4.074547349367927,
        40.13941148846174
       ],
       [
        -4.074516251997636,
        40.13960796190861
       ],
       [
        -4.074533476795625,
        40.13979743184106
       ],
       [
        -4.074574862983867,
        40.13998339997821
       ],
       [
        -4.074664572018924,
        40.14016236451245
       ],
       [
        -4.074754281643142,
        40.14034132891107
       ],
       [
        -4.074912337191321,
        40.14049119089879
       ],
       [
        -4.075070393550705,
        40.14064105257919
       ],
       [
        -4.075160105221957,
        40.14082001644637
       ],
       [
        -4.075153171309746,
        40.14101298783847
       ],
       [
        -4.075170399071046,
        40.14120245728341
       ],
       [
        -4.075086841320834,
        40.141387337543
       ],
       [
        -4.074950820731111,
        40.14156062468406
       ],
       [
        -4.074895562819458,
        40.14176059962775
       ],
       [
        -4.074864466577459,
        40.14195707266946
       ],
       [
        -4.074954180122614,
        40.142136036420155
       ],
       [
        -4.075043894256988,
        40.142315000035246
       ],
       [
        -4.075133608980583,
        40.142493963514745
       ],
       [
        -4.075223324293406,
        40.14267292685864
       ],
       [
        -4.075264715755045,
        40.14285889397205
       ],
       [
        -4.075306107548332,
        40.14304486102095
       ],
       [
        -4.075347499673264,
        40.14323082800531
       ],
       [
        -4.075364729706052,
        40.14342029690428
       ],
       [
        -4.075381959934765,
        40.143609765756466
       ],
       [
        -4.075399190359408,
        40.143799234561826
       ],
       [
        -4.075464746239368,
        40.14398169932087
       ],
       [
        -4.0755303025821,
        40.144164163985806
       ],
       [
        -4.075748440751853,
        40.144247727524274
       ],
       [
        -4.076002486369459,
        40.14426849635982
       ],
       [
        -4.076160556169987,
        40.144418355233896
       ],
       [
        -4.076386975510347,
        40.1445391104979
       ],
       [
        -4.076613395769133,
        40.14465986518875
       ],
       [
        -4.0767714681683,
        40.144809722922005
       ],
       [
        -4.076909518334693,
        40.14498167929472
       ],
       [
        -4.076999243340891,
        40.14516064021552
       ],
       [
        -4.076992316683006,
        40.14535361062898
       ],
       [
        -4.076961226940291,
        40.145550083393566
       ],
       [
        -4.076954300322327,
        40.145743053724985
       ],
       [
        -4.076794114092662,
        40.14591984512879
       ],
       [
        -4.076560760916039,
        40.14599206147912
       ],
       [
        -4.076446872341411,
        40.14581660258529
       ],
       [
        -4.076332984478004,
        40.14564114350245
       ],
       [
        -4.076194934182805,
        40.14546918643258
       ],
       [
        -4.076036861293809,
        40.14531932788018
       ],
       [
        -4.075854626167868,
        40.14517297113572
       ],
       [
        -4.075676531477119,
        40.14504521063372
       ],
       [
        -4.075418343432434,
        40.14500584441091
       ],
       [
        -4.075172573871049,
        40.14502226748071
       ],
       [
        -4.07521396784456,
        40.14520823407901
       ],
       [
        -4.075392062077733,
        40.145335995422386
       ],
       [
        -4.075229753733318,
        40.14583943328737
       ]
      ]
     ]
    ]
   },
   "properties": {
    "fuente": "EFFIS",
    "id_effis": 794013,
    "lat": 40.14267519673494,
    "lon": -4.076495814647319,
    "fecha_incendio": "2026-09-28T01:54:00+02:00",
    "novedad": "actualizada",
    "ultima_actualizacion": "2026-10-01T13:50:16.344383+02:00",
    "provincia": "Toledo",
    "municipio": "Chozas de Canales",
    "area_ha": 14.0,
    "pct_natura2000": 0.0,
    "cubierta_pct": {
     "broadlea": 0.0,
     "conifer": 0.0,
     "mixed": 0.0,
     "scleroph": 0.0,
     "transit": 77.77777778,
     "othernatlc": 0.0,
     "agriareas": 22.22222222,
     "artifsurf": 0.0,
     "otherlc": 0.0
    }
   }
  },
  {
   "type": "Feature",
   "geometry": {
    "type": "MultiPolygon",
    "coordinates": [
     [
      [
       [
        -4.016553499065623,
        40.08942434039014
       ],
       [
        -4.01672540318203,
        40.089371216505114
       ],
       [
        -4.016894273110074,
        40.089304381620174
       ],
       [
        -4.017072244588999,
        40.08927867853448
       ],
       [
        -4.017241113958347,
        40.08921184305837
       ],
       [
        -4.017365286769941,
        40.089109016000435
       ],
       [
        -4.017489459218901,
        40.08900618878465
       ],
       [
        -4.017589766198241,
        40.08887851046709
       ],
       [
        -4.017577222871026,
        40.0887388332173
       ],
       [
        -4.017460931962352,
        40.088628289036585
       ],
       [
        -4.017344641493219,
        40.08851774468933
       ],
       [
        -4.017260911333762,
        40.08838834877084
       ],
       [
        -4.017212775281446,
        40.08825381206865
       ],
       [
        -4.017146842653765,
        40.08812184564811
       ],
       [
        -4.017045316757478,
        40.08799501978405
       ],
       [
        -4.017050571869872,
        40.08785277196948
       ],
       [
        -4.017225505496559,
        40.087813357975996
       ],
       [
        -4.017349675999244,
        40.087710530864484
       ],
       [
        -4.017515507327291,
        40.08762998422688
       ],
       [
        -4.017615812561354,
        40.08750230575694
       ],
       [
        -4.017791152147357,
        40.08754772540188
       ],
       [
        -4.017857085335213,
        40.087679691445366
       ],
       [
        -4.01795861227577,
        40.087806516467786
       ],
       [
        -4.018060139664914,
        40.08793334135245
       ],
       [
        -4.018126073943955,
        40.088065307124154
       ],
       [
        -4.018046599904634,
        40.08820412621937
       ],
       [
        -4.017931531850903,
        40.08834808619648
       ],
       [
        -4.01794407573349,
        40.08848776343902
       ],
       [
        -4.018107689729996,
        40.08856317418802
       ],
       [
        -4.018282624666875,
        40.0885237582759
       ],
       [
        -4.018457559408605,
        40.08848434205343
       ],
       [
        -4.018644222362128,
        40.08841493361689
       ],
       [
        -4.018768391685044,
        40.088312104794596
       ],
       [
        -4.018868695330273,
        40.08818442517374
       ],
       [
        -4.018948167606996,
        40.088045605461105
       ],
       [
        -4.019030673862729,
        40.087920496316194
       ],
       [
        -4.0190923488899,
        40.08778424713696
       ],
       [
        -4.018976057284503,
        40.087673704683894
       ],
       [
        -4.018845003697339,
        40.08757944335861
       ],
       [
        -4.018779068581122,
        40.08744747803594
       ],
       [
        -4.018730930342552,
        40.087312942026735
       ],
       [
        -4.018700588876825,
        40.08717583535984
       ],
       [
        -4.018566502751501,
        40.087067862886904
       ],
       [
        -4.018447179523662,
        40.0869436089588
       ],
       [
        -4.018363449677154,
        40.08681421376839
       ],
       [
        -4.018247161408794,
        40.08670367022021
       ],
       [
        -4.018102163548086,
        40.086795358287546
       ],
       [
        -4.018061317505071,
        40.086942747235966
       ],
       [
        -4.017885979428362,
        40.08689732800034
       ],
       [
        -4.017909029427745,
        40.08675250956887
       ],
       [
        -4.017932079377892,
        40.08660769111167
       ],
       [
        -4.017972925630238,
        40.08646030215921
       ],
       [
        -4.018097092725784,
        40.086357474059525
       ],
       [
        -4.01827505585486,
        40.08633176896644
       ],
       [
        -4.018459086887282,
        40.0863334849354
       ],
       [
        -4.018637049839588,
        40.08630777918403
       ],
       [
        -4.018753337971682,
        40.08641832231539
       ],
       [
        -4.018940403437735,
        40.086433748039596
       ],
       [
        -4.019106229871636,
        40.086353198739914
       ],
       [
        -4.019248191299078,
        40.0862477985424
       ],
       [
        -4.019414016931165,
        40.08616724872798
       ],
       [
        -4.019579842177894,
        40.08608669863632
       ],
       [
        -4.019748701305732,
        40.08601985891553
       ],
       [
        -4.019893695368512,
        40.08592816844089
       ],
       [
        -4.020038689049541,
        40.085836477753595
       ],
       [
        -4.020100360703139,
        40.085700227749655
       ],
       [
        -4.020221488923342,
        40.08558368636116
       ],
       [
        -4.020393380566705,
        40.08553055618229
       ],
       [
        -4.020571340747795,
        40.085504846955814
       ],
       [
        -4.020743231932085,
        40.085451716168414
       ],
       [
        -4.020885189042286,
        40.08534631362127
       ],
       [
        -4.021030180204168,
        40.085254621481084
       ],
       [
        -4.021216831807892,
        40.08518520824071
       ],
       [
        -4.021394790799694,
        40.08515949753507
       ],
       [
        -4.021495085471874,
        40.08503181507837
       ],
       [
        -4.021319750102354,
        40.084986401863446
       ],
       [
        -4.021129653635687,
        40.08495726997214
       ],
       [
        -4.020951695109382,
        40.084982980181856
       ],
       [
        -4.020779805270335,
        40.08503611131976
       ],
       [
        -4.020613983922963,
        40.08511666342
       ],
       [
        -4.020448162190253,
        40.085197215243035
       ],
       [
        -4.020276271434453,
        40.08525034550797
       ],
       [
        -4.020098311851135,
        40.08527605418069
       ],
       [
        -4.019920352143235,
        40.085301762530676
       ],
       [
        -4.019739358103106,
        40.085313759897765
       ],
       [
        -4.019546227351706,
        40.085270914258004
       ],
       [
        -4.019353096882261,
        40.08522806822286
       ],
       [
        -4.01916603484111,
        40.085212643161064
       ],
       [
        -4.019049748505292,
        40.08510210032563
       ],
       [
        -4.018933462608962,
        40.08499155732364
       ],
       [
        -4.018849734965362,
        40.084862162216375
       ],
       [
        -4.018783803564696,
        40.084730196400216
       ],
       [
        -4.018717872482799,
        40.08459823051059
       ],
       [
        -4.018601588236364,
        40.08448768699849
       ],
       [
        -4.018467508657717,
        40.08437971386974
       ],
       [
        -4.018333429569959,
        40.08427174052745
       ],
       [
        -4.018475388175419,
        40.08416634132445
       ],
       [
        -4.018662446891241,
        40.08418176784363
       ],
       [
        -4.018837370039701,
        40.08414235114192
       ],
       [
        -4.018961531939008,
        40.084039521860156
       ],
       [
        -4.019085693475759,
        40.083936692420586
       ],
       [
        -4.018969409962763,
        40.083826149248495
       ],
       [
        -4.018788419950343,
        40.08383814472819
       ],
       [
        -4.018604396046719,
        40.08383642914318
       ],
       [
        -4.018455556209868,
        40.083744737173646
       ],
       [
        -4.018339274223468,
        40.083634193174255
       ],
       [
        -4.018222992676524,
        40.08352364900834
       ],
       [
        -4.018106711569036,
        40.08341310467587
       ],
       [
        -4.017972635404906,
        40.083305130629824
       ],
       [
        -4.017806002401538,
        40.08321600798664
       ],
       [
        -4.017642403470257,
        40.083140595810704
       ],
       [
        -4.017481838486666,
        40.08307889412467
       ],
       [
        -4.017261820546621,
        40.08299748154713
       ],
       [
        -4.017086494356254,
        40.08295206028786
       ],
       [
        -4.016881644375214,
        40.082939200826736
       ],
       [
        -4.016700656641671,
        40.08295119235039
       ],
       [
        -4.016695399342452,
        40.083093440945255
       ],
       [
        -4.016690142072556,
        40.083235689517764
       ],
       [
        -4.01654818246905,
        40.083341086245866
       ],
       [
        -4.016376293545816,
        40.0833942096487
       ],
       [
        -4.01619833778213,
        40.08341991109682
       ],
       [
        -4.016037773563001,
        40.08335820701541
       ],
       [
        -4.016025236709399,
        40.08321852854724
       ],
       [
        -4.016066086443639,
        40.08307113976104
       ],
       [
        -4.016089140595799,
        40.082926321046585
       ],
       [
        -4.016094399285639,
        40.082784072413794
       ],
       [
        -4.016064067252247,
        40.082646963963775
       ],
       [
        -4.0159803493682,
        40.082517565743146
       ],
       [
        -4.015799362726538,
        40.082529555555894
       ],
       [
        -4.015624442217478,
        40.08256896676336
       ],
       [
        -4.015446488455331,
        40.08259466678937
       ],
       [
        -4.015268534568666,
        40.08262036649265
       ],
       [
        -4.015090580557488,
        40.08264606587319
       ],
       [
        -4.015138705937507,
        40.082780604766846
       ],
       [
        -4.015186831567622,
        40.0829151436095
       ],
       [
        -4.015291377039695,
        40.083055683403934
       ],
       [
        -4.015339503296322,
        40.08319022211159
       ],
       [
        -4.015277823206973,
        40.0833264697269
       ],
       [
        -4.015102900333606,
        40.08336588004021
       ],
       [
        -4.014986625120343,
        40.083255331758004
       ],
       [
        -4.014852554796763,
        40.083147353192594
       ],
       [
        -4.014680665112106,
        40.08320047362948
       ],
       [
        -4.014535669503131,
        40.08329215663122
       ],
       [
        -4.014333852080187,
        40.08329300270557
       ],
       [
        -4.014158527384927,
        40.08324757612368
       ],
       [
        -4.013980170167522,
        40.08318843829684
       ],
       [
        -4.013796148715352,
        40.08318671351643
       ],
       [
        -4.01363335631277,
        40.08328096489917
       ],
       [
        -4.013467530773055,
        40.083361505080305
       ],
       [
        -4.013283508886115,
        40.08335977934296
       ],
       [
        -4.013099487026542,
        40.083358053255935
       ],
       [
        -4.0129306280939,
        40.083424881591995
       ],
       [
        -4.01275530414302,
        40.083379452457905
       ],
       [
        -4.012594743627995,
        40.08331774255768
       ],
       [
        -4.012407689510485,
        40.08330230418275
       ],
       [
        -4.012229333907317,
        40.083243163089705
       ],
       [
        -4.012098300825051,
        40.083148891545385
       ],
       [
        -4.011908215034016,
        40.083119741191375
       ],
       [
        -4.011721161733097,
        40.083104301463635
       ],
       [
        -4.011537140797658,
        40.083102572384476
       ],
       [
        -4.011373550075285,
        40.08302714936556
       ],
       [
        -4.011257282222583,
        40.08291659633497
       ],
       [
        -4.011126251381191,
        40.08282232337263
       ],
       [
        -4.011024747835417,
        40.08269548977427
       ],
       [
        -4.010941040252524,
        40.082566086874685
       ],
       [
        -4.010910719492971,
        40.08242897641109
       ],
       [
        -4.010880398912355,
        40.082291865912524
       ],
       [
        -4.010850078510671,
        40.08215475537896
       ],
       [
        -4.010672124395496,
        40.082180446677135
       ],
       [
        -4.010500234077163,
        40.082233559787596
       ],
       [
        -4.010304484190185,
        40.08226181950188
       ],
       [
        -4.010129165651622,
        40.08221638539169
       ],
       [
        -4.009968610976901,
        40.08215467088084
       ],
       [
        -4.00979329301195,
        40.082109236140134
       ],
       [
        -4.009606243410427,
        40.08209379219939
       ],
       [
        -4.009434352524362,
        40.08214690344641
       ],
       [
        -4.009262461376276,
        40.082200014394864
       ],
       [
        -4.009141319297837,
        40.08231654298021
       ],
       [
        -4.00904100402362,
        40.082444213717324
       ],
       [
        -4.008940688397739,
        40.08257188434539
       ],
       [
        -4.008757063448126,
        40.082654985466405
       ],
       [
        -4.008581745024387,
        40.08260954857691
       ],
       [
        -4.008432923419671,
        40.08251784052385
       ],
       [
        -4.008269338213728,
        40.08244241204644
       ],
       [
        -4.008120517507013,
        40.08235070346885
       ],
       [
        -4.007989492780741,
        40.08225642601563
       ],
       [
        -4.007873232579892,
        40.08214586859099
       ],
       [
        -4.007991345206458,
        40.08201563033563
       ],
       [
        -4.008136347096937,
        40.0819239567775
       ],
       [
        -4.008260521760767,
        40.08182114052091
       ],
       [
        -4.008378633136927,
        40.08169090179164
       ],
       [
        -4.008262373429475,
        40.08158034475145
       ],
       [
        -4.008087058464023,
        40.08153490680347
       ],
       [
        -4.007962884010782,
        40.08163772286194
       ],
       [
        -4.007817882464082,
        40.08172939617701
       ],
       [
        -4.007649022493568,
        40.081796215475336
       ],
       [
        -4.007461974539994,
        40.08178076734412
       ],
       [
        -4.007280597187135,
        40.0817079055597
       ],
       [
        -4.007087487253772,
        40.08166503428984
       ],
       [
        -4.006920874946021,
        40.08157589212968
       ],
       [
        -4.006789853835512,
        40.08148161286189
       ],
       [
        -4.006629304605559,
        40.081419892601865
       ],
       [
        -4.006695206055827,
        40.081551868115504
       ],
       [
        -4.006832289430935,
        40.081673569938985
       ],
       [
        -4.006933782516204,
        40.08180040840102
       ],
       [
        -4.007100395478007,
        40.08188955049656
       ],
       [
        -4.007278741911002,
        40.08194870139765
       ],
       [
        -4.007427560321744,
        40.08204041137979
       ],
       [
        -4.007543819506568,
        40.08215096938384
       ],
       [
        -4.007674843306702,
        40.082245247479456
       ],
       [
        -4.007805867523833,
        40.0823395253752
       ],
       [
        -4.007922128011117,
        40.08245008284874
       ],
       [
        -4.008082681334676,
        40.08251180076933
       ],
       [
        -4.008213706788251,
        40.08260607804765
       ],
       [
        -4.008377292373481,
        40.08268150659338
       ],
       [
        -4.008425403548664,
        40.08281604927875
       ],
       [
        -4.008325086271664,
        40.082943719275875
       ],
       [
        -4.008141459599107,
        40.083026819257356
       ],
       [
        -4.007963502287292,
        40.083052505673365
       ],
       [
        -4.007785544851021,
        40.083078191766646
       ],
       [
        -4.007604555879266,
        40.083090166373744
       ],
       [
        -4.007384943955677,
        40.08309356652146
       ],
       [
        -4.007186159127794,
        40.08310810887002
       ],
       [
        -4.007010840666779,
        40.08306266916671
       ],
       [
        -4.006829851665983,
        40.083074642330864
       ],
       [
        -4.006666266950975,
        40.08299921118012
       ],
       [
        -4.00648791805733,
        40.08294005930012
       ],
       [
        -4.006353863371853,
        40.08283206844756
       ],
       [
        -4.006193311001524,
        40.08277034765729
       ],
       [
        -4.006029727924004,
        40.082694915356065
       ],
       [
        -4.00588090994437,
        40.08260320327973
       ],
       [
        -4.00571732771936,
        40.082527770410856
       ],
       [
        -4.005524216427149,
        40.08248489611333
       ],
       [
        -4.005536729942178,
        40.08262457681454
       ],
       [
        -4.005697281238453,
        40.0826862987354
       ],
       [
        -4.005878659596418,
        40.08275916337002
       ],
       [
        -4.006039211608261,
        40.08282088469316
       ],
       [
        -4.006170234628143,
        40.08291516477911
       ],
       [
        -4.006182749793861,
        40.083054845279854
       ],
       [
        -4.006064632044819,
        40.0831850813632
       ],
       [
        -4.005895766822622,
        40.08325189768447
       ],
       [
        -4.005723870251025,
        40.08330500248627
       ],
       [
        -4.005555004408794,
        40.08337181822701
       ],
       [
        -4.005377045364815,
        40.083397499950465
       ],
       [
        -4.005199086196392,
        40.08342318135117
       ],
       [
        -4.005054077297533,
        40.08351485061091
       ],
       [
        -4.00521463046017,
        40.0835765732109
       ],
       [
        -4.005410385990058,
        40.083548323610614
       ],
       [
        -4.005591376444866,
        40.08353635305029
       ],
       [
        -4.005790162781532,
        40.08352181392343
       ],
       [
        -4.00598591795298,
        40.08349356317305
       ],
       [
        -4.00616387706908,
        40.083467880333814
       ],
       [
        -4.006341836060742,
        40.08344219717183
       ],
       [
        -4.006519794927951,
        40.0834165136871
       ],
       [
        -4.006697753670704,
        40.08339082987964
       ],
       [
        -4.006872681013885,
        40.08335143456239
       ],
       [
        -4.006956381504597,
        40.083480841097746
       ],
       [
        -4.006876887779461,
        40.08361965236366
       ],
       [
        -4.006755739266725,
        40.08373617801266
       ],
       [
        -4.006655417620235,
        40.08386384630658
       ],
       [
        -4.006572891656466,
        40.08398894611522
       ],
       [
        -4.006517255268988,
        40.084152611044445
       ],
       [
        -4.006434728764148,
        40.08427771071586
       ],
       [
        -4.006355233231886,
        40.084416521499065
       ],
       [
        -4.006296564854681,
        40.08456647506658
       ],
       [
        -4.00613072767888,
        40.084647002993634
       ],
       [
        -4.006161039987265,
        40.084784114911955
       ],
       [
        -4.006209148771888,
        40.08491865847951
       ],
       [
        -4.006257257806529,
        40.08505320199609
       ],
       [
        -4.006305367091193,
        40.08518774546169
       ],
       [
        -4.006353476625875,
        40.08532228887633
       ],
       [
        -4.006454975714404,
        40.0854491271579
       ],
       [
        -4.006599986627301,
        40.08535745592427
       ],
       [
        -4.006661686102426,
        40.08522121347013
       ],
       [
        -4.006723385365706,
        40.08508497096441
       ],
       [
        -4.006844536073627,
        40.084968445447096
       ],
       [
        -4.00701643604408,
        40.08491533864103
       ],
       [
        -4.007161445117345,
        40.084823666578664
       ],
       [
        -4.007202315434334,
        40.08467628108878
       ],
       [
        -4.007015259119165,
        40.08466083241972
       ],
       [
        -4.00702053740329,
        40.084518583888745
       ],
       [
        -4.007103063022288,
        40.08439348378013
       ],
       [
        -4.007164760859396,
        40.08425724092349
       ],
       [
        -4.007247285952129,
        40.08413214067561
       ],
       [
        -4.007308983328781,
        40.08399589770542
       ],
       [
        -4.007450958702564,
        40.08389051403711
       ],
       [
        -4.007595965115325,
        40.08379884131578
       ],
       [
        -4.00776483005932,
        40.08373202208487
       ],
       [
        -4.007847353502723,
        40.08360692131294
       ],
       [
        -4.007909049305108,
        40.08347067793889
       ],
       [
        -4.007988540708555,
        40.08333186588312
       ],
       [
        -4.008160435674426,
        40.083278757126486
       ],
       [
        -4.008329298801142,
        40.083211936937694
       ],
       [
        -4.008501193210364,
        40.08315882758955
       ],
       [
        -4.008687851442682,
        40.08308943806416
       ],
       [
        -4.008853681927431,
        40.083008905860005
       ],
       [
        -4.009028607138875,
        40.082969506713354
       ],
       [
        -4.009197468676749,
        40.08290268504563
       ],
       [
        -4.009192194748661,
        40.0830449337906
       ],
       [
        -4.009068019476791,
        40.08314775112763
       ],
       [
        -4.008967703036764,
        40.08327542171686
       ],
       [
        -4.008885182048825,
        40.08340052340307
       ],
       [
        -4.008823488330862,
        40.083536767338444
       ],
       [
        -4.008740966816705,
        40.08366186888538
       ],
       [
        -4.008658445024931,
        40.08378697035505
       ],
       [
        -4.008575922955529,
        40.083912071747434
       ],
       [
        -4.008496432289359,
        40.08405088417575
       ],
       [
        -4.008434737363173,
        40.08418712781165
       ],
       [
        -4.008334418415478,
        40.08431479769111
       ],
       [
        -4.008254926883017,
        40.08445360989205
       ],
       [
        -4.008193231207004,
        40.084589853342074
       ],
       [
        -4.008131535319174,
        40.08472609674056
       ],
       [
        -4.008069839219522,
        40.08486234008747
       ],
       [
        -4.008008142908043,
        40.08499858338282
       ],
       [
        -4.008038459549446,
        40.08513569452153
       ],
       [
        -4.008213390768939,
        40.08509629673239
       ],
       [
        -4.008379226575824,
        40.085015765331185
       ],
       [
        -4.008503406023697,
        40.08491294893731
       ],
       [
        -4.008490884753578,
        40.08477326920815
       ],
       [
        -4.008546516437107,
        40.08460960340943
       ],
       [
        -4.008629039232956,
        40.08448450210902
       ],
       [
        -4.008711561751176,
        40.08435940073132
       ],
       [
        -4.00881188002281,
        40.08423173049048
       ],
       [
        -4.008873574187192,
        40.084095486646454
       ],
       [
        -4.00895609586513,
        40.08397038503796
       ],
       [
        -4.009038617265452,
        40.0838452833522
       ],
       [
        -4.009118106600218,
        40.08370647049424
       ],
       [
        -4.009179799804993,
        40.08357022641274
       ],
       [
        -4.009262320394078,
        40.083445124511464
       ],
       [
        -4.009324013138453,
        40.083308880316416
       ],
       [
        -4.00940653320132,
        40.08318377827588
       ],
       [
        -4.009506848677939,
        40.083056107252894
       ],
       [
        -4.009678741820718,
        40.083002995853256
       ],
       [
        -4.009812802737049,
        40.083110981889924
       ],
       [
        -4.009979423652855,
        40.08320011866014
       ],
       [
        -4.010172540597511,
        40.08324298387768
       ],
       [
        -4.010377389504912,
        40.08325585752525
       ],
       [
        -4.010537947538924,
        40.08331757117822
       ],
       [
        -4.010603859761938,
        40.08344954342142
       ],
       [
        -4.010562997498872,
        40.08359693026529
       ],
       [
        -4.010575522636857,
        40.08373660977066
       ],
       [
        -4.010605843758934,
        40.08387372013998
       ],
       [
        -4.010707348707228,
        40.0840005539741
       ],
       [
        -4.01086790906902,
        40.08406226695656
       ],
       [
        -4.011042835989064,
        40.08402286416784
       ],
       [
        -4.011048105537813,
        40.083880615612216
       ],
       [
        -4.010931836473437,
        40.08377006233034
       ],
       [
        -4.010954902141423,
        40.08362524456004
       ],
       [
        -4.011126795659942,
        40.0835721306159
       ],
       [
        -4.011310817894304,
        40.083573860428984
       ],
       [
        -4.011486141246063,
        40.083619292182014
       ],
       [
        -4.011649733736229,
        40.0836947149062
       ],
       [
        -4.011733444631256,
        40.083824116933
       ],
       [
        -4.011763768318515,
        40.083961226843385
       ],
       [
        -4.011883071680396,
        40.08408549002746
       ],
       [
        -4.012004211754346,
        40.083968958302506
       ],
       [
        -4.012128383878504,
        40.08386613740249
       ],
       [
        -4.012312407079427,
        40.08386786528478
       ],
       [
        -4.012412717766281,
        40.083740191509
       ],
       [
        -4.012590675565992,
        40.083714496940566
       ],
       [
        -4.012751237133325,
        40.0837762067872
       ],
       [
        -4.012882272654018,
        40.08387047730805
       ],
       [
        -4.012983782215372,
        40.08399730861018
       ],
       [
        -4.012922096708345,
        40.08413355479341
       ],
       [
        -4.012860410989551,
        40.084269800925085
       ],
       [
        -4.012760100518237,
        40.08439747508578
       ],
       [
        -4.012618132494073,
        40.08450286621844
       ],
       [
        -4.012493960061359,
        40.08460568768672
       ],
       [
        -4.01234895865022,
        40.08469736748038
       ],
       [
        -4.012203956857364,
        40.08478904706134
       ],
       [
        -4.01203812606335,
        40.08486958484827
       ],
       [
        -4.011893123501356,
        40.084961263974016
       ],
       [
        -4.011748120557644,
        40.08505294288705
       ],
       [
        -4.01194124464355,
        40.08509580426778
       ],
       [
        -4.012128303904926,
        40.085111243342396
       ],
       [
        -4.012315363274983,
        40.085126682052795
       ],
       [
        -4.012502422753714,
        40.08514212039897
       ],
       [
        -4.01263529423765,
        40.084995596645605
       ],
       [
        -4.012717809605369,
        40.08487049216614
       ],
       [
        -4.012841982135382,
        40.08476767043675
       ],
       [
        -4.012924496889849,
        40.084642565772185
       ],
       [
        -4.013102857303187,
        40.0847017053429
       ],
       [
        -4.013295981332522,
        40.084744564046595
       ],
       [
        -4.013489105643877,
        40.08478742235493
       ],
       [
        -4.01364967100699,
        40.084849130521306
       ],
       [
        -4.013810236702166,
        40.0849108384072
       ],
       [
        -4.013994263109075,
        40.084912562993985
       ],
       [
        -4.014154829333132,
        40.084974270288456
       ],
       [
        -4.014365751092231,
        40.08501455702971
       ],
       [
        -4.014555843998124,
        40.08504370227955
       ],
       [
        -4.014621766988101,
        40.0851756712015
       ],
       [
        -4.014652098013838,
        40.08531277977388
       ],
       [
        -4.014682429218571,
        40.08544988831128
       ],
       [
        -4.014730556816789,
        40.08558442694058
       ],
       [
        -4.014891125599306,
        40.08564613288962
       ],
       [
        -4.015078187481494,
        40.08566156618562
       ],
       [
        -4.015108519892768,
        40.08579867450017
       ],
       [
        -4.015138852483055,
        40.085935782779714
       ],
       [
        -4.015269896613575,
        40.0860300495813
       ],
       [
        -4.015445230128845,
        40.08607547373292
       ],
       [
        -4.01563532685483,
        40.0861046167108
       ],
       [
        -4.015813694305723,
        40.08616375097893
       ],
       [
        -4.015772843213312,
        40.08631113922862
       ],
       [
        -4.015597912767435,
        40.08635055056152
       ],
       [
        -4.015437341370522,
        40.086288845913046
       ],
       [
        -4.015262007253198,
        40.08624342177722
       ],
       [
        -4.015086673405374,
        40.08619799731371
       ],
       [
        -4.014896576698624,
        40.08616885326386
       ],
       [
        -4.014765532824309,
        40.0860745859636
       ],
       [
        -4.014634489367062,
        40.08598031846342
       ],
       [
        -4.014485650023736,
        40.08588862059693
       ],
       [
        -4.014388373822454,
        40.0860300070365
       ],
       [
        -4.01434751951941,
        40.08617739481321
       ],
       [
        -4.014268039115809,
        40.086316211299234
       ],
       [
        -4.014244980933058,
        40.086461029202674
       ],
       [
        -4.01422192270102,
        40.08660584708043
       ],
       [
        -4.014160238200142,
        40.08674209364644
       ],
       [
        -4.014080756903207,
        40.08688090992697
       ],
       [
        -4.014039901684173,
        40.08702829747379
       ],
       [
        -4.013999046334753,
        40.08717568498509
       ],
       [
        -4.01395819085497,
        40.08732307246087
       ],
       [
        -4.014041912461206,
        40.087452471653705
       ],
       [
        -4.014125634452347,
        40.087581870744145
       ],
       [
        -4.013962832430515,
        40.08767612256548
       ],
       [
        -4.013838656773373,
        40.08777894551992
       ],
       [
        -4.013904582013113,
        40.0879109144781
       ],
       [
        -4.014091650257666,
        40.087926349427946
       ],
       [
        -4.014257485910483,
        40.0878458082298
       ],
       [
        -4.014432420983009,
        40.08780639922029
       ],
       [
        -4.014622522409972,
        40.08783554397304
       ],
       [
        -4.014738806592312,
        40.08794609186683
       ],
       [
        -4.014840327714323,
        40.08807292030683
       ],
       [
        -4.014888458533219,
        40.08820745838348
       ],
       [
        -4.01497218350785,
        40.088336856543535
       ],
       [
        -4.015073705850772,
        40.08846368464749
       ],
       [
        -4.015237316164732,
        40.088539100356705
       ],
       [
        -4.015353602920977,
        40.08864964734804
       ],
       [
        -4.015330547216062,
        40.0887944650751
       ],
       [
        -4.015520652141964,
        40.08882360792381
       ],
       [
        -4.015695993822729,
        40.08886903122033
       ],
       [
        -4.015856572362256,
        40.08893073503892
       ],
       [
        -4.016020184945385,
        40.08900614931727
       ],
       [
        -4.016183797941797,
        40.089081563300354
       ],
       [
        -4.016332648012385,
        40.08917325790381
       ],
       [
        -4.016553499065623,
        40.08942434039014
       ]
      ]
     ]
    ]
   },
   "properties": {
    "fuente": "EFFIS",
    "id_effis": 794012,
    "lat": 40.085197479919884,
    "lon": -4.014759871377144,
    "fecha_incendio": "2026-09-28T01:34:00+02:00",
    "novedad": "actualizada",
    "ultima_actualizacion": "2026-10-01T13:48:32.376803+02:00",
    "provincia": "Toledo",
    "municipio": "Lominchar",
    "area_ha": 33.0,
    "pct_natura2000": 0.0,
    "cubierta_pct": {
     "broadlea": 0.0,
     "conifer": 0.0,
     "mixed": 0.0,
     "scleroph": 0.0,
     "transit": 0.0,
     "othernatlc": 58.82352941,
     "agriareas": 41.17647059,
     "artifsurf": 0.0,
     "otherlc": 0.0
    }
   }
  },
  {
   "type": "Feature",
   "geometry": {
    "type": "MultiPolygon",
    "coordinates": [
     [
      [
       [
        -7.166434390024157,
        42.25233721672523
       ],
       [
        -7.166976607873075,
        42.25186658450457
       ],
       [
        -7.167501414543932,
        42.25133612608703
       ],
       [
        -7.167569864071331,
        42.250696006415964
       ],
       [
        -7.167620910418172,
        42.249996062948306
       ],
       [
        -7.167527708200104,
        42.24938386659419
       ],
       [
        -7.166759286518631,
        42.24907679529858
       ],
       [
        -7.165933627310839,
        42.24915658207814
       ],
       [
        -7.165125366525444,
        42.24929618604637
       ],
       [
        -7.164288474217797,
        42.24962921537065
       ],
       [
        -7.163960106218216,
        42.25025138838358
       ],
       [
        -7.163828189145908,
        42.25096529047065
       ],
       [
        -7.164083017924179,
        42.251549572115806
       ],
       [
        -7.164707200516025,
        42.25194440634467
       ],
       [
        -7.166434390024157,
        42.25233721672523
       ]
      ]
     ]
    ]
   },
   "properties": {
    "fuente": "EFFIS",
    "id_effis": 794008,
    "lat": 42.25063879328406,
    "lon": -7.165825085597363,
    "fecha_incendio": "2026-09-25T01:54:00+02:00",
    "novedad": "actualizada",
    "ultima_actualizacion": "2026-10-01T13:22:23.299729+02:00",
    "provincia": "Ourense",
    "municipio": "Manzaneda",
    "area_ha": 9.0,
    "pct_natura2000": 100.0,
    "cubierta_pct": {
     "broadlea": 12.5,
     "conifer": 0.0,
     "mixed": 0.0,
     "scleroph": 0.0,
     "transit": 87.5,
     "othernatlc": 0.0,
     "agriareas": 0.0,
     "artifsurf": 0.0,
     "otherlc": 0.0
    }
   }
  },
  {
   "type": "Feature",
   "geometry": {
    "type": "MultiPolygon",
    "coordinates": [
     [
      [
       [
        -5.81416897412,
        42.9853171689085
       ],
       [
        -5.813921758931501,
        42.98527738646225
       ],
       [
        -5.813678656804777,
        42.98525268471757
       ],
       [
        -5.813460272207684,
        42.98523982528145
       ],
       [
        -5.813303743450751,
        42.98513860508209
       ],
       [
        -5.813200804010437,
        42.98499750679607
       ],
       [
        -5.813077260579179,
        42.984859646723564
       ],
       [
        -5.812994926807658,
        42.984715309804734
       ],
       [
        -5.812854892517506,
        42.98459576908613
       ],
       [
        -5.812698366760698,
        42.98449454779521
       ],
       [
        -5.812521237168816,
        42.98439656447032
       ],
       [
        -5.812323503818502,
        42.98430181900114
       ],
       [
        -5.812129883323304,
        42.98422215452864
       ],
       [
        -5.811973359980724,
        42.98412093200198
       ],
       [
        -5.811994051808917,
        42.98396040339284
       ],
       [
        -5.811829305383145,
        42.98382901773061
       ],
       [
        -5.811639799267032,
        42.98376443364576
       ],
       [
        -5.811479166225204,
        42.98364812879172
       ],
       [
        -5.811339138048561,
        42.983528585662974
       ],
       [
        -5.811199110494099,
        42.98340904230764
       ],
       [
        -5.811137388163845,
        42.983261465500924
       ],
       [
        -5.81096026539083,
        42.983163479111134
       ],
       [
        -5.810750112918165,
        42.98318077647678
       ],
       [
        -5.810593595148996,
        42.98307955153902
       ],
       [
        -5.81051127083939,
        42.98293521207158
       ],
       [
        -5.810305276901568,
        42.98288894460887
       ],
       [
        -5.81009928331689,
        42.982842676711826
       ],
       [
        -5.809922163753224,
        42.982744688359325
       ],
       [
        -5.809707948296572,
        42.982668256529536
       ],
       [
        -5.809518448684254,
        42.98260366818238
       ],
       [
        -5.809328949519549,
        42.98253907946088
       ],
       [
        -5.809098242972462,
        42.98248096542024
       ],
       [
        -5.808908744730308,
        42.982416375872056
       ],
       [
        -5.808686261289552,
        42.98238842405926
       ],
       [
        -5.808467889101432,
        42.982375553371156
       ],
       [
        -5.808249517035381,
        42.982362682205725
       ],
       [
        -5.808060020214754,
        42.98229809100906
       ],
       [
        -5.807854030793685,
        42.98225181836462
       ],
       [
        -5.807771714834066,
        42.98210747628948
       ],
       [
        -5.807730606945857,
        42.981956659640204
       ],
       [
        -5.80753289070124,
        42.98186190402498
       ],
       [
        -5.807339285793161,
        42.98178222968166
       ],
       [
        -5.807158063991815,
        42.98166915442124
       ],
       [
        -5.807116958194235,
        42.98151833739915
       ],
       [
        -5.80697694503136,
        42.98139878751138
       ],
       [
        -5.806977047195191,
        42.981241496199914
       ],
       [
        -5.806997752968201,
        42.981080967782376
       ],
       [
        -5.806894837804738,
        42.98093986179424
       ],
       [
        -5.806738333625497,
        42.98083863024007
       ],
       [
        -5.806581830028311,
        42.98073739841545
       ],
       [
        -5.806388230471668,
        42.980657721997176
       ],
       [
        -5.806161645103014,
        42.98061468254413
       ],
       [
        -5.805947390565278,
        42.98061688789992
       ],
       [
        -5.805770285656055,
        42.98051889159415
       ],
       [
        -5.805609674702171,
        42.98040257635551
       ],
       [
        -5.805416077743097,
        42.98032289796316
       ],
       [
        -5.80525546812247,
        42.98020658209785
       ],
       [
        -5.805173162396747,
        42.98006223732395
       ],
       [
        -5.805016663921318,
        42.97996100283731
       ],
       [
        -5.804876659443583,
        42.97984144959558
       ],
       [
        -5.804724326369428,
        42.979676650573495
       ],
       [
        -5.804600816716748,
        42.97953877840766
       ],
       [
        -5.80441133390351,
        42.979474179744464
       ],
       [
        -5.804234235469798,
        42.97937618043632
       ],
       [
        -5.804077740719454,
        42.97927494431316
       ],
       [
        -5.803921246551139,
        42.979173707919614
       ],
       [
        -5.803756534134836,
        42.979042307436934
       ],
       [
        -5.803567054027375,
        42.97897770707182
       ],
       [
        -5.803389958718183,
        42.97887970613823
       ],
       [
        -5.803183985913483,
        42.97883342327769
       ],
       [
        -5.802994507205129,
        42.978768821779425
       ],
       [
        -5.802792701574197,
        42.978658974018664
       ],
       [
        -5.802599114868658,
        42.9785792897668
       ],
       [
        -5.802434407416355,
        42.978447886897314
       ],
       [
        -5.802277918660492,
        42.97834664770678
       ],
       [
        -5.80217502100612,
        42.9782055360114
       ],
       [
        -5.802339901104845,
        42.97810100113695
       ],
       [
        -5.802574748942548,
        42.97809556759209
       ],
       [
        -5.802809539365104,
        42.97816877956636
       ],
       [
        -5.803044330417258,
        42.97824199096869
       ],
       [
        -5.803254410143211,
        42.97830335615785
       ],
       [
        -5.80344388757615,
        42.978367957233644
       ],
       [
        -5.803637474767916,
        42.97844763986073
       ],
       [
        -5.803851721253706,
        42.97844543967361
       ],
       [
        -5.80411128270963,
        42.978451847988616
       ],
       [
        -5.804300761676773,
        42.978516447395435
       ],
       [
        -5.804383062389439,
        42.97866079322911
       ],
       [
        -5.804560158722747,
        42.97875879240182
       ],
       [
        -5.804700159569281,
        42.97887834630814
       ],
       [
        -5.804856654266671,
        42.97897958149958
       ],
       [
        -5.805079122272605,
        42.97900754234705
       ],
       [
        -5.805272714102775,
        42.979087221639865
       ],
       [
        -5.805231400388977,
        42.9792509868417
       ],
       [
        -5.80516537366248,
        42.97940290687691
       ],
       [
        -5.805124059589731,
        42.97956667200362
       ],
       [
        -5.805185761135943,
        42.979714253618305
       ],
       [
        -5.805350639907609,
        42.97960971399096
       ],
       [
        -5.805515518143073,
        42.979505174102215
       ],
       [
        -5.805655682877555,
        42.97938878894308
       ],
       [
        -5.805853492971859,
        42.9793262571456
       ],
       [
        -5.80603897260326,
        42.9792184795868
       ],
       [
        -5.806179135765611,
        42.97910209372295
       ],
       [
        -5.806344011350512,
        42.9789975525207
       ],
       [
        -5.806545929672103,
        42.978950101187564
       ],
       [
        -5.806751957867234,
        42.97891773122236
       ],
       [
        -5.806990919338656,
        42.97892736904065
       ],
       [
        -5.807184513672605,
        42.9790070445845
       ],
       [
        -5.80738221892269,
        42.97910180146372
       ],
       [
        -5.807575814441972,
        42.979181476205824
       ],
       [
        -5.807798284848548,
        42.97920943096741
       ],
       [
        -5.807954786111484,
        42.979310661106375
       ],
       [
        -5.807892876790625,
        42.97947766439498
       ],
       [
        -5.807802143145476,
        42.97961774146909
       ],
       [
        -5.807690806079827,
        42.97976105567421
       ],
       [
        -5.807550644452199,
        42.97987744352751
       ],
       [
        -5.807439306414151,
        42.98002075745552
       ],
       [
        -5.807480411309951,
        42.98017157456218
       ],
       [
        -5.807698774916234,
        42.98018444769211
       ],
       [
        -5.80783482630076,
        42.9800529779586
       ],
       [
        -5.807974987744271,
        42.97993658973289
       ],
       [
        -5.808131641112007,
        42.97980188233139
       ],
       [
        -5.80829240448808,
        42.979682256369
       ],
       [
        -5.808383137064915,
        42.97954217889559
       ],
       [
        -5.808519185751233,
        42.9794107082558
       ],
       [
        -5.808655233893951,
        42.97927923743566
       ],
       [
        -5.808848930041836,
        42.9792016181914
       ],
       [
        -5.809063228497686,
        42.97912076109888
       ],
       [
        -5.809269256175732,
        42.97908838600805
       ],
       [
        -5.80946706188147,
        42.97902584724379
       ],
       [
        -5.809681358967462,
        42.97894498886937
       ],
       [
        -5.809887385779593,
        42.97891261253809
       ],
       [
        -5.810109856527569,
        42.97894056219124
       ],
       [
        -5.810307566553762,
        42.979035313180965
       ],
       [
        -5.810447580250806,
        42.979154858657225
       ],
       [
        -5.810587594569895,
        42.97927440390693
       ],
       [
        -5.810649309535966,
        42.979421981775964
       ],
       [
        -5.81050915420419,
        42.97953837357268
       ],
       [
        -5.810303125538725,
        42.97957075121865
       ],
       [
        -5.810076493776112,
        42.97960636614914
       ],
       [
        -5.809870464691371,
        42.97963874292226
       ],
       [
        -5.809643832467556,
        42.979674356892616
       ],
       [
        -5.809417200002159,
        42.97970997036006
       ],
       [
        -5.809215281180384,
        42.97975742743319
       ],
       [
        -5.809075122451113,
        42.97987381731324
       ],
       [
        -5.809231627984071,
        42.97997504527493
       ],
       [
        -5.809441769472192,
        42.97995775138661
       ],
       [
        -5.809672513891682,
        42.979937219446256
       ],
       [
        -5.809899147083305,
        42.97990160538771
       ],
       [
        -5.810105177047874,
        42.97986922853441
       ],
       [
        -5.810307095618999,
        42.9798217696906
       ],
       [
        -5.810513125134839,
        42.97978939201564
       ],
       [
        -5.81071915445102,
        42.97975701392504
       ],
       [
        -5.810933406254342,
        42.979754798510506
       ],
       [
        -5.810953916894816,
        42.97990885182316
       ],
       [
        -5.810896127015864,
        42.98009093815186
       ],
       [
        -5.810784796593181,
        42.98023425550378
       ],
       [
        -5.810591099640066,
        42.980311878429106
       ],
       [
        -5.810397495740322,
        42.98023220982665
       ],
       [
        -5.810175019838094,
        42.980204261005674
       ],
       [
        -5.809944274501659,
        42.98022479412196
       ],
       [
        -5.809738243259971,
        42.98025717067817
       ],
       [
        -5.809544544971108,
        42.98033479163364
       ],
       [
        -5.809433210993046,
        42.98047810757874
       ],
       [
        -5.809223067676707,
        42.98049540150109
       ],
       [
        -5.808996480530888,
        42.98045236847436
       ],
       [
        -5.808778115482879,
        42.98043949820622
       ],
       [
        -5.808637954545932,
        42.98055588748419
       ],
       [
        -5.808526618099616,
        42.98069920248152
       ],
       [
        -5.808567726585951,
        42.98085001894348
       ],
       [
        -5.808650042220539,
        42.98099436052901
       ],
       [
        -5.808843646260892,
        42.98107403243407
       ],
       [
        -5.809045569657555,
        42.98102657600883
       ],
       [
        -5.809255762996998,
        42.98093063681898
       ],
       [
        -5.809498892351391,
        42.98087670441234
       ],
       [
        -5.809704925800513,
        42.98084432829045
       ],
       [
        -5.809906847846559,
        42.980796870174174
       ],
       [
        -5.810149976163162,
        42.98074293622432
       ],
       [
        -5.810351897568046,
        42.980695477233034
       ],
       [
        -5.810541484634816,
        42.980602773194136
       ],
       [
        -5.810739293920076,
        42.98054023189457
       ],
       [
        -5.810866932295503,
        42.98069317739451
       ],
       [
        -5.810776204215832,
        42.98083325682506
       ],
       [
        -5.81056605989129,
        42.98085055357577
       ],
       [
        -5.810343581503084,
        42.98082260522193
       ],
       [
        -5.81014577094804,
        42.98088514577129
       ],
       [
        -5.809927356646487,
        42.98095092362273
       ],
       [
        -5.809737767657727,
        42.98104362654188
       ],
       [
        -5.809696465849302,
        42.98120739292282
       ],
       [
        -5.809898294680484,
        42.981317225872274
       ],
       [
        -5.810087790360863,
        42.981381813701425
       ],
       [
        -5.810227810023155,
        42.98150135905749
       ],
       [
        -5.810433845275338,
        42.98146898140344
       ],
       [
        -5.810598719565416,
        42.981364433486256
       ],
       [
        -5.810800642696944,
        42.98131697356413
       ],
       [
        -5.811002565532775,
        42.98126951324512
       ],
       [
        -5.811159078675586,
        42.9813707378493
       ],
       [
        -5.81128672035465,
        42.981523682605236
       ],
       [
        -5.811426742928356,
        42.98164322618682
       ],
       [
        -5.811294807925997,
        42.98178978193904
       ],
       [
        -5.811101106849375,
        42.981867405878695
       ],
       [
        -5.81090740530187,
        42.98194502945629
       ],
       [
        -5.810742530093162,
        42.98204957785815
       ],
       [
        -5.810631196466232,
        42.98219289491223
       ],
       [
        -5.810866015158605,
        42.98226608694819
       ],
       [
        -5.811072052728945,
        42.982233707934476
       ],
       [
        -5.811273978382602,
        42.982186247016124
       ],
       [
        -5.811410025878814,
        42.98205477279945
       ],
       [
        -5.811616017776861,
        42.98210103810195
       ],
       [
        -5.81181374189718,
        42.98219578543129
       ],
       [
        -5.812028002632256,
        42.98219356740398
       ],
       [
        -5.812234039450113,
        42.982161186036905
       ],
       [
        -5.812440076068262,
        42.98212880425416
       ],
       [
        -5.812650224547308,
        42.982111503478706
       ],
       [
        -5.812860372928262,
        42.98209420226796
       ],
       [
        -5.813070521211129,
        42.98207690062187
       ],
       [
        -5.813276514680515,
        42.98212316247812
       ],
       [
        -5.813433034451923,
        42.98222438326375
       ],
       [
        -5.81334231063897,
        42.982364464688835
       ],
       [
        -5.813230982714428,
        42.982507784392794
       ],
       [
        -5.813016678010057,
        42.98258865032519
       ],
       [
        -5.812827174700427,
        42.98252406831597
       ],
       [
        -5.81262936112669,
        42.982586613750684
       ],
       [
        -5.812493315244281,
        42.98271808950337
       ],
       [
        -5.812353156747728,
        42.98283448365036
       ],
       [
        -5.812212997750085,
        42.98295087760745
       ],
       [
        -5.812101666299696,
        42.98309419610869
       ],
       [
        -5.812080974642487,
        42.98325472484933
       ],
       [
        -5.812163303452285,
        42.98339906285019
       ],
       [
        -5.81229095314432,
        42.98355200581751
       ],
       [
        -5.812468079541453,
        42.98364998971924
       ],
       [
        -5.812558806815237,
        42.98350990911783
       ],
       [
        -5.812554780899626,
        42.98333753718429
       ],
       [
        -5.812690827829951,
        42.98320606138194
       ],
       [
        -5.812892755549216,
        42.983158597190936
       ],
       [
        -5.813102865096173,
        42.98321994062951
       ],
       [
        -5.813279991824723,
        42.98331792312029
       ],
       [
        -5.813189266441348,
        42.98345800433189
       ],
       [
        -5.813168577783219,
        42.983618533150214
       ],
       [
        -5.813308610055945,
        42.98373807359497
       ],
       [
        -5.813514651559502,
        42.98370568949876
       ],
       [
        -5.813576380585127,
        42.983853264577846
       ],
       [
        -5.813617505752148,
        42.9840040780447
       ],
       [
        -5.813679235485544,
        42.984151653001405
       ],
       [
        -5.81374096559654,
        42.98429922789003
       ],
       [
        -5.813650240195313,
        42.98443930940358
       ],
       [
        -5.813670761797648,
        42.9845933612106
       ],
       [
        -5.81386438584794,
        42.98467302258266
       ],
       [
        -5.814053897731709,
        42.9847376022483
       ],
       [
        -5.814115629670643,
        42.9848851767766
       ],
       [
        -5.814218571107328,
        42.98502627407644
       ],
       [
        -5.814321513103304,
        42.98516737123649
       ],
       [
        -5.81416897412,
        42.9853171689085
       ]
      ]
     ]
    ]
   },
   "properties": {
    "fuente": "EFFIS",
    "id_effis": 794007,
    "lat": 42.981213283142004,
    "lon": -5.808981863435204,
    "fecha_incendio": "2026-09-26T13:36:00+02:00",
    "novedad": "actualizada",
    "ultima_actualizacion": "2026-10-01T13:19:19.332199+02:00",
    "provincia": "Asturias",
    "municipio": "Lena",
    "area_ha": 18.0,
    "pct_natura2000": 100.0,
    "cubierta_pct": {
     "broadlea": 9.52380952,
     "conifer": 0.0,
     "mixed": 0.0,
     "scleroph": 0.0,
     "transit": 0.0,
     "othernatlc": 90.47619048,
     "agriareas": 0.0,
     "artifsurf": 0.0,
     "otherlc": 0.0
    }
   }
  },
  {
   "type": "Feature",
   "geometry": {
    "type": "MultiPolygon",
    "coordinates": [
     [
      [
       [
        -5.83250606356904,
        42.9912023250822
       ],
       [
        -5.832484521579727,
        42.9912356030696
       ],
       [
        -5.832388315207832,
        42.99127417631701
       ],
       [
        -5.83229212355113,
        42.991234629924016
       ],
       [
        -5.832241098580311,
        42.991191101258686
       ],
       [
        -5.832226634775599,
        42.991190252422456
       ],
       [
        -5.832133273569919,
        42.991163020211324
       ],
       [
        -5.832048460497941,
        42.99119894682186
       ],
       [
        -5.831962009227418,
        42.991245843496124
       ],
       [
        -5.831878677798823,
        42.99120594355352
       ],
       [
        -5.83178247110756,
        42.991244516233905
       ],
       [
        -5.831702634455453,
        42.99130394824114
       ],
       [
        -5.831711412049003,
        42.99136966775511
       ],
       [
        -5.831759926224841,
        42.991396486061966
       ],
       [
        -5.83178037933536,
        42.991471385036895
       ],
       [
        -5.831759895247463,
        42.991552725180824
       ],
       [
        -5.831659597348218,
        42.99157631795827
       ],
       [
        -5.831553163498306,
        42.991577440933376
       ],
       [
        -5.831513541728852,
        42.991580710011654
       ],
       [
        -5.831448774928861,
        42.99158605370018
       ],
       [
        -5.831381217169782,
        42.99165136510064
       ],
       [
        -5.831348452886485,
        42.99172682551721
       ],
       [
        -5.831315688537321,
        42.99180228592056
       ],
       [
        -5.831315672547512,
        42.99188040547253
       ],
       [
        -5.831366828550193,
        42.991950473756816
       ],
       [
        -5.83137519997875,
        42.991959808939846
       ],
       [
        -5.831434370794943,
        42.99196328191335
       ],
       [
        -5.831536714712645,
        42.99194717924371
       ],
       [
        -5.831587131061824,
        42.991946647320304
       ],
       [
        -5.831598121039581,
        42.99193751759271
       ],
       [
        -5.831692283563084,
        42.99189145517705
       ],
       [
        -5.831794619632526,
        42.99191441201408
       ],
       [
        -5.831845776254748,
        42.99198448003316
       ],
       [
        -5.831778218543716,
        42.99204979167668
       ],
       [
        -5.831750291477118,
        42.99209293184293
       ],
       [
        -5.831782301583473,
        42.992103831218316
       ],
       [
        -5.831833458395666,
        42.992173899226515
       ],
       [
        -5.831939893331468,
        42.99217277592067
       ],
       [
        -5.832036086377427,
        42.992212322574076
       ],
       [
        -5.832113856108254,
        42.99226257967711
       ],
       [
        -5.832208004020432,
        42.992294636272554
       ],
       [
        -5.832304212045649,
        42.99225606317608
       ],
       [
        -5.832408601708051,
        42.99224744949245
       ],
       [
        -5.832517082252816,
        42.99225381544692
       ],
       [
        -5.832558005690593,
        42.992325493416296
       ],
       [
        -5.832635776055406,
        42.992375750091284
       ],
       [
        -5.832752445821717,
        42.992373015529495
       ],
       [
        -5.832873206597808,
        42.99238526055867
       ],
       [
        -5.832975544085553,
        42.9924082161411
       ],
       [
        -5.832985764888651,
        42.992484725158135
       ],
       [
        -5.832998031269698,
        42.99256872402622
       ],
       [
        -5.833022577725266,
        42.99265860231805
       ],
       [
        -5.833025941748368,
        42.9926709198569
       ],
       [
        -5.8330625177843,
        42.99268067541776
       ],
       [
        -5.833152184143852,
        42.99270323302408
       ],
       [
        -5.833153566971371,
        42.99270829626719
       ],
       [
        -5.833206771678823,
        42.992785853320406
       ],
       [
        -5.833309110038789,
        42.992808808528196
       ],
       [
        -5.833382495145877,
        42.99276225559383
       ],
       [
        -5.833390992501067,
        42.99275686516245
       ],
       [
        -5.833489246120211,
        42.99272578079685
       ],
       [
        -5.833605916591583,
        42.99272304522493
       ],
       [
        -5.833716443856838,
        42.99273689969226
       ],
       [
        -5.833794215864822,
        42.992787155402844
       ],
       [
        -5.833888365667061,
        42.992819210353225
       ],
       [
        -5.833984561256331,
        42.992858755043116
       ],
       [
        -5.834080756984532,
        42.99289829963538
       ],
       [
        -5.834183095937201,
        42.99292125393429
       ],
       [
        -5.834271103137319,
        42.99296989870315
       ],
       [
        -5.834324309645923,
        42.9930474550911
       ],
       [
        -5.834359651257436,
        42.99310185399735
       ],
       [
        -5.834371379089598,
        42.993102541980065
       ],
       [
        -5.83447167853986,
        42.993078946483166
       ],
       [
        -5.83450443932109,
        42.99300348524932
       ],
       [
        -5.83452491979628,
        42.99292214476241
       ],
       [
        -5.834545400235431,
        42.99284080426707
       ],
       [
        -5.834600675518464,
        42.99276961165102
       ],
       [
        -5.834709157401938,
        42.992775975199656
       ],
       [
        -5.834797164823153,
        42.992824619507786
       ],
       [
        -5.834899509464731,
        42.99280851341112
       ],
       [
        -5.834919989380058,
        42.992727172849044
       ],
       [
        -5.834909765957025,
        42.99265066412862
       ],
       [
        -5.83492001142183,
        42.992570934171184
       ],
       [
        -5.834963005879711,
        42.99249386216429
       ],
       [
        -5.835063304134221,
        42.99247026610558
       ],
       [
        -5.835165642751749,
        42.99249321942576
       ],
       [
        -5.835196335273996,
        42.99256650683602
       ],
       [
        -5.835206559036254,
        42.992643015521665
       ],
       [
        -5.835198359787216,
        42.99273023529403
       ],
       [
        -5.835207636452352,
        42.992799655987824
       ],
       [
        -5.83525788292405,
        42.9927861084999
       ],
       [
        -5.835374744074602,
        42.99276279837653
       ],
       [
        -5.83552081959261,
        42.992739809387515
       ],
       [
        -5.835627800688497,
        42.99270493656776
       ],
       [
        -5.835695687363852,
        42.992658180040685
       ],
       [
        -5.83574080508139,
        42.99260188956187
       ],
       [
        -5.835752033610865,
        42.992568817955366
       ],
       [
        -5.835736707678058,
        42.992512711144045
       ],
       [
        -5.835706014514967,
        42.99243942391591
       ],
       [
        -5.83562824130752,
        42.99238916970518
       ],
       [
        -5.835548422396347,
        42.9923314256299
       ],
       [
        -5.835466557822123,
        42.99226619168281
       ],
       [
        -5.835405162142171,
        42.992197736334816
       ],
       [
        -5.835333532283485,
        42.99213089159666
       ],
       [
        -5.835251668275232,
        42.99206565744582
       ],
       [
        -5.835211906136367,
        42.992031740277234
       ],
       [
        -5.835214833308995,
        42.992008960272955
       ],
       [
        -5.835214844101371,
        42.9919308408976
       ],
       [
        -5.835163683438038,
        42.991860774716905
       ],
       [
        -5.835055203180245,
        42.9918544115999
       ],
       [
        -5.834988990217389,
        42.99187536076733
       ],
       [
        -5.834946722952472,
        42.99184804836513
       ],
       [
        -5.834946734138536,
        42.991769928966605
       ],
       [
        -5.83504907696868,
        42.99175382276288
       ],
       [
        -5.835155511274729,
        42.99175269608104
       ],
       [
        -5.835266037138148,
        42.991766548905574
       ],
       [
        -5.835362231879549,
        42.99180609234239
       ],
       [
        -5.835466620486031,
        42.99179747552235
       ],
       [
        -5.835499379595364,
        42.9917220139395
       ],
       [
        -5.835566933012236,
        42.99165669992338
       ],
       [
        -5.835644720535188,
        42.99158977517844
       ],
       [
        -5.835738879600363,
        42.99154370908104
       ],
       [
        -5.83583099269464,
        42.99149015310069
       ],
       [
        -5.83591287142667,
        42.99143820775059
       ],
       [
        -5.836007020204208,
        42.99147026079072
       ],
       [
        -5.836111403307219,
        42.99150070300738
       ],
       [
        -5.836213740640757,
        42.991523655323356
       ],
       [
        -5.83632222047779,
        42.99153001720871
       ],
       [
        -5.836373382192757,
        42.991600082786235
       ],
       [
        -5.836376695732228,
        42.991602909179505
       ],
       [
        -5.836432736988543,
        42.99162198810991
       ],
       [
        -5.836528932320981,
        42.99166153041863
       ],
       [
        -5.836635366519221,
        42.991660402177345
       ],
       [
        -5.836655963690734,
        42.991650325028345
       ],
       [
        -5.836647655674216,
        42.99158816182951
       ],
       [
        -5.836657898872981,
        42.991508431699046
       ],
       [
        -5.83672340490105,
        42.991435627165444
       ],
       [
        -5.83682370082425,
        42.99141202940987
       ],
       [
        -5.836834264875361,
        42.991410366687084
       ],
       [
        -5.836926042643767,
        42.99139592132813
       ],
       [
        -5.836995640199608,
        42.99133809616827
       ],
       [
        -5.836934243853317,
        42.991269641720976
       ],
       [
        -5.836831906657411,
        42.99124669012736
       ],
       [
        -5.836807281026369,
        42.99124360403317
       ],
       [
        -5.836721381327346,
        42.99123283899687
       ],
       [
        -5.836610856056534,
        42.99121898774308
       ],
       [
        -5.836500330844969,
        42.991205136366
       ],
       [
        -5.836400035147244,
        42.99122873379646
       ],
       [
        -5.836297698263325,
        42.991205781649455
       ],
       [
        -5.836267005366806,
        42.99113249450438
       ],
       [
        -5.836256780837859,
        42.99105598585575
       ],
       [
        -5.83627725872312,
        42.99097464496605
       ],
       [
        -5.836267034245126,
        42.990898136306804
       ],
       [
        -5.836236341616384,
        42.99082484912507
       ],
       [
        -5.836148336220737,
        42.99077620592756
       ],
       [
        -5.836054178571907,
        42.990822272390695
       ],
       [
        -5.836009140516145,
        42.990891855099115
       ],
       [
        -5.836009130528163,
        42.990969974515494
       ],
       [
        -5.83606029125615,
        42.99104004031645
       ],
       [
        -5.836121686270901,
        42.991108495352414
       ],
       [
        -5.836088928146165,
        42.99118395714379
       ],
       [
        -5.836019329890459,
        42.99124178170759
       ],
       [
        -5.835925181492864,
        42.991209728660564
       ],
       [
        -5.835884254904459,
        42.99113805209481
       ],
       [
        -5.835790106763134,
        42.99110599891054
       ],
       [
        -5.835693902575097,
        42.991144575246736
       ],
       [
        -5.835595652483964,
        42.9911756616877
       ],
       [
        -5.835489219200286,
        42.99117678880168
       ],
       [
        -5.8354687615058,
        42.991101890710226
       ],
       [
        -5.835468772178292,
        42.99102377128019
       ],
       [
        -5.835427846324944,
        42.99095209449419
       ],
       [
        -5.835323464636652,
        42.990921651509765
       ],
       [
        -5.835217031821428,
        42.99092277832131
       ],
       [
        -5.83514831583597,
        42.99088479594325
       ],
       [
        -5.835069668066317,
        42.99089128779613
       ],
       [
        -5.834965281005298,
        42.99089990416126
       ],
       [
        -5.834860893920005,
        42.990908520418984
       ],
       [
        -5.834754461146733,
        42.99090964674066
       ],
       [
        -5.834666456906441,
        42.99086100221495
       ],
       [
        -5.834625532195311,
        42.99078932505638
       ],
       [
        -5.834555950877782,
        42.99072996942675
       ],
       [
        -5.83446180421926,
        42.99069791494259
       ],
       [
        -5.83438403469083,
        42.99064765957987
       ],
       [
        -5.834343110524302,
        42.990575982276305
       ],
       [
        -5.834332151936452,
        42.99056097328472
       ],
       [
        -5.834275250003548,
        42.9905337296237
       ],
       [
        -5.83427308852947,
        42.99053171241236
       ],
       [
        -5.834160954787064,
        42.99053434232386
       ],
       [
        -5.834058613821248,
        42.99055044758136
       ],
       [
        -5.833956279205967,
        42.99052749297019
       ],
       [
        -5.83386008772302,
        42.99048794804376
       ],
       [
        -5.833819164351191,
        42.99041627049213
       ],
       [
        -5.833768007024846,
        42.99034620340689
       ],
       [
        -5.833823281427304,
        42.990275011099094
       ],
       [
        -5.833929713020234,
        42.99027388579862
       ],
       [
        -5.834040235685936,
        42.990287740088284
       ],
       [
        -5.834081159214127,
        42.99035941755265
       ],
       [
        -5.834142551012564,
        42.99042787393728
       ],
       [
        -5.834188776663547,
        42.9904132486963
       ],
       [
        -5.834240800616121,
        42.990396788909585
       ],
       [
        -5.834334958968181,
        42.990350724101695
       ],
       [
        -5.834334971322378,
        42.99027260456865
       ],
       [
        -5.834324749661938,
        42.99019609557648
       ],
       [
        -5.834324762066582,
        42.99011797603184
       ],
       [
        -5.834335008496772,
        42.990038245935686
       ],
       [
        -5.834240863142261,
        42.99000619118444
       ],
       [
        -5.834144659687546,
        42.99004476605294
       ],
       [
        -5.834101665387906,
        42.990121837861516
       ],
       [
        -5.834046918489011,
        42.99015656939793
       ],
       [
        -5.834000365977742,
        42.990134280490096
       ],
       [
        -5.833909293210737,
        42.990112539977254
       ],
       [
        -5.8338365246011,
        42.99010626348221
       ],
       [
        -5.833831496078235,
        42.990109671619216
       ],
       [
        -5.833735292220728,
        42.99014824610672
       ],
       [
        -5.833634997290856,
        42.99017184078104
       ],
       [
        -5.833542884156995,
        42.99022539481382
       ],
       [
        -5.833473284463836,
        42.99028321771177
       ],
       [
        -5.833483505050006,
        42.99035972681968
       ],
       [
        -5.833577650552656,
        42.99039178226429
       ],
       [
        -5.833673841662656,
        42.99043132747556
       ],
       [
        -5.833641080668895,
        42.99050678860666
       ],
       [
        -5.833540785122453,
        42.99053038320027
       ],
       [
        -5.833438444028872,
        42.99054648783218
       ],
       [
        -5.83334352983645,
        42.99055432077462
       ],
       [
        -5.833334057424718,
        42.99055510249527
       ],
       [
        -5.833233761693671,
        42.99057869678838
       ],
       [
        -5.83313960220636,
        42.99062476059563
       ],
       [
        -5.833057722156473,
        42.990676703770255
       ],
       [
        -5.832988121553107,
        42.99073452634114
       ],
       [
        -5.833065889959738,
        42.99078478281389
       ],
       [
        -5.833172329334589,
        42.99074459850979
       ],
       [
        -5.833268534433356,
        42.99070602453839
       ],
       [
        -5.833294933498259,
        42.990699814244586
       ],
       [
        -5.833368830359835,
        42.99068243020683
       ],
       [
        -5.833473217183,
        42.99067381550149
       ],
       [
        -5.833587838110467,
        42.99066359021566
       ],
       [
        -5.833692218321744,
        42.99069403505223
       ],
       [
        -5.833712673504269,
        42.99076893361114
       ],
       [
        -5.833692192129845,
        42.99085027410689
       ],
       [
        -5.833612357781152,
        42.990909707571504
       ],
       [
        -5.833489547713805,
        42.990929033223004
       ],
       [
        -5.833387205936737,
        42.99094513781978
       ],
       [
        -5.833274629924967,
        42.99096285275779
       ],
       [
        -5.833172288044262,
        42.990978957139234
       ],
       [
        -5.833059711918498,
        42.99099667184039
       ],
       [
        -5.832967597137637,
        42.991050225364354
       ],
       [
        -5.832934835051582,
        42.99112568626278
       ],
       [
        -5.832934821045783,
        42.99120380579421
       ],
       [
        -5.83293480705862,
        42.99128192531999
       ],
       [
        -5.832834510005807,
        42.99130551924451
       ],
       [
        -5.832738317971219,
        42.99126597329071
       ],
       [
        -5.832660549149162,
        42.99121571659866
       ],
       [
        -5.83255002511273,
        42.99120186085102
       ],
       [
        -5.83250606356904,
        42.9912023250822
       ]
      ]
     ]
    ]
   },
   "properties": {
    "fuente": "EFFIS",
    "id_effis": 793963,
    "lat": 42.99168840675147,
    "lon": -5.833975908159083,
    "fecha_incendio": "2026-09-26T01:34:00+02:00",
    "novedad": "actualizada",
    "ultima_actualizacion": "2026-10-01T09:13:06.367488+02:00",
    "provincia": "Asturias",
    "municipio": "Lena",
    "area_ha": 7.0,
    "pct_natura2000": 100.0,
    "cubierta_pct": {
     "broadlea": 0.0,
     "conifer": 0.0,
     "mixed": 0.0,
     "scleroph": 0.0,
     "transit": 0.0,
     "othernatlc": 100.0,
     "agriareas": 0.0,
     "artifsurf": 0.0,
     "otherlc": 0.0
    }
   }
  },
  {
   "type": "Feature",
   "geometry": {
    "type": "MultiPolygon",
    "coordinates": [
     [
      [
       [
        -5.709058415451112,
        40.05553741087812
       ],
       [
        -5.709180776192022,
        40.05557545363034
       ],
       [
        -5.70930069992899,
        40.055616304411075
       ],
       [
        -5.709418186673603,
        40.0556599632286
       ],
       [
        -5.709536250654137,
        40.05570594084937
       ],
       [
        -5.709654891885691,
        40.05575423727033
       ],
       [
        -5.709771096163168,
        40.055805341737596
       ],
       [
        -5.709884863496782,
        40.0558592542591
       ],
       [
        -5.709998053955017,
        40.0559108476861
       ],
       [
        -5.710110667523034,
        40.05596012202155
       ],
       [
        -5.710223281278479,
        40.05600939621658
       ],
       [
        -5.710335895221351,
        40.05605867027118
       ],
       [
        -5.710443635095133,
        40.05611356061854
       ],
       [
        -5.710546500917394,
        40.0561740672733
       ],
       [
        -5.710642055579678,
        40.05624299847035
       ],
       [
        -5.710730299099914,
        40.05632035422888
       ],
       [
        -5.710815528613716,
        40.05639819917418
       ],
       [
        -5.71089774411196,
        40.05647653331444
       ],
       [
        -5.71097867697093,
        40.056562313480704
       ],
       [
        -5.71105832721905,
        40.05665553967318
       ],
       [
        -5.71112835782458,
        40.05674791471895
       ],
       [
        -5.71118876874131,
        40.056839438640836
       ],
       [
        -5.711252194119899,
        40.05693047321284
       ],
       [
        -5.711318633971683,
        40.057021018428735
       ],
       [
        -5.711389948273729,
        40.05710594710863
       ],
       [
        -5.711466137023109,
        40.05718525924334
       ],
       [
        -5.71154232598259,
        40.057264571303804
       ],
       [
        -5.711618515152194,
        40.05734388328998
       ],
       [
        -5.711720486880262,
        40.057375582674545
       ],
       [
        -5.711848240969313,
        40.05735966938804
       ],
       [
        -5.71193732299,
        40.05730178116821
       ],
       [
        -5.711987732887423,
        40.0572019181162
       ],
       [
        -5.712018902710836,
        40.05710035309101
       ],
       [
        -5.712030832549629,
        40.05699708610737
       ],
       [
        -5.712022945325034,
        40.056889798235964
       ],
       [
        -5.711995241142023,
        40.05677848946673
       ],
       [
        -5.711990945486349,
        40.05667303117698
       ],
       [
        -5.712010058235786,
        40.0565734233763
       ],
       [
        -5.712052002115768,
        40.056477347123206
       ],
       [
        -5.712116777029293,
        40.05638480239268
       ],
       [
        -5.712174946158473,
        40.056290917330855
       ],
       [
        -5.712226509529088,
        40.05619569194829
       ],
       [
        -5.712261847342443,
        40.056098275300776
       ],
       [
        -5.712280959669728,
        40.05599866740276
       ],
       [
        -5.712269352701965,
        40.055901633827055
       ],
       [
        -5.712227026575622,
        40.05580717455831
       ],
       [
        -5.712154430168439,
        40.05572969248458
       ],
       [
        -5.71205156352478,
        40.05566918754023
       ],
       [
        -5.71197896752425,
        40.055591705308785
       ],
       [
        -5.711936642122463,
        40.055497245855854
       ],
       [
        -5.711882837257329,
        40.05540706256355
       ],
       [
        -5.711817552964194,
        40.055321155412656
       ],
       [
        -5.711723152802456,
        40.055256863179885
       ],
       [
        -5.711599636756874,
        40.055214185785
       ],
       [
        -5.711463935604391,
        40.05518554943626
       ],
       [
        -5.711316049271578,
        40.05517095408638
       ],
       [
        -5.711172908542527,
        40.05516282604742
       ],
       [
        -5.711034513370511,
        40.05516116534232
       ],
       [
        -5.710902852354772,
        40.055148760805864
       ],
       [
        -5.710777925557212,
        40.055125612462824
       ],
       [
        -5.71065428176233,
        40.05509501783541
       ],
       [
        -5.710531921013063,
        40.05505697692627
       ],
       [
        -5.710411997518964,
        40.05501612763742
       ],
       [
        -5.710294511291618,
        40.054972469977145
       ],
       [
        -5.710170290997138,
        40.0549395557546
       ],
       [
        -5.710039336581844,
        40.05491738494696
       ],
       [
        -5.709909984597604,
        40.05491425484084
       ],
       [
        -5.709782234928137,
        40.05493016544713
       ],
       [
        -5.709658524590609,
        40.054962308575284
       ],
       [
        -5.709538853500868,
        40.055010684242255
       ],
       [
        -5.709423350530479,
        40.05506320844152
       ],
       [
        -5.709312015668333,
        40.05511988118768
       ],
       [
        -5.70919157015156,
        40.05524076056532
       ],
       [
        -5.709062013636675,
        40.05542584652894
       ],
       [
        -5.709058415451112,
        40.05553741087812
       ]
      ]
     ]
    ]
   },
   "properties": {
    "fuente": "EFFIS",
    "id_effis": 785126,
    "lat": 40.055887204966936,
    "lon": -5.71094325098482,
    "fecha_incendio": "2026-09-21T00:00:00+02:00",
    "novedad": "actualizada",
    "ultima_actualizacion": "2026-09-29T14:10:16.192470+02:00",
    "provincia": "Cáceres",
    "municipio": "Collado de la Vera",
    "area_ha": 4.0,
    "pct_natura2000": 0.0,
    "cubierta_pct": {
     "broadlea": 0.0,
     "conifer": 0.0,
     "mixed": 0.0,
     "scleroph": 40.0,
     "transit": 0.0,
     "othernatlc": 0.0,
     "agriareas": 60.0,
     "artifsurf": 0.0,
     "otherlc": 0.0
    }
   }
  }
 ]
}