{
 "type": "FeatureCollection",
 "features": [
  {
   "type": "Feature",
   "geometry": {
    "type": "Point",
    "coordinates": [
     0.871385,
     40.95806
    ]
   },
   "properties": {
    "fuente": "AEMET",
    "id": "0002I",
    "nombre": "VANDELLÓS",
    "lat": 40.95806,
    "lon": 0.871385,
    "fecha_utc": "2026-10-06T09:00:00+00:00",
    "velocidad_kmh": 4.3,
    "racha_kmh": 9.4,
    "direccion_grados": 337.0,
    "direccion_cardinal": "NNO",
    "hacia_grados": 157.0,
    "temperatura_c": 21.6,
    "humedad_pct": 96.0,
    "regla_30": false
   }
  },
  {
   "type": "Feature",
   "geometry": {
    "type": "Point",
    "coordinates": [
     0.963335,
     41.213892
    ]
   },
   "properties": {
    "fuente": "AEMET",
    "id": "0009X",
    "nombre": "ALFORJA",
    "lat": 41.213892,
    "lon": 0.963335,
    "fecha_utc": "2026-10-06T08:00:00+00:00",
    "velocidad_kmh": 2.2,
    "racha_kmh": 6.1,
    "direccion_grados": 94.0,
    "direccion_cardinal": "E",
    "hacia_grados": 274.0,
    "temperatura_c": 19.2,
    "humedad_pct": 96.0,
    "regla_30": false
   }
  },
  {
   "type": "Feature",
   "geometry": {
    "type": "Point",
    "coordinates": [
     1.163611,
     41.145
    ]
   },
   "properties": {
    "fuente": "AEMET",
    "id": "0016A",
    "nombre": "REUS  AEROPUERTO",
    "lat": 41.145,
    "lon": 1.163611,
    "fecha_utc": "2026-10-06T09:00:00+00:00",
    "velocidad_kmh": 2.5,
    "racha_kmh": 13.0,
    "direccion_grados": 50.0,
    "direccion_cardinal": "NE",
    "hacia_grados": 230.0,
    "temperatura_c": 22.7,
    "humedad_pct": 84.0,
    "regla_30": false
   }
  },
  {
   "type": "Feature",
   "geometry": {
    "type": "Point",
    "coordinates": [
     1.249167,
     41.123892
    ]
   },
   "properties": {
    "fuente": "AEMET",
    "id": "0042Y",
    "nombre": "TARRAGONA  FAC. GEOGRAFIA",
    "lat": 41.123892,
    "lon": 1.249167,
    "fecha_utc": "2026-10-06T06:00:00+00:00",
    "velocidad_kmh": 0.4,
    "racha_kmh": 4.3,
    "direccion_grados": 111.0,
    "direccion_cardinal": "ESE",
    "hacia_grados": 291.0,
    "temperatura_c": 20.3,
    "humedad_pct": 93.0,
    "regla_30": false
   }
  },
  {
   "type": "Feature",
   "geometry": {
    "type": "Point",
    "coordinates": [
     1.519269,
     41.417052
    ]
   },
   "properties": {
    "fuente": "AEMET",
    "id": "0061X",
    "nombre": "PONTONS",
    "lat": 41.417052,
    "lon": 1.519269,
    "fecha_utc": "2026-10-06T08:00:00+00:00",
    "velocidad_kmh": 6.5,
    "racha_kmh": 11.9,
    "direccion_grados": 182.0,
    "direccion_cardinal": "S",
    "hacia_grados": 2.0,
    "temperatura_c": 17.0,
    "humedad_pct": 91.0,
    "regla_30": false
   }
  },
  {
   "type": "Feature",
   "geometry": {
    "type": "Point",
    "coordinates": [
     1.676942,
     41.330279
    ]
   },
   "properties": {
    "fuente": "AEMET",
    "id": "0066X",
    "nombre": "VILAFRANCA DEL PENEDÈS",
    "lat": 41.330279,
    "lon": 1.676942,
    "fecha_utc": "2026-10-06T08:00:00+00:00",
    "velocidad_kmh": 5.8,
    "racha_kmh": 10.4,
    "direccion_grados": 5.0,
    "direccion_cardinal": "N",
    "hacia_grados": 185.0,
    "temperatura_c": 18.7,
    "humedad_pct": 94.0,
    "regla_30": false
   }
  },
  {
   "type": "Feature",
   "geometry": {
    "type": "Point",
    "coordinates": [
     1.852626,
     41.243784
    ]
   },
   "properties": {
    "fuente": "AEMET",
    "id": "0073X",
    "nombre": "SITGES  VALLCARCA",
    "lat": 41.243784,
    "lon": 1.852626,
    "fecha_utc": "2026-10-06T09:00:00+00:00",
    "velocidad_kmh": 7.6,
    "racha_kmh": 16.6,
    "direccion_grados": 182.0,
    "direccion_cardinal": "S",
    "hacia_grados": 2.0,
    "temperatura_c": 21.5,
    "humedad_pct": 89.0,
    "regla_30": false
   }
  },
  {
   "type": "Feature",
   "geometry": {
    "type": "Point",
    "coordinates": [
     2.060599,
     41.291575
    ]
   },
   "properties": {
    "fuente": "AEMET",
    "id": "0076",
    "nombre": "BARCELONA  AEROPUERTO",
    "lat": 41.291575,
    "lon": 2.060599,
    "fecha_utc": "2026-10-06T09:00:00+00:00",
    "velocidad_kmh": 6.8,
    "racha_kmh": 25.9,
    "direccion_grados": 360.0,
    "direccion_cardinal": "N",
    "hacia_grados": 180.0,
    "temperatura_c": 21.8,
    "humedad_pct": 81.0,
    "regla_30": false
   }
  },
  {
   "type": "Feature",
   "geometry": {
    "type": "Point",
    "coordinates": [
     1.857494,
     42.101388
    ]
   },
   "properties": {
    "fuente": "AEMET",
    "id": "0092X",
    "nombre": "BERGA  INSTITUTO",
    "lat": 42.101388,
    "lon": 1.857494,
    "fecha_utc": "2026-10-06T08:00:00+00:00",
    "velocidad_kmh": 2.5,
    "racha_kmh": 6.1,
    "direccion_grados": 72.0,
    "direccion_cardinal": "ENE",
    "hacia_grados": 252.0,
    "temperatura_c": 14.9,
    "humedad_pct": 100.0,
    "regla_30": false
   }
  },
  {
   "type": "Feature",
   "geometry": {
    "type": "Point",
    "coordinates": [
     1.872504,
     41.866387
    ]
   },
   "properties": {
    "fuente": "AEMET",
    "id": "0106X",
    "nombre": "BALSARENY",
    "lat": 41.866387,
    "lon": 1.872504,
    "fecha_utc": "2026-10-06T08:00:00+00:00",
    "velocidad_kmh": 8.6,
    "racha_kmh": null,
    "direccion_grados": null,
    "direccion_cardinal": null,
    "hacia_grados": null,
    "temperatura_c": 16.7,
    "humedad_pct": 94.0,
    "regla_30": false
   }
  },
  {
   "type": "Feature",
   "geometry": {
    "type": "Point",
    "coordinates": [
     2.026561,
     42.007057
    ]
   },
   "properties": {
    "fuente": "AEMET",
    "id": "0114X",
    "nombre": "PRATS DE LLUÇANÈS",
    "lat": 42.007057,
    "lon": 2.026561,
    "fecha_utc": "2026-10-06T09:00:00+00:00",
    "velocidad_kmh": 1.1,
    "racha_kmh": 4.3,
    "direccion_grados": 118.0,
    "direccion_cardinal": "ESE",
    "hacia_grados": 298.0,
    "temperatura_c": 15.6,
    "humedad_pct": 100.0,
    "regla_30": false
   }
  },
  {
   "type": "Feature",
   "geometry": {
    "type": "Point",
    "coordinates": [
     2.09539,
     41.813278
    ]
   },
   "properties": {
    "fuente": "AEMET",
    "id": "0120X",
    "nombre": "MOIÀ",
    "lat": 41.813278,
    "lon": 2.09539,
    "fecha_utc": "2026-10-06T09:00:00+00:00",
    "velocidad_kmh": 2.2,
    "racha_kmh": 9.4,
    "direccion_grados": 104.0,
    "direccion_cardinal": "ESE",
    "hacia_grados": 284.0,
    "temperatura_c": 16.6,
    "humedad_pct": 94.0,
    "regla_30": false
   }
  },
  {
   "type": "Feature",
   "geometry": {
    "type": "Point",
    "coordinates": [
     1.601584,
     41.947979
    ]
   },
   "properties": {
    "fuente": "AEMET",
    "id": "0131X",
    "nombre": "RINER - XIXONS",
    "lat": 41.947979,
    "lon": 1.601584,
    "fecha_utc": "2026-10-06T09:00:00+00:00",
    "velocidad_kmh": 2.5,
    "racha_kmh": 5.8,
    "direccion_grados": 21.0,
    "direccion_cardinal": "NNE",
    "hacia_grados": 201.0,
    "temperatura_c": 17.0,
    "humedad_pct": 100.0,
    "regla_30": false
   }
  },
  {
   "type": "Feature",
   "geometry": {
    "type": "Point",
    "coordinates": [
     1.84028,
     41.719881
    ]
   },
   "properties": {
    "fuente": "AEMET",
    "id": "0149X",
    "nombre": "MANRESA",
    "lat": 41.719881,
    "lon": 1.84028,
    "fecha_utc": "2026-10-06T09:00:00+00:00",
    "velocidad_kmh": 3.6,
    "racha_kmh": 11.5,
    "direccion_grados": 9.0,
    "direccion_cardinal": "N",
    "hacia_grados": 189.0,
    "temperatura_c": 18.3,
    "humedad_pct": 91.0,
    "regla_30": false
   }
  },
  {
   "type": "Feature",
   "geometry": {
    "type": "Point",
    "coordinates": [
     1.599167,
     41.5875
    ]
   },
   "properties": {
    "fuente": "AEMET",
    "id": "0171F",
    "nombre": "IGUALADA - MUNTANYETA",
    "lat": 41.5875,
    "lon": 1.599167,
    "fecha_utc": "2026-10-06T09:00:00+00:00",
    "velocidad_kmh": 0.0,
    "racha_kmh": 4.7,
    "direccion_grados": 0.0,
    "direccion_cardinal": "N",
    "hacia_grados": 180.0,
    "temperatura_c": 18.3,
    "humedad_pct": 94.0,
    "regla_30": false
   }
  },
  {
   "type": "Feature",
   "geometry": {
    "type": "Point",
    "coordinates": [
     2.200001,
     41.390555
    ]
   },
   "properties": {
    "fuente": "AEMET",
    "id": "0201D",
    "nombre": "BARCELONA  PORT OLÍMPIC",
    "lat": 41.390555,
    "lon": 2.200001,
    "fecha_utc": "2026-10-06T08:00:00+00:00",
    "velocidad_kmh": 7.2,
    "racha_kmh": 15.5,
    "direccion_grados": 359.0,
    "direccion_cardinal": "N",
    "hacia_grados": 179.0,
    "temperatura_c": 21.4,
    "humedad_pct": 80.0,
    "regla_30": false
   }
  },
  {
   "type": "Feature",
   "geometry": {
    "type": "Point",
    "coordinates": [
     2.173886,
     41.374998
    ]
   },
   "properties": {
    "fuente": "AEMET",
    "id": "0201X",
    "nombre": "BARCELONA  DRASSANES",
    "lat": 41.374998,
    "lon": 2.173886,
    "fecha_utc": "2026-10-06T08:00:00+00:00",
    "velocidad_kmh": 2.9,
    "racha_kmh": 7.2,
    "direccion_grados": 107.0,
    "direccion_cardinal": "ESE",
    "hacia_grados": 287.0,
    "temperatura_c": 21.2,
    "humedad_pct": 84.0,
    "regla_30": false
   }
  },
  {
   "type": "Feature",
   "geometry": {
    "type": "Point",
    "coordinates": [
     2.168412,
     41.612663
    ]
   },
   "properties": {
    "fuente": "AEMET",
    "id": "0222X",
    "nombre": "CALDES DE MONTBUI",
    "lat": 41.612663,
    "lon": 2.168412,
    "fecha_utc": "2026-10-06T08:00:00+00:00",
    "velocidad_kmh": 3.2,
    "racha_kmh": 5.8,
    "direccion_grados": 116.0,
    "direccion_cardinal": "ESE",
    "hacia_grados": 296.0,
    "temperatura_c": 19.5,
    "humedad_pct": 90.0,
    "regla_30": false
   }
  },
  {
   "type": "Feature",
   "geometry": {
    "type": "Point",
    "coordinates": [
     2.362637,
     41.504893
    ]
   },
   "properties": {
    "fuente": "AEMET",
    "id": "0244X",
    "nombre": "VILASSAR DE DALT",
    "lat": 41.504893,
    "lon": 2.362637,
    "fecha_utc": "2026-10-06T09:00:00+00:00",
    "velocidad_kmh": 6.1,
    "racha_kmh": 14.0,
    "direccion_grados": 80.0,
    "direccion_cardinal": "E",
    "hacia_grados": 260.0,
    "temperatura_c": 23.4,
    "humedad_pct": 74.0,
    "regla_30": false
   }
  },
  {
   "type": "Feature",
   "geometry": {
    "type": "Point",
    "coordinates": [
     2.54,
     41.587222
    ]
   },
   "properties": {
    "fuente": "AEMET",
    "id": "0252D",
    "nombre": "ARENYS DE MAR",
    "lat": 41.587222,
    "lon": 2.54,
    "fecha_utc": "2026-10-06T09:00:00+00:00",
    "velocidad_kmh": 3.2,
    "racha_kmh": 6.1,
    "direccion_grados": 48.0,
    "direccion_cardinal": "NE",
    "hacia_grados": 228.0,
    "temperatura_c": 22.3,
    "humedad_pct": 78.0,
    "regla_30": false
   }
  },
  {
   "type": "Feature",
   "geometry": {
    "type": "Point",
    "coordinates": [
     2.805112,
     41.677054
    ]
   },
   "properties": {
    "fuente": "AEMET",
    "id": "0281Y",
    "nombre": "BLANES  JARDIN BOTANICO",
    "lat": 41.677054,
    "lon": 2.805112,
    "fecha_utc": "2026-10-06T08:00:00+00:00",
    "velocidad_kmh": 11.5,
    "racha_kmh": 18.4,
    "direccion_grados": 332.0,
    "direccion_cardinal": "NNO",
    "hacia_grados": 152.0,
    "temperatura_c": 19.2,
    "humedad_pct": 89.0,
    "regla_30": false
   }
  },
  {
   "type": "Feature",
   "geometry": {
    "type": "Point",
    "coordinates": [
     3.030933,
     41.807814
    ]
   },
   "properties": {
    "fuente": "AEMET",
    "id": "0284X",
    "nombre": "CASTELL D?ARO",
    "lat": 41.807814,
    "lon": 3.030933,
    "fecha_utc": "2026-10-06T08:00:00+00:00",
    "velocidad_kmh": 8.6,
    "racha_kmh": 18.0,
    "direccion_grados": 267.0,
    "direccion_cardinal": "O",
    "hacia_grados": 87.0,
    "temperatura_c": 19.0,
    "humedad_pct": 98.0,
    "regla_30": false
   }
  },
  {
   "type": "Feature",
   "geometry": {
    "type": "Point",
    "coordinates": [
     2.364353,
     42.258444
    ]
   },
   "properties": {
    "fuente": "AEMET",
    "id": "0312X",
    "nombre": "SANT PAU DE SEGURIES",
    "lat": 42.258444,
    "lon": 2.364353,
    "fecha_utc": "2026-10-06T08:00:00+00:00",
    "velocidad_kmh": 1.8,
    "racha_kmh": 4.0,
    "direccion_grados": 216.0,
    "direccion_cardinal": "SO",
    "hacia_grados": 36.0,
    "temperatura_c": 13.3,
    "humedad_pct": 96.0,
    "regla_30": false
   }
  },
  {
   "type": "Feature",
   "geometry": {
    "type": "Point",
    "coordinates": [
     2.102774,
     42.316878
    ]
   },
   "properties": {
    "fuente": "AEMET",
    "id": "0320I",
    "nombre": "PLANOLES",
    "lat": 42.316878,
    "lon": 2.102774,
    "fecha_utc": "2026-10-06T09:00:00+00:00",
    "velocidad_kmh": 2.5,
    "racha_kmh": 6.1,
    "direccion_grados": 129.0,
    "direccion_cardinal": "SE",
    "hacia_grados": 309.0,
    "temperatura_c": 15.7,
    "humedad_pct": 84.0,
    "regla_30": false
   }
  },
  {
   "type": "Feature",
   "geometry": {
    "type": "Point",
    "coordinates": [
     2.196187,
     42.191387
    ]
   },
   "properties": {
    "fuente": "AEMET",
    "id": "0324A",
    "nombre": "RIPOLL",
    "lat": 42.191387,
    "lon": 2.196187,
    "fecha_utc": "2026-10-06T09:00:00+00:00",
    "velocidad_kmh": 3.6,
    "racha_kmh": 6.1,
    "direccion_grados": 147.0,
    "direccion_cardinal": "SSE",
    "hacia_grados": 327.0,
    "temperatura_c": 15.5,
    "humedad_pct": 89.0,
    "regla_30": false
   }
  },
  {
   "type": "Feature",
   "geometry": {
    "type": "Point",
    "coordinates": [
     2.551007,
     42.052837
    ]
   },
   "properties": {
    "fuente": "AEMET",
    "id": "0360X",
    "nombre": "LES PLANES D?HOSTOLES",
    "lat": 42.052837,
    "lon": 2.551007,
    "fecha_utc": "2026-10-06T09:00:00+00:00",
    "velocidad_kmh": 1.1,
    "racha_kmh": 2.5,
    "direccion_grados": 41.0,
    "direccion_cardinal": "NE",
    "hacia_grados": 221.0,
    "temperatura_c": 17.6,
    "humedad_pct": 100.0,
    "regla_30": false
   }
  },
  {
   "type": "Feature",
   "geometry": {
    "type": "Point",
    "coordinates": [
     2.513329,
     41.880833
    ]
   },
   "properties": {
    "fuente": "AEMET",
    "id": "0363X",
    "nombre": "SANT HILARI",
    "lat": 41.880833,
    "lon": 2.513329,
    "fecha_utc": "2026-10-06T08:00:00+00:00",
    "velocidad_kmh": 0.7,
    "racha_kmh": 3.6,
    "direccion_grados": 270.0,
    "direccion_cardinal": "O",
    "hacia_grados": 90.0,
    "temperatura_c": 13.9,
    "humedad_pct": 98.0,
    "regla_30": false
   }
  },
  {
   "type": "Feature",
   "geometry": {
    "type": "Point",
    "coordinates": [
     2.763329,
     41.911665
    ]
   },
   "properties": {
    "fuente": "AEMET",
    "id": "0367",
    "nombre": "GIRONA  AEROPUERTO",
    "lat": 41.911665,
    "lon": 2.763329,
    "fecha_utc": "2026-10-06T09:00:00+00:00",
    "velocidad_kmh": 4.0,
    "racha_kmh": 7.6,
    "direccion_grados": 220.0,
    "direccion_cardinal": "SO",
    "hacia_grados": 40.0,
    "temperatura_c": 19.0,
    "humedad_pct": 99.0,
    "regla_30": false
   }
  },
  {
   "type": "Feature",
   "geometry": {
    "type": "Point",
    "coordinates": [
     2.819442,
     41.972333
    ]
   },
   "properties": {
    "fuente": "AEMET",
    "id": "0370E",
    "nombre": "GIRONA  PARC DEL MIGDIA",
    "lat": 41.972333,
    "lon": 2.819442,
    "fecha_utc": "2026-10-06T09:00:00+00:00",
    "velocidad_kmh": 3.2,
    "racha_kmh": 7.6,
    "direccion_grados": 198.0,
    "direccion_cardinal": "SSO",
    "hacia_grados": 18.0,
    "temperatura_c": 19.6,
    "humedad_pct": 89.0,
    "regla_30": false
   }
  },
  {
   "type": "Feature",
   "geometry": {
    "type": "Point",
    "coordinates": [
     2.763611,
     42.104444
    ]
   },
   "properties": {
    "fuente": "AEMET",
    "id": "0372C",
    "nombre": "PORQUERES",
    "lat": 42.104444,
    "lon": 2.763611,
    "fecha_utc": "2026-10-06T09:00:00+00:00",
    "velocidad_kmh": 1.8,
    "racha_kmh": 4.7,
    "direccion_grados": 93.0,
    "direccion_cardinal": "E",
    "hacia_grados": 273.0,
    "temperatura_c": 20.6,
    "humedad_pct": 89.0,
    "regla_30": false
   }
  },
  {
   "type": "Feature",
   "geometry": {
    "type": "Point",
    "coordinates": [
     3.201389,
     42.053888
    ]
   },
   "properties": {
    "fuente": "AEMET",
    "id": "0385X",
    "nombre": "L?ESTARTIT",
    "lat": 42.053888,
    "lon": 3.201389,
    "fecha_utc": "2026-10-06T09:00:00+00:00",
    "velocidad_kmh": 4.3,
    "racha_kmh": 6.8,
    "direccion_grados": 166.0,
    "direccion_cardinal": "SSE",
    "hacia_grados": 346.0,
    "temperatura_c": 21.8,
    "humedad_pct": 91.0,
    "regla_30": false
   }
  },
  {
   "type": "Feature",
   "geometry": {
    "type": "Point",
    "coordinates": [
     2.471827,
     42.210555
    ]
   },
   "properties": {
    "fuente": "AEMET",
    "id": "0394X",
    "nombre": "VALL DE BIANYA",
    "lat": 42.210555,
    "lon": 2.471827,
    "fecha_utc": "2026-10-06T09:00:00+00:00",
    "velocidad_kmh": 4.0,
    "racha_kmh": 6.5,
    "direccion_grados": 256.0,
    "direccion_cardinal": "OSO",
    "hacia_grados": 76.0,
    "temperatura_c": 19.5,
    "humedad_pct": 83.0,
    "regla_30": false
   }
  },
  {
   "type": "Feature",
   "geometry": {
    "type": "Point",
    "coordinates": [
     3.093053,
     42.224834
    ]
   },
   "properties": {
    "fuente": "AEMET",
    "id": "0411X",
    "nombre": "CASTELLO D?EMPURIES",
    "lat": 42.224834,
    "lon": 3.093053,
    "fecha_utc": "2026-10-06T07:00:00+00:00",
    "velocidad_kmh": 2.5,
    "racha_kmh": 8.6,
    "direccion_grados": 270.0,
    "direccion_cardinal": "O",
    "hacia_grados": 90.0,
    "temperatura_c": 17.3,
    "humedad_pct": 100.0,
    "regla_30": false
   }
  },
  {
   "type": "Feature",
   "geometry": {
    "type": "Point",
    "coordinates": [
     2.75558,
     42.386925
    ]
   },
   "properties": {
    "fuente": "AEMET",
    "id": "0413A",
    "nombre": "MAÇANET DE CABRENYS",
    "lat": 42.386925,
    "lon": 2.75558,
    "fecha_utc": "2026-10-06T08:00:00+00:00",
    "velocidad_kmh": 2.9,
    "racha_kmh": 5.0,
    "direccion_grados": 273.0,
    "direccion_cardinal": "O",
    "hacia_grados": 93.0,
    "temperatura_c": 18.3,
    "humedad_pct": 97.0,
    "regla_30": false
   }
  },
  {
   "type": "Feature",
   "geometry": {
    "type": "Point",
    "coordinates": [
     3.006114,
     42.389881
    ]
   },
   "properties": {
    "fuente": "AEMET",
    "id": "0421X",
    "nombre": "ESPOLLA  LES ALBERES",
    "lat": 42.389881,
    "lon": 3.006114,
    "fecha_utc": "2026-10-06T08:00:00+00:00",
    "velocidad_kmh": 0.0,
    "racha_kmh": 3.6,
    "direccion_grados": 185.0,
    "direccion_cardinal": "S",
    "hacia_grados": 5.0,
    "temperatura_c": 19.2,
    "humedad_pct": 96.0,
    "regla_30": false
   }
  },
  {
   "type": "Feature",
   "geometry": {
    "type": "Point",
    "coordinates": [
     2.960328,
     42.259082
    ]
   },
   "properties": {
    "fuente": "AEMET",
    "id": "0429X",
    "nombre": "FIGUERES  ELS ASPRES",
    "lat": 42.259082,
    "lon": 2.960328,
    "fecha_utc": "2026-10-06T09:00:00+00:00",
    "velocidad_kmh": 2.5,
    "racha_kmh": 4.7,
    "direccion_grados": 134.0,
    "direccion_cardinal": "SE",
    "hacia_grados": 314.0,
    "temperatura_c": 21.2,
    "humedad_pct": 88.0,
    "regla_30": false
   }
  },
  {
   "type": "Feature",
   "geometry": {
    "type": "Point",
    "coordinates": [
     3.206944,
     42.328889
    ]
   },
   "properties": {
    "fuente": "AEMET",
    "id": "0433X",
    "nombre": "EL PORT DE LA SELVA",
    "lat": 42.328889,
    "lon": 3.206944,
    "fecha_utc": "2026-10-06T09:00:00+00:00",
    "velocidad_kmh": 3.6,
    "racha_kmh": 10.1,
    "direccion_grados": 140.0,
    "direccion_cardinal": "SE",
    "hacia_grados": 320.0,
    "temperatura_c": 21.5,
    "humedad_pct": 86.0,
    "regla_30": false
   }
  },
  {
   "type": "Feature",
   "geometry": {
    "type": "Point",
    "coordinates": [
     -1.542961,
     43.135722
    ]
   },
   "properties": {
    "fuente": "AEMET",
    "id": "1002Y",
    "nombre": "BAZTÁN  IRURITA",
    "lat": 43.135722,
    "lon": -1.542961,
    "fecha_utc": "2026-10-06T09:00:00+00:00",
    "velocidad_kmh": 4.0,
    "racha_kmh": 12.6,
    "direccion_grados": 320.0,
    "direccion_cardinal": "NO",
    "hacia_grados": 140.0,
    "temperatura_c": 19.0,
    "humedad_pct": 94.0,
    "regla_30": false
   }
  },
  {
   "type": "Feature",
   "geometry": {
    "type": "Point",
    "coordinates": [
     -1.675786,
     43.278691
    ]
   },
   "properties": {
    "fuente": "AEMET",
    "id": "1010X",
    "nombre": "BERA",
    "lat": 43.278691,
    "lon": -1.675786,
    "fecha_utc": "2026-10-06T09:00:00+00:00",
    "velocidad_kmh": 0.0,
    "racha_kmh": 1.1,
    "direccion_grados": 225.0,
    "direccion_cardinal": "SO",
    "hacia_grados": 45.0,
    "temperatura_c": 19.7,
    "humedad_pct": 96.0,
    "regla_30": false
   }
  },
  {
   "type": "Feature",
   "geometry": {
    "type": "Point",
    "coordinates": [
     -1.796536,
     43.326407
    ]
   },
   "properties": {
    "fuente": "AEMET",
    "id": "1012P",
    "nombre": "IRUN",
    "lat": 43.326407,
    "lon": -1.796536,
    "fecha_utc": "2026-10-06T05:00:00+00:00",
    "velocidad_kmh": 1.8,
    "racha_kmh": 9.0,
    "direccion_grados": 338.0,
    "direccion_cardinal": "NNO",
    "hacia_grados": 158.0,
    "temperatura_c": 21.0,
    "humedad_pct": 71.0,
    "regla_30": false
   }
  },
  {
   "type": "Feature",
   "geometry": {
    "type": "Point",
    "coordinates": [
     -1.792116,
     43.357075
    ]
   },
   "properties": {
    "fuente": "AEMET",
    "id": "1014A",
    "nombre": "DONOSTIA/SAN SEBASTIÁN AEROPUERTO",
    "lat": 43.357075,
    "lon": -1.792116,
    "fecha_utc": "2026-10-06T09:00:00+00:00",
    "velocidad_kmh": 2.9,
    "racha_kmh": 9.4,
    "direccion_grados": 200.0,
    "direccion_cardinal": "SSO",
    "hacia_grados": 20.0,
    "temperatura_c": 21.0,
    "humedad_pct": 84.0,
    "regla_30": false
   }
  },
  {
   "type": "Feature",
   "geometry": {
    "type": "Point",
    "coordinates": [
     -1.878823,
     43.213834
    ]
   },
   "properties": {
    "fuente": "AEMET",
    "id": "1021X",
    "nombre": "ERRENTERIA  AÑARBE",
    "lat": 43.213834,
    "lon": -1.878823,
    "fecha_utc": "2026-10-06T09:00:00+00:00",
    "velocidad_kmh": 14.4,
    "racha_kmh": 44.3,
    "direccion_grados": 188.0,
    "direccion_cardinal": "S",
    "hacia_grados": 8.0,
    "temperatura_c": 22.8,
    "humedad_pct": 64.0,
    "regla_30": false
   }
  },
  {
   "type": "Feature",
   "geometry": {
    "type": "Point",
    "coordinates": [
     -2.041111,
     43.306389
    ]
   },
   "properties": {
    "fuente": "AEMET",
    "id": "1024X",
    "nombre": "IGELDO",
    "lat": 43.306389,
    "lon": -2.041111,
    "fecha_utc": "2026-10-06T09:00:00+00:00",
    "velocidad_kmh": 12.6,
    "racha_kmh": 26.3,
    "direccion_grados": 164.0,
    "direccion_cardinal": "SSE",
    "hacia_grados": 344.0,
    "temperatura_c": 21.8,
    "humedad_pct": 69.0,
    "regla_30": false
   }
  },
  {
   "type": "Feature",
   "geometry": {
    "type": "Point",
    "coordinates": [
     -2.256663,
     43.015553
    ]
   },
   "properties": {
    "fuente": "AEMET",
    "id": "1025A",
    "nombre": "SEGURA",
    "lat": 43.015553,
    "lon": -2.256663,
    "fecha_utc": "2026-10-06T09:00:00+00:00",
    "velocidad_kmh": 7.2,
    "racha_kmh": 20.5,
    "direccion_grados": 133.0,
    "direccion_cardinal": "SE",
    "hacia_grados": 313.0,
    "temperatura_c": 21.9,
    "humedad_pct": 66.0,
    "regla_30": false
   }
  },
  {
   "type": "Feature",
   "geometry": {
    "type": "Point",
    "coordinates": [
     -2.232037,
     43.054634
    ]
   },
   "properties": {
    "fuente": "AEMET",
    "id": "1025X",
    "nombre": "BEASAIN  ARRIARAN",
    "lat": 43.054634,
    "lon": -2.232037,
    "fecha_utc": "2026-10-06T08:00:00+00:00",
    "velocidad_kmh": 3.2,
    "racha_kmh": 9.4,
    "direccion_grados": 223.0,
    "direccion_cardinal": "SO",
    "hacia_grados": 43.0,
    "temperatura_c": 20.2,
    "humedad_pct": 76.0,
    "regla_30": false
   }
  },
  {
   "type": "Feature",
   "geometry": {
    "type": "Point",
    "coordinates": [
     -2.184273,
     43.058158
    ]
   },
   "properties": {
    "fuente": "AEMET",
    "id": "1026X",
    "nombre": "ORDIZIA",
    "lat": 43.058158,
    "lon": -2.184273,
    "fecha_utc": "2026-10-06T09:00:00+00:00",
    "velocidad_kmh": 5.0,
    "racha_kmh": 19.1,
    "direccion_grados": 131.0,
    "direccion_cardinal": "SE",
    "hacia_grados": 311.0,
    "temperatura_c": 22.0,
    "humedad_pct": 67.0,
    "regla_30": false
   }
  },
  {
   "type": "Feature",
   "geometry": {
    "type": "Point",
    "coordinates": [
     -1.950836,
     43.084999
    ]
   },
   "properties": {
    "fuente": "AEMET",
    "id": "1033X",
    "nombre": "ARESO ",
    "lat": 43.084999,
    "lon": -1.950836,
    "fecha_utc": "2026-10-06T09:00:00+00:00",
    "velocidad_kmh": 11.9,
    "racha_kmh": 31.7,
    "direccion_grados": 158.0,
    "direccion_cardinal": "SSE",
    "hacia_grados": 338.0,
    "temperatura_c": 20.0,
    "humedad_pct": 72.0,
    "regla_30": false
   }
  },
  {
   "type": "Feature",
   "geometry": {
    "type": "Point",
    "coordinates": [
     -2.337095,
     43.051797
    ]
   },
   "properties": {
    "fuente": "AEMET",
    "id": "1037X",
    "nombre": "LEGAZPI",
    "lat": 43.051797,
    "lon": -2.337095,
    "fecha_utc": "2026-10-06T09:00:00+00:00",
    "velocidad_kmh": 4.3,
    "racha_kmh": 27.4,
    "direccion_grados": 167.0,
    "direccion_cardinal": "SSE",
    "hacia_grados": 347.0,
    "temperatura_c": 20.4,
    "humedad_pct": 71.0,
    "regla_30": false
   }
  },
  {
   "type": "Feature",
   "geometry": {
    "type": "Point",
    "coordinates": [
     -2.3175,
     43.079917
    ]
   },
   "properties": {
    "fuente": "AEMET",
    "id": "1037Y",
    "nombre": "ZUMARRAGA",
    "lat": 43.079917,
    "lon": -2.3175,
    "fecha_utc": "2026-10-06T09:00:00+00:00",
    "velocidad_kmh": 10.8,
    "racha_kmh": 22.0,
    "direccion_grados": 116.0,
    "direccion_cardinal": "ESE",
    "hacia_grados": 296.0,
    "temperatura_c": 20.6,
    "humedad_pct": 72.0,
    "regla_30": false
   }
  },
  {
   "type": "Feature",
   "geometry": {
    "type": "Point",
    "coordinates": [
     -2.267175,
     43.172576
    ]
   },
   "properties": {
    "fuente": "AEMET",
    "id": "1038X",
    "nombre": "AZPEITIA",
    "lat": 43.172576,
    "lon": -2.267175,
    "fecha_utc": "2026-10-06T09:00:00+00:00",
    "velocidad_kmh": 5.0,
    "racha_kmh": 15.5,
    "direccion_grados": 207.0,
    "direccion_cardinal": "SSO",
    "hacia_grados": 27.0,
    "temperatura_c": 22.6,
    "humedad_pct": 66.0,
    "regla_30": false
   }
  },
  {
   "type": "Feature",
   "geometry": {
    "type": "Point",
    "coordinates": [
     -2.251035,
     43.302139
    ]
   },
   "properties": {
    "fuente": "AEMET",
    "id": "1041A",
    "nombre": "ZUMAIA",
    "lat": 43.302139,
    "lon": -2.251035,
    "fecha_utc": "2026-10-06T09:00:00+00:00",
    "velocidad_kmh": 12.2,
    "racha_kmh": 26.6,
    "direccion_grados": 113.0,
    "direccion_cardinal": "ESE",
    "hacia_grados": 293.0,
    "temperatura_c": 22.6,
    "humedad_pct": 74.0,
    "regla_30": false
   }
  },
  {
   "type": "Feature",
   "geometry": {
    "type": "Point",
    "coordinates": [
     -2.495827,
     43.138333
    ]
   },
   "properties": {
    "fuente": "AEMET",
    "id": "1049N",
    "nombre": "ELGETA",
    "lat": 43.138333,
    "lon": -2.495827,
    "fecha_utc": "2026-10-06T09:00:00+00:00",
    "velocidad_kmh": 1.4,
    "racha_kmh": 5.8,
    "direccion_grados": 130.0,
    "direccion_cardinal": "SE",
    "hacia_grados": 310.0,
    "temperatura_c": 19.7,
    "humedad_pct": 77.0,
    "regla_30": false
   }
  },
  {
   "type": "Feature",
   "geometry": {
    "type": "Point",
    "coordinates": [
     -2.413218,
     43.209293
    ]
   },
   "properties": {
    "fuente": "AEMET",
    "id": "1050J",
    "nombre": "ELGOIBAR",
    "lat": 43.209293,
    "lon": -2.413218,
    "fecha_utc": "2026-10-06T09:00:00+00:00",
    "velocidad_kmh": 7.9,
    "racha_kmh": 18.0,
    "direccion_grados": 296.0,
    "direccion_cardinal": "ONO",
    "hacia_grados": 116.0,
    "temperatura_c": 21.2,
    "humedad_pct": 75.0,
    "regla_30": false
   }
  },
  {
   "type": "Feature",
   "geometry": {
    "type": "Point",
    "coordinates": [
     -2.397148,
     43.31722
    ]
   },
   "properties": {
    "fuente": "AEMET",
    "id": "1052A",
    "nombre": "MUTRIKU",
    "lat": 43.31722,
    "lon": -2.397148,
    "fecha_utc": "2026-10-06T09:00:00+00:00",
    "velocidad_kmh": 4.7,
    "racha_kmh": 13.0,
    "direccion_grados": 275.0,
    "direccion_cardinal": "O",
    "hacia_grados": 95.0,
    "temperatura_c": 22.6,
    "humedad_pct": 68.0,
    "regla_30": false
   }
  },
  {
   "type": "Feature",
   "geometry": {
    "type": "Point",
    "coordinates": [
     -2.671184,
     43.342388
    ]
   },
   "properties": {
    "fuente": "AEMET",
    "id": "1056K",
    "nombre": "FORUA",
    "lat": 43.342388,
    "lon": -2.671184,
    "fecha_utc": "2026-10-06T09:00:00+00:00",
    "velocidad_kmh": 9.0,
    "racha_kmh": 19.8,
    "direccion_grados": 161.0,
    "direccion_cardinal": "SSE",
    "hacia_grados": 341.0,
    "temperatura_c": 21.2,
    "humedad_pct": 85.0,
    "regla_30": false
   }
  },
  {
   "type": "Feature",
   "geometry": {
    "type": "Point",
    "coordinates": [
     -2.752762,
     43.453906
    ]
   },
   "properties": {
    "fuente": "AEMET",
    "id": "1057B",
    "nombre": "MATXITXAKO",
    "lat": 43.453906,
    "lon": -2.752762,
    "fecha_utc": "2026-10-06T09:00:00+00:00",
    "velocidad_kmh": 4.3,
    "racha_kmh": 15.1,
    "direccion_grados": 80.0,
    "direccion_cardinal": "E",
    "hacia_grados": 260.0,
    "temperatura_c": 23.5,
    "humedad_pct": 69.0,
    "regla_30": false
   }
  },
  {
   "type": "Feature",
   "geometry": {
    "type": "Point",
    "coordinates": [
     -3.021602,
     43.375086
    ]
   },
   "properties": {
    "fuente": "AEMET",
    "id": "1059X",
    "nombre": "PUNTA GALEA ",
    "lat": 43.375086,
    "lon": -3.021602,
    "fecha_utc": "2026-10-06T09:00:00+00:00",
    "velocidad_kmh": 10.4,
    "racha_kmh": 29.9,
    "direccion_grados": 202.0,
    "direccion_cardinal": "SSO",
    "hacia_grados": 22.0,
    "temperatura_c": 22.4,
    "humedad_pct": 58.0,
    "regla_30": false
   }
  },
  {
   "type": "Feature",
   "geometry": {
    "type": "Point",
    "coordinates": [
     -3.005452,
     43.050241
    ]
   },
   "properties": {
    "fuente": "AEMET",
    "id": "1060X",
    "nombre": "AMURRIO",
    "lat": 43.050241,
    "lon": -3.005452,
    "fecha_utc": "2026-10-06T09:00:00+00:00",
    "velocidad_kmh": 8.6,
    "racha_kmh": 25.9,
    "direccion_grados": 143.0,
    "direccion_cardinal": "SE",
    "hacia_grados": 323.0,
    "temperatura_c": 21.7,
    "humedad_pct": 62.0,
    "regla_30": false
   }
  },
  {
   "type": "Feature",
   "geometry": {
    "type": "Point",
    "coordinates": [
     -2.860274,
     43.096333
    ]
   },
   "properties": {
    "fuente": "AEMET",
    "id": "1064L",
    "nombre": "OROZKO  IBARRA",
    "lat": 43.096333,
    "lon": -2.860274,
    "fecha_utc": "2026-10-06T09:00:00+00:00",
    "velocidad_kmh": 2.9,
    "racha_kmh": 14.4,
    "direccion_grados": 243.0,
    "direccion_cardinal": "OSO",
    "hacia_grados": 63.0,
    "temperatura_c": 20.1,
    "humedad_pct": 78.0,
    "regla_30": false
   }
  },
  {
   "type": "Feature",
   "geometry": {
    "type": "Point",
    "coordinates": [
     -2.706153,
     43.202893
    ]
   },
   "properties": {
    "fuente": "AEMET",
    "id": "1074C",
    "nombre": "AMOREBIETA-ETXANO",
    "lat": 43.202893,
    "lon": -2.706153,
    "fecha_utc": "2026-10-06T09:00:00+00:00",
    "velocidad_kmh": 1.8,
    "racha_kmh": 7.9,
    "direccion_grados": 195.0,
    "direccion_cardinal": "SSO",
    "hacia_grados": 15.0,
    "temperatura_c": 20.6,
    "humedad_pct": 78.0,
    "regla_30": false
   }
  },
  {
   "type": "Feature",
   "geometry": {
    "type": "Point",
    "coordinates": [
     -3.104777,
     43.203384
    ]
   },
   "properties": {
    "fuente": "AEMET",
    "id": "1078I",
    "nombre": "GÜEÑES",
    "lat": 43.203384,
    "lon": -3.104777,
    "fecha_utc": "2026-10-06T09:00:00+00:00",
    "velocidad_kmh": 12.2,
    "racha_kmh": 27.4,
    "direccion_grados": 257.0,
    "direccion_cardinal": "OSO",
    "hacia_grados": 77.0,
    "temperatura_c": 21.5,
    "humedad_pct": 60.0,
    "regla_30": false
   }
  },
  {
   "type": "Feature",
   "geometry": {
    "type": "Point",
    "coordinates": [
     -2.906304,
     43.297952
    ]
   },
   "properties": {
    "fuente": "AEMET",
    "id": "1082",
    "nombre": "BILBAO AEROPUERTO",
    "lat": 43.297952,
    "lon": -2.906304,
    "fecha_utc": "2026-10-06T09:00:00+00:00",
    "velocidad_kmh": 13.0,
    "racha_kmh": 29.5,
    "direccion_grados": 160.0,
    "direccion_cardinal": "SSE",
    "hacia_grados": 340.0,
    "temperatura_c": 23.1,
    "humedad_pct": 58.0,
    "regla_30": false
   }
  },
  {
   "type": "Feature",
   "geometry": {
    "type": "Point",
    "coordinates": [
     -3.168615,
     43.279722
    ]
   },
   "properties": {
    "fuente": "AEMET",
    "id": "1083B",
    "nombre": "SOPUERTA",
    "lat": 43.279722,
    "lon": -3.168615,
    "fecha_utc": "2026-10-06T09:00:00+00:00",
    "velocidad_kmh": 10.4,
    "racha_kmh": 31.7,
    "direccion_grados": 206.0,
    "direccion_cardinal": "SSO",
    "hacia_grados": 26.0,
    "temperatura_c": 21.2,
    "humedad_pct": 63.0,
    "regla_30": false
   }
  },
  {
   "type": "Feature",
   "geometry": {
    "type": "Point",
    "coordinates": [
     -3.233884,
     43.39473
    ]
   },
   "properties": {
    "fuente": "AEMET",
    "id": "1083L",
    "nombre": "CASTRO URDIALES-EDAR",
    "lat": 43.39473,
    "lon": -3.233884,
    "fecha_utc": "2026-10-06T09:00:00+00:00",
    "velocidad_kmh": 26.6,
    "racha_kmh": 45.7,
    "direccion_grados": 208.0,
    "direccion_cardinal": "SSO",
    "hacia_grados": 28.0,
    "temperatura_c": 22.2,
    "humedad_pct": 58.0,
    "regla_30": false
   }
  },
  {
   "type": "Feature",
   "geometry": {
    "type": "Point",
    "coordinates": [
     -3.47083,
     43.255834
    ]
   },
   "properties": {
    "fuente": "AEMET",
    "id": "1089U",
    "nombre": "RAMALES DE LA VICTORIA-ETAP",
    "lat": 43.255834,
    "lon": -3.47083,
    "fecha_utc": "2026-10-06T08:00:00+00:00",
    "velocidad_kmh": 13.7,
    "racha_kmh": 44.3,
    "direccion_grados": 198.0,
    "direccion_cardinal": "SSO",
    "hacia_grados": 18.0,
    "temperatura_c": 22.7,
    "humedad_pct": 57.0,
    "regla_30": false
   }
  },
  {
   "type": "Feature",
   "geometry": {
    "type": "Point",
    "coordinates": [
     -3.469721,
     43.39667
    ]
   },
   "properties": {
    "fuente": "AEMET",
    "id": "1096X",
    "nombre": "TRETO",
    "lat": 43.39667,
    "lon": -3.469721,
    "fecha_utc": "2026-10-06T08:00:00+00:00",
    "velocidad_kmh": 5.0,
    "racha_kmh": 13.7,
    "direccion_grados": 304.0,
    "direccion_cardinal": "NO",
    "hacia_grados": 124.0,
    "temperatura_c": 18.9,
    "humedad_pct": 100.0,
    "regla_30": false
   }
  },
  {
   "type": "Feature",
   "geometry": {
    "type": "Point",
    "coordinates": [
     -3.721084,
     43.227556
    ]
   },
   "properties": {
    "fuente": "AEMET",
    "id": "1103X",
    "nombre": "SAN ROQUE DE RIOMERA-CARACOL",
    "lat": 43.227556,
    "lon": -3.721084,
    "fecha_utc": "2026-10-06T08:00:00+00:00",
    "velocidad_kmh": 29.2,
    "racha_kmh": 52.6,
    "direccion_grados": 221.0,
    "direccion_cardinal": "SO",
    "hacia_grados": 41.0,
    "temperatura_c": 15.8,
    "humedad_pct": 73.0,
    "regla_30": false
   }
  },
  {
   "type": "Feature",
   "geometry": {
    "type": "Point",
    "coordinates": [
     -3.831385,
     43.428613
    ]
   },
   "properties": {
    "fuente": "AEMET",
    "id": "1109X",
    "nombre": "SANTANDER AEROPUERTO",
    "lat": 43.428613,
    "lon": -3.831385,
    "fecha_utc": "2026-10-06T09:00:00+00:00",
    "velocidad_kmh": 6.8,
    "racha_kmh": 13.0,
    "direccion_grados": 230.0,
    "direccion_cardinal": "SO",
    "hacia_grados": 50.0,
    "temperatura_c": 21.1,
    "humedad_pct": 88.0,
    "regla_30": false
   }
  },
  {
   "type": "Feature",
   "geometry": {
    "type": "Point",
    "coordinates": [
     -3.800431,
     43.491054
    ]
   },
   "properties": {
    "fuente": "AEMET",
    "id": "1111X",
    "nombre": "SANTANDER CMT",
    "lat": 43.491054,
    "lon": -3.800431,
    "fecha_utc": "2026-10-06T09:00:00+00:00",
    "velocidad_kmh": 8.3,
    "racha_kmh": 15.5,
    "direccion_grados": 249.0,
    "direccion_cardinal": "OSO",
    "hacia_grados": 69.0,
    "temperatura_c": 19.3,
    "humedad_pct": 99.0,
    "regla_30": false
   }
  },
  {
   "type": "Feature",
   "geometry": {
    "type": "Point",
    "coordinates": [
     -3.849351,
     43.2456
    ]
   },
   "properties": {
    "fuente": "AEMET",
    "id": "1124E",
    "nombre": "VILLACARRIEDO - SANTIBAÑEZ",
    "lat": 43.2456,
    "lon": -3.849351,
    "fecha_utc": "2026-10-06T09:00:00+00:00",
    "velocidad_kmh": 9.7,
    "racha_kmh": 25.6,
    "direccion_grados": 89.0,
    "direccion_cardinal": "E",
    "hacia_grados": 269.0,
    "temperatura_c": 22.0,
    "humedad_pct": 60.0,
    "regla_30": false
   }
  },
  {
   "type": "Feature",
   "geometry": {
    "type": "Point",
    "coordinates": [
     -4.214141,
     43.146941
    ]
   },
   "properties": {
    "fuente": "AEMET",
    "id": "1135C",
    "nombre": "BÁRCENA MAYOR-TORIZ",
    "lat": 43.146941,
    "lon": -4.214141,
    "fecha_utc": "2026-10-06T09:00:00+00:00",
    "velocidad_kmh": 0.7,
    "racha_kmh": 2.5,
    "direccion_grados": 188.0,
    "direccion_cardinal": "S",
    "hacia_grados": 8.0,
    "temperatura_c": 15.5,
    "humedad_pct": 100.0,
    "regla_30": false
   }
  },
  {
   "type": "Feature",
   "geometry": {
    "type": "Point",
    "coordinates": [
     -4.048612,
     43.271942
    ]
   },
   "properties": {
    "fuente": "AEMET",
    "id": "1152C",
    "nombre": "SAN FELICES DE BUELNA-TARRIBA",
    "lat": 43.271942,
    "lon": -4.048612,
    "fecha_utc": "2026-10-06T08:00:00+00:00",
    "velocidad_kmh": 0.7,
    "racha_kmh": 6.1,
    "direccion_grados": 103.0,
    "direccion_cardinal": "ESE",
    "hacia_grados": 283.0,
    "temperatura_c": 17.5,
    "humedad_pct": 92.0,
    "regla_30": false
   }
  },
  {
   "type": "Feature",
   "geometry": {
    "type": "Point",
    "coordinates": [
     -4.027419,
     43.358515
    ]
   },
   "properties": {
    "fuente": "AEMET",
    "id": "1154H",
    "nombre": "TORRELAVEGA-SIERRAPANDO",
    "lat": 43.358515,
    "lon": -4.027419,
    "fecha_utc": "2026-10-06T09:00:00+00:00",
    "velocidad_kmh": 4.3,
    "racha_kmh": 10.1,
    "direccion_grados": 182.0,
    "direccion_cardinal": "S",
    "hacia_grados": 2.0,
    "temperatura_c": 22.0,
    "humedad_pct": 83.0,
    "regla_30": false
   }
  },
  {
   "type": "Feature",
   "geometry": {
    "type": "Point",
    "coordinates": [
     -4.392103,
     43.393456
    ]
   },
   "properties": {
    "fuente": "AEMET",
    "id": "1159",
    "nombre": "SAN VICENTE-FARO",
    "lat": 43.393456,
    "lon": -4.392103,
    "fecha_utc": "2026-10-06T09:00:00+00:00",
    "velocidad_kmh": 4.7,
    "racha_kmh": 13.7,
    "direccion_grados": 29.0,
    "direccion_cardinal": "NNE",
    "hacia_grados": 209.0,
    "temperatura_c": 21.4,
    "humedad_pct": 83.0,
    "regla_30": false
   }
  },
  {
   "type": "Feature",
   "geometry": {
    "type": "Point",
    "coordinates": [
     -4.812779,
     43.143893
    ]
   },
   "properties": {
    "fuente": "AEMET",
    "id": "1167B",
    "nombre": "FUENTE DÉ-TELEFÉRICO",
    "lat": 43.143893,
    "lon": -4.812779,
    "fecha_utc": "2026-10-06T09:00:00+00:00",
    "velocidad_kmh": 1.1,
    "racha_kmh": 9.0,
    "direccion_grados": 225.0,
    "direccion_cardinal": "SO",
    "hacia_grados": 45.0,
    "temperatura_c": null,
    "humedad_pct": null,
    "regla_30": null
   }
  },
  {
   "type": "Feature",
   "geometry": {
    "type": "Point",
    "coordinates": [
     -4.802929,
     43.154869
    ]
   },
   "properties": {
    "fuente": "AEMET",
    "id": "1167G",
    "nombre": "MIRADOR DEL CABLE  PARQUE NACIONAL PICOS DE EUROPA",
    "lat": 43.154869,
    "lon": -4.802929,
    "fecha_utc": "2026-10-06T09:00:00+00:00",
    "velocidad_kmh": 5.0,
    "racha_kmh": 9.7,
    "direccion_grados": 254.0,
    "direccion_cardinal": "OSO",
    "hacia_grados": 74.0,
    "temperatura_c": 10.6,
    "humedad_pct": 81.0,
    "regla_30": false
   }
  },
  {
   "type": "Feature",
   "geometry": {
    "type": "Point",
    "coordinates": [
     -4.834772,
     43.176187
    ]
   },
   "properties": {
    "fuente": "AEMET",
    "id": "1167H",
    "nombre": "CABAÑA VERÓNICA  PARQUE NACIONAL PICOS DE EUROPA",
    "lat": 43.176187,
    "lon": -4.834772,
    "fecha_utc": "2026-10-06T08:00:00+00:00",
    "velocidad_kmh": 10.1,
    "racha_kmh": 25.6,
    "direccion_grados": 16.0,
    "direccion_cardinal": "NNE",
    "hacia_grados": 196.0,
    "temperatura_c": 6.8,
    "humedad_pct": 82.0,
    "regla_30": false
   }
  },
  {
   "type": "Feature",
   "geometry": {
    "type": "Point",
    "coordinates": [
     -4.773842,
     43.089184
    ]
   },
   "properties": {
    "fuente": "AEMET",
    "id": "1167J",
    "nombre": "CORISCAO  PARQUE NACIONAL PICOS DE EUROPA",
    "lat": 43.089184,
    "lon": -4.773842,
    "fecha_utc": "2026-10-06T09:00:00+00:00",
    "velocidad_kmh": 23.4,
    "racha_kmh": 31.7,
    "direccion_grados": 229.0,
    "direccion_cardinal": "SO",
    "hacia_grados": 49.0,
    "temperatura_c": 11.0,
    "humedad_pct": 75.0,
    "regla_30": false
   }
  },
  {
   "type": "Feature",
   "geometry": {
    "type": "Point",
    "coordinates": [
     -4.601783,
     43.182862
    ]
   },
   "properties": {
    "fuente": "AEMET",
    "id": "1174I",
    "nombre": "TAMA",
    "lat": 43.182862,
    "lon": -4.601783,
    "fecha_utc": "2026-10-06T08:00:00+00:00",
    "velocidad_kmh": 1.1,
    "racha_kmh": 4.7,
    "direccion_grados": 23.0,
    "direccion_cardinal": "NNE",
    "hacia_grados": 203.0,
    "temperatura_c": 14.7,
    "humedad_pct": 98.0,
    "regla_30": false
   }
  },
  {
   "type": "Feature",
   "geometry": {
    "type": "Point",
    "coordinates": [
     -4.668234,
     43.255713
    ]
   },
   "properties": {
    "fuente": "AEMET",
    "id": "1176A",
    "nombre": "TRESVISO",
    "lat": 43.255713,
    "lon": -4.668234,
    "fecha_utc": "2026-10-06T08:00:00+00:00",
    "velocidad_kmh": 2.2,
    "racha_kmh": 10.4,
    "direccion_grados": 66.0,
    "direccion_cardinal": "ENE",
    "hacia_grados": 246.0,
    "temperatura_c": 16.5,
    "humedad_pct": 70.0,
    "regla_30": false
   }
  },
  {
   "type": "Feature",
   "geometry": {
    "type": "Point",
    "coordinates": [
     -4.902024,
     43.176023
    ]
   },
   "properties": {
    "fuente": "AEMET",
    "id": "1178E",
    "nombre": "CORDIÑANES  PARQUE NACIONAL PICOS DE EUROPA",
    "lat": 43.176023,
    "lon": -4.902024,
    "fecha_utc": "2026-10-06T09:00:00+00:00",
    "velocidad_kmh": 1.8,
    "racha_kmh": 8.3,
    "direccion_grados": 148.0,
    "direccion_cardinal": "SSE",
    "hacia_grados": 328.0,
    "temperatura_c": 16.9,
    "humedad_pct": 78.0,
    "regla_30": false
   }
  },
  {
   "type": "Feature",
   "geometry": {
    "type": "Point",
    "coordinates": [
     -4.820994,
     43.202495
    ]
   },
   "properties": {
    "fuente": "AEMET",
    "id": "1178I",
    "nombre": "VEGA DE URRIELLU  PARQUE NACIONAL PICOS DE EUROPA",
    "lat": 43.202495,
    "lon": -4.820994,
    "fecha_utc": "2026-10-06T09:00:00+00:00",
    "velocidad_kmh": 0.0,
    "racha_kmh": 7.9,
    "direccion_grados": 0.0,
    "direccion_cardinal": "N",
    "hacia_grados": 180.0,
    "temperatura_c": 10.1,
    "humedad_pct": 70.0,
    "regla_30": false
   }
  },
  {
   "type": "Feature",
   "geometry": {
    "type": "Point",
    "coordinates": [
     -4.921692,
     43.243922
    ]
   },
   "properties": {
    "fuente": "AEMET",
    "id": "1178M",
    "nombre": "VEGA DE ARIO  PARQUE NACIONAL PICOS DE EUROPA",
    "lat": 43.243922,
    "lon": -4.921692,
    "fecha_utc": "2026-10-06T09:00:00+00:00",
    "velocidad_kmh": 8.6,
    "racha_kmh": 11.9,
    "direccion_grados": 152.0,
    "direccion_cardinal": "SSE",
    "hacia_grados": 332.0,
    "temperatura_c": 11.6,
    "humedad_pct": 77.0,
    "regla_30": false
   }
  },
  {
   "type": "Feature",
   "geometry": {
    "type": "Point",
    "coordinates": [
     -4.736775,
     43.237387
    ]
   },
   "properties": {
    "fuente": "AEMET",
    "id": "1178R",
    "nombre": "SOTRES  PARQUE NACIONAL PICOS DE EUROPA",
    "lat": 43.237387,
    "lon": -4.736775,
    "fecha_utc": "2026-10-06T09:00:00+00:00",
    "velocidad_kmh": 7.2,
    "racha_kmh": 11.2,
    "direccion_grados": 270.0,
    "direccion_cardinal": "O",
    "hacia_grados": 90.0,
    "temperatura_c": 15.1,
    "humedad_pct": 64.0,
    "regla_30": false
   }
  },
  {
   "type": "Feature",
   "geometry": {
    "type": "Point",
    "coordinates": [
     -4.852774,
     43.311112
    ]
   },
   "properties": {
    "fuente": "AEMET",
    "id": "1179B",
    "nombre": "CARREÑA DE CABRALES",
    "lat": 43.311112,
    "lon": -4.852774,
    "fecha_utc": "2026-10-06T09:00:00+00:00",
    "velocidad_kmh": 2.5,
    "racha_kmh": 8.6,
    "direccion_grados": 117.0,
    "direccion_cardinal": "ESE",
    "hacia_grados": 297.0,
    "temperatura_c": 18.6,
    "humedad_pct": 90.0,
    "regla_30": false
   }
  },
  {
   "type": "Feature",
   "geometry": {
    "type": "Point",
    "coordinates": [
     -4.849722,
     43.439167
    ]
   },
   "properties": {
    "fuente": "AEMET",
    "id": "1183J",
    "nombre": "EVC_NIEMBRU-LLANES",
    "lat": 43.439167,
    "lon": -4.849722,
    "fecha_utc": "2026-10-06T09:00:00+00:00",
    "velocidad_kmh": 7.6,
    "racha_kmh": 14.4,
    "direccion_grados": 325.0,
    "direccion_cardinal": "NO",
    "hacia_grados": 145.0,
    "temperatura_c": 19.6,
    "humedad_pct": 88.0,
    "regla_30": false
   }
  },
  {
   "type": "Feature",
   "geometry": {
    "type": "Point",
    "coordinates": [
     -4.748056,
     43.420278
    ]
   },
   "properties": {
    "fuente": "AEMET",
    "id": "1183X",
    "nombre": "LLANES",
    "lat": 43.420278,
    "lon": -4.748056,
    "fecha_utc": "2026-10-06T09:00:00+00:00",
    "velocidad_kmh": 7.6,
    "racha_kmh": 10.4,
    "direccion_grados": 305.0,
    "direccion_cardinal": "NO",
    "hacia_grados": 125.0,
    "temperatura_c": 19.8,
    "humedad_pct": 86.0,
    "regla_30": false
   }
  },
  {
   "type": "Feature",
   "geometry": {
    "type": "Point",
    "coordinates": [
     -5.119247,
     43.266631
    ]
   },
   "properties": {
    "fuente": "AEMET",
    "id": "1186P",
    "nombre": "AMIEVA  PANIZALES",
    "lat": 43.266631,
    "lon": -5.119247,
    "fecha_utc": "2026-10-06T08:00:00+00:00",
    "velocidad_kmh": 10.1,
    "racha_kmh": 32.0,
    "direccion_grados": 138.0,
    "direccion_cardinal": "SE",
    "hacia_grados": 318.0,
    "temperatura_c": 19.8,
    "humedad_pct": 70.0,
    "regla_30": false
   }
  },
  {
   "type": "Feature",
   "geometry": {
    "type": "Point",
    "coordinates": [
     -5.00172,
     43.177372
    ]
   },
   "properties": {
    "fuente": "AEMET",
    "id": "1191D",
    "nombre": "PICO COTORRA  PARQUE NACIONAL PICOS DE EUROPA",
    "lat": 43.177372,
    "lon": -5.00172,
    "fecha_utc": "2026-10-06T09:00:00+00:00",
    "velocidad_kmh": 5.0,
    "racha_kmh": 16.2,
    "direccion_grados": 216.0,
    "direccion_cardinal": "SO",
    "hacia_grados": 36.0,
    "temperatura_c": 11.6,
    "humedad_pct": 81.0,
    "regla_30": false
   }
  },
  {
   "type": "Feature",
   "geometry": {
    "type": "Point",
    "coordinates": [
     -5.396674,
     43.377836
    ]
   },
   "properties": {
    "fuente": "AEMET",
    "id": "1199X",
    "nombre": "BARGAÉU PILOÑA",
    "lat": 43.377836,
    "lon": -5.396674,
    "fecha_utc": "2026-10-06T08:00:00+00:00",
    "velocidad_kmh": 2.9,
    "racha_kmh": 6.8,
    "direccion_grados": 252.0,
    "direccion_cardinal": "OSO",
    "hacia_grados": 72.0,
    "temperatura_c": 16.6,
    "humedad_pct": 99.0,
    "regla_30": false
   }
  },
  {
   "type": "Feature",
   "geometry": {
    "type": "Point",
    "coordinates": [
     -5.282222,
     43.513889
    ]
   },
   "properties": {
    "fuente": "AEMET",
    "id": "1204X",
    "nombre": "COLUNGA-LLUCES-ASPO",
    "lat": 43.513889,
    "lon": -5.282222,
    "fecha_utc": "2026-10-06T09:00:00+00:00",
    "velocidad_kmh": 8.3,
    "racha_kmh": 12.6,
    "direccion_grados": 288.0,
    "direccion_cardinal": "ONO",
    "hacia_grados": 108.0,
    "temperatura_c": 19.1,
    "humedad_pct": 89.0,
    "regla_30": false
   }
  },
  {
   "type": "Feature",
   "geometry": {
    "type": "Point",
    "coordinates": [
     -5.621111,
     43.523056
    ]
   },
   "properties": {
    "fuente": "AEMET",
    "id": "1207U",
    "nombre": "GIJÓN-CAMPUS",
    "lat": 43.523056,
    "lon": -5.621111,
    "fecha_utc": "2026-10-06T09:00:00+00:00",
    "velocidad_kmh": 7.9,
    "racha_kmh": 15.1,
    "direccion_grados": 262.0,
    "direccion_cardinal": "O",
    "hacia_grados": 82.0,
    "temperatura_c": 20.2,
    "humedad_pct": 84.0,
    "regla_30": false
   }
  },
  {
   "type": "Feature",
   "geometry": {
    "type": "Point",
    "coordinates": [
     -5.700833,
     43.559722
    ]
   },
   "properties": {
    "fuente": "AEMET",
    "id": "1208H",
    "nombre": "GIJÓN  MUSEL",
    "lat": 43.559722,
    "lon": -5.700833,
    "fecha_utc": "2026-10-06T09:00:00+00:00",
    "velocidad_kmh": 5.4,
    "racha_kmh": 13.0,
    "direccion_grados": 213.0,
    "direccion_cardinal": "SSO",
    "hacia_grados": 33.0,
    "temperatura_c": 20.9,
    "humedad_pct": 90.0,
    "regla_30": false
   }
  },
  {
   "type": "Feature",
   "geometry": {
    "type": "Point",
    "coordinates": [
     -5.848572,
     43.655927
    ]
   },
   "properties": {
    "fuente": "AEMET",
    "id": "1210X",
    "nombre": "CABO PEÑAS",
    "lat": 43.655927,
    "lon": -5.848572,
    "fecha_utc": "2026-10-06T09:00:00+00:00",
    "velocidad_kmh": 12.2,
    "racha_kmh": 19.1,
    "direccion_grados": 271.0,
    "direccion_cardinal": "O",
    "hacia_grados": 91.0,
    "temperatura_c": 18.6,
    "humedad_pct": 95.0,
    "regla_30": false
   }
  },
  {
   "type": "Feature",
   "geometry": {
    "type": "Point",
    "coordinates": [
     -6.044173,
     43.566941
    ]
   },
   "properties": {
    "fuente": "AEMET",
    "id": "1212E",
    "nombre": "ASTURIAS/AVILÉS",
    "lat": 43.566941,
    "lon": -6.044173,
    "fecha_utc": "2026-10-06T09:00:00+00:00",
    "velocidad_kmh": 7.6,
    "racha_kmh": 27.7,
    "direccion_grados": 200.0,
    "direccion_cardinal": "SSO",
    "hacia_grados": 20.0,
    "temperatura_c": 18.9,
    "humedad_pct": 87.0,
    "regla_30": false
   }
  },
  {
   "type": "Feature",
   "geometry": {
    "type": "Point",
    "coordinates": [
     -5.776392,
     42.978608
    ]
   },
   "properties": {
    "fuente": "AEMET",
    "id": "1221D",
    "nombre": "PAJARES - VALGRANDE",
    "lat": 42.978608,
    "lon": -5.776392,
    "fecha_utc": "2026-10-06T09:00:00+00:00",
    "velocidad_kmh": 26.3,
    "racha_kmh": 35.3,
    "direccion_grados": 199.0,
    "direccion_cardinal": "SSO",
    "hacia_grados": 19.0,
    "temperatura_c": 10.1,
    "humedad_pct": 93.0,
    "regla_30": false
   }
  },
  {
   "type": "Feature",
   "geometry": {
    "type": "Point",
    "coordinates": [
     -5.822748,
     43.132706
    ]
   },
   "properties": {
    "fuente": "AEMET",
    "id": "1223P",
    "nombre": "RONZÓN",
    "lat": 43.132706,
    "lon": -5.822748,
    "fecha_utc": "2026-10-06T07:00:00+00:00",
    "velocidad_kmh": 6.8,
    "racha_kmh": 15.5,
    "direccion_grados": 150.0,
    "direccion_cardinal": "SSE",
    "hacia_grados": 330.0,
    "temperatura_c": 16.1,
    "humedad_pct": 85.0,
    "regla_30": false
   }
  },
  {
   "type": "Feature",
   "geometry": {
    "type": "Point",
    "coordinates": [
     -5.476919,
     43.095177
    ]
   },
   "properties": {
    "fuente": "AEMET",
    "id": "1226X",
    "nombre": "CUEVAS DE FELECHOSA",
    "lat": 43.095177,
    "lon": -5.476919,
    "fecha_utc": "2026-10-06T08:00:00+00:00",
    "velocidad_kmh": 3.2,
    "racha_kmh": 8.3,
    "direccion_grados": 134.0,
    "direccion_cardinal": "SE",
    "hacia_grados": 314.0,
    "temperatura_c": 14.6,
    "humedad_pct": 84.0,
    "regla_30": false
   }
  },
  {
   "type": "Feature",
   "geometry": {
    "type": "Point",
    "coordinates": [
     -5.819274,
     43.274885
    ]
   },
   "properties": {
    "fuente": "AEMET",
    "id": "1234P",
    "nombre": "MIERES-BAÍÑA",
    "lat": 43.274885,
    "lon": -5.819274,
    "fecha_utc": "2026-10-06T09:00:00+00:00",
    "velocidad_kmh": 0.4,
    "racha_kmh": 5.0,
    "direccion_grados": 65.0,
    "direccion_cardinal": "ENE",
    "hacia_grados": 245.0,
    "temperatura_c": 19.0,
    "humedad_pct": 87.0,
    "regla_30": false
   }
  },
  {
   "type": "Feature",
   "geometry": {
    "type": "Point",
    "coordinates": [
     -5.873889,
     43.353333
    ]
   },
   "properties": {
    "fuente": "AEMET",
    "id": "1249X",
    "nombre": "OVIEDO",
    "lat": 43.353333,
    "lon": -5.873889,
    "fecha_utc": "2026-10-06T09:00:00+00:00",
    "velocidad_kmh": 4.3,
    "racha_kmh": 9.0,
    "direccion_grados": 280.0,
    "direccion_cardinal": "O",
    "hacia_grados": 100.0,
    "temperatura_c": 17.0,
    "humedad_pct": 98.0,
    "regla_30": false
   }
  },
  {
   "type": "Feature",
   "geometry": {
    "type": "Point",
    "coordinates": [
     -6.473611,
     43.237222
    ]
   },
   "properties": {
    "fuente": "AEMET",
    "id": "1263X",
    "nombre": "CANGAS DEL NARCEA-SAN PEDRU CULIEMA",
    "lat": 43.237222,
    "lon": -6.473611,
    "fecha_utc": "2026-10-06T09:00:00+00:00",
    "velocidad_kmh": 4.7,
    "racha_kmh": 6.8,
    "direccion_grados": 182.0,
    "direccion_cardinal": "S",
    "hacia_grados": 2.0,
    "temperatura_c": 13.8,
    "humedad_pct": 100.0,
    "regla_30": false
   }
  },
  {
   "type": "Feature",
   "geometry": {
    "type": "Point",
    "coordinates": [
     -6.386539,
     43.290276
    ]
   },
   "properties": {
    "fuente": "AEMET",
    "id": "1272B",
    "nombre": "SOUTU  LA BARCA",
    "lat": 43.290276,
    "lon": -6.386539,
    "fecha_utc": "2026-10-06T09:00:00+00:00",
    "velocidad_kmh": 1.4,
    "racha_kmh": 7.9,
    "direccion_grados": 343.0,
    "direccion_cardinal": "NNO",
    "hacia_grados": 163.0,
    "temperatura_c": 15.6,
    "humedad_pct": 93.0,
    "regla_30": false
   }
  },
  {
   "type": "Feature",
   "geometry": {
    "type": "Point",
    "coordinates": [
     -6.256944,
     43.1
    ]
   },
   "properties": {
    "fuente": "AEMET",
    "id": "1276F",
    "nombre": "POLA DE SOMIEDO-DEPURADORA",
    "lat": 43.1,
    "lon": -6.256944,
    "fecha_utc": "2026-10-06T09:00:00+00:00",
    "velocidad_kmh": 1.4,
    "racha_kmh": 4.3,
    "direccion_grados": 203.0,
    "direccion_cardinal": "SSO",
    "hacia_grados": 23.0,
    "temperatura_c": 15.6,
    "humedad_pct": 97.0,
    "regla_30": false
   }
  },
  {
   "type": "Feature",
   "geometry": {
    "type": "Point",
    "coordinates": [
     -6.230729,
     43.424999
    ]
   },
   "properties": {
    "fuente": "AEMET",
    "id": "1279X",
    "nombre": "CAMUÑO",
    "lat": 43.424999,
    "lon": -6.230729,
    "fecha_utc": "2026-10-06T08:00:00+00:00",
    "velocidad_kmh": 3.6,
    "racha_kmh": 6.8,
    "direccion_grados": 204.0,
    "direccion_cardinal": "SSO",
    "hacia_grados": 24.0,
    "temperatura_c": 15.9,
    "humedad_pct": 100.0,
    "regla_30": false
   }
  },
  {
   "type": "Feature",
   "geometry": {
    "type": "Point",
    "coordinates": [
     -6.469998,
     43.569166
    ]
   },
   "properties": {
    "fuente": "AEMET",
    "id": "1283U",
    "nombre": "CABO BUSTO",
    "lat": 43.569166,
    "lon": -6.469998,
    "fecha_utc": "2026-10-06T09:00:00+00:00",
    "velocidad_kmh": 9.4,
    "racha_kmh": 15.1,
    "direccion_grados": 176.0,
    "direccion_cardinal": "S",
    "hacia_grados": 356.0,
    "temperatura_c": 19.0,
    "humedad_pct": 89.0,
    "regla_30": false
   }
  },
  {
   "type": "Feature",
   "geometry": {
    "type": "Point",
    "coordinates": [
     -7.017618,
     42.768579
    ]
   },
   "properties": {
    "fuente": "AEMET",
    "id": "1297E",
    "nombre": "CERVANTES-BAZAL",
    "lat": 42.768579,
    "lon": -7.017618,
    "fecha_utc": "2026-10-06T08:00:00+00:00",
    "velocidad_kmh": 7.6,
    "racha_kmh": 31.3,
    "direccion_grados": 175.0,
    "direccion_cardinal": "S",
    "hacia_grados": 355.0,
    "temperatura_c": 14.5,
    "humedad_pct": 65.0,
    "regla_30": false
   }
  },
  {
   "type": "Feature",
   "geometry": {
    "type": "Point",
    "coordinates": [
     -6.472407,
     42.955269
    ]
   },
   "properties": {
    "fuente": "AEMET",
    "id": "1302F",
    "nombre": "DEGAÑA  COTO CORTÉS",
    "lat": 42.955269,
    "lon": -6.472407,
    "fecha_utc": "2026-10-06T08:00:00+00:00",
    "velocidad_kmh": 13.3,
    "racha_kmh": 27.0,
    "direccion_grados": 74.0,
    "direccion_cardinal": "ENE",
    "hacia_grados": 254.0,
    "temperatura_c": 12.5,
    "humedad_pct": 77.0,
    "regla_30": false
   }
  },
  {
   "type": "Feature",
   "geometry": {
    "type": "Point",
    "coordinates": [
     -6.884876,
     43.027413
    ]
   },
   "properties": {
    "fuente": "AEMET",
    "id": "1309C",
    "nombre": "SAN ANTOLIN DE IBIAS-LINARES",
    "lat": 43.027413,
    "lon": -6.884876,
    "fecha_utc": "2026-10-06T08:00:00+00:00",
    "velocidad_kmh": 4.3,
    "racha_kmh": 7.6,
    "direccion_grados": 335.0,
    "direccion_cardinal": "NNO",
    "hacia_grados": 155.0,
    "temperatura_c": 15.3,
    "humedad_pct": 80.0,
    "regla_30": false
   }
  },
  {
   "type": "Feature",
   "geometry": {
    "type": "Point",
    "coordinates": [
     -6.673332,
     43.465552
    ]
   },
   "properties": {
    "fuente": "AEMET",
    "id": "1327A",
    "nombre": "ONETA",
    "lat": 43.465552,
    "lon": -6.673332,
    "fecha_utc": "2026-10-06T09:00:00+00:00",
    "velocidad_kmh": 4.3,
    "racha_kmh": 9.7,
    "direccion_grados": 190.0,
    "direccion_cardinal": "S",
    "hacia_grados": 10.0,
    "temperatura_c": 16.8,
    "humedad_pct": 100.0,
    "regla_30": false
   }
  },
  {
   "type": "Feature",
   "geometry": {
    "type": "Point",
    "coordinates": [
     -7.030833,
     43.524444
    ]
   },
   "properties": {
    "fuente": "AEMET",
    "id": "1331A",
    "nombre": "CASTROPOL",
    "lat": 43.524444,
    "lon": -7.030833,
    "fecha_utc": "2026-10-06T09:00:00+00:00",
    "velocidad_kmh": 8.3,
    "racha_kmh": 15.5,
    "direccion_grados": 191.0,
    "direccion_cardinal": "S",
    "hacia_grados": 11.0,
    "temperatura_c": 18.1,
    "humedad_pct": 89.0,
    "regla_30": false
   }
  },
  {
   "type": "Feature",
   "geometry": {
    "type": "Point",
    "coordinates": [
     -7.06098,
     43.415546
    ]
   },
   "properties": {
    "fuente": "AEMET",
    "id": "1341B",
    "nombre": "OURIA DE TARAMUNDI",
    "lat": 43.415546,
    "lon": -7.06098,
    "fecha_utc": "2026-10-06T08:00:00+00:00",
    "velocidad_kmh": 0.4,
    "racha_kmh": 13.0,
    "direccion_grados": 44.0,
    "direccion_cardinal": "NE",
    "hacia_grados": 224.0,
    "temperatura_c": 15.3,
    "humedad_pct": 100.0,
    "regla_30": false
   }
  },
  {
   "type": "Feature",
   "geometry": {
    "type": "Point",
    "coordinates": [
     -7.082971,
     43.540652
    ]
   },
   "properties": {
    "fuente": "AEMET",
    "id": "1342X",
    "nombre": "RIBADEO  VILAFRAMIL",
    "lat": 43.540652,
    "lon": -7.082971,
    "fecha_utc": "2026-10-06T05:00:00+00:00",
    "velocidad_kmh": 1.1,
    "racha_kmh": 4.3,
    "direccion_grados": 15.0,
    "direccion_cardinal": "NNE",
    "hacia_grados": 195.0,
    "temperatura_c": 19.1,
    "humedad_pct": 99.0,
    "regla_30": false
   }
  },
  {
   "type": "Feature",
   "geometry": {
    "type": "Point",
    "coordinates": [
     -7.361736,
     43.431333
    ]
   },
   "properties": {
    "fuente": "AEMET",
    "id": "1344X",
    "nombre": "MONDOÑEDO",
    "lat": 43.431333,
    "lon": -7.361736,
    "fecha_utc": "2026-10-06T09:00:00+00:00",
    "velocidad_kmh": 0.4,
    "racha_kmh": 7.6,
    "direccion_grados": 88.0,
    "direccion_cardinal": "E",
    "hacia_grados": 268.0,
    "temperatura_c": 17.7,
    "humedad_pct": 98.0,
    "regla_30": false
   }
  },
  {
   "type": "Feature",
   "geometry": {
    "type": "Point",
    "coordinates": [
     -7.684866,
     43.786208
    ]
   },
   "properties": {
    "fuente": "AEMET",
    "id": "1351",
    "nombre": "ESTACA DE BARES",
    "lat": 43.786208,
    "lon": -7.684866,
    "fecha_utc": "2026-10-06T09:00:00+00:00",
    "velocidad_kmh": 14.4,
    "racha_kmh": 23.8,
    "direccion_grados": 133.0,
    "direccion_cardinal": "SE",
    "hacia_grados": 313.0,
    "temperatura_c": 20.1,
    "humedad_pct": 93.0,
    "regla_30": false
   }
  },
  {
   "type": "Feature",
   "geometry": {
    "type": "Point",
    "coordinates": [
     -8.421517,
     43.365969
    ]
   },
   "properties": {
    "fuente": "AEMET",
    "id": "1387",
    "nombre": "A CORUÑA",
    "lat": 43.365969,
    "lon": -8.421517,
    "fecha_utc": "2026-10-06T09:00:00+00:00",
    "velocidad_kmh": 2.9,
    "racha_kmh": 6.8,
    "direccion_grados": 119.0,
    "direccion_cardinal": "ESE",
    "hacia_grados": 299.0,
    "temperatura_c": 19.1,
    "humedad_pct": 82.0,
    "regla_30": false
   }
  },
  {
   "type": "Feature",
   "geometry": {
    "type": "Point",
    "coordinates": [
     -8.441944,
     43.363309
    ]
   },
   "properties": {
    "fuente": "AEMET",
    "id": "1387D",
    "nombre": "BENS-A CORUÑA",
    "lat": 43.363309,
    "lon": -8.441944,
    "fecha_utc": "2026-10-06T09:00:00+00:00",
    "velocidad_kmh": 2.5,
    "racha_kmh": 6.8,
    "direccion_grados": 84.0,
    "direccion_cardinal": "E",
    "hacia_grados": 264.0,
    "temperatura_c": 18.6,
    "humedad_pct": 83.0,
    "regla_30": false
   }
  },
  {
   "type": "Feature",
   "geometry": {
    "type": "Point",
    "coordinates": [
     -8.371975,
     43.306954
    ]
   },
   "properties": {
    "fuente": "AEMET",
    "id": "1387E",
    "nombre": "A CORUÑA/ALVEDRO",
    "lat": 43.306954,
    "lon": -8.371975,
    "fecha_utc": "2026-10-06T09:00:00+00:00",
    "velocidad_kmh": 3.6,
    "racha_kmh": 7.6,
    "direccion_grados": 160.0,
    "direccion_cardinal": "SSE",
    "hacia_grados": 340.0,
    "temperatura_c": 16.7,
    "humedad_pct": 99.0,
    "regla_30": false
   }
  },
  {
   "type": "Feature",
   "geometry": {
    "type": "Point",
    "coordinates": [
     -9.291434,
     42.924828
    ]
   },
   "properties": {
    "fuente": "AEMET",
    "id": "1400",
    "nombre": "FISTERRA",
    "lat": 42.924828,
    "lon": -9.291434,
    "fecha_utc": "2026-10-06T09:00:00+00:00",
    "velocidad_kmh": 4.3,
    "racha_kmh": 15.8,
    "direccion_grados": 131.0,
    "direccion_cardinal": "SE",
    "hacia_grados": 311.0,
    "temperatura_c": 20.2,
    "humedad_pct": 76.0,
    "regla_30": false
   }
  },
  {
   "type": "Feature",
   "geometry": {
    "type": "Point",
    "coordinates": [
     -8.410515,
     42.888011
    ]
   },
   "properties": {
    "fuente": "AEMET",
    "id": "1428",
    "nombre": "SANTIAGO DE COMPOSTELA/LAVACOLLA",
    "lat": 42.888011,
    "lon": -8.410515,
    "fecha_utc": "2026-10-06T09:00:00+00:00",
    "velocidad_kmh": 6.1,
    "racha_kmh": 11.2,
    "direccion_grados": 170.0,
    "direccion_cardinal": "S",
    "hacia_grados": 350.0,
    "temperatura_c": 17.0,
    "humedad_pct": 80.0,
    "regla_30": false
   }
  },
  {
   "type": "Feature",
   "geometry": {
    "type": "Point",
    "coordinates": [
     -8.876227,
     42.800141
    ]
   },
   "properties": {
    "fuente": "AEMET",
    "id": "1435C",
    "nombre": "NOIA",
    "lat": 42.800141,
    "lon": -8.876227,
    "fecha_utc": "2026-10-06T08:00:00+00:00",
    "velocidad_kmh": 2.5,
    "racha_kmh": 7.6,
    "direccion_grados": 84.0,
    "direccion_cardinal": "E",
    "hacia_grados": 264.0,
    "temperatura_c": 16.6,
    "humedad_pct": 90.0,
    "regla_30": false
   }
  },
  {
   "type": "Feature",
   "geometry": {
    "type": "Point",
    "coordinates": [
     -8.923333,
     42.720833
    ]
   },
   "properties": {
    "fuente": "AEMET",
    "id": "1437P",
    "nombre": "EVC_NOIA",
    "lat": 42.720833,
    "lon": -8.923333,
    "fecha_utc": "2026-10-06T08:00:00+00:00",
    "velocidad_kmh": 19.4,
    "racha_kmh": 34.2,
    "direccion_grados": 223.0,
    "direccion_cardinal": "SO",
    "hacia_grados": 43.0,
    "temperatura_c": 16.3,
    "humedad_pct": 84.0,
    "regla_30": false
   }
  },
  {
   "type": "Feature",
   "geometry": {
    "type": "Point",
    "coordinates": [
     -8.257892,
     42.700887
    ]
   },
   "properties": {
    "fuente": "AEMET",
    "id": "1466A",
    "nombre": "SILLEDA",
    "lat": 42.700887,
    "lon": -8.257892,
    "fecha_utc": "2026-10-06T08:00:00+00:00",
    "velocidad_kmh": 10.8,
    "racha_kmh": 20.9,
    "direccion_grados": 146.0,
    "direccion_cardinal": "SE",
    "hacia_grados": 326.0,
    "temperatura_c": 17.6,
    "humedad_pct": 74.0,
    "regla_30": false
   }
  },
  {
   "type": "Feature",
   "geometry": {
    "type": "Point",
    "coordinates": [
     -8.627222,
     42.738333
    ]
   },
   "properties": {
    "fuente": "AEMET",
    "id": "1473A",
    "nombre": "PADRÓN",
    "lat": 42.738333,
    "lon": -8.627222,
    "fecha_utc": "2026-10-06T09:00:00+00:00",
    "velocidad_kmh": 3.2,
    "racha_kmh": 7.6,
    "direccion_grados": 229.0,
    "direccion_cardinal": "SO",
    "hacia_grados": 49.0,
    "temperatura_c": 15.7,
    "humedad_pct": 99.0,
    "regla_30": false
   }
  },
  {
   "type": "Feature",
   "geometry": {
    "type": "Point",
    "coordinates": [
     -8.555833,
     42.876111
    ]
   },
   "properties": {
    "fuente": "AEMET",
    "id": "1475X",
    "nombre": "SANTIAGO DE COMPOSTELA",
    "lat": 42.876111,
    "lon": -8.555833,
    "fecha_utc": "2026-10-06T09:00:00+00:00",
    "velocidad_kmh": 0.0,
    "racha_kmh": 2.9,
    "direccion_grados": 100.0,
    "direccion_cardinal": "E",
    "hacia_grados": 280.0,
    "temperatura_c": 17.2,
    "humedad_pct": 90.0,
    "regla_30": false
   }
  },
  {
   "type": "Feature",
   "geometry": {
    "type": "Point",
    "coordinates": [
     -8.774642,
     42.584843
    ]
   },
   "properties": {
    "fuente": "AEMET",
    "id": "1477V",
    "nombre": "VILAGARCIA DE AROUSA",
    "lat": 42.584843,
    "lon": -8.774642,
    "fecha_utc": "2026-10-06T06:00:00+00:00",
    "velocidad_kmh": 5.0,
    "racha_kmh": 7.2,
    "direccion_grados": 265.0,
    "direccion_cardinal": "O",
    "hacia_grados": 85.0,
    "temperatura_c": 16.6,
    "humedad_pct": 91.0,
    "regla_30": false
   }
  },
  {
   "type": "Feature",
   "geometry": {
    "type": "Point",
    "coordinates": [
     -8.615833,
     42.438333
    ]
   },
   "properties": {
    "fuente": "AEMET",
    "id": "1484C",
    "nombre": "PONTEVEDRA",
    "lat": 42.438333,
    "lon": -8.615833,
    "fecha_utc": "2026-10-06T09:00:00+00:00",
    "velocidad_kmh": 2.5,
    "racha_kmh": 10.4,
    "direccion_grados": 175.0,
    "direccion_cardinal": "S",
    "hacia_grados": 355.0,
    "temperatura_c": 17.6,
    "humedad_pct": 85.0,
    "regla_30": false
   }
  },
  {
   "type": "Feature",
   "geometry": {
    "type": "Point",
    "coordinates": [
     -8.706667,
     42.394722
    ]
   },
   "properties": {
    "fuente": "AEMET",
    "id": "1486E",
    "nombre": "ESCUELA NAVAL DE MARÍN",
    "lat": 42.394722,
    "lon": -8.706667,
    "fecha_utc": "2026-10-06T09:00:00+00:00",
    "velocidad_kmh": 2.5,
    "racha_kmh": 4.7,
    "direccion_grados": 258.0,
    "direccion_cardinal": "OSO",
    "hacia_grados": 78.0,
    "temperatura_c": 17.9,
    "humedad_pct": 86.0,
    "regla_30": false
   }
  },
  {
   "type": "Feature",
   "geometry": {
    "type": "Point",
    "coordinates": [
     -8.451243,
     42.407051
    ]
   },
   "properties": {
    "fuente": "AEMET",
    "id": "1489A",
    "nombre": "A LAMA",
    "lat": 42.407051,
    "lon": -8.451243,
    "fecha_utc": "2026-10-06T07:00:00+00:00",
    "velocidad_kmh": 5.4,
    "racha_kmh": 27.7,
    "direccion_grados": 328.0,
    "direccion_cardinal": "NNO",
    "hacia_grados": 148.0,
    "temperatura_c": 16.3,
    "humedad_pct": 82.0,
    "regla_30": false
   }
  },
  {
   "type": "Feature",
   "geometry": {
    "type": "Point",
    "coordinates": [
     -8.623765,
     42.238616
    ]
   },
   "properties": {
    "fuente": "AEMET",
    "id": "1495",
    "nombre": "VIGO/PEINADOR",
    "lat": 42.238616,
    "lon": -8.623765,
    "fecha_utc": "2026-10-06T09:00:00+00:00",
    "velocidad_kmh": 10.8,
    "racha_kmh": 27.7,
    "direccion_grados": 200.0,
    "direccion_cardinal": "SSO",
    "hacia_grados": 20.0,
    "temperatura_c": 16.1,
    "humedad_pct": 85.0,
    "regla_30": false
   }
  },
  {
   "type": "Feature",
   "geometry": {
    "type": "Point",
    "coordinates": [
     -8.724167,
     42.230556
    ]
   },
   "properties": {
    "fuente": "AEMET",
    "id": "1496X",
    "nombre": "VIGO-O CASTRO",
    "lat": 42.230556,
    "lon": -8.724167,
    "fecha_utc": "2026-10-06T06:00:00+00:00",
    "velocidad_kmh": 1.1,
    "racha_kmh": 11.2,
    "direccion_grados": 43.0,
    "direccion_cardinal": "NE",
    "hacia_grados": 223.0,
    "temperatura_c": 17.0,
    "humedad_pct": 85.0,
    "regla_30": false
   }
  },
  {
   "type": "Feature",
   "geometry": {
    "type": "Point",
    "coordinates": [
     -7.4575,
     43.111111
    ]
   },
   "properties": {
    "fuente": "AEMET",
    "id": "1505",
    "nombre": "LUGO/ROZAS",
    "lat": 43.111111,
    "lon": -7.4575,
    "fecha_utc": "2026-10-06T07:00:00+00:00",
    "velocidad_kmh": 0.4,
    "racha_kmh": 4.3,
    "direccion_grados": 233.0,
    "direccion_cardinal": "SO",
    "hacia_grados": 53.0,
    "temperatura_c": 13.9,
    "humedad_pct": 96.0,
    "regla_30": false
   }
  },
  {
   "type": "Feature",
   "geometry": {
    "type": "Point",
    "coordinates": [
     -7.5525,
     42.998333
    ]
   },
   "properties": {
    "fuente": "AEMET",
    "id": "1518A",
    "nombre": "LUGO-COL.FINGOI",
    "lat": 42.998333,
    "lon": -7.5525,
    "fecha_utc": "2026-10-06T07:00:00+00:00",
    "velocidad_kmh": 1.8,
    "racha_kmh": 7.6,
    "direccion_grados": 111.0,
    "direccion_cardinal": "ESE",
    "hacia_grados": 291.0,
    "temperatura_c": 15.0,
    "humedad_pct": 95.0,
    "regla_30": false
   }
  },
  {
   "type": "Feature",
   "geometry": {
    "type": "Point",
    "coordinates": [
     -7.18517,
     42.863768
    ]
   },
   "properties": {
    "fuente": "AEMET",
    "id": "1521X",
    "nombre": "BECERREA-PENAMAIOR",
    "lat": 42.863768,
    "lon": -7.18517,
    "fecha_utc": "2026-10-06T06:00:00+00:00",
    "velocidad_kmh": 11.2,
    "racha_kmh": 16.2,
    "direccion_grados": 163.0,
    "direccion_cardinal": "SSE",
    "hacia_grados": 343.0,
    "temperatura_c": 14.4,
    "humedad_pct": 72.0,
    "regla_30": false
   }
  },
  {
   "type": "Feature",
   "geometry": {
    "type": "Point",
    "coordinates": [
     -7.704444,
     42.634718
    ]
   },
   "properties": {
    "fuente": "AEMET",
    "id": "1535I",
    "nombre": "EVC_O SAVIÑAO",
    "lat": 42.634718,
    "lon": -7.704444,
    "fecha_utc": "2026-10-06T09:00:00+00:00",
    "velocidad_kmh": 3.6,
    "racha_kmh": 9.4,
    "direccion_grados": 252.0,
    "direccion_cardinal": "OSO",
    "hacia_grados": 72.0,
    "temperatura_c": 16.2,
    "humedad_pct": 78.0,
    "regla_30": false
   }
  },
  {
   "type": "Feature",
   "geometry": {
    "type": "Point",
    "coordinates": [
     -6.333886,
     42.928886
    ]
   },
   "properties": {
    "fuente": "AEMET",
    "id": "1541B",
    "nombre": "VILLABLINO",
    "lat": 42.928886,
    "lon": -6.333886,
    "fecha_utc": "2026-10-06T08:00:00+00:00",
    "velocidad_kmh": 1.1,
    "racha_kmh": 3.2,
    "direccion_grados": 197.0,
    "direccion_cardinal": "SSO",
    "hacia_grados": 17.0,
    "temperatura_c": 11.2,
    "humedad_pct": 94.0,
    "regla_30": false
   }
  },
  {
   "type": "Feature",
   "geometry": {
    "type": "Point",
    "coordinates": [
     -6.6,
     42.563889
    ]
   },
   "properties": {
    "fuente": "AEMET",
    "id": "1549",
    "nombre": "PONFERRADA",
    "lat": 42.563889,
    "lon": -6.6,
    "fecha_utc": "2026-10-06T09:00:00+00:00",
    "velocidad_kmh": 2.9,
    "racha_kmh": 5.8,
    "direccion_grados": 88.0,
    "direccion_cardinal": "E",
    "hacia_grados": 268.0,
    "temperatura_c": 14.3,
    "humedad_pct": 87.0,
    "regla_30": false
   }
  },
  {
   "type": "Feature",
   "geometry": {
    "type": "Point",
    "coordinates": [
     -7.282498,
     42.339448
    ]
   },
   "properties": {
    "fuente": "AEMET",
    "id": "1631E",
    "nombre": "POBRA DE TRIVES SAN MAMEDE",
    "lat": 42.339448,
    "lon": -7.282498,
    "fecha_utc": "2026-10-06T09:00:00+00:00",
    "velocidad_kmh": 5.8,
    "racha_kmh": 12.2,
    "direccion_grados": 31.0,
    "direccion_cardinal": "NNE",
    "hacia_grados": 211.0,
    "temperatura_c": 15.8,
    "humedad_pct": 71.0,
    "regla_30": false
   }
  },
  {
   "type": "Feature",
   "geometry": {
    "type": "Point",
    "coordinates": [
     -7.383609,
     42.260277
    ]
   },
   "properties": {
    "fuente": "AEMET",
    "id": "1639X",
    "nombre": "CHANDREXA DE QUEIXA",
    "lat": 42.260277,
    "lon": -7.383609,
    "fecha_utc": "2026-10-06T07:00:00+00:00",
    "velocidad_kmh": 7.2,
    "racha_kmh": 22.0,
    "direccion_grados": 158.0,
    "direccion_cardinal": "SSE",
    "hacia_grados": 338.0,
    "temperatura_c": 14.0,
    "humedad_pct": 79.0,
    "regla_30": false
   }
  },
  {
   "type": "Feature",
   "geometry": {
    "type": "Point",
    "coordinates": [
     -7.510804,
     42.53177
    ]
   },
   "properties": {
    "fuente": "AEMET",
    "id": "1679A",
    "nombre": "MONFORTE DE LEMOS",
    "lat": 42.53177,
    "lon": -7.510804,
    "fecha_utc": "2026-10-06T09:00:00+00:00",
    "velocidad_kmh": 0.0,
    "racha_kmh": 2.2,
    "direccion_grados": 357.0,
    "direccion_cardinal": "N",
    "hacia_grados": 177.0,
    "temperatura_c": 14.6,
    "humedad_pct": 92.0,
    "regla_30": false
   }
  },
  {
   "type": "Feature",
   "geometry": {
    "type": "Point",
    "coordinates": [
     -7.859722,
     42.325278
    ]
   },
   "properties": {
    "fuente": "AEMET",
    "id": "1690A",
    "nombre": "OURENSE",
    "lat": 42.325278,
    "lon": -7.859722,
    "fecha_utc": "2026-10-06T09:00:00+00:00",
    "velocidad_kmh": 2.9,
    "racha_kmh": 10.1,
    "direccion_grados": 231.0,
    "direccion_cardinal": "SO",
    "hacia_grados": 51.0,
    "temperatura_c": 18.2,
    "humedad_pct": 79.0,
    "regla_30": false
   }
  },
  {
   "type": "Feature",
   "geometry": {
    "type": "Point",
    "coordinates": [
     -8.0925,
     42.421389
    ]
   },
   "properties": {
    "fuente": "AEMET",
    "id": "1700X",
    "nombre": "O CARBALLIÑO",
    "lat": 42.421389,
    "lon": -8.0925,
    "fecha_utc": "2026-10-06T09:00:00+00:00",
    "velocidad_kmh": 3.6,
    "racha_kmh": 9.4,
    "direccion_grados": 6.0,
    "direccion_cardinal": "N",
    "hacia_grados": 186.0,
    "temperatura_c": 14.4,
    "humedad_pct": 95.0,
    "regla_30": false
   }
  },
  {
   "type": "Feature",
   "geometry": {
    "type": "Point",
    "coordinates": [
     -8.129121,
     42.299881
    ]
   },
   "properties": {
    "fuente": "AEMET",
    "id": "1701X",
    "nombre": "RIBADAVIA",
    "lat": 42.299881,
    "lon": -8.129121,
    "fecha_utc": "2026-10-06T08:00:00+00:00",
    "velocidad_kmh": 2.2,
    "racha_kmh": 4.0,
    "direccion_grados": 289.0,
    "direccion_cardinal": "ONO",
    "hacia_grados": 109.0,
    "temperatura_c": 13.6,
    "humedad_pct": 100.0,
    "regla_30": false
   }
  },
  {
   "type": "Feature",
   "geometry": {
    "type": "Point",
    "coordinates": [
     -7.733611,
     42.079167
    ]
   },
   "properties": {
    "fuente": "AEMET",
    "id": "1735X",
    "nombre": "XINZO DE LIMIA",
    "lat": 42.079167,
    "lon": -7.733611,
    "fecha_utc": "2026-10-06T09:00:00+00:00",
    "velocidad_kmh": 12.6,
    "racha_kmh": 25.6,
    "direccion_grados": 136.0,
    "direccion_cardinal": "SE",
    "hacia_grados": 316.0,
    "temperatura_c": 18.5,
    "humedad_pct": 68.0,
    "regla_30": false
   }
  },
  {
   "type": "Feature",
   "geometry": {
    "type": "Point",
    "coordinates": [
     -4.12433,
     43.377241
    ]
   },
   "properties": {
    "fuente": "AEMET",
    "id": "1740",
    "nombre": "ALTAMIRA",
    "lat": 43.377241,
    "lon": -4.12433,
    "fecha_utc": "2026-10-06T08:00:00+00:00",
    "velocidad_kmh": 6.8,
    "racha_kmh": 11.9,
    "direccion_grados": 204.0,
    "direccion_cardinal": "SSO",
    "hacia_grados": 24.0,
    "temperatura_c": 18.2,
    "humedad_pct": 100.0,
    "regla_30": false
   }
  },
  {
   "type": "Feature",
   "geometry": {
    "type": "Point",
    "coordinates": [
     -2.494163,
     41.99583
    ]
   },
   "properties": {
    "fuente": "AEMET",
    "id": "2017Y",
    "nombre": "BARRIOMARTIN-EL ROBLEDO",
    "lat": 41.99583,
    "lon": -2.494163,
    "fecha_utc": "2026-10-06T07:00:00+00:00",
    "velocidad_kmh": 9.4,
    "racha_kmh": 16.6,
    "direccion_grados": 144.0,
    "direccion_cardinal": "SE",
    "hacia_grados": 324.0,
    "temperatura_c": 11.5,
    "humedad_pct": 97.0,
    "regla_30": false
   }
  },
  {
   "type": "Feature",
   "geometry": {
    "type": "Point",
    "coordinates": [
     -2.483063,
     41.775015
    ]
   },
   "properties": {
    "fuente": "AEMET",
    "id": "2030",
    "nombre": "SORIA",
    "lat": 41.775015,
    "lon": -2.483063,
    "fecha_utc": "2026-10-06T09:00:00+00:00",
    "velocidad_kmh": 10.8,
    "racha_kmh": 17.3,
    "direccion_grados": 185.0,
    "direccion_cardinal": "S",
    "hacia_grados": 5.0,
    "temperatura_c": 15.0,
    "humedad_pct": 90.0,
    "regla_30": false
   }
  },
  {
   "type": "Feature",
   "geometry": {
    "type": "Point",
    "coordinates": [
     -2.507534,
     41.600582
    ]
   },
   "properties": {
    "fuente": "AEMET",
    "id": "2044B",
    "nombre": "LUBIA-CEDER",
    "lat": 41.600582,
    "lon": -2.507534,
    "fecha_utc": "2026-10-06T09:00:00+00:00",
    "velocidad_kmh": 7.6,
    "racha_kmh": 17.3,
    "direccion_grados": 170.0,
    "direccion_cardinal": "S",
    "hacia_grados": 350.0,
    "temperatura_c": 14.1,
    "humedad_pct": 96.0,
    "regla_30": false
   }
  },
  {
   "type": "Feature",
   "geometry": {
    "type": "Point",
    "coordinates": [
     -2.420281,
     41.419442
    ]
   },
   "properties": {
    "fuente": "AEMET",
    "id": "2048A",
    "nombre": "MORON DE ALMAZAN ",
    "lat": 41.419442,
    "lon": -2.420281,
    "fecha_utc": "2026-10-06T08:00:00+00:00",
    "velocidad_kmh": 5.4,
    "racha_kmh": 11.2,
    "direccion_grados": 176.0,
    "direccion_cardinal": "S",
    "hacia_grados": 356.0,
    "temperatura_c": 14.6,
    "humedad_pct": 95.0,
    "regla_30": false
   }
  },
  {
   "type": "Feature",
   "geometry": {
    "type": "Point",
    "coordinates": [
     -2.783338,
     41.349719
    ]
   },
   "properties": {
    "fuente": "AEMET",
    "id": "2059B",
    "nombre": "LA RIBA DE ESCALOTE",
    "lat": 41.349719,
    "lon": -2.783338,
    "fecha_utc": "2026-10-06T06:00:00+00:00",
    "velocidad_kmh": 5.4,
    "racha_kmh": 25.9,
    "direccion_grados": 287.0,
    "direccion_cardinal": "ONO",
    "hacia_grados": 107.0,
    "temperatura_c": 13.5,
    "humedad_pct": 94.0,
    "regla_30": false
   }
  },
  {
   "type": "Feature",
   "geometry": {
    "type": "Point",
    "coordinates": [
     -3.086949,
     41.589444
    ]
   },
   "properties": {
    "fuente": "AEMET",
    "id": "2092",
    "nombre": "BURGO DE OSMA-POZUELOS",
    "lat": 41.589444,
    "lon": -3.086949,
    "fecha_utc": "2026-10-06T05:00:00+00:00",
    "velocidad_kmh": 2.9,
    "racha_kmh": 7.6,
    "direccion_grados": 268.0,
    "direccion_cardinal": "O",
    "hacia_grados": 88.0,
    "temperatura_c": 13.7,
    "humedad_pct": 92.0,
    "regla_30": false
   }
  },
  {
   "type": "Feature",
   "geometry": {
    "type": "Point",
    "coordinates": [
     -3.251385,
     41.373609
    ]
   },
   "properties": {
    "fuente": "AEMET",
    "id": "2096B",
    "nombre": "LICERAS-CAÑADA DEHESA",
    "lat": 41.373609,
    "lon": -3.251385,
    "fecha_utc": "2026-10-06T06:00:00+00:00",
    "velocidad_kmh": 9.0,
    "racha_kmh": 13.7,
    "direccion_grados": 157.0,
    "direccion_cardinal": "SSE",
    "hacia_grados": 337.0,
    "temperatura_c": 12.5,
    "humedad_pct": 93.0,
    "regla_30": false
   }
  },
  {
   "type": "Feature",
   "geometry": {
    "type": "Point",
    "coordinates": [
     -3.381929,
     41.745847
    ]
   },
   "properties": {
    "fuente": "AEMET",
    "id": "2106B",
    "nombre": "CORUÑA DEL CONDE",
    "lat": 41.745847,
    "lon": -3.381929,
    "fecha_utc": "2026-10-06T05:00:00+00:00",
    "velocidad_kmh": 9.0,
    "racha_kmh": 12.2,
    "direccion_grados": 145.0,
    "direccion_cardinal": "SE",
    "hacia_grados": 325.0,
    "temperatura_c": 13.6,
    "humedad_pct": 91.0,
    "regla_30": false
   }
  },
  {
   "type": "Feature",
   "geometry": {
    "type": "Point",
    "coordinates": [
     -3.507234,
     41.372756
    ]
   },
   "properties": {
    "fuente": "AEMET",
    "id": "2135A",
    "nombre": "FRESNO DE CANTIESPINO",
    "lat": 41.372756,
    "lon": -3.507234,
    "fecha_utc": "2026-10-06T06:00:00+00:00",
    "velocidad_kmh": 0.4,
    "racha_kmh": 10.1,
    "direccion_grados": 111.0,
    "direccion_cardinal": "ESE",
    "hacia_grados": 291.0,
    "temperatura_c": 13.3,
    "humedad_pct": 93.0,
    "regla_30": false
   }
  },
  {
   "type": "Feature",
   "geometry": {
    "type": "Point",
    "coordinates": [
     -3.785871,
     41.464553
    ]
   },
   "properties": {
    "fuente": "AEMET",
    "id": "2140A",
    "nombre": "ALDEANUEVA DE SERREZUELA-EL CERRO",
    "lat": 41.464553,
    "lon": -3.785871,
    "fecha_utc": "2026-10-06T09:00:00+00:00",
    "velocidad_kmh": 17.6,
    "racha_kmh": 28.8,
    "direccion_grados": 145.0,
    "direccion_cardinal": "SE",
    "hacia_grados": 325.0,
    "temperatura_c": 14.8,
    "humedad_pct": 89.0,
    "regla_30": false
   }
  },
  {
   "type": "Feature",
   "geometry": {
    "type": "Point",
    "coordinates": [
     -4.405497,
     41.611879
    ]
   },
   "properties": {
    "fuente": "AEMET",
    "id": "2172Y",
    "nombre": "SARDÓN DE DUERO",
    "lat": 41.611879,
    "lon": -4.405497,
    "fecha_utc": "2026-10-06T06:00:00+00:00",
    "velocidad_kmh": 1.4,
    "racha_kmh": 18.4,
    "direccion_grados": 15.0,
    "direccion_cardinal": "NNE",
    "hacia_grados": 195.0,
    "temperatura_c": 14.0,
    "humedad_pct": 98.0,
    "regla_30": false
   }
  },
  {
   "type": "Feature",
   "geometry": {
    "type": "Point",
    "coordinates": [
     -3.790216,
     41.133861
    ]
   },
   "properties": {
    "fuente": "AEMET",
    "id": "2182C",
    "nombre": "RADES",
    "lat": 41.133861,
    "lon": -3.790216,
    "fecha_utc": "2026-10-06T08:00:00+00:00",
    "velocidad_kmh": 12.6,
    "racha_kmh": 23.4,
    "direccion_grados": 145.0,
    "direccion_cardinal": "SE",
    "hacia_grados": 325.0,
    "temperatura_c": 14.5,
    "humedad_pct": 83.0,
    "regla_30": false
   }
  },
  {
   "type": "Feature",
   "geometry": {
    "type": "Point",
    "coordinates": [
     -4.26545,
     41.383553
    ]
   },
   "properties": {
    "fuente": "AEMET",
    "id": "2192C",
    "nombre": "CUELLAR",
    "lat": 41.383553,
    "lon": -4.26545,
    "fecha_utc": "2026-10-06T07:00:00+00:00",
    "velocidad_kmh": 5.4,
    "racha_kmh": 10.1,
    "direccion_grados": 77.0,
    "direccion_cardinal": "ENE",
    "hacia_grados": 257.0,
    "temperatura_c": 12.8,
    "humedad_pct": 98.0,
    "regla_30": false
   }
  },
  {
   "type": "Feature",
   "geometry": {
    "type": "Point",
    "coordinates": [
     -4.520031,
     42.870619
    ]
   },
   "properties": {
    "fuente": "AEMET",
    "id": "2235U",
    "nombre": "CERVERA DE PISUERGA",
    "lat": 42.870619,
    "lon": -4.520031,
    "fecha_utc": "2026-10-06T09:00:00+00:00",
    "velocidad_kmh": 3.2,
    "racha_kmh": 7.9,
    "direccion_grados": 42.0,
    "direccion_cardinal": "NE",
    "hacia_grados": 222.0,
    "temperatura_c": 14.4,
    "humedad_pct": 80.0,
    "regla_30": false
   }
  },
  {
   "type": "Feature",
   "geometry": {
    "type": "Point",
    "coordinates": [
     -4.277134,
     42.79806
    ]
   },
   "properties": {
    "fuente": "AEMET",
    "id": "2243A",
    "nombre": "AGUILAR DE CAMPOO",
    "lat": 42.79806,
    "lon": -4.277134,
    "fecha_utc": "2026-10-06T08:00:00+00:00",
    "velocidad_kmh": 5.8,
    "racha_kmh": 13.7,
    "direccion_grados": 192.0,
    "direccion_cardinal": "SSO",
    "hacia_grados": 12.0,
    "temperatura_c": 16.3,
    "humedad_pct": 79.0,
    "regla_30": false
   }
  },
  {
   "type": "Feature",
   "geometry": {
    "type": "Point",
    "coordinates": [
     -4.575109,
     42.568819
    ]
   },
   "properties": {
    "fuente": "AEMET",
    "id": "2276B",
    "nombre": "VILLAELES DE VALDAVIA",
    "lat": 42.568819,
    "lon": -4.575109,
    "fecha_utc": "2026-10-06T08:00:00+00:00",
    "velocidad_kmh": 0.4,
    "racha_kmh": 5.4,
    "direccion_grados": 341.0,
    "direccion_cardinal": "NNO",
    "hacia_grados": 161.0,
    "temperatura_c": 12.6,
    "humedad_pct": 97.0,
    "regla_30": false
   }
  },
  {
   "type": "Feature",
   "geometry": {
    "type": "Point",
    "coordinates": [
     -4.001111,
     42.523889
    ]
   },
   "properties": {
    "fuente": "AEMET",
    "id": "2285B",
    "nombre": "VILLADIEGO (DEPÓSITO DE AGUA)",
    "lat": 42.523889,
    "lon": -4.001111,
    "fecha_utc": "2026-10-06T09:00:00+00:00",
    "velocidad_kmh": 6.8,
    "racha_kmh": 12.2,
    "direccion_grados": 235.0,
    "direccion_cardinal": "SO",
    "hacia_grados": 55.0,
    "temperatura_c": 16.6,
    "humedad_pct": 83.0,
    "regla_30": false
   }
  },
  {
   "type": "Feature",
   "geometry": {
    "type": "Point",
    "coordinates": [
     -4.198909,
     42.251226
    ]
   },
   "properties": {
    "fuente": "AEMET",
    "id": "2290Y",
    "nombre": "PEDROSA DEL PRÍNCIPE",
    "lat": 42.251226,
    "lon": -4.198909,
    "fecha_utc": "2026-10-06T07:00:00+00:00",
    "velocidad_kmh": 4.0,
    "racha_kmh": 6.5,
    "direccion_grados": 144.0,
    "direccion_cardinal": "SE",
    "hacia_grados": 324.0,
    "temperatura_c": 13.8,
    "humedad_pct": 90.0,
    "regla_30": false
   }
  },
  {
   "type": "Feature",
   "geometry": {
    "type": "Point",
    "coordinates": [
     -1.976675,
     41.775556
    ]
   },
   "properties": {
    "fuente": "AEMET",
    "id": "2296A",
    "nombre": "OLVEGA-CAMINO VEGAFRÍA",
    "lat": 41.775556,
    "lon": -1.976675,
    "fecha_utc": "2026-10-06T08:00:00+00:00",
    "velocidad_kmh": 10.4,
    "racha_kmh": 19.8,
    "direccion_grados": 225.0,
    "direccion_cardinal": "SO",
    "hacia_grados": 45.0,
    "temperatura_c": 14.8,
    "humedad_pct": 90.0,
    "regla_30": false
   }
  },
  {
   "type": "Feature",
   "geometry": {
    "type": "Point",
    "coordinates": [
     -3.131688,
     41.959672
    ]
   },
   "properties": {
    "fuente": "AEMET",
    "id": "2298",
    "nombre": "PALACIOS DE LA SIERRA",
    "lat": 41.959672,
    "lon": -3.131688,
    "fecha_utc": "2026-10-06T09:00:00+00:00",
    "velocidad_kmh": 7.2,
    "racha_kmh": 15.5,
    "direccion_grados": 135.0,
    "direccion_cardinal": "SE",
    "hacia_grados": 315.0,
    "temperatura_c": 15.2,
    "humedad_pct": 81.0,
    "regla_30": false
   }
  },
  {
   "type": "Feature",
   "geometry": {
    "type": "Point",
    "coordinates": [
     -3.109758,
     42.146473
    ]
   },
   "properties": {
    "fuente": "AEMET",
    "id": "2302N",
    "nombre": "MONTERRUBIO DE LA DEMANDA",
    "lat": 42.146473,
    "lon": -3.109758,
    "fecha_utc": "2026-10-06T06:00:00+00:00",
    "velocidad_kmh": 3.2,
    "racha_kmh": 7.6,
    "direccion_grados": 356.0,
    "direccion_cardinal": "N",
    "hacia_grados": 176.0,
    "temperatura_c": 11.0,
    "humedad_pct": 96.0,
    "regla_30": false
   }
  },
  {
   "type": "Feature",
   "geometry": {
    "type": "Point",
    "coordinates": [
     -3.767707,
     42.105221
    ]
   },
   "properties": {
    "fuente": "AEMET",
    "id": "2311Y",
    "nombre": "VILLAMAYOR DE LOS MONTES",
    "lat": 42.105221,
    "lon": -3.767707,
    "fecha_utc": "2026-10-06T09:00:00+00:00",
    "velocidad_kmh": 8.3,
    "racha_kmh": 15.8,
    "direccion_grados": 201.0,
    "direccion_cardinal": "SSO",
    "hacia_grados": 21.0,
    "temperatura_c": 16.4,
    "humedad_pct": 83.0,
    "regla_30": false
   }
  },
  {
   "type": "Feature",
   "geometry": {
    "type": "Point",
    "coordinates": [
     -3.620278,
     42.356944
    ]
   },
   "properties": {
    "fuente": "AEMET",
    "id": "2331",
    "nombre": "BURGOS/VILLAFRÍA",
    "lat": 42.356944,
    "lon": -3.620278,
    "fecha_utc": "2026-10-06T09:00:00+00:00",
    "velocidad_kmh": 7.6,
    "racha_kmh": 13.3,
    "direccion_grados": 216.0,
    "direccion_cardinal": "SO",
    "hacia_grados": 36.0,
    "temperatura_c": 16.5,
    "humedad_pct": 82.0,
    "regla_30": false
   }
  },
  {
   "type": "Feature",
   "geometry": {
    "type": "Point",
    "coordinates": [
     -4.713714,
     42.893772
    ]
   },
   "properties": {
    "fuente": "AEMET",
    "id": "2362C",
    "nombre": "CAMPORREDONDO DE ALBA  CUEVA DORADA",
    "lat": 42.893772,
    "lon": -4.713714,
    "fecha_utc": "2026-10-06T08:00:00+00:00",
    "velocidad_kmh": 9.4,
    "racha_kmh": 15.1,
    "direccion_grados": 277.0,
    "direccion_cardinal": "O",
    "hacia_grados": 97.0,
    "temperatura_c": 9.5,
    "humedad_pct": 98.0,
    "regla_30": false
   }
  },
  {
   "type": "Feature",
   "geometry": {
    "type": "Point",
    "coordinates": [
     -4.617359,
     42.350934
    ]
   },
   "properties": {
    "fuente": "AEMET",
    "id": "2374X",
    "nombre": "CARRIÓN DE LOS CONDES",
    "lat": 42.350934,
    "lon": -4.617359,
    "fecha_utc": "2026-10-06T09:00:00+00:00",
    "velocidad_kmh": 2.9,
    "racha_kmh": 7.2,
    "direccion_grados": 140.0,
    "direccion_cardinal": "SE",
    "hacia_grados": 320.0,
    "temperatura_c": 14.9,
    "humedad_pct": 89.0,
    "regla_30": false
   }
  },
  {
   "type": "Feature",
   "geometry": {
    "type": "Point",
    "coordinates": [
     -4.602777,
     41.99568
    ]
   },
   "properties": {
    "fuente": "AEMET",
    "id": "2400E",
    "nombre": "PALENCIA-AUTILLA PINO",
    "lat": 41.99568,
    "lon": -4.602777,
    "fecha_utc": "2026-10-06T09:00:00+00:00",
    "velocidad_kmh": 9.7,
    "racha_kmh": 17.3,
    "direccion_grados": 56.0,
    "direccion_cardinal": "NE",
    "hacia_grados": 236.0,
    "temperatura_c": 14.4,
    "humedad_pct": 89.0,
    "regla_30": false
   }
  },
  {
   "type": "Feature",
   "geometry": {
    "type": "Point",
    "coordinates": [
     -4.560496,
     42.009501
    ]
   },
   "properties": {
    "fuente": "AEMET",
    "id": "2401X",
    "nombre": "PALENCIA-GRANJA VIÑALTA",
    "lat": 42.009501,
    "lon": -4.560496,
    "fecha_utc": "2026-10-06T09:00:00+00:00",
    "velocidad_kmh": 2.2,
    "racha_kmh": 9.0,
    "direccion_grados": 81.0,
    "direccion_cardinal": "E",
    "hacia_grados": 261.0,
    "temperatura_c": 15.7,
    "humedad_pct": 87.0,
    "regla_30": false
   }
  },
  {
   "type": "Feature",
   "geometry": {
    "type": "Point",
    "coordinates": [
     -4.754167,
     41.640831
    ]
   },
   "properties": {
    "fuente": "AEMET",
    "id": "2422",
    "nombre": "VALLADOLID",
    "lat": 41.640831,
    "lon": -4.754167,
    "fecha_utc": "2026-10-06T09:00:00+00:00",
    "velocidad_kmh": 2.5,
    "racha_kmh": 11.2,
    "direccion_grados": 131.0,
    "direccion_cardinal": "SE",
    "hacia_grados": 311.0,
    "temperatura_c": 15.0,
    "humedad_pct": 94.0,
    "regla_30": false
   }
  },
  {
   "type": "Feature",
   "geometry": {
    "type": "Point",
    "coordinates": [
     -4.766619,
     41.607159
    ]
   },
   "properties": {
    "fuente": "AEMET",
    "id": "2422X",
    "nombre": "VALLADOLID - VIVERO FORESTAL",
    "lat": 41.607159,
    "lon": -4.766619,
    "fecha_utc": "2026-10-06T09:00:00+00:00",
    "velocidad_kmh": 5.8,
    "racha_kmh": 10.8,
    "direccion_grados": 137.0,
    "direccion_cardinal": "SE",
    "hacia_grados": 317.0,
    "temperatura_c": 15.1,
    "humedad_pct": 94.0,
    "regla_30": false
   }
  },
  {
   "type": "Feature",
   "geometry": {
    "type": "Point",
    "coordinates": [
     -5.044091,
     40.543313
    ]
   },
   "properties": {
    "fuente": "AEMET",
    "id": "2430Y",
    "nombre": "MUÑOTELLO",
    "lat": 40.543313,
    "lon": -5.044091,
    "fecha_utc": "2026-10-06T09:00:00+00:00",
    "velocidad_kmh": 20.5,
    "racha_kmh": 36.4,
    "direccion_grados": 193.0,
    "direccion_cardinal": "SSO",
    "hacia_grados": 13.0,
    "temperatura_c": 15.2,
    "humedad_pct": 78.0,
    "regla_30": false
   }
  },
  {
   "type": "Feature",
   "geometry": {
    "type": "Point",
    "coordinates": [
     -4.679722,
     40.659167
    ]
   },
   "properties": {
    "fuente": "AEMET",
    "id": "2444",
    "nombre": "ÁVILA",
    "lat": 40.659167,
    "lon": -4.679722,
    "fecha_utc": "2026-10-06T09:00:00+00:00",
    "velocidad_kmh": 10.1,
    "racha_kmh": 23.0,
    "direccion_grados": 165.0,
    "direccion_cardinal": "SSE",
    "hacia_grados": 345.0,
    "temperatura_c": 14.3,
    "humedad_pct": 90.0,
    "regla_30": false
   }
  },
  {
   "type": "Feature",
   "geometry": {
    "type": "Point",
    "coordinates": [
     -4.742033,
     40.828965
    ]
   },
   "properties": {
    "fuente": "AEMET",
    "id": "2453E",
    "nombre": "GOTARRENDURA (AUTOMATICA)",
    "lat": 40.828965,
    "lon": -4.742033,
    "fecha_utc": "2026-10-06T06:00:00+00:00",
    "velocidad_kmh": 9.0,
    "racha_kmh": 16.2,
    "direccion_grados": 136.0,
    "direccion_cardinal": "SE",
    "hacia_grados": 316.0,
    "temperatura_c": 14.4,
    "humedad_pct": 90.0,
    "regla_30": false
   }
  },
  {
   "type": "Feature",
   "geometry": {
    "type": "Point",
    "coordinates": [
     -4.729864,
     41.071483
    ]
   },
   "properties": {
    "fuente": "AEMET",
    "id": "2456B",
    "nombre": "AREVALO",
    "lat": 41.071483,
    "lon": -4.729864,
    "fecha_utc": "2026-10-06T08:00:00+00:00",
    "velocidad_kmh": 11.5,
    "racha_kmh": 16.9,
    "direccion_grados": 158.0,
    "direccion_cardinal": "SSE",
    "hacia_grados": 338.0,
    "temperatura_c": 15.2,
    "humedad_pct": 92.0,
    "regla_30": false
   }
  },
  {
   "type": "Feature",
   "geometry": {
    "type": "Point",
    "coordinates": [
     -4.010556,
     40.793056
    ]
   },
   "properties": {
    "fuente": "AEMET",
    "id": "2462",
    "nombre": "NAVACERRADA PUERTO",
    "lat": 40.793056,
    "lon": -4.010556,
    "fecha_utc": "2026-10-06T09:00:00+00:00",
    "velocidad_kmh": 22.0,
    "racha_kmh": 53.3,
    "direccion_grados": 160.0,
    "direccion_cardinal": "SSE",
    "hacia_grados": 340.0,
    "temperatura_c": 8.8,
    "humedad_pct": 99.0,
    "regla_30": false
   }
  },
  {
   "type": "Feature",
   "geometry": {
    "type": "Point",
    "coordinates": [
     -4.126389,
     40.945278
    ]
   },
   "properties": {
    "fuente": "AEMET",
    "id": "2465",
    "nombre": "SEGOVIA",
    "lat": 40.945278,
    "lon": -4.126389,
    "fecha_utc": "2026-10-06T09:00:00+00:00",
    "velocidad_kmh": 10.4,
    "racha_kmh": 26.6,
    "direccion_grados": 195.0,
    "direccion_cardinal": "SSO",
    "hacia_grados": 15.0,
    "temperatura_c": 17.0,
    "humedad_pct": 72.0,
    "regla_30": false
   }
  },
  {
   "type": "Feature",
   "geometry": {
    "type": "Point",
    "coordinates": [
     -4.375727,
     41.126384
    ]
   },
   "properties": {
    "fuente": "AEMET",
    "id": "2482B",
    "nombre": "MIGUELAÑEZ",
    "lat": 41.126384,
    "lon": -4.375727,
    "fecha_utc": "2026-10-06T05:00:00+00:00",
    "velocidad_kmh": 18.0,
    "racha_kmh": 26.3,
    "direccion_grados": 115.0,
    "direccion_cardinal": "ESE",
    "hacia_grados": 295.0,
    "temperatura_c": 13.1,
    "humedad_pct": 93.0,
    "regla_30": false
   }
  },
  {
   "type": "Feature",
   "geometry": {
    "type": "Point",
    "coordinates": [
     -5.689876,
     40.355087
    ]
   },
   "properties": {
    "fuente": "AEMET",
    "id": "2491C",
    "nombre": "LA COVATILLA  ESTACIÓN DE ESQUÍ",
    "lat": 40.355087,
    "lon": -5.689876,
    "fecha_utc": "2026-10-06T09:00:00+00:00",
    "velocidad_kmh": 31.7,
    "racha_kmh": 50.0,
    "direccion_grados": 64.0,
    "direccion_cardinal": "ENE",
    "hacia_grados": 244.0,
    "temperatura_c": 8.9,
    "humedad_pct": 89.0,
    "regla_30": false
   }
  },
  {
   "type": "Feature",
   "geometry": {
    "type": "Point",
    "coordinates": [
     -4.691824,
     41.279921
    ]
   },
   "properties": {
    "fuente": "AEMET",
    "id": "2503B",
    "nombre": "OLMEDO  DEPÓSITO AGUA",
    "lat": 41.279921,
    "lon": -4.691824,
    "fecha_utc": "2026-10-06T05:00:00+00:00",
    "velocidad_kmh": 16.9,
    "racha_kmh": 24.5,
    "direccion_grados": 127.0,
    "direccion_cardinal": "SE",
    "hacia_grados": 307.0,
    "temperatura_c": 13.6,
    "humedad_pct": 94.0,
    "regla_30": false
   }
  },
  {
   "type": "Feature",
   "geometry": {
    "type": "Point",
    "coordinates": [
     -5.018689,
     40.88213
    ]
   },
   "properties": {
    "fuente": "AEMET",
    "id": "2512Y",
    "nombre": "RIVILLA DE BARAJAS",
    "lat": 40.88213,
    "lon": -5.018689,
    "fecha_utc": "2026-10-06T08:00:00+00:00",
    "velocidad_kmh": 3.6,
    "racha_kmh": 14.0,
    "direccion_grados": 150.0,
    "direccion_cardinal": "SSE",
    "hacia_grados": 330.0,
    "temperatura_c": 14.3,
    "humedad_pct": 96.0,
    "regla_30": false
   }
  },
  {
   "type": "Feature",
   "geometry": {
    "type": "Point",
    "coordinates": [
     -4.939637,
     41.172753
    ]
   },
   "properties": {
    "fuente": "AEMET",
    "id": "2517A",
    "nombre": "FUENTE EL SOL",
    "lat": 41.172753,
    "lon": -4.939637,
    "fecha_utc": "2026-10-06T06:00:00+00:00",
    "velocidad_kmh": 4.3,
    "racha_kmh": 13.3,
    "direccion_grados": 60.0,
    "direccion_cardinal": "ENE",
    "hacia_grados": 240.0,
    "temperatura_c": 13.9,
    "humedad_pct": 93.0,
    "regla_30": false
   }
  },
  {
   "type": "Feature",
   "geometry": {
    "type": "Point",
    "coordinates": [
     -5.271389,
     41.548333
    ]
   },
   "properties": {
    "fuente": "AEMET",
    "id": "2536D",
    "nombre": "MORALES DEL TORO-DEPOSITO",
    "lat": 41.548333,
    "lon": -5.271389,
    "fecha_utc": "2026-10-06T06:00:00+00:00",
    "velocidad_kmh": 4.7,
    "racha_kmh": 16.2,
    "direccion_grados": 207.0,
    "direccion_cardinal": "SSO",
    "hacia_grados": 27.0,
    "temperatura_c": 13.7,
    "humedad_pct": 98.0,
    "regla_30": false
   }
  },
  {
   "type": "Feature",
   "geometry": {
    "type": "Point",
    "coordinates": [
     -5.481307,
     41.236704
    ]
   },
   "properties": {
    "fuente": "AEMET",
    "id": "2555B",
    "nombre": "FUENTESAUCO",
    "lat": 41.236704,
    "lon": -5.481307,
    "fecha_utc": "2026-10-06T08:00:00+00:00",
    "velocidad_kmh": 6.5,
    "racha_kmh": 14.0,
    "direccion_grados": 9.0,
    "direccion_cardinal": "N",
    "hacia_grados": 189.0,
    "temperatura_c": 13.6,
    "humedad_pct": 95.0,
    "regla_30": false
   }
  },
  {
   "type": "Feature",
   "geometry": {
    "type": "Point",
    "coordinates": [
     -5.630556,
     41.555278
    ]
   },
   "properties": {
    "fuente": "AEMET",
    "id": "2565",
    "nombre": "CORESES",
    "lat": 41.555278,
    "lon": -5.630556,
    "fecha_utc": "2026-10-06T09:00:00+00:00",
    "velocidad_kmh": 5.8,
    "racha_kmh": 17.6,
    "direccion_grados": 84.0,
    "direccion_cardinal": "E",
    "hacia_grados": 264.0,
    "temperatura_c": 13.7,
    "humedad_pct": 100.0,
    "regla_30": false
   }
  },
  {
   "type": "Feature",
   "geometry": {
    "type": "Point",
    "coordinates": [
     -4.851026,
     42.523503
    ]
   },
   "properties": {
    "fuente": "AEMET",
    "id": "2568D",
    "nombre": "VILLAPUN",
    "lat": 42.523503,
    "lon": -4.851026,
    "fecha_utc": "2026-10-06T06:00:00+00:00",
    "velocidad_kmh": 3.6,
    "racha_kmh": 5.4,
    "direccion_grados": 310.0,
    "direccion_cardinal": "NO",
    "hacia_grados": 130.0,
    "temperatura_c": 10.3,
    "humedad_pct": 97.0,
    "regla_30": false
   }
  },
  {
   "type": "Feature",
   "geometry": {
    "type": "Point",
    "coordinates": [
     -5.040989,
     42.09421
    ]
   },
   "properties": {
    "fuente": "AEMET",
    "id": "2593D",
    "nombre": "VILLALÓN DE CAMPOS",
    "lat": 42.09421,
    "lon": -5.040989,
    "fecha_utc": "2026-10-06T09:00:00+00:00",
    "velocidad_kmh": 4.3,
    "racha_kmh": 7.6,
    "direccion_grados": 35.0,
    "direccion_cardinal": "NE",
    "hacia_grados": 215.0,
    "temperatura_c": null,
    "humedad_pct": null,
    "regla_30": null
   }
  },
  {
   "type": "Feature",
   "geometry": {
    "type": "Point",
    "coordinates": [
     -5.040313,
     41.875815
    ]
   },
   "properties": {
    "fuente": "AEMET",
    "id": "2604B",
    "nombre": "MEDINA DE RIOSECO",
    "lat": 41.875815,
    "lon": -5.040313,
    "fecha_utc": "2026-10-06T08:00:00+00:00",
    "velocidad_kmh": 6.8,
    "racha_kmh": 16.6,
    "direccion_grados": 15.0,
    "direccion_cardinal": "NNE",
    "hacia_grados": 195.0,
    "temperatura_c": 14.3,
    "humedad_pct": 91.0,
    "regla_30": false
   }
  },
  {
   "type": "Feature",
   "geometry": {
    "type": "Point",
    "coordinates": [
     -5.59244,
     41.856388
    ]
   },
   "properties": {
    "fuente": "AEMET",
    "id": "2611D",
    "nombre": "VILLAFÁFILA",
    "lat": 41.856388,
    "lon": -5.59244,
    "fecha_utc": "2026-10-06T08:00:00+00:00",
    "velocidad_kmh": 2.2,
    "racha_kmh": 12.2,
    "direccion_grados": 320.0,
    "direccion_cardinal": "NO",
    "hacia_grados": 140.0,
    "temperatura_c": 13.9,
    "humedad_pct": 94.0,
    "regla_30": false
   }
  },
  {
   "type": "Feature",
   "geometry": {
    "type": "Point",
    "coordinates": [
     -5.735278,
     41.515556
    ]
   },
   "properties": {
    "fuente": "AEMET",
    "id": "2614",
    "nombre": "ZAMORA",
    "lat": 41.515556,
    "lon": -5.735278,
    "fecha_utc": "2026-10-06T09:00:00+00:00",
    "velocidad_kmh": 2.2,
    "racha_kmh": 8.6,
    "direccion_grados": 306.0,
    "direccion_cardinal": "NO",
    "hacia_grados": 126.0,
    "temperatura_c": 14.2,
    "humedad_pct": 96.0,
    "regla_30": false
   }
  },
  {
   "type": "Feature",
   "geometry": {
    "type": "Point",
    "coordinates": [
     -5.007615,
     42.958457
    ]
   },
   "properties": {
    "fuente": "AEMET",
    "id": "2624C",
    "nombre": "RIAÑO-ERMITA QUINTANILLA",
    "lat": 42.958457,
    "lon": -5.007615,
    "fecha_utc": "2026-10-06T09:00:00+00:00",
    "velocidad_kmh": 1.4,
    "racha_kmh": 4.0,
    "direccion_grados": 43.0,
    "direccion_cardinal": "NE",
    "hacia_grados": 223.0,
    "temperatura_c": 13.8,
    "humedad_pct": 93.0,
    "regla_30": false
   }
  },
  {
   "type": "Feature",
   "geometry": {
    "type": "Point",
    "coordinates": [
     -5.193246,
     42.620094
    ]
   },
   "properties": {
    "fuente": "AEMET",
    "id": "2626Y",
    "nombre": "SAHECHORES-HELIPUERTO",
    "lat": 42.620094,
    "lon": -5.193246,
    "fecha_utc": "2026-10-06T06:00:00+00:00",
    "velocidad_kmh": 3.6,
    "racha_kmh": 9.4,
    "direccion_grados": 79.0,
    "direccion_cardinal": "E",
    "hacia_grados": 259.0,
    "temperatura_c": 10.3,
    "humedad_pct": 97.0,
    "regla_30": false
   }
  },
  {
   "type": "Feature",
   "geometry": {
    "type": "Point",
    "coordinates": [
     -5.651111,
     42.588333
    ]
   },
   "properties": {
    "fuente": "AEMET",
    "id": "2661",
    "nombre": "LEÓN/VIRGEN DEL CAMINO",
    "lat": 42.588333,
    "lon": -5.651111,
    "fecha_utc": "2026-10-06T09:00:00+00:00",
    "velocidad_kmh": 6.5,
    "racha_kmh": 9.4,
    "direccion_grados": 30.0,
    "direccion_cardinal": "NNE",
    "hacia_grados": 210.0,
    "temperatura_c": 12.5,
    "humedad_pct": 95.0,
    "regla_30": false
   }
  },
  {
   "type": "Feature",
   "geometry": {
    "type": "Point",
    "coordinates": [
     -5.504765,
     42.295947
    ]
   },
   "properties": {
    "fuente": "AEMET",
    "id": "2664B",
    "nombre": "VALENCIA DE DON JUAN",
    "lat": 42.295947,
    "lon": -5.504765,
    "fecha_utc": "2026-10-06T08:00:00+00:00",
    "velocidad_kmh": 2.2,
    "racha_kmh": 15.5,
    "direccion_grados": 295.0,
    "direccion_cardinal": "ONO",
    "hacia_grados": 115.0,
    "temperatura_c": 13.5,
    "humedad_pct": 91.0,
    "regla_30": false
   }
  },
  {
   "type": "Feature",
   "geometry": {
    "type": "Point",
    "coordinates": [
     -5.870858,
     42.885575
    ]
   },
   "properties": {
    "fuente": "AEMET",
    "id": "2701D",
    "nombre": "MIÑERA DE LUNA-EMBALSE",
    "lat": 42.885575,
    "lon": -5.870858,
    "fecha_utc": "2026-10-06T06:00:00+00:00",
    "velocidad_kmh": 1.8,
    "racha_kmh": 11.2,
    "direccion_grados": 63.0,
    "direccion_cardinal": "ENE",
    "hacia_grados": 243.0,
    "temperatura_c": 9.7,
    "humedad_pct": 100.0,
    "regla_30": false
   }
  },
  {
   "type": "Feature",
   "geometry": {
    "type": "Point",
    "coordinates": [
     -6.070921,
     42.648217
    ]
   },
   "properties": {
    "fuente": "AEMET",
    "id": "2728B",
    "nombre": "VILLAMECA",
    "lat": 42.648217,
    "lon": -6.070921,
    "fecha_utc": "2026-10-06T07:00:00+00:00",
    "velocidad_kmh": 9.0,
    "racha_kmh": 13.3,
    "direccion_grados": 46.0,
    "direccion_cardinal": "NE",
    "hacia_grados": 226.0,
    "temperatura_c": 9.1,
    "humedad_pct": 95.0,
    "regla_30": false
   }
  },
  {
   "type": "Feature",
   "geometry": {
    "type": "Point",
    "coordinates": [
     -6.074338,
     42.476722
    ]
   },
   "properties": {
    "fuente": "AEMET",
    "id": "2734D",
    "nombre": "ASTORGA-DEPÓSITO AGUA",
    "lat": 42.476722,
    "lon": -6.074338,
    "fecha_utc": "2026-10-06T09:00:00+00:00",
    "velocidad_kmh": 5.8,
    "racha_kmh": 7.2,
    "direccion_grados": 7.0,
    "direccion_cardinal": "N",
    "hacia_grados": 187.0,
    "temperatura_c": 12.0,
    "humedad_pct": 97.0,
    "regla_30": false
   }
  },
  {
   "type": "Feature",
   "geometry": {
    "type": "Point",
    "coordinates": [
     -6.196672,
     42.377498
    ]
   },
   "properties": {
    "fuente": "AEMET",
    "id": "2737E",
    "nombre": "LAGUNAS DE SOMOZA",
    "lat": 42.377498,
    "lon": -6.196672,
    "fecha_utc": "2026-10-06T09:00:00+00:00",
    "velocidad_kmh": 4.0,
    "racha_kmh": 7.9,
    "direccion_grados": 38.0,
    "direccion_cardinal": "NE",
    "hacia_grados": 218.0,
    "temperatura_c": 11.7,
    "humedad_pct": 96.0,
    "regla_30": false
   }
  },
  {
   "type": "Feature",
   "geometry": {
    "type": "Point",
    "coordinates": [
     -5.779854,
     42.466446
    ]
   },
   "properties": {
    "fuente": "AEMET",
    "id": "2742R",
    "nombre": "BUSTILLO DEL PÁRAMO-LAS MATILLAS",
    "lat": 42.466446,
    "lon": -5.779854,
    "fecha_utc": "2026-10-06T06:00:00+00:00",
    "velocidad_kmh": 5.8,
    "racha_kmh": 13.7,
    "direccion_grados": 85.0,
    "direccion_cardinal": "E",
    "hacia_grados": 265.0,
    "temperatura_c": 11.4,
    "humedad_pct": 96.0,
    "regla_30": false
   }
  },
  {
   "type": "Feature",
   "geometry": {
    "type": "Point",
    "coordinates": [
     -5.666803,
     42.010907
    ]
   },
   "properties": {
    "fuente": "AEMET",
    "id": "2755X",
    "nombre": "BENAVENTE",
    "lat": 42.010907,
    "lon": -5.666803,
    "fecha_utc": "2026-10-06T09:00:00+00:00",
    "velocidad_kmh": 4.7,
    "racha_kmh": 7.2,
    "direccion_grados": 76.0,
    "direccion_cardinal": "ENE",
    "hacia_grados": 256.0,
    "temperatura_c": 13.2,
    "humedad_pct": 96.0,
    "regla_30": false
   }
  },
  {
   "type": "Feature",
   "geometry": {
    "type": "Point",
    "coordinates": [
     -6.639735,
     42.082615
    ]
   },
   "properties": {
    "fuente": "AEMET",
    "id": "2766E",
    "nombre": "EL PUENTE (CASA FORESTAL)",
    "lat": 42.082615,
    "lon": -6.639735,
    "fecha_utc": "2026-10-06T09:00:00+00:00",
    "velocidad_kmh": 1.4,
    "racha_kmh": 6.5,
    "direccion_grados": 336.0,
    "direccion_cardinal": "NNO",
    "hacia_grados": 156.0,
    "temperatura_c": 10.9,
    "humedad_pct": 100.0,
    "regla_30": false
   }
  },
  {
   "type": "Feature",
   "geometry": {
    "type": "Point",
    "coordinates": [
     -6.279668,
     41.941501
    ]
   },
   "properties": {
    "fuente": "AEMET",
    "id": "2775X",
    "nombre": "VILLARDECIERVOS",
    "lat": 41.941501,
    "lon": -6.279668,
    "fecha_utc": "2026-10-06T07:00:00+00:00",
    "velocidad_kmh": 3.6,
    "racha_kmh": 9.0,
    "direccion_grados": 139.0,
    "direccion_cardinal": "SE",
    "hacia_grados": 319.0,
    "temperatura_c": null,
    "humedad_pct": null,
    "regla_30": null
   }
  },
  {
   "type": "Feature",
   "geometry": {
    "type": "Point",
    "coordinates": [
     -6.007296,
     42.078138
    ]
   },
   "properties": {
    "fuente": "AEMET",
    "id": "2777K",
    "nombre": "SANTIBAÑEZ DE VIDRIALES",
    "lat": 42.078138,
    "lon": -6.007296,
    "fecha_utc": "2026-10-06T05:00:00+00:00",
    "velocidad_kmh": 1.1,
    "racha_kmh": 5.8,
    "direccion_grados": 132.0,
    "direccion_cardinal": "SE",
    "hacia_grados": 312.0,
    "temperatura_c": 11.5,
    "humedad_pct": 95.0,
    "regla_30": false
   }
  },
  {
   "type": "Feature",
   "geometry": {
    "type": "Point",
    "coordinates": [
     -5.909007,
     41.785554
    ]
   },
   "properties": {
    "fuente": "AEMET",
    "id": "2789H",
    "nombre": "POZUELO DE TABARA",
    "lat": 41.785554,
    "lon": -5.909007,
    "fecha_utc": "2026-10-06T07:00:00+00:00",
    "velocidad_kmh": 7.6,
    "racha_kmh": 10.4,
    "direccion_grados": 306.0,
    "direccion_cardinal": "NO",
    "hacia_grados": 126.0,
    "temperatura_c": 13.2,
    "humedad_pct": 96.0,
    "regla_30": false
   }
  },
  {
   "type": "Feature",
   "geometry": {
    "type": "Point",
    "coordinates": [
     -6.141833,
     41.533996
    ]
   },
   "properties": {
    "fuente": "AEMET",
    "id": "2804F",
    "nombre": "VILLADEPERA",
    "lat": 41.533996,
    "lon": -6.141833,
    "fecha_utc": "2026-10-06T06:00:00+00:00",
    "velocidad_kmh": 18.7,
    "racha_kmh": 27.4,
    "direccion_grados": 134.0,
    "direccion_cardinal": "SE",
    "hacia_grados": 314.0,
    "temperatura_c": 12.8,
    "humedad_pct": 96.0,
    "regla_30": false
   }
  },
  {
   "type": "Feature",
   "geometry": {
    "type": "Point",
    "coordinates": [
     -5.519077,
     40.355386
    ]
   },
   "properties": {
    "fuente": "AEMET",
    "id": "2828Y",
    "nombre": "BARCO DE AVILA",
    "lat": 40.355386,
    "lon": -5.519077,
    "fecha_utc": "2026-10-06T08:00:00+00:00",
    "velocidad_kmh": 15.5,
    "racha_kmh": 25.6,
    "direccion_grados": 205.0,
    "direccion_cardinal": "SSO",
    "hacia_grados": 25.0,
    "temperatura_c": 14.9,
    "humedad_pct": 85.0,
    "regla_30": false
   }
  },
  {
   "type": "Feature",
   "geometry": {
    "type": "Point",
    "coordinates": [
     -5.643454,
     40.675599
    ]
   },
   "properties": {
    "fuente": "AEMET",
    "id": "2847X",
    "nombre": "PEDROSILLO DE LOS AIRES-CASTILLEJO",
    "lat": 40.675599,
    "lon": -5.643454,
    "fecha_utc": "2026-10-06T09:00:00+00:00",
    "velocidad_kmh": 6.1,
    "racha_kmh": 13.7,
    "direccion_grados": 297.0,
    "direccion_cardinal": "ONO",
    "hacia_grados": 117.0,
    "temperatura_c": 13.3,
    "humedad_pct": 94.0,
    "regla_30": false
   }
  },
  {
   "type": "Feature",
   "geometry": {
    "type": "Point",
    "coordinates": [
     -5.36619,
     40.732205
    ]
   },
   "properties": {
    "fuente": "AEMET",
    "id": "2863C",
    "nombre": "PEDRAZA DE ALBA-VALLELARGO",
    "lat": 40.732205,
    "lon": -5.36619,
    "fecha_utc": "2026-10-06T07:00:00+00:00",
    "velocidad_kmh": 3.6,
    "racha_kmh": 10.1,
    "direccion_grados": 138.0,
    "direccion_cardinal": "SE",
    "hacia_grados": 318.0,
    "temperatura_c": 13.7,
    "humedad_pct": 96.0,
    "regla_30": false
   }
  },
  {
   "type": "Feature",
   "geometry": {
    "type": "Point",
    "coordinates": [
     -5.498292,
     40.959572
    ]
   },
   "properties": {
    "fuente": "AEMET",
    "id": "2867",
    "nombre": "SALAMANCA/MATACAN",
    "lat": 40.959572,
    "lon": -5.498292,
    "fecha_utc": "2026-10-06T09:00:00+00:00",
    "velocidad_kmh": 11.2,
    "racha_kmh": 25.9,
    "direccion_grados": 340.0,
    "direccion_cardinal": "NNO",
    "hacia_grados": 160.0,
    "temperatura_c": 14.6,
    "humedad_pct": 99.0,
    "regla_30": false
   }
  },
  {
   "type": "Feature",
   "geometry": {
    "type": "Point",
    "coordinates": [
     -5.686389,
     40.960278
    ]
   },
   "properties": {
    "fuente": "AEMET",
    "id": "2870X",
    "nombre": "SALAMANCA - HUERTOS URBANOS",
    "lat": 40.960278,
    "lon": -5.686389,
    "fecha_utc": "2026-10-06T09:00:00+00:00",
    "velocidad_kmh": 5.0,
    "racha_kmh": 18.7,
    "direccion_grados": 328.0,
    "direccion_cardinal": "NNO",
    "hacia_grados": 148.0,
    "temperatura_c": 14.0,
    "humedad_pct": 94.0,
    "regla_30": false
   }
  },
  {
   "type": "Feature",
   "geometry": {
    "type": "Point",
    "coordinates": [
     -5.779717,
     40.903607
    ]
   },
   "properties": {
    "fuente": "AEMET",
    "id": "2873X",
    "nombre": "BARBADILLO",
    "lat": 40.903607,
    "lon": -5.779717,
    "fecha_utc": "2026-10-06T08:00:00+00:00",
    "velocidad_kmh": 8.6,
    "racha_kmh": 24.8,
    "direccion_grados": 308.0,
    "direccion_cardinal": "NO",
    "hacia_grados": 128.0,
    "temperatura_c": 13.6,
    "humedad_pct": 94.0,
    "regla_30": false
   }
  },
  {
   "type": "Feature",
   "geometry": {
    "type": "Point",
    "coordinates": [
     -5.897441,
     41.238902
    ]
   },
   "properties": {
    "fuente": "AEMET",
    "id": "2882D",
    "nombre": "EVC_PEÑAUSENDE",
    "lat": 41.238902,
    "lon": -5.897441,
    "fecha_utc": "2026-10-06T09:00:00+00:00",
    "velocidad_kmh": 9.0,
    "racha_kmh": 14.8,
    "direccion_grados": 57.0,
    "direccion_cardinal": "ENE",
    "hacia_grados": 237.0,
    "temperatura_c": 11.5,
    "humedad_pct": 98.0,
    "regla_30": false
   }
  },
  {
   "type": "Feature",
   "geometry": {
    "type": "Point",
    "coordinates": [
     -6.022286,
     41.304443
    ]
   },
   "properties": {
    "fuente": "AEMET",
    "id": "2885K",
    "nombre": "FRESNO DE SAYAGO",
    "lat": 41.304443,
    "lon": -6.022286,
    "fecha_utc": "2026-10-06T08:00:00+00:00",
    "velocidad_kmh": 10.1,
    "racha_kmh": 21.2,
    "direccion_grados": 77.0,
    "direccion_cardinal": "ENE",
    "hacia_grados": 257.0,
    "temperatura_c": 12.6,
    "humedad_pct": 98.0,
    "regla_30": false
   }
  },
  {
   "type": "Feature",
   "geometry": {
    "type": "Point",
    "coordinates": [
     -6.462222,
     41.262778
    ]
   },
   "properties": {
    "fuente": "AEMET",
    "id": "2891A",
    "nombre": "VILLARINO DE LOS AIRES",
    "lat": 41.262778,
    "lon": -6.462222,
    "fecha_utc": "2026-10-06T08:00:00+00:00",
    "velocidad_kmh": 10.8,
    "racha_kmh": 25.6,
    "direccion_grados": 128.0,
    "direccion_cardinal": "SE",
    "hacia_grados": 308.0,
    "temperatura_c": 14.5,
    "humedad_pct": 94.0,
    "regla_30": false
   }
  },
  {
   "type": "Feature",
   "geometry": {
    "type": "Point",
    "coordinates": [
     -6.20289,
     40.786039
    ]
   },
   "properties": {
    "fuente": "AEMET",
    "id": "2914C",
    "nombre": "BOADILLA FUENTE SAN ESTEBAN",
    "lat": 40.786039,
    "lon": -6.20289,
    "fecha_utc": "2026-10-06T07:00:00+00:00",
    "velocidad_kmh": 5.4,
    "racha_kmh": 22.3,
    "direccion_grados": 236.0,
    "direccion_cardinal": "SO",
    "hacia_grados": 56.0,
    "temperatura_c": 13.5,
    "humedad_pct": 96.0,
    "regla_30": false
   }
  },
  {
   "type": "Feature",
   "geometry": {
    "type": "Point",
    "coordinates": [
     -6.437733,
     41.011441
    ]
   },
   "properties": {
    "fuente": "AEMET",
    "id": "2916A",
    "nombre": "VITIGUDINO",
    "lat": 41.011441,
    "lon": -6.437733,
    "fecha_utc": "2026-10-06T09:00:00+00:00",
    "velocidad_kmh": 9.4,
    "racha_kmh": 19.4,
    "direccion_grados": 94.0,
    "direccion_cardinal": "E",
    "hacia_grados": 274.0,
    "temperatura_c": 14.6,
    "humedad_pct": 95.0,
    "regla_30": false
   }
  },
  {
   "type": "Feature",
   "geometry": {
    "type": "Point",
    "coordinates": [
     -6.223616,
     40.569447
    ]
   },
   "properties": {
    "fuente": "AEMET",
    "id": "2918Y",
    "nombre": "EL MAILLO (BASE AVIONES - AUTOMATICA)",
    "lat": 40.569447,
    "lon": -6.223616,
    "fecha_utc": "2026-10-06T09:00:00+00:00",
    "velocidad_kmh": 10.1,
    "racha_kmh": 18.0,
    "direccion_grados": 73.0,
    "direccion_cardinal": "ENE",
    "hacia_grados": 253.0,
    "temperatura_c": 12.6,
    "humedad_pct": 96.0,
    "regla_30": false
   }
  },
  {
   "type": "Feature",
   "geometry": {
    "type": "Point",
    "coordinates": [
     -6.60902,
     40.851426
    ]
   },
   "properties": {
    "fuente": "AEMET",
    "id": "2926B",
    "nombre": "BAÑOBAREZ",
    "lat": 40.851426,
    "lon": -6.60902,
    "fecha_utc": "2026-10-06T05:00:00+00:00",
    "velocidad_kmh": 10.4,
    "racha_kmh": 22.7,
    "direccion_grados": 169.0,
    "direccion_cardinal": "S",
    "hacia_grados": 349.0,
    "temperatura_c": 13.7,
    "humedad_pct": 94.0,
    "regla_30": false
   }
  },
  {
   "type": "Feature",
   "geometry": {
    "type": "Point",
    "coordinates": [
     -6.57708,
     40.485117
    ]
   },
   "properties": {
    "fuente": "AEMET",
    "id": "2945A",
    "nombre": "EL BODÓN-BASE AEREA",
    "lat": 40.485117,
    "lon": -6.57708,
    "fecha_utc": "2026-10-06T08:00:00+00:00",
    "velocidad_kmh": 6.5,
    "racha_kmh": 18.4,
    "direccion_grados": 132.0,
    "direccion_cardinal": "SE",
    "hacia_grados": 312.0,
    "temperatura_c": 13.8,
    "humedad_pct": 95.0,
    "regla_30": false
   }
  },
  {
   "type": "Feature",
   "geometry": {
    "type": "Point",
    "coordinates": [
     -6.301295,
     41.683464
    ]
   },
   "properties": {
    "fuente": "AEMET",
    "id": "2966D",
    "nombre": "ALCAÑICES-VIVINERA",
    "lat": 41.683464,
    "lon": -6.301295,
    "fecha_utc": "2026-10-06T08:00:00+00:00",
    "velocidad_kmh": 31.0,
    "racha_kmh": 46.1,
    "direccion_grados": 108.0,
    "direccion_cardinal": "ESE",
    "hacia_grados": 288.0,
    "temperatura_c": 12.6,
    "humedad_pct": 98.0,
    "regla_30": false
   }
  },
  {
   "type": "Feature",
   "geometry": {
    "type": "Point",
    "coordinates": [
     -1.878928,
     40.841653
    ]
   },
   "properties": {
    "fuente": "AEMET",
    "id": "3013",
    "nombre": "MOLINA DE ARAGÓN",
    "lat": 40.841653,
    "lon": -1.878928,
    "fecha_utc": "2026-10-06T09:00:00+00:00",
    "velocidad_kmh": 5.4,
    "racha_kmh": 16.6,
    "direccion_grados": 229.0,
    "direccion_cardinal": "SO",
    "hacia_grados": 49.0,
    "temperatura_c": 16.5,
    "humedad_pct": 84.0,
    "regla_30": false
   }
  },
  {
   "type": "Feature",
   "geometry": {
    "type": "Point",
    "coordinates": [
     -2.199722,
     40.758333
    ]
   },
   "properties": {
    "fuente": "AEMET",
    "id": "3021Y",
    "nombre": "ZAOREJAS",
    "lat": 40.758333,
    "lon": -2.199722,
    "fecha_utc": "2026-10-06T09:00:00+00:00",
    "velocidad_kmh": 13.3,
    "racha_kmh": 20.5,
    "direccion_grados": 218.0,
    "direccion_cardinal": "SO",
    "hacia_grados": 38.0,
    "temperatura_c": 14.2,
    "humedad_pct": 95.0,
    "regla_30": false
   }
  },
  {
   "type": "Feature",
   "geometry": {
    "type": "Point",
    "coordinates": [
     -2.079306,
     40.543152
    ]
   },
   "properties": {
    "fuente": "AEMET",
    "id": "3040X",
    "nombre": "BETETA AERÓDROMO",
    "lat": 40.543152,
    "lon": -2.079306,
    "fecha_utc": "2026-10-06T09:00:00+00:00",
    "velocidad_kmh": 15.1,
    "racha_kmh": 24.1,
    "direccion_grados": 213.0,
    "direccion_cardinal": "SSO",
    "hacia_grados": 33.0,
    "temperatura_c": 13.7,
    "humedad_pct": 98.0,
    "regla_30": false
   }
  },
  {
   "type": "Feature",
   "geometry": {
    "type": "Point",
    "coordinates": [
     -3.021667,
     40.011389
    ]
   },
   "properties": {
    "fuente": "AEMET",
    "id": "3094B",
    "nombre": "TARANCON",
    "lat": 40.011389,
    "lon": -3.021667,
    "fecha_utc": "2026-10-06T09:00:00+00:00",
    "velocidad_kmh": 11.9,
    "racha_kmh": 23.4,
    "direccion_grados": 152.0,
    "direccion_cardinal": "SSE",
    "hacia_grados": 332.0,
    "temperatura_c": 16.3,
    "humedad_pct": 85.0,
    "regla_30": false
   }
  },
  {
   "type": "Feature",
   "geometry": {
    "type": "Point",
    "coordinates": [
     -3.496134,
     39.935165
    ]
   },
   "properties": {
    "fuente": "AEMET",
    "id": "3099Y",
    "nombre": "OCAÑA",
    "lat": 39.935165,
    "lon": -3.496134,
    "fecha_utc": "2026-10-06T09:00:00+00:00",
    "velocidad_kmh": 10.1,
    "racha_kmh": 20.2,
    "direccion_grados": 148.0,
    "direccion_cardinal": "SSE",
    "hacia_grados": 328.0,
    "temperatura_c": 16.6,
    "humedad_pct": 92.0,
    "regla_30": false
   }
  },
  {
   "type": "Feature",
   "geometry": {
    "type": "Point",
    "coordinates": [
     -3.546025,
     40.06714
    ]
   },
   "properties": {
    "fuente": "AEMET",
    "id": "3100B",
    "nombre": "ARANJUEZ",
    "lat": 40.06714,
    "lon": -3.546025,
    "fecha_utc": "2026-10-06T09:00:00+00:00",
    "velocidad_kmh": 7.6,
    "racha_kmh": 18.0,
    "direccion_grados": 133.0,
    "direccion_cardinal": "SE",
    "hacia_grados": 313.0,
    "temperatura_c": 18.3,
    "humedad_pct": 86.0,
    "regla_30": false
   }
  },
  {
   "type": "Feature",
   "geometry": {
    "type": "Point",
    "coordinates": [
     -3.301944,
     41.003611
    ]
   },
   "properties": {
    "fuente": "AEMET",
    "id": "3103",
    "nombre": "PANTANO EL VADO",
    "lat": 41.003611,
    "lon": -3.301944,
    "fecha_utc": "2026-10-06T07:00:00+00:00",
    "velocidad_kmh": 1.1,
    "racha_kmh": 2.2,
    "direccion_grados": 173.0,
    "direccion_cardinal": "S",
    "hacia_grados": 353.0,
    "temperatura_c": 14.4,
    "humedad_pct": 97.0,
    "regla_30": false
   }
  },
  {
   "type": "Feature",
   "geometry": {
    "type": "Point",
    "coordinates": [
     -3.888285,
     40.889686
    ]
   },
   "properties": {
    "fuente": "AEMET",
    "id": "3104Y",
    "nombre": "EL PAULAR- RASCAFRÍA (AUTOMÁTICA)",
    "lat": 40.889686,
    "lon": -3.888285,
    "fecha_utc": "2026-10-06T08:00:00+00:00",
    "velocidad_kmh": 1.1,
    "racha_kmh": 5.4,
    "direccion_grados": 73.0,
    "direccion_cardinal": "ENE",
    "hacia_grados": 253.0,
    "temperatura_c": 12.9,
    "humedad_pct": 99.0,
    "regla_30": false
   }
  },
  {
   "type": "Feature",
   "geometry": {
    "type": "Point",
    "coordinates": [
     -3.613809,
     41.006986
    ]
   },
   "properties": {
    "fuente": "AEMET",
    "id": "3110C",
    "nombre": "BUITRAGO",
    "lat": 41.006986,
    "lon": -3.613809,
    "fecha_utc": "2026-10-06T09:00:00+00:00",
    "velocidad_kmh": 7.2,
    "racha_kmh": 12.2,
    "direccion_grados": 170.0,
    "direccion_cardinal": "S",
    "hacia_grados": 350.0,
    "temperatura_c": 14.3,
    "humedad_pct": 96.0,
    "regla_30": false
   }
  },
  {
   "type": "Feature",
   "geometry": {
    "type": "Point",
    "coordinates": [
     -3.580198,
     41.135786
    ]
   },
   "properties": {
    "fuente": "AEMET",
    "id": "3111D",
    "nombre": "SOMOSIERRA",
    "lat": 41.135786,
    "lon": -3.580198,
    "fecha_utc": "2026-10-06T09:00:00+00:00",
    "velocidad_kmh": 13.7,
    "racha_kmh": 32.8,
    "direccion_grados": 168.0,
    "direccion_cardinal": "SSE",
    "hacia_grados": 348.0,
    "temperatura_c": 11.6,
    "humedad_pct": 97.0,
    "regla_30": false
   }
  },
  {
   "type": "Feature",
   "geometry": {
    "type": "Point",
    "coordinates": [
     -3.624662,
     40.801582
    ]
   },
   "properties": {
    "fuente": "AEMET",
    "id": "3121F",
    "nombre": "VENTURADA",
    "lat": 40.801582,
    "lon": -3.624662,
    "fecha_utc": "2026-10-06T09:00:00+00:00",
    "velocidad_kmh": 6.8,
    "racha_kmh": 10.4,
    "direccion_grados": 144.0,
    "direccion_cardinal": "SE",
    "hacia_grados": 324.0,
    "temperatura_c": 15.4,
    "humedad_pct": 97.0,
    "regla_30": false
   }
  },
  {
   "type": "Feature",
   "geometry": {
    "type": "Point",
    "coordinates": [
     -3.711944,
     40.561385
    ]
   },
   "properties": {
    "fuente": "AEMET",
    "id": "3126Y",
    "nombre": "EL GOLOSO (AUTOMÁTICA)",
    "lat": 40.561385,
    "lon": -3.711944,
    "fecha_utc": "2026-10-06T09:00:00+00:00",
    "velocidad_kmh": 4.0,
    "racha_kmh": 8.3,
    "direccion_grados": 92.0,
    "direccion_cardinal": "E",
    "hacia_grados": 272.0,
    "temperatura_c": 15.9,
    "humedad_pct": 96.0,
    "regla_30": false
   }
  },
  {
   "type": "Feature",
   "geometry": {
    "type": "Point",
    "coordinates": [
     -3.555593,
     40.466559
    ]
   },
   "properties": {
    "fuente": "AEMET",
    "id": "3129",
    "nombre": "MADRID/BARAJAS",
    "lat": 40.466559,
    "lon": -3.555593,
    "fecha_utc": "2026-10-06T09:00:00+00:00",
    "velocidad_kmh": 4.3,
    "racha_kmh": 13.0,
    "direccion_grados": 150.0,
    "direccion_cardinal": "SSE",
    "hacia_grados": 330.0,
    "temperatura_c": 17.1,
    "humedad_pct": 97.0,
    "regla_30": false
   }
  },
  {
   "type": "Feature",
   "geometry": {
    "type": "Point",
    "coordinates": [
     -3.579722,
     40.465278
    ]
   },
   "properties": {
    "fuente": "AEMET",
    "id": "3129A",
    "nombre": "MADRID BARAJAS RS.",
    "lat": 40.465278,
    "lon": -3.579722,
    "fecha_utc": "2026-10-06T09:00:00+00:00",
    "velocidad_kmh": 5.4,
    "racha_kmh": 13.7,
    "direccion_grados": 106.0,
    "direccion_cardinal": "ESE",
    "hacia_grados": 286.0,
    "temperatura_c": 17.2,
    "humedad_pct": 89.0,
    "regla_30": false
   }
  },
  {
   "type": "Feature",
   "geometry": {
    "type": "Point",
    "coordinates": [
     -2.617927,
     41.086277
    ]
   },
   "properties": {
    "fuente": "AEMET",
    "id": "3130C",
    "nombre": "SIGÜENZA",
    "lat": 41.086277,
    "lon": -2.617927,
    "fecha_utc": "2026-10-06T09:00:00+00:00",
    "velocidad_kmh": 7.2,
    "racha_kmh": 14.8,
    "direccion_grados": 195.0,
    "direccion_cardinal": "SSO",
    "hacia_grados": 15.0,
    "temperatura_c": 15.4,
    "humedad_pct": 87.0,
    "regla_30": false
   }
  },
  {
   "type": "Feature",
   "geometry": {
    "type": "Point",
    "coordinates": [
     -3.142474,
     41.274167
    ]
   },
   "properties": {
    "fuente": "AEMET",
    "id": "3158D",
    "nombre": "EVC_CAMPISABALOS",
    "lat": 41.274167,
    "lon": -3.142474,
    "fecha_utc": "2026-10-06T09:00:00+00:00",
    "velocidad_kmh": 27.7,
    "racha_kmh": 38.5,
    "direccion_grados": 181.0,
    "direccion_cardinal": "S",
    "hacia_grados": 1.0,
    "temperatura_c": 13.5,
    "humedad_pct": 87.0,
    "regla_30": false
   }
  },
  {
   "type": "Feature",
   "geometry": {
    "type": "Point",
    "coordinates": [
     -3.150278,
     40.630282
    ]
   },
   "properties": {
    "fuente": "AEMET",
    "id": "3168D",
    "nombre": "GUADALAJARA",
    "lat": 40.630282,
    "lon": -3.150278,
    "fecha_utc": "2026-10-06T09:00:00+00:00",
    "velocidad_kmh": 12.2,
    "racha_kmh": 20.9,
    "direccion_grados": 157.0,
    "direccion_cardinal": "SSE",
    "hacia_grados": 337.0,
    "temperatura_c": 17.4,
    "humedad_pct": 85.0,
    "regla_30": false
   }
  },
  {
   "type": "Feature",
   "geometry": {
    "type": "Point",
    "coordinates": [
     -3.289711,
     40.52836
    ]
   },
   "properties": {
    "fuente": "AEMET",
    "id": "3170Y",
    "nombre": "ALCALA DE HENARES-ENCÍN",
    "lat": 40.52836,
    "lon": -3.289711,
    "fecha_utc": "2026-10-06T08:00:00+00:00",
    "velocidad_kmh": 1.1,
    "racha_kmh": 11.5,
    "direccion_grados": 322.0,
    "direccion_cardinal": "NO",
    "hacia_grados": 142.0,
    "temperatura_c": 17.2,
    "humedad_pct": 88.0,
    "regla_30": false
   }
  },
  {
   "type": "Feature",
   "geometry": {
    "type": "Point",
    "coordinates": [
     -3.497784,
     40.311667
    ]
   },
   "properties": {
    "fuente": "AEMET",
    "id": "3182Y",
    "nombre": "ARGANDA DEL REY",
    "lat": 40.311667,
    "lon": -3.497784,
    "fecha_utc": "2026-10-06T06:00:00+00:00",
    "velocidad_kmh": 1.8,
    "racha_kmh": 6.5,
    "direccion_grados": 33.0,
    "direccion_cardinal": "NNE",
    "hacia_grados": 213.0,
    "temperatura_c": 16.6,
    "humedad_pct": 92.0,
    "regla_30": false
   }
  },
  {
   "type": "Feature",
   "geometry": {
    "type": "Point",
    "coordinates": [
     -3.724167,
     40.451671
    ]
   },
   "properties": {
    "fuente": "AEMET",
    "id": "3194U",
    "nombre": "MADRID  C. UNIVERSITARIA",
    "lat": 40.451671,
    "lon": -3.724167,
    "fecha_utc": "2026-10-06T09:00:00+00:00",
    "velocidad_kmh": 2.9,
    "racha_kmh": 13.7,
    "direccion_grados": 134.0,
    "direccion_cardinal": "SE",
    "hacia_grados": 314.0,
    "temperatura_c": 17.1,
    "humedad_pct": 95.0,
    "regla_30": false
   }
  },
  {
   "type": "Feature",
   "geometry": {
    "type": "Point",
    "coordinates": [
     -3.677778,
     40.411389
    ]
   },
   "properties": {
    "fuente": "AEMET",
    "id": "3195",
    "nombre": "MADRID RETIRO",
    "lat": 40.411389,
    "lon": -3.677778,
    "fecha_utc": "2026-10-06T09:00:00+00:00",
    "velocidad_kmh": 7.2,
    "racha_kmh": 11.5,
    "direccion_grados": 102.0,
    "direccion_cardinal": "ESE",
    "hacia_grados": 282.0,
    "temperatura_c": 16.7,
    "humedad_pct": 94.0,
    "regla_30": false
   }
  },
  {
   "type": "Feature",
   "geometry": {
    "type": "Point",
    "coordinates": [
     -3.780687,
     39.686888
    ]
   },
   "properties": {
    "fuente": "AEMET",
    "id": "3254Y",
    "nombre": "MORA DE TOLEDO (AUTOMÁTICA)",
    "lat": 39.686888,
    "lon": -3.780687,
    "fecha_utc": "2026-10-06T07:00:00+00:00",
    "velocidad_kmh": 6.5,
    "racha_kmh": 13.3,
    "direccion_grados": 150.0,
    "direccion_cardinal": "SSE",
    "hacia_grados": 330.0,
    "temperatura_c": 16.4,
    "humedad_pct": 87.0,
    "regla_30": false
   }
  },
  {
   "type": "Feature",
   "geometry": {
    "type": "Point",
    "coordinates": [
     -4.045278,
     39.884722
    ]
   },
   "properties": {
    "fuente": "AEMET",
    "id": "3260B",
    "nombre": "TOLEDO",
    "lat": 39.884722,
    "lon": -4.045278,
    "fecha_utc": "2026-10-06T09:00:00+00:00",
    "velocidad_kmh": 2.2,
    "racha_kmh": 14.0,
    "direccion_grados": 140.0,
    "direccion_cardinal": "SE",
    "hacia_grados": 320.0,
    "temperatura_c": 18.6,
    "humedad_pct": 85.0,
    "regla_30": false
   }
  },
  {
   "type": "Feature",
   "geometry": {
    "type": "Point",
    "coordinates": [
     -4.141341,
     40.706512
    ]
   },
   "properties": {
    "fuente": "AEMET",
    "id": "3266A",
    "nombre": "ALTO DEL LEÓN",
    "lat": 40.706512,
    "lon": -4.141341,
    "fecha_utc": "2026-10-06T09:00:00+00:00",
    "velocidad_kmh": 14.0,
    "racha_kmh": 31.7,
    "direccion_grados": 149.0,
    "direccion_cardinal": "SSE",
    "hacia_grados": 329.0,
    "temperatura_c": 11.0,
    "humedad_pct": 100.0,
    "regla_30": false
   }
  },
  {
   "type": "Feature",
   "geometry": {
    "type": "Point",
    "coordinates": [
     -4.017505,
     40.659724
    ]
   },
   "properties": {
    "fuente": "AEMET",
    "id": "3268C",
    "nombre": "ALPEDRETE",
    "lat": 40.659724,
    "lon": -4.017505,
    "fecha_utc": "2026-10-06T09:00:00+00:00",
    "velocidad_kmh": 4.0,
    "racha_kmh": 13.7,
    "direccion_grados": 151.0,
    "direccion_cardinal": "SSE",
    "hacia_grados": 331.0,
    "temperatura_c": 15.6,
    "humedad_pct": 92.0,
    "regla_30": false
   }
  },
  {
   "type": "Feature",
   "geometry": {
    "type": "Point",
    "coordinates": [
     -4.455763,
     40.467501
    ]
   },
   "properties": {
    "fuente": "AEMET",
    "id": "3337U",
    "nombre": "CEBREROS",
    "lat": 40.467501,
    "lon": -4.455763,
    "fecha_utc": "2026-10-06T09:00:00+00:00",
    "velocidad_kmh": 10.8,
    "racha_kmh": 21.6,
    "direccion_grados": 132.0,
    "direccion_cardinal": "SE",
    "hacia_grados": 312.0,
    "temperatura_c": 14.7,
    "humedad_pct": 98.0,
    "regla_30": false
   }
  },
  {
   "type": "Feature",
   "geometry": {
    "type": "Point",
    "coordinates": [
     -4.248613,
     40.428509
    ]
   },
   "properties": {
    "fuente": "AEMET",
    "id": "3338",
    "nombre": "ROBLEDO DE CHAVELA",
    "lat": 40.428509,
    "lon": -4.248613,
    "fecha_utc": "2026-10-06T09:00:00+00:00",
    "velocidad_kmh": 4.7,
    "racha_kmh": 14.8,
    "direccion_grados": 69.0,
    "direccion_cardinal": "ENE",
    "hacia_grados": 249.0,
    "temperatura_c": 15.6,
    "humedad_pct": 97.0,
    "regla_30": false
   }
  },
  {
   "type": "Feature",
   "geometry": {
    "type": "Point",
    "coordinates": [
     -4.061107,
     40.496662
    ]
   },
   "properties": {
    "fuente": "AEMET",
    "id": "3343Y",
    "nombre": "VALDEMORILLO",
    "lat": 40.496662,
    "lon": -4.061107,
    "fecha_utc": "2026-10-06T06:00:00+00:00",
    "velocidad_kmh": 5.4,
    "racha_kmh": 14.4,
    "direccion_grados": 63.0,
    "direccion_cardinal": "ENE",
    "hacia_grados": 243.0,
    "temperatura_c": 14.7,
    "humedad_pct": 95.0,
    "regla_30": false
   }
  },
  {
   "type": "Feature",
   "geometry": {
    "type": "Point",
    "coordinates": [
     -5.391666,
     39.591662
    ]
   },
   "properties": {
    "fuente": "AEMET",
    "id": "3386A",
    "nombre": "NAVALVILLAR DE IBOR",
    "lat": 39.591662,
    "lon": -5.391666,
    "fecha_utc": "2026-10-06T09:00:00+00:00",
    "velocidad_kmh": 4.7,
    "racha_kmh": 16.2,
    "direccion_grados": 100.0,
    "direccion_cardinal": "E",
    "hacia_grados": 280.0,
    "temperatura_c": 15.7,
    "humedad_pct": 90.0,
    "regla_30": false
   }
  },
  {
   "type": "Feature",
   "geometry": {
    "type": "Point",
    "coordinates": [
     -4.70945,
     40.310924
    ]
   },
   "properties": {
    "fuente": "AEMET",
    "id": "3394X",
    "nombre": "PIEDRALAVES",
    "lat": 40.310924,
    "lon": -4.70945,
    "fecha_utc": "2026-10-06T09:00:00+00:00",
    "velocidad_kmh": 5.8,
    "racha_kmh": 9.7,
    "direccion_grados": 41.0,
    "direccion_cardinal": "NE",
    "hacia_grados": 221.0,
    "temperatura_c": 16.0,
    "humedad_pct": 96.0,
    "regla_30": false
   }
  },
  {
   "type": "Feature",
   "geometry": {
    "type": "Point",
    "coordinates": [
     -5.311326,
     40.139198
    ]
   },
   "properties": {
    "fuente": "AEMET",
    "id": "3422D",
    "nombre": "CANDELEDA (AUTOMATICA)",
    "lat": 40.139198,
    "lon": -5.311326,
    "fecha_utc": "2026-10-06T08:00:00+00:00",
    "velocidad_kmh": 7.2,
    "racha_kmh": 19.1,
    "direccion_grados": 50.0,
    "direccion_cardinal": "NE",
    "hacia_grados": 230.0,
    "temperatura_c": 17.6,
    "humedad_pct": 95.0,
    "regla_30": false
   }
  },
  {
   "type": "Feature",
   "geometry": {
    "type": "Point",
    "coordinates": [
     -5.373329,
     40.153888
    ]
   },
   "properties": {
    "fuente": "AEMET",
    "id": "3423I",
    "nombre": "MADRIGAL DE LA VERA",
    "lat": 40.153888,
    "lon": -5.373329,
    "fecha_utc": "2026-10-06T09:00:00+00:00",
    "velocidad_kmh": 1.4,
    "racha_kmh": 9.0,
    "direccion_grados": 133.0,
    "direccion_cardinal": "SE",
    "hacia_grados": 313.0,
    "temperatura_c": 17.7,
    "humedad_pct": 93.0,
    "regla_30": false
   }
  },
  {
   "type": "Feature",
   "geometry": {
    "type": "Point",
    "coordinates": [
     -5.582629,
     39.945759
    ]
   },
   "properties": {
    "fuente": "AEMET",
    "id": "3434X",
    "nombre": "NAVALMORAL DE LA MATA",
    "lat": 39.945759,
    "lon": -5.582629,
    "fecha_utc": "2026-10-06T09:00:00+00:00",
    "velocidad_kmh": 9.0,
    "racha_kmh": 15.5,
    "direccion_grados": 71.0,
    "direccion_cardinal": "ENE",
    "hacia_grados": 251.0,
    "temperatura_c": 18.4,
    "humedad_pct": 97.0,
    "regla_30": false
   }
  },
  {
   "type": "Feature",
   "geometry": {
    "type": "Point",
    "coordinates": [
     -5.784718,
     40.111111
    ]
   },
   "properties": {
    "fuente": "AEMET",
    "id": "3436D",
    "nombre": "GARGANTA LA OLLA",
    "lat": 40.111111,
    "lon": -5.784718,
    "fecha_utc": "2026-10-06T08:00:00+00:00",
    "velocidad_kmh": 8.3,
    "racha_kmh": 20.2,
    "direccion_grados": 233.0,
    "direccion_cardinal": "SO",
    "hacia_grados": 53.0,
    "temperatura_c": 15.1,
    "humedad_pct": 100.0,
    "regla_30": false
   }
  },
  {
   "type": "Feature",
   "geometry": {
    "type": "Point",
    "coordinates": [
     -6.127483,
     39.820718
    ]
   },
   "properties": {
    "fuente": "AEMET",
    "id": "3448X",
    "nombre": "SERRADILLA (AUTOMATICA)",
    "lat": 39.820718,
    "lon": -6.127483,
    "fecha_utc": "2026-10-06T09:00:00+00:00",
    "velocidad_kmh": 4.0,
    "racha_kmh": 14.4,
    "direccion_grados": 70.0,
    "direccion_cardinal": "ENE",
    "hacia_grados": 250.0,
    "temperatura_c": 17.3,
    "humedad_pct": 95.0,
    "regla_30": false
   }
  },
  {
   "type": "Feature",
   "geometry": {
    "type": "Point",
    "coordinates": [
     -5.808349,
     39.669948
    ]
   },
   "properties": {
    "fuente": "AEMET",
    "id": "3455X",
    "nombre": "JARAICEJO",
    "lat": 39.669948,
    "lon": -5.808349,
    "fecha_utc": "2026-10-06T09:00:00+00:00",
    "velocidad_kmh": 11.5,
    "racha_kmh": 19.4,
    "direccion_grados": 156.0,
    "direccion_cardinal": "SSE",
    "hacia_grados": 336.0,
    "temperatura_c": 17.9,
    "humedad_pct": 84.0,
    "regla_30": false
   }
  },
  {
   "type": "Feature",
   "geometry": {
    "type": "Point",
    "coordinates": [
     -5.874167,
     39.464167
    ]
   },
   "properties": {
    "fuente": "AEMET",
    "id": "3463Y",
    "nombre": "TRUJILLO",
    "lat": 39.464167,
    "lon": -5.874167,
    "fecha_utc": "2026-10-06T09:00:00+00:00",
    "velocidad_kmh": 12.6,
    "racha_kmh": 21.6,
    "direccion_grados": 159.0,
    "direccion_cardinal": "SSE",
    "hacia_grados": 339.0,
    "temperatura_c": 18.5,
    "humedad_pct": 83.0,
    "regla_30": false
   }
  },
  {
   "type": "Feature",
   "geometry": {
    "type": "Point",
    "coordinates": [
     -6.338889,
     39.471389
    ]
   },
   "properties": {
    "fuente": "AEMET",
    "id": "3469A",
    "nombre": "CÁCERES",
    "lat": 39.471389,
    "lon": -6.338889,
    "fecha_utc": "2026-10-06T09:00:00+00:00",
    "velocidad_kmh": 13.0,
    "racha_kmh": 24.5,
    "direccion_grados": 190.0,
    "direccion_cardinal": "S",
    "hacia_grados": 10.0,
    "temperatura_c": 21.1,
    "humedad_pct": 72.0,
    "regla_30": false
   }
  },
  {
   "type": "Feature",
   "geometry": {
    "type": "Point",
    "coordinates": [
     -6.376392,
     39.790559
    ]
   },
   "properties": {
    "fuente": "AEMET",
    "id": "3475X",
    "nombre": "CAÑAVERAL",
    "lat": 39.790559,
    "lon": -6.376392,
    "fecha_utc": "2026-10-06T09:00:00+00:00",
    "velocidad_kmh": 9.0,
    "racha_kmh": 14.4,
    "direccion_grados": 162.0,
    "direccion_cardinal": "SSE",
    "hacia_grados": 342.0,
    "temperatura_c": 18.9,
    "humedad_pct": 83.0,
    "regla_30": false
   }
  },
  {
   "type": "Feature",
   "geometry": {
    "type": "Point",
    "coordinates": [
     -5.9025,
     40.504722
    ]
   },
   "properties": {
    "fuente": "AEMET",
    "id": "3484X",
    "nombre": "SAN ESTEBAN DE LA SIERRA",
    "lat": 40.504722,
    "lon": -5.9025,
    "fecha_utc": "2026-10-06T09:00:00+00:00",
    "velocidad_kmh": 2.9,
    "racha_kmh": 9.4,
    "direccion_grados": 114.0,
    "direccion_cardinal": "ESE",
    "hacia_grados": 294.0,
    "temperatura_c": 14.3,
    "humedad_pct": 97.0,
    "regla_30": false
   }
  },
  {
   "type": "Feature",
   "geometry": {
    "type": "Point",
    "coordinates": [
     -6.239733,
     40.40809
    ]
   },
   "properties": {
    "fuente": "AEMET",
    "id": "3494U",
    "nombre": "NUÑOMORAL",
    "lat": 40.40809,
    "lon": -6.239733,
    "fecha_utc": "2026-10-06T09:00:00+00:00",
    "velocidad_kmh": 2.2,
    "racha_kmh": 7.6,
    "direccion_grados": 89.0,
    "direccion_cardinal": "E",
    "hacia_grados": 269.0,
    "temperatura_c": 16.2,
    "humedad_pct": 97.0,
    "regla_30": false
   }
  },
  {
   "type": "Feature",
   "geometry": {
    "type": "Point",
    "coordinates": [
     -6.1675,
     40.189444
    ]
   },
   "properties": {
    "fuente": "AEMET",
    "id": "3503",
    "nombre": "GUIJO DE GRANADILLA",
    "lat": 40.189444,
    "lon": -6.1675,
    "fecha_utc": "2026-10-06T09:00:00+00:00",
    "velocidad_kmh": 10.4,
    "racha_kmh": 19.8,
    "direccion_grados": 184.0,
    "direccion_cardinal": "S",
    "hacia_grados": 4.0,
    "temperatura_c": 18.9,
    "humedad_pct": 88.0,
    "regla_30": false
   }
  },
  {
   "type": "Feature",
   "geometry": {
    "type": "Point",
    "coordinates": [
     -5.861212,
     40.265086
    ]
   },
   "properties": {
    "fuente": "AEMET",
    "id": "3504X",
    "nombre": "HERVAS",
    "lat": 40.265086,
    "lon": -5.861212,
    "fecha_utc": "2026-10-06T09:00:00+00:00",
    "velocidad_kmh": 2.9,
    "racha_kmh": 32.0,
    "direccion_grados": 253.0,
    "direccion_cardinal": "OSO",
    "hacia_grados": 73.0,
    "temperatura_c": 17.3,
    "humedad_pct": 83.0,
    "regla_30": false
   }
  },
  {
   "type": "Feature",
   "geometry": {
    "type": "Point",
    "coordinates": [
     -6.338888,
     40.08083
    ]
   },
   "properties": {
    "fuente": "AEMET",
    "id": "3512X",
    "nombre": "MONTEHERMOSO",
    "lat": 40.08083,
    "lon": -6.338888,
    "fecha_utc": "2026-10-06T08:00:00+00:00",
    "velocidad_kmh": 2.2,
    "racha_kmh": 16.6,
    "direccion_grados": 90.0,
    "direccion_cardinal": "E",
    "hacia_grados": 270.0,
    "temperatura_c": 17.5,
    "humedad_pct": 95.0,
    "regla_30": false
   }
  },
  {
   "type": "Feature",
   "geometry": {
    "type": "Point",
    "coordinates": [
     -5.678336,
     40.258612
    ]
   },
   "properties": {
    "fuente": "AEMET",
    "id": "3514B",
    "nombre": "TORNAVACAS",
    "lat": 40.258612,
    "lon": -5.678336,
    "fecha_utc": "2026-10-06T09:00:00+00:00",
    "velocidad_kmh": 10.8,
    "racha_kmh": 19.4,
    "direccion_grados": 233.0,
    "direccion_cardinal": "SO",
    "hacia_grados": 53.0,
    "temperatura_c": 14.0,
    "humedad_pct": 96.0,
    "regla_30": false
   }
  },
  {
   "type": "Feature",
   "geometry": {
    "type": "Point",
    "coordinates": [
     -5.832386,
     40.120781
    ]
   },
   "properties": {
    "fuente": "AEMET",
    "id": "3516X",
    "nombre": "PIORNAL (AUTOMATICA)",
    "lat": 40.120781,
    "lon": -5.832386,
    "fecha_utc": "2026-10-06T09:00:00+00:00",
    "velocidad_kmh": 7.9,
    "racha_kmh": 22.7,
    "direccion_grados": 138.0,
    "direccion_cardinal": "SE",
    "hacia_grados": 318.0,
    "temperatura_c": 12.6,
    "humedad_pct": 100.0,
    "regla_30": false
   }
  },
  {
   "type": "Feature",
   "geometry": {
    "type": "Point",
    "coordinates": [
     -6.045278,
     40.061944
    ]
   },
   "properties": {
    "fuente": "AEMET",
    "id": "3518X",
    "nombre": "PLASENCIA - PRESA DEL JERTE",
    "lat": 40.061944,
    "lon": -6.045278,
    "fecha_utc": "2026-10-06T09:00:00+00:00",
    "velocidad_kmh": 12.6,
    "racha_kmh": 22.3,
    "direccion_grados": 134.0,
    "direccion_cardinal": "SE",
    "hacia_grados": 314.0,
    "temperatura_c": 18.8,
    "humedad_pct": 84.0,
    "regla_30": false
   }
  },
  {
   "type": "Feature",
   "geometry": {
    "type": "Point",
    "coordinates": [
     -6.557527,
     40.003539
    ]
   },
   "properties": {
    "fuente": "AEMET",
    "id": "3526X",
    "nombre": "CORIA",
    "lat": 40.003539,
    "lon": -6.557527,
    "fecha_utc": "2026-10-06T09:00:00+00:00",
    "velocidad_kmh": 5.0,
    "racha_kmh": 14.8,
    "direccion_grados": 149.0,
    "direccion_cardinal": "SSE",
    "hacia_grados": 329.0,
    "temperatura_c": 20.0,
    "humedad_pct": 89.0,
    "regla_30": false
   }
  },
  {
   "type": "Feature",
   "geometry": {
    "type": "Point",
    "coordinates": [
     -6.411707,
     40.254924
    ]
   },
   "properties": {
    "fuente": "AEMET",
    "id": "3531X",
    "nombre": "TORRECILLA DE LOS ANGELES",
    "lat": 40.254924,
    "lon": -6.411707,
    "fecha_utc": "2026-10-06T09:00:00+00:00",
    "velocidad_kmh": 4.3,
    "racha_kmh": 10.4,
    "direccion_grados": 209.0,
    "direccion_cardinal": "SSO",
    "hacia_grados": 29.0,
    "temperatura_c": 18.1,
    "humedad_pct": 91.0,
    "regla_30": false
   }
  },
  {
   "type": "Feature",
   "geometry": {
    "type": "Point",
    "coordinates": [
     -6.724444,
     40.174832
    ]
   },
   "properties": {
    "fuente": "AEMET",
    "id": "3536X",
    "nombre": "HOYOS",
    "lat": 40.174832,
    "lon": -6.724444,
    "fecha_utc": "2026-10-06T09:00:00+00:00",
    "velocidad_kmh": 7.2,
    "racha_kmh": 13.0,
    "direccion_grados": 139.0,
    "direccion_cardinal": "SE",
    "hacia_grados": 319.0,
    "temperatura_c": 17.4,
    "humedad_pct": 97.0,
    "regla_30": false
   }
  },
  {
   "type": "Feature",
   "geometry": {
    "type": "Point",
    "coordinates": [
     -6.860004,
     39.871388
    ]
   },
   "properties": {
    "fuente": "AEMET",
    "id": "3540X",
    "nombre": "ZARZA LA MAYOR",
    "lat": 39.871388,
    "lon": -6.860004,
    "fecha_utc": "2026-10-06T09:00:00+00:00",
    "velocidad_kmh": 7.9,
    "racha_kmh": 18.0,
    "direccion_grados": 234.0,
    "direccion_cardinal": "SO",
    "hacia_grados": 54.0,
    "temperatura_c": 19.0,
    "humedad_pct": 87.0,
    "regla_30": false
   }
  },
  {
   "type": "Feature",
   "geometry": {
    "type": "Point",
    "coordinates": [
     -6.896107,
     40.207224
    ]
   },
   "properties": {
    "fuente": "AEMET",
    "id": "3547X",
    "nombre": "VALVERDE DE FRESNO",
    "lat": 40.207224,
    "lon": -6.896107,
    "fecha_utc": "2026-10-06T09:00:00+00:00",
    "velocidad_kmh": 7.6,
    "racha_kmh": 15.5,
    "direccion_grados": 182.0,
    "direccion_cardinal": "S",
    "hacia_grados": 2.0,
    "temperatura_c": 17.6,
    "humedad_pct": 95.0,
    "regla_30": false
   }
  },
  {
   "type": "Feature",
   "geometry": {
    "type": "Point",
    "coordinates": [
     -6.736389,
     39.4275
    ]
   },
   "properties": {
    "fuente": "AEMET",
    "id": "3562X",
    "nombre": "ALISEDA  LA UMBRÍA",
    "lat": 39.4275,
    "lon": -6.736389,
    "fecha_utc": "2026-10-06T09:00:00+00:00",
    "velocidad_kmh": 10.1,
    "racha_kmh": 19.8,
    "direccion_grados": 185.0,
    "direccion_cardinal": "S",
    "hacia_grados": 5.0,
    "temperatura_c": 20.2,
    "humedad_pct": 83.0,
    "regla_30": false
   }
  },
  {
   "type": "Feature",
   "geometry": {
    "type": "Point",
    "coordinates": [
     -6.744998,
     39.61806
    ]
   },
   "properties": {
    "fuente": "AEMET",
    "id": "3565X",
    "nombre": "BROZAS (AUTOMATICA)",
    "lat": 39.61806,
    "lon": -6.744998,
    "fecha_utc": "2026-10-06T09:00:00+00:00",
    "velocidad_kmh": 11.9,
    "racha_kmh": 15.8,
    "direccion_grados": 205.0,
    "direccion_cardinal": "SSO",
    "hacia_grados": 25.0,
    "temperatura_c": 18.9,
    "humedad_pct": 90.0,
    "regla_30": false
   }
  },
  {
   "type": "Feature",
   "geometry": {
    "type": "Point",
    "coordinates": [
     -7.231135,
     39.414861
    ]
   },
   "properties": {
    "fuente": "AEMET",
    "id": "3576X",
    "nombre": "VALENCIA DE ALCÁNTARA",
    "lat": 39.414861,
    "lon": -7.231135,
    "fecha_utc": "2026-10-06T09:00:00+00:00",
    "velocidad_kmh": 12.2,
    "racha_kmh": 23.4,
    "direccion_grados": 208.0,
    "direccion_cardinal": "SSO",
    "hacia_grados": 28.0,
    "temperatura_c": 19.0,
    "humedad_pct": 76.0,
    "regla_30": false
   }
  },
  {
   "type": "Feature",
   "geometry": {
    "type": "Point",
    "coordinates": [
     -2.745006,
     38.965833
    ]
   },
   "properties": {
    "fuente": "AEMET",
    "id": "4007Y",
    "nombre": "OSSA DE MONTIEL",
    "lat": 38.965833,
    "lon": -2.745006,
    "fecha_utc": "2026-10-06T08:00:00+00:00",
    "velocidad_kmh": 5.8,
    "racha_kmh": 16.2,
    "direccion_grados": 255.0,
    "direccion_cardinal": "OSO",
    "hacia_grados": 75.0,
    "temperatura_c": 15.9,
    "humedad_pct": 83.0,
    "regla_30": false
   }
  },
  {
   "type": "Feature",
   "geometry": {
    "type": "Point",
    "coordinates": [
     -2.80695,
     40.061113
    ]
   },
   "properties": {
    "fuente": "AEMET",
    "id": "4051Y",
    "nombre": "ALCÁZAR DEL REY",
    "lat": 40.061113,
    "lon": -2.80695,
    "fecha_utc": "2026-10-06T08:00:00+00:00",
    "velocidad_kmh": 6.8,
    "racha_kmh": 13.3,
    "direccion_grados": 136.0,
    "direccion_cardinal": "SE",
    "hacia_grados": 316.0,
    "temperatura_c": 15.3,
    "humedad_pct": 92.0,
    "regla_30": false
   }
  },
  {
   "type": "Feature",
   "geometry": {
    "type": "Point",
    "coordinates": [
     -3.048227,
     39.597138
    ]
   },
   "properties": {
    "fuente": "AEMET",
    "id": "4061X",
    "nombre": "QUINTANAR DE LA ORDEN",
    "lat": 39.597138,
    "lon": -3.048227,
    "fecha_utc": "2026-10-06T09:00:00+00:00",
    "velocidad_kmh": 6.5,
    "racha_kmh": 15.8,
    "direccion_grados": 139.0,
    "direccion_cardinal": "SE",
    "hacia_grados": 319.0,
    "temperatura_c": 17.8,
    "humedad_pct": 79.0,
    "regla_30": false
   }
  },
  {
   "type": "Feature",
   "geometry": {
    "type": "Point",
    "coordinates": [
     -3.215832,
     39.390829
    ]
   },
   "properties": {
    "fuente": "AEMET",
    "id": "4064Y",
    "nombre": "ALCAZAR DE SAN JUAN",
    "lat": 39.390829,
    "lon": -3.215832,
    "fecha_utc": "2026-10-06T09:00:00+00:00",
    "velocidad_kmh": 4.7,
    "racha_kmh": 11.2,
    "direccion_grados": 218.0,
    "direccion_cardinal": "SO",
    "hacia_grados": 38.0,
    "temperatura_c": 18.3,
    "humedad_pct": 81.0,
    "regla_30": false
   }
  },
  {
   "type": "Feature",
   "geometry": {
    "type": "Point",
    "coordinates": [
     -3.528358,
     39.492064
    ]
   },
   "properties": {
    "fuente": "AEMET",
    "id": "4067",
    "nombre": "MADRIDEJOS",
    "lat": 39.492064,
    "lon": -3.528358,
    "fecha_utc": "2026-10-06T09:00:00+00:00",
    "velocidad_kmh": 13.0,
    "racha_kmh": 24.5,
    "direccion_grados": 138.0,
    "direccion_cardinal": "SE",
    "hacia_grados": 318.0,
    "temperatura_c": 17.5,
    "humedad_pct": 82.0,
    "regla_30": false
   }
  },
  {
   "type": "Feature",
   "geometry": {
    "type": "Point",
    "coordinates": [
     -2.395207,
     40.018782
    ]
   },
   "properties": {
    "fuente": "AEMET",
    "id": "4070Y",
    "nombre": "ABIA DE OBISPALIA",
    "lat": 40.018782,
    "lon": -2.395207,
    "fecha_utc": "2026-10-06T06:00:00+00:00",
    "velocidad_kmh": 4.7,
    "racha_kmh": 11.2,
    "direccion_grados": 156.0,
    "direccion_cardinal": "SSE",
    "hacia_grados": 336.0,
    "temperatura_c": 13.8,
    "humedad_pct": 94.0,
    "regla_30": false
   }
  },
  {
   "type": "Feature",
   "geometry": {
    "type": "Point",
    "coordinates": [
     -2.49575,
     39.516972
    ]
   },
   "properties": {
    "fuente": "AEMET",
    "id": "4089A",
    "nombre": "ALBERCA DE ZANCARA",
    "lat": 39.516972,
    "lon": -2.49575,
    "fecha_utc": "2026-10-06T06:00:00+00:00",
    "velocidad_kmh": 1.8,
    "racha_kmh": 6.5,
    "direccion_grados": 71.0,
    "direccion_cardinal": "ENE",
    "hacia_grados": 251.0,
    "temperatura_c": 15.0,
    "humedad_pct": 95.0,
    "regla_30": false
   }
  },
  {
   "type": "Feature",
   "geometry": {
    "type": "Point",
    "coordinates": [
     -2.420691,
     39.416736
    ]
   },
   "properties": {
    "fuente": "AEMET",
    "id": "4090Y",
    "nombre": "SAN CLEMENTE",
    "lat": 39.416736,
    "lon": -2.420691,
    "fecha_utc": "2026-10-06T09:00:00+00:00",
    "velocidad_kmh": 9.4,
    "racha_kmh": 14.8,
    "direccion_grados": 138.0,
    "direccion_cardinal": "SE",
    "hacia_grados": 318.0,
    "temperatura_c": 17.1,
    "humedad_pct": 100.0,
    "regla_30": false
   }
  },
  {
   "type": "Feature",
   "geometry": {
    "type": "Point",
    "coordinates": [
     -2.592567,
     39.261894
    ]
   },
   "properties": {
    "fuente": "AEMET",
    "id": "4091Y",
    "nombre": "VILLARROBLEDO",
    "lat": 39.261894,
    "lon": -2.592567,
    "fecha_utc": "2026-10-06T09:00:00+00:00",
    "velocidad_kmh": 3.2,
    "racha_kmh": 7.6,
    "direccion_grados": 139.0,
    "direccion_cardinal": "SE",
    "hacia_grados": 319.0,
    "temperatura_c": 17.7,
    "humedad_pct": 81.0,
    "regla_30": false
   }
  },
  {
   "type": "Feature",
   "geometry": {
    "type": "Point",
    "coordinates": [
     -2.759997,
     39.656115
    ]
   },
   "properties": {
    "fuente": "AEMET",
    "id": "4093Y",
    "nombre": "OSA DE LA VEGA (AUTOMÁTICA)",
    "lat": 39.656115,
    "lon": -2.759997,
    "fecha_utc": "2026-10-06T07:00:00+00:00",
    "velocidad_kmh": 1.4,
    "racha_kmh": 4.3,
    "direccion_grados": 69.0,
    "direccion_cardinal": "ENE",
    "hacia_grados": 249.0,
    "temperatura_c": 15.7,
    "humedad_pct": 95.0,
    "regla_30": false
   }
  },
  {
   "type": "Feature",
   "geometry": {
    "type": "Point",
    "coordinates": [
     -2.705556,
     39.555281
    ]
   },
   "properties": {
    "fuente": "AEMET",
    "id": "4095Y",
    "nombre": "BELMONTE",
    "lat": 39.555281,
    "lon": -2.705556,
    "fecha_utc": "2026-10-06T09:00:00+00:00",
    "velocidad_kmh": 8.6,
    "racha_kmh": 15.5,
    "direccion_grados": 173.0,
    "direccion_cardinal": "S",
    "hacia_grados": 353.0,
    "temperatura_c": 17.3,
    "humedad_pct": 83.0,
    "regla_30": false
   }
  },
  {
   "type": "Feature",
   "geometry": {
    "type": "Point",
    "coordinates": [
     -2.488886,
     39.016663
    ]
   },
   "properties": {
    "fuente": "AEMET",
    "id": "4096Y",
    "nombre": "MUNERA  SAN BARTOLOMÉ (AUTOMÁTICA)",
    "lat": 39.016663,
    "lon": -2.488886,
    "fecha_utc": "2026-10-06T08:00:00+00:00",
    "velocidad_kmh": 5.0,
    "racha_kmh": 21.2,
    "direccion_grados": 208.0,
    "direccion_cardinal": "SSO",
    "hacia_grados": 28.0,
    "temperatura_c": 14.8,
    "humedad_pct": 93.0,
    "regla_30": false
   }
  },
  {
   "type": "Feature",
   "geometry": {
    "type": "Point",
    "coordinates": [
     -3.00749,
     39.169045
    ]
   },
   "properties": {
    "fuente": "AEMET",
    "id": "4103X",
    "nombre": "TOMELLOSO",
    "lat": 39.169045,
    "lon": -3.00749,
    "fecha_utc": "2026-10-06T09:00:00+00:00",
    "velocidad_kmh": 11.5,
    "racha_kmh": 18.4,
    "direccion_grados": 194.0,
    "direccion_cardinal": "SSO",
    "hacia_grados": 14.0,
    "temperatura_c": 18.6,
    "humedad_pct": 76.0,
    "regla_30": false
   }
  },
  {
   "type": "Feature",
   "geometry": {
    "type": "Point",
    "coordinates": [
     -3.920278,
     38.989167
    ]
   },
   "properties": {
    "fuente": "AEMET",
    "id": "4121",
    "nombre": "CIUDAD REAL",
    "lat": 38.989167,
    "lon": -3.920278,
    "fecha_utc": "2026-10-06T09:00:00+00:00",
    "velocidad_kmh": 6.8,
    "racha_kmh": 10.8,
    "direccion_grados": 163.0,
    "direccion_cardinal": "SSE",
    "hacia_grados": 343.0,
    "temperatura_c": 18.8,
    "humedad_pct": 77.0,
    "regla_30": false
   }
  },
  {
   "type": "Feature",
   "geometry": {
    "type": "Point",
    "coordinates": [
     -3.004441,
     38.737497
    ]
   },
   "properties": {
    "fuente": "AEMET",
    "id": "4138Y",
    "nombre": "VILLANUEVA DE LOS INFANTES",
    "lat": 38.737497,
    "lon": -3.004441,
    "fecha_utc": "2026-10-06T08:00:00+00:00",
    "velocidad_kmh": 4.0,
    "racha_kmh": 13.3,
    "direccion_grados": 194.0,
    "direccion_cardinal": "SSO",
    "hacia_grados": 14.0,
    "temperatura_c": 15.5,
    "humedad_pct": 89.0,
    "regla_30": false
   }
  },
  {
   "type": "Feature",
   "geometry": {
    "type": "Point",
    "coordinates": [
     -3.391368,
     38.750423
    ]
   },
   "properties": {
    "fuente": "AEMET",
    "id": "4147X",
    "nombre": "VALDEPEÑAS",
    "lat": 38.750423,
    "lon": -3.391368,
    "fecha_utc": "2026-10-06T09:00:00+00:00",
    "velocidad_kmh": 6.5,
    "racha_kmh": 15.8,
    "direccion_grados": 139.0,
    "direccion_cardinal": "SE",
    "hacia_grados": 319.0,
    "temperatura_c": 17.4,
    "humedad_pct": 76.0,
    "regla_30": false
   }
  },
  {
   "type": "Feature",
   "geometry": {
    "type": "Point",
    "coordinates": [
     -3.566725,
     38.518051
    ]
   },
   "properties": {
    "fuente": "AEMET",
    "id": "4148",
    "nombre": "VISO DEL MARQUÉS",
    "lat": 38.518051,
    "lon": -3.566725,
    "fecha_utc": "2026-10-06T09:00:00+00:00",
    "velocidad_kmh": 13.7,
    "racha_kmh": 18.7,
    "direccion_grados": 93.0,
    "direccion_cardinal": "E",
    "hacia_grados": 273.0,
    "temperatura_c": 16.8,
    "humedad_pct": 82.0,
    "regla_30": false
   }
  },
  {
   "type": "Feature",
   "geometry": {
    "type": "Point",
    "coordinates": [
     -4.394988,
     39.32091
    ]
   },
   "properties": {
    "fuente": "AEMET",
    "id": "4195E",
    "nombre": "ALCORNOQUERA  PARQUE NACIONAL CABAÑEROS",
    "lat": 39.32091,
    "lon": -4.394988,
    "fecha_utc": "2026-10-06T09:00:00+00:00",
    "velocidad_kmh": 7.2,
    "racha_kmh": 13.7,
    "direccion_grados": 84.0,
    "direccion_cardinal": "E",
    "hacia_grados": 264.0,
    "temperatura_c": 17.2,
    "humedad_pct": 90.0,
    "regla_30": false
   }
  },
  {
   "type": "Feature",
   "geometry": {
    "type": "Point",
    "coordinates": [
     -4.291943,
     38.898055
    ]
   },
   "properties": {
    "fuente": "AEMET",
    "id": "4210Y",
    "nombre": "ABENOJAR (AUTOMATICA)",
    "lat": 38.898055,
    "lon": -4.291943,
    "fecha_utc": "2026-10-06T09:00:00+00:00",
    "velocidad_kmh": 10.4,
    "racha_kmh": 14.8,
    "direccion_grados": 152.0,
    "direccion_cardinal": "SSE",
    "hacia_grados": 332.0,
    "temperatura_c": 18.3,
    "humedad_pct": 78.0,
    "regla_30": false
   }
  },
  {
   "type": "Feature",
   "geometry": {
    "type": "Point",
    "coordinates": [
     -4.622035,
     39.083623
    ]
   },
   "properties": {
    "fuente": "AEMET",
    "id": "4220X",
    "nombre": "PUEBLA DE DON RODRIGO",
    "lat": 39.083623,
    "lon": -4.622035,
    "fecha_utc": "2026-10-06T09:00:00+00:00",
    "velocidad_kmh": 9.4,
    "racha_kmh": 13.7,
    "direccion_grados": 94.0,
    "direccion_cardinal": "E",
    "hacia_grados": 274.0,
    "temperatura_c": 17.7,
    "humedad_pct": 92.0,
    "regla_30": false
   }
  },
  {
   "type": "Feature",
   "geometry": {
    "type": "Point",
    "coordinates": [
     -5.026459,
     39.450439
    ]
   },
   "properties": {
    "fuente": "AEMET",
    "id": "4236Y",
    "nombre": "PUERTO DEL REY",
    "lat": 39.450439,
    "lon": -5.026459,
    "fecha_utc": "2026-10-06T09:00:00+00:00",
    "velocidad_kmh": 7.9,
    "racha_kmh": 14.0,
    "direccion_grados": 103.0,
    "direccion_cardinal": "ESE",
    "hacia_grados": 283.0,
    "temperatura_c": 15.9,
    "humedad_pct": 93.0,
    "regla_30": false
   }
  },
  {
   "type": "Feature",
   "geometry": {
    "type": "Point",
    "coordinates": [
     -5.062271,
     39.169355
    ]
   },
   "properties": {
    "fuente": "AEMET",
    "id": "4244X",
    "nombre": "HERRERA DEL DUQUE",
    "lat": 39.169355,
    "lon": -5.062271,
    "fecha_utc": "2026-10-06T09:00:00+00:00",
    "velocidad_kmh": 7.6,
    "racha_kmh": 17.6,
    "direccion_grados": 178.0,
    "direccion_cardinal": "S",
    "hacia_grados": 358.0,
    "temperatura_c": 20.6,
    "humedad_pct": 66.0,
    "regla_30": false
   }
  },
  {
   "type": "Feature",
   "geometry": {
    "type": "Point",
    "coordinates": [
     -5.333333,
     39.455271
    ]
   },
   "properties": {
    "fuente": "AEMET",
    "id": "4245X",
    "nombre": "GUADALUPE (AUTOMATICA)",
    "lat": 39.455271,
    "lon": -5.333333,
    "fecha_utc": "2026-10-06T09:00:00+00:00",
    "velocidad_kmh": 1.8,
    "racha_kmh": 3.6,
    "direccion_grados": 48.0,
    "direccion_cardinal": "NE",
    "hacia_grados": 228.0,
    "temperatura_c": 17.0,
    "humedad_pct": 91.0,
    "regla_30": false
   }
  },
  {
   "type": "Feature",
   "geometry": {
    "type": "Point",
    "coordinates": [
     -5.577502,
     38.479719
    ]
   },
   "properties": {
    "fuente": "AEMET",
    "id": "4260",
    "nombre": "PERALEDA DEL ZAUCEJO",
    "lat": 38.479719,
    "lon": -5.577502,
    "fecha_utc": "2026-10-06T09:00:00+00:00",
    "velocidad_kmh": 7.2,
    "racha_kmh": 13.7,
    "direccion_grados": 110.0,
    "direccion_cardinal": "ESE",
    "hacia_grados": 290.0,
    "temperatura_c": 19.9,
    "humedad_pct": 70.0,
    "regla_30": false
   }
  },
  {
   "type": "Feature",
   "geometry": {
    "type": "Point",
    "coordinates": [
     -5.350555,
     38.409448
    ]
   },
   "properties": {
    "fuente": "AEMET",
    "id": "4263X",
    "nombre": "VALSEQUILLO",
    "lat": 38.409448,
    "lon": -5.350555,
    "fecha_utc": "2026-10-06T08:00:00+00:00",
    "velocidad_kmh": 7.6,
    "racha_kmh": 12.2,
    "direccion_grados": 177.0,
    "direccion_cardinal": "S",
    "hacia_grados": 357.0,
    "temperatura_c": 17.4,
    "humedad_pct": 77.0,
    "regla_30": false
   }
  },
  {
   "type": "Feature",
   "geometry": {
    "type": "Point",
    "coordinates": [
     -5.121264,
     38.498611
    ]
   },
   "properties": {
    "fuente": "AEMET",
    "id": "4267X",
    "nombre": "HINOJOSA DEL DUQUE",
    "lat": 38.498611,
    "lon": -5.121264,
    "fecha_utc": "2026-10-06T09:00:00+00:00",
    "velocidad_kmh": 8.6,
    "racha_kmh": 13.7,
    "direccion_grados": 128.0,
    "direccion_cardinal": "SE",
    "hacia_grados": 308.0,
    "temperatura_c": 19.5,
    "humedad_pct": 71.0,
    "regla_30": false
   }
  },
  {
   "type": "Feature",
   "geometry": {
    "type": "Point",
    "coordinates": [
     -4.845277,
     38.775284
    ]
   },
   "properties": {
    "fuente": "AEMET",
    "id": "4300Y",
    "nombre": "MINAS DE ALMADÉN",
    "lat": 38.775284,
    "lon": -4.845277,
    "fecha_utc": "2026-10-06T06:00:00+00:00",
    "velocidad_kmh": 14.4,
    "racha_kmh": 27.4,
    "direccion_grados": 179.0,
    "direccion_cardinal": "S",
    "hacia_grados": 359.0,
    "temperatura_c": 18.2,
    "humedad_pct": 74.0,
    "regla_30": false
   }
  },
  {
   "type": "Feature",
   "geometry": {
    "type": "Point",
    "coordinates": [
     -5.529083,
     38.741813
    ]
   },
   "properties": {
    "fuente": "AEMET",
    "id": "4325Y",
    "nombre": "CASTUERA",
    "lat": 38.741813,
    "lon": -5.529083,
    "fecha_utc": "2026-10-06T09:00:00+00:00",
    "velocidad_kmh": 16.6,
    "racha_kmh": 33.8,
    "direccion_grados": 159.0,
    "direccion_cardinal": "SSE",
    "hacia_grados": 339.0,
    "temperatura_c": 20.7,
    "humedad_pct": 65.0,
    "regla_30": false
   }
  },
  {
   "type": "Feature",
   "geometry": {
    "type": "Point",
    "coordinates": [
     -5.369009,
     39.314167
    ]
   },
   "properties": {
    "fuente": "AEMET",
    "id": "4339X",
    "nombre": "CAÑAMERO  EL PINAR",
    "lat": 39.314167,
    "lon": -5.369009,
    "fecha_utc": "2026-10-06T09:00:00+00:00",
    "velocidad_kmh": 4.0,
    "racha_kmh": 8.3,
    "direccion_grados": 101.0,
    "direccion_cardinal": "E",
    "hacia_grados": 281.0,
    "temperatura_c": 18.3,
    "humedad_pct": 85.0,
    "regla_30": false
   }
  },
  {
   "type": "Feature",
   "geometry": {
    "type": "Point",
    "coordinates": [
     -5.461334,
     39.103459
    ]
   },
   "properties": {
    "fuente": "AEMET",
    "id": "4340",
    "nombre": "NAVALVILLAR DE PELA",
    "lat": 39.103459,
    "lon": -5.461334,
    "fecha_utc": "2026-10-06T09:00:00+00:00",
    "velocidad_kmh": 14.0,
    "racha_kmh": 23.4,
    "direccion_grados": 188.0,
    "direccion_cardinal": "S",
    "hacia_grados": 8.0,
    "temperatura_c": 21.4,
    "humedad_pct": 68.0,
    "regla_30": false
   }
  },
  {
   "type": "Feature",
   "geometry": {
    "type": "Point",
    "coordinates": [
     -5.710276,
     39.282781
    ]
   },
   "properties": {
    "fuente": "AEMET",
    "id": "4347X",
    "nombre": "ZORITA",
    "lat": 39.282781,
    "lon": -5.710276,
    "fecha_utc": "2026-10-06T09:00:00+00:00",
    "velocidad_kmh": 10.4,
    "racha_kmh": 19.1,
    "direccion_grados": 53.0,
    "direccion_cardinal": "NE",
    "hacia_grados": 233.0,
    "temperatura_c": 19.2,
    "humedad_pct": 83.0,
    "regla_30": false
   }
  },
  {
   "type": "Feature",
   "geometry": {
    "type": "Point",
    "coordinates": [
     -5.880481,
     38.95559
    ]
   },
   "properties": {
    "fuente": "AEMET",
    "id": "4358X",
    "nombre": "DON BENITO",
    "lat": 38.95559,
    "lon": -5.880481,
    "fecha_utc": "2026-10-06T09:00:00+00:00",
    "velocidad_kmh": 5.8,
    "racha_kmh": 15.5,
    "direccion_grados": 162.0,
    "direccion_cardinal": "SSE",
    "hacia_grados": 342.0,
    "temperatura_c": 22.5,
    "humedad_pct": 61.0,
    "regla_30": false
   }
  },
  {
   "type": "Feature",
   "geometry": {
    "type": "Point",
    "coordinates": [
     -5.845813,
     38.576493
    ]
   },
   "properties": {
    "fuente": "AEMET",
    "id": "4362X",
    "nombre": "RETAMAL DE LLERENA ",
    "lat": 38.576493,
    "lon": -5.845813,
    "fecha_utc": "2026-10-06T09:00:00+00:00",
    "velocidad_kmh": 13.7,
    "racha_kmh": 22.3,
    "direccion_grados": 166.0,
    "direccion_cardinal": "SSE",
    "hacia_grados": 346.0,
    "temperatura_c": 20.3,
    "humedad_pct": 67.0,
    "regla_30": false
   }
  },
  {
   "type": "Feature",
   "geometry": {
    "type": "Point",
    "coordinates": [
     -6.017048,
     38.231708
    ]
   },
   "properties": {
    "fuente": "AEMET",
    "id": "4386B",
    "nombre": "LLERENA",
    "lat": 38.231708,
    "lon": -6.017048,
    "fecha_utc": "2026-10-06T09:00:00+00:00",
    "velocidad_kmh": 16.2,
    "racha_kmh": 25.6,
    "direccion_grados": 169.0,
    "direccion_cardinal": "S",
    "hacia_grados": 349.0,
    "temperatura_c": 19.5,
    "humedad_pct": 68.0,
    "regla_30": false
   }
  },
  {
   "type": "Feature",
   "geometry": {
    "type": "Point",
    "coordinates": [
     -6.306664,
     38.551667
    ]
   },
   "properties": {
    "fuente": "AEMET",
    "id": "4395X",
    "nombre": "VILLAFRANCA DE LOS BARROS",
    "lat": 38.551667,
    "lon": -6.306664,
    "fecha_utc": "2026-10-06T09:00:00+00:00",
    "velocidad_kmh": 9.4,
    "racha_kmh": 19.8,
    "direccion_grados": 172.0,
    "direccion_cardinal": "S",
    "hacia_grados": 352.0,
    "temperatura_c": 20.4,
    "humedad_pct": 73.0,
    "regla_30": false
   }
  },
  {
   "type": "Feature",
   "geometry": {
    "type": "Point",
    "coordinates": [
     -6.385632,
     38.915884
    ]
   },
   "properties": {
    "fuente": "AEMET",
    "id": "4410X",
    "nombre": "MÉRIDA",
    "lat": 38.915884,
    "lon": -6.385632,
    "fecha_utc": "2026-10-06T09:00:00+00:00",
    "velocidad_kmh": 8.6,
    "racha_kmh": 15.8,
    "direccion_grados": 119.0,
    "direccion_cardinal": "ESE",
    "hacia_grados": 299.0,
    "temperatura_c": 21.3,
    "humedad_pct": 72.0,
    "regla_30": false
   }
  },
  {
   "type": "Feature",
   "geometry": {
    "type": "Point",
    "coordinates": [
     -6.231012,
     39.197636
    ]
   },
   "properties": {
    "fuente": "AEMET",
    "id": "4411C",
    "nombre": "ALCUESCAR",
    "lat": 39.197636,
    "lon": -6.231012,
    "fecha_utc": "2026-10-06T07:00:00+00:00",
    "velocidad_kmh": 9.7,
    "racha_kmh": 20.9,
    "direccion_grados": 143.0,
    "direccion_cardinal": "SE",
    "hacia_grados": 323.0,
    "temperatura_c": 16.8,
    "humedad_pct": 92.0,
    "regla_30": false
   }
  },
  {
   "type": "Feature",
   "geometry": {
    "type": "Point",
    "coordinates": [
     -6.436641,
     38.425855
    ]
   },
   "properties": {
    "fuente": "AEMET",
    "id": "4427X",
    "nombre": "ZAFRA (AUTOMATICA)",
    "lat": 38.425855,
    "lon": -6.436641,
    "fecha_utc": "2026-10-06T09:00:00+00:00",
    "velocidad_kmh": 13.7,
    "racha_kmh": 22.3,
    "direccion_grados": 142.0,
    "direccion_cardinal": "SE",
    "hacia_grados": 322.0,
    "temperatura_c": 21.1,
    "humedad_pct": 69.0,
    "regla_30": false
   }
  },
  {
   "type": "Feature",
   "geometry": {
    "type": "Point",
    "coordinates": [
     -6.361046,
     38.688902
    ]
   },
   "properties": {
    "fuente": "AEMET",
    "id": "4436Y",
    "nombre": "ALMENDRALEJO",
    "lat": 38.688902,
    "lon": -6.361046,
    "fecha_utc": "2026-10-06T09:00:00+00:00",
    "velocidad_kmh": 15.5,
    "racha_kmh": 24.1,
    "direccion_grados": 190.0,
    "direccion_cardinal": "S",
    "hacia_grados": 10.0,
    "temperatura_c": 22.2,
    "humedad_pct": 71.0,
    "regla_30": false
   }
  },
  {
   "type": "Feature",
   "geometry": {
    "type": "Point",
    "coordinates": [
     -6.6275,
     38.618611
    ]
   },
   "properties": {
    "fuente": "AEMET",
    "id": "4442X",
    "nombre": "SANTA MARTA DE LOS BARROS",
    "lat": 38.618611,
    "lon": -6.6275,
    "fecha_utc": "2026-10-06T09:00:00+00:00",
    "velocidad_kmh": 10.1,
    "racha_kmh": 18.0,
    "direccion_grados": 193.0,
    "direccion_cardinal": "SSO",
    "hacia_grados": 13.0,
    "temperatura_c": 22.6,
    "humedad_pct": 66.0,
    "regla_30": false
   }
  },
  {
   "type": "Feature",
   "geometry": {
    "type": "Point",
    "coordinates": [
     -6.81389,
     38.883396
    ]
   },
   "properties": {
    "fuente": "AEMET",
    "id": "4452",
    "nombre": "BADAJOZ/TALAVERA LA REAL",
    "lat": 38.883396,
    "lon": -6.81389,
    "fecha_utc": "2026-10-06T09:00:00+00:00",
    "velocidad_kmh": 8.6,
    "racha_kmh": 17.3,
    "direccion_grados": 175.0,
    "direccion_cardinal": "S",
    "hacia_grados": 355.0,
    "temperatura_c": 22.3,
    "humedad_pct": 74.0,
    "regla_30": false
   }
  },
  {
   "type": "Feature",
   "geometry": {
    "type": "Point",
    "coordinates": [
     -6.995182,
     39.181934
    ]
   },
   "properties": {
    "fuente": "AEMET",
    "id": "4464X",
    "nombre": "ALBURQUERQUE",
    "lat": 39.181934,
    "lon": -6.995182,
    "fecha_utc": "2026-10-06T09:00:00+00:00",
    "velocidad_kmh": 5.4,
    "racha_kmh": 11.2,
    "direccion_grados": 298.0,
    "direccion_cardinal": "ONO",
    "hacia_grados": 118.0,
    "temperatura_c": 19.8,
    "humedad_pct": 86.0,
    "regla_30": false
   }
  },
  {
   "type": "Feature",
   "geometry": {
    "type": "Point",
    "coordinates": [
     -6.600769,
     39.176623
    ]
   },
   "properties": {
    "fuente": "AEMET",
    "id": "4468X",
    "nombre": "PUEBLA DE OBANDO (AUTOMATICA)",
    "lat": 39.176623,
    "lon": -6.600769,
    "fecha_utc": "2026-10-06T09:00:00+00:00",
    "velocidad_kmh": 11.2,
    "racha_kmh": 19.1,
    "direccion_grados": 224.0,
    "direccion_cardinal": "SO",
    "hacia_grados": 44.0,
    "temperatura_c": 19.7,
    "humedad_pct": 81.0,
    "regla_30": false
   }
  },
  {
   "type": "Feature",
   "geometry": {
    "type": "Point",
    "coordinates": [
     -7.00948,
     38.886205
    ]
   },
   "properties": {
    "fuente": "AEMET",
    "id": "4478X",
    "nombre": "BADAJOZ UNIVERSIDAD",
    "lat": 38.886205,
    "lon": -7.00948,
    "fecha_utc": "2026-10-06T09:00:00+00:00",
    "velocidad_kmh": 4.0,
    "racha_kmh": 9.4,
    "direccion_grados": 215.0,
    "direccion_cardinal": "SO",
    "hacia_grados": 35.0,
    "temperatura_c": 20.4,
    "humedad_pct": 85.0,
    "regla_30": false
   }
  },
  {
   "type": "Feature",
   "geometry": {
    "type": "Point",
    "coordinates": [
     -7.084439,
     38.697503
    ]
   },
   "properties": {
    "fuente": "AEMET",
    "id": "4486X",
    "nombre": "OLIVENZA",
    "lat": 38.697503,
    "lon": -7.084439,
    "fecha_utc": "2026-10-06T09:00:00+00:00",
    "velocidad_kmh": 8.3,
    "racha_kmh": 14.8,
    "direccion_grados": 285.0,
    "direccion_cardinal": "ONO",
    "hacia_grados": 105.0,
    "temperatura_c": 19.5,
    "humedad_pct": 89.0,
    "regla_30": false
   }
  },
  {
   "type": "Feature",
   "geometry": {
    "type": "Point",
    "coordinates": [
     -7.28194,
     38.484719
    ]
   },
   "properties": {
    "fuente": "AEMET",
    "id": "4489X",
    "nombre": "ALCONCHEL (AUTOMATICA)",
    "lat": 38.484719,
    "lon": -7.28194,
    "fecha_utc": "2026-10-06T09:00:00+00:00",
    "velocidad_kmh": 11.2,
    "racha_kmh": 20.9,
    "direccion_grados": 256.0,
    "direccion_cardinal": "OSO",
    "hacia_grados": 76.0,
    "temperatura_c": 20.9,
    "humedad_pct": 86.0,
    "regla_30": false
   }
  },
  {
   "type": "Feature",
   "geometry": {
    "type": "Point",
    "coordinates": [
     -6.923333,
     38.472778
    ]
   },
   "properties": {
    "fuente": "AEMET",
    "id": "4492F",
    "nombre": "EVC_BARCARROTA",
    "lat": 38.472778,
    "lon": -6.923333,
    "fecha_utc": "2026-10-06T09:00:00+00:00",
    "velocidad_kmh": 10.4,
    "racha_kmh": 20.9,
    "direccion_grados": 171.0,
    "direccion_cardinal": "S",
    "hacia_grados": 351.0,
    "temperatura_c": 21.5,
    "humedad_pct": 75.0,
    "regla_30": false
   }
  },
  {
   "type": "Feature",
   "geometry": {
    "type": "Point",
    "coordinates": [
     -7.158056,
     38.372219
    ]
   },
   "properties": {
    "fuente": "AEMET",
    "id": "4497X",
    "nombre": "VILLANUEVA DEL FRESNO",
    "lat": 38.372219,
    "lon": -7.158056,
    "fecha_utc": "2026-10-06T09:00:00+00:00",
    "velocidad_kmh": 14.0,
    "racha_kmh": 22.7,
    "direccion_grados": 220.0,
    "direccion_cardinal": "SO",
    "hacia_grados": 40.0,
    "temperatura_c": 22.0,
    "humedad_pct": 75.0,
    "regla_30": false
   }
  },
  {
   "type": "Feature",
   "geometry": {
    "type": "Point",
    "coordinates": [
     -6.271862,
     38.081296
    ]
   },
   "properties": {
    "fuente": "AEMET",
    "id": "4499X",
    "nombre": "MONESTERIO (AUTOMATICA)",
    "lat": 38.081296,
    "lon": -6.271862,
    "fecha_utc": "2026-10-06T09:00:00+00:00",
    "velocidad_kmh": 10.1,
    "racha_kmh": 21.6,
    "direccion_grados": 162.0,
    "direccion_cardinal": "SSE",
    "hacia_grados": 342.0,
    "temperatura_c": 17.6,
    "humedad_pct": 82.0,
    "regla_30": false
   }
  },
  {
   "type": "Feature",
   "geometry": {
    "type": "Point",
    "coordinates": [
     -6.311317,
     38.20874
    ]
   },
   "properties": {
    "fuente": "AEMET",
    "id": "4501X",
    "nombre": "FUENTE DE CANTOS",
    "lat": 38.20874,
    "lon": -6.311317,
    "fecha_utc": "2026-10-06T09:00:00+00:00",
    "velocidad_kmh": 14.4,
    "racha_kmh": 22.0,
    "direccion_grados": 165.0,
    "direccion_cardinal": "SSE",
    "hacia_grados": 345.0,
    "temperatura_c": 19.5,
    "humedad_pct": 72.0,
    "regla_30": false
   }
  },
  {
   "type": "Feature",
   "geometry": {
    "type": "Point",
    "coordinates": [
     -6.765058,
     38.298514
    ]
   },
   "properties": {
    "fuente": "AEMET",
    "id": "4511C",
    "nombre": "JEREZ DE LOS CABALLEROS",
    "lat": 38.298514,
    "lon": -6.765058,
    "fecha_utc": "2026-10-06T09:00:00+00:00",
    "velocidad_kmh": 5.0,
    "racha_kmh": 11.9,
    "direccion_grados": 270.0,
    "direccion_cardinal": "O",
    "hacia_grados": 90.0,
    "temperatura_c": 20.9,
    "humedad_pct": 72.0,
    "regla_30": false
   }
  },
  {
   "type": "Feature",
   "geometry": {
    "type": "Point",
    "coordinates": [
     -6.661793,
     38.178438
    ]
   },
   "properties": {
    "fuente": "AEMET",
    "id": "4520X",
    "nombre": "FREGENAL DE LA SIERRA",
    "lat": 38.178438,
    "lon": -6.661793,
    "fecha_utc": "2026-10-06T09:00:00+00:00",
    "velocidad_kmh": 10.1,
    "racha_kmh": 17.6,
    "direccion_grados": 173.0,
    "direccion_cardinal": "S",
    "hacia_grados": 353.0,
    "temperatura_c": 19.7,
    "humedad_pct": 75.0,
    "regla_30": false
   }
  },
  {
   "type": "Feature",
   "geometry": {
    "type": "Point",
    "coordinates": [
     -6.975941,
     37.980282
    ]
   },
   "properties": {
    "fuente": "AEMET",
    "id": "4527X",
    "nombre": "AROCHE (MASERA - AUTOMATICA)",
    "lat": 37.980282,
    "lon": -6.975941,
    "fecha_utc": "2026-10-06T08:00:00+00:00",
    "velocidad_kmh": 4.3,
    "racha_kmh": 9.7,
    "direccion_grados": 126.0,
    "direccion_cardinal": "SE",
    "hacia_grados": 306.0,
    "temperatura_c": 20.6,
    "humedad_pct": 75.0,
    "regla_30": false
   }
  },
  {
   "type": "Feature",
   "geometry": {
    "type": "Point",
    "coordinates": [
     -7.394971,
     37.194607
    ]
   },
   "properties": {
    "fuente": "AEMET",
    "id": "4549Y",
    "nombre": "AYAMONTE  ISLA CANELA",
    "lat": 37.194607,
    "lon": -7.394971,
    "fecha_utc": "2026-10-06T09:00:00+00:00",
    "velocidad_kmh": 1.8,
    "racha_kmh": 9.7,
    "direccion_grados": 109.0,
    "direccion_cardinal": "ESE",
    "hacia_grados": 289.0,
    "temperatura_c": 24.3,
    "humedad_pct": 75.0,
    "regla_30": false
   }
  },
  {
   "type": "Feature",
   "geometry": {
    "type": "Point",
    "coordinates": [
     -7.08361,
     37.218334
    ]
   },
   "properties": {
    "fuente": "AEMET",
    "id": "4554X",
    "nombre": "CARTAYA   PEMARES ",
    "lat": 37.218334,
    "lon": -7.08361,
    "fecha_utc": "2026-10-06T08:00:00+00:00",
    "velocidad_kmh": 1.1,
    "racha_kmh": 3.6,
    "direccion_grados": 57.0,
    "direccion_cardinal": "ENE",
    "hacia_grados": 237.0,
    "temperatura_c": 21.3,
    "humedad_pct": 88.0,
    "regla_30": false
   }
  },
  {
   "type": "Feature",
   "geometry": {
    "type": "Point",
    "coordinates": [
     -6.674999,
     37.868615
    ]
   },
   "properties": {
    "fuente": "AEMET",
    "id": "4560Y",
    "nombre": "ALAJAR  CABEZO MOLINOS",
    "lat": 37.868615,
    "lon": -6.674999,
    "fecha_utc": "2026-10-06T09:00:00+00:00",
    "velocidad_kmh": 4.7,
    "racha_kmh": 9.0,
    "direccion_grados": 145.0,
    "direccion_cardinal": "SE",
    "hacia_grados": 325.0,
    "temperatura_c": 19.1,
    "humedad_pct": 78.0,
    "regla_30": false
   }
  },
  {
   "type": "Feature",
   "geometry": {
    "type": "Point",
    "coordinates": [
     -6.767767,
     37.575348
    ]
   },
   "properties": {
    "fuente": "AEMET",
    "id": "4575X",
    "nombre": "VALVERDE CAMINO (CH.GUADIANA AUTOMATICA)",
    "lat": 37.575348,
    "lon": -6.767767,
    "fecha_utc": "2026-10-06T09:00:00+00:00",
    "velocidad_kmh": 9.4,
    "racha_kmh": 18.4,
    "direccion_grados": 120.0,
    "direccion_cardinal": "ESE",
    "hacia_grados": 300.0,
    "temperatura_c": 22.0,
    "humedad_pct": 72.0,
    "regla_30": false
   }
  },
  {
   "type": "Feature",
   "geometry": {
    "type": "Point",
    "coordinates": [
     -7.11944,
     37.597782
    ]
   },
   "properties": {
    "fuente": "AEMET",
    "id": "4589X",
    "nombre": "ALOSNO  THARSIS-MINAS ",
    "lat": 37.597782,
    "lon": -7.11944,
    "fecha_utc": "2026-10-06T09:00:00+00:00",
    "velocidad_kmh": 9.0,
    "racha_kmh": 16.2,
    "direccion_grados": 148.0,
    "direccion_cardinal": "SSE",
    "hacia_grados": 328.0,
    "temperatura_c": 21.2,
    "humedad_pct": 82.0,
    "regla_30": false
   }
  },
  {
   "type": "Feature",
   "geometry": {
    "type": "Point",
    "coordinates": [
     -6.630003,
     37.677226
    ]
   },
   "properties": {
    "fuente": "AEMET",
    "id": "4608X",
    "nombre": "EL CAMPILLO  EL ZUMAJO ",
    "lat": 37.677226,
    "lon": -6.630003,
    "fecha_utc": "2026-10-06T09:00:00+00:00",
    "velocidad_kmh": 7.2,
    "racha_kmh": 13.7,
    "direccion_grados": 161.0,
    "direccion_cardinal": "SSE",
    "hacia_grados": 341.0,
    "temperatura_c": 20.4,
    "humedad_pct": 77.0,
    "regla_30": false
   }
  },
  {
   "type": "Feature",
   "geometry": {
    "type": "Point",
    "coordinates": [
     -6.636671,
     37.450835
    ]
   },
   "properties": {
    "fuente": "AEMET",
    "id": "4622X",
    "nombre": "VILLARRASA  PLANTA DE RECICLAJE",
    "lat": 37.450835,
    "lon": -6.636671,
    "fecha_utc": "2026-10-06T08:00:00+00:00",
    "velocidad_kmh": 6.5,
    "racha_kmh": 13.3,
    "direccion_grados": 101.0,
    "direccion_cardinal": "E",
    "hacia_grados": 281.0,
    "temperatura_c": 20.8,
    "humedad_pct": 73.0,
    "regla_30": false
   }
  },
  {
   "type": "Feature",
   "geometry": {
    "type": "Point",
    "coordinates": [
     -6.911696,
     37.278412
    ]
   },
   "properties": {
    "fuente": "AEMET",
    "id": "4642E",
    "nombre": "HUELVA  RONDA ESTE",
    "lat": 37.278412,
    "lon": -6.911696,
    "fecha_utc": "2026-10-06T09:00:00+00:00",
    "velocidad_kmh": 5.8,
    "racha_kmh": 9.0,
    "direccion_grados": 104.0,
    "direccion_cardinal": "ESE",
    "hacia_grados": 284.0,
    "temperatura_c": 23.4,
    "humedad_pct": 82.0,
    "regla_30": false
   }
  },
  {
   "type": "Feature",
   "geometry": {
    "type": "Point",
    "coordinates": [
     -5.340556,
     35.889167
    ]
   },
   "properties": {
    "fuente": "AEMET",
    "id": "5000D",
    "nombre": "CEUTA LOMA LARGA",
    "lat": 35.889167,
    "lon": -5.340556,
    "fecha_utc": "2026-10-06T09:00:00+00:00",
    "velocidad_kmh": 20.2,
    "racha_kmh": 35.3,
    "direccion_grados": 177.0,
    "direccion_cardinal": "S",
    "hacia_grados": 357.0,
    "temperatura_c": 20.0,
    "humedad_pct": 97.0,
    "regla_30": false
   }
  },
  {
   "type": "Feature",
   "geometry": {
    "type": "Point",
    "coordinates": [
     -2.929722,
     37.921111
    ]
   },
   "properties": {
    "fuente": "AEMET",
    "id": "5006X",
    "nombre": "CAZORLA VADILLO",
    "lat": 37.921111,
    "lon": -2.929722,
    "fecha_utc": "2026-10-06T09:00:00+00:00",
    "velocidad_kmh": 4.7,
    "racha_kmh": 8.3,
    "direccion_grados": 185.0,
    "direccion_cardinal": "S",
    "hacia_grados": 5.0,
    "temperatura_c": 14.7,
    "humedad_pct": 95.0,
    "regla_30": false
   }
  },
  {
   "type": "Feature",
   "geometry": {
    "type": "Point",
    "coordinates": [
     -2.734995,
     37.505829
    ]
   },
   "properties": {
    "fuente": "AEMET",
    "id": "5047E",
    "nombre": "BAZA  CRUZ ROJA",
    "lat": 37.505829,
    "lon": -2.734995,
    "fecha_utc": "2026-10-06T09:00:00+00:00",
    "velocidad_kmh": 2.9,
    "racha_kmh": 9.4,
    "direccion_grados": 315.0,
    "direccion_cardinal": "NO",
    "hacia_grados": 135.0,
    "temperatura_c": 16.7,
    "humedad_pct": 88.0,
    "regla_30": false
   }
  },
  {
   "type": "Feature",
   "geometry": {
    "type": "Point",
    "coordinates": [
     -2.652778,
     37.861389
    ]
   },
   "properties": {
    "fuente": "AEMET",
    "id": "5051X",
    "nombre": "HUÉSCAR",
    "lat": 37.861389,
    "lon": -2.652778,
    "fecha_utc": "2026-10-06T09:00:00+00:00",
    "velocidad_kmh": 5.4,
    "racha_kmh": 15.1,
    "direccion_grados": 349.0,
    "direccion_cardinal": "N",
    "hacia_grados": 169.0,
    "temperatura_c": 15.2,
    "humedad_pct": 78.0,
    "regla_30": false
   }
  },
  {
   "type": "Feature",
   "geometry": {
    "type": "Point",
    "coordinates": [
     -3.256944,
     37.158333
    ]
   },
   "properties": {
    "fuente": "AEMET",
    "id": "5103E",
    "nombre": "CAMARATE 2  PARQUE NACIONAL SIERRA NEVADA",
    "lat": 37.158333,
    "lon": -3.256944,
    "fecha_utc": "2026-10-06T09:00:00+00:00",
    "velocidad_kmh": 33.1,
    "racha_kmh": 56.5,
    "direccion_grados": 228.0,
    "direccion_cardinal": "SO",
    "hacia_grados": 48.0,
    "temperatura_c": 8.6,
    "humedad_pct": 84.0,
    "regla_30": false
   }
  },
  {
   "type": "Feature",
   "geometry": {
    "type": "Point",
    "coordinates": [
     -3.254022,
     37.191027
    ]
   },
   "properties": {
    "fuente": "AEMET",
    "id": "5103F",
    "nombre": "CAMARATE  PARQUE NACIONAL SIERRA NEVADA",
    "lat": 37.191027,
    "lon": -3.254022,
    "fecha_utc": "2026-10-06T09:00:00+00:00",
    "velocidad_kmh": 8.3,
    "racha_kmh": 41.4,
    "direccion_grados": 182.0,
    "direccion_cardinal": "S",
    "hacia_grados": 2.0,
    "temperatura_c": 12.3,
    "humedad_pct": 88.0,
    "regla_30": false
   }
  },
  {
   "type": "Feature",
   "geometry": {
    "type": "Point",
    "coordinates": [
     -2.986406,
     37.179936
    ]
   },
   "properties": {
    "fuente": "AEMET",
    "id": "5107D",
    "nombre": "DÓLAR",
    "lat": 37.179936,
    "lon": -2.986406,
    "fecha_utc": "2026-10-06T09:00:00+00:00",
    "velocidad_kmh": 5.8,
    "racha_kmh": 33.1,
    "direccion_grados": 299.0,
    "direccion_cardinal": "ONO",
    "hacia_grados": 119.0,
    "temperatura_c": null,
    "humedad_pct": null,
    "regla_30": null
   }
  },
  {
   "type": "Feature",
   "geometry": {
    "type": "Point",
    "coordinates": [
     -3.129722,
     37.311944
    ]
   },
   "properties": {
    "fuente": "AEMET",
    "id": "5112X",
    "nombre": "GUADIX",
    "lat": 37.311944,
    "lon": -3.129722,
    "fecha_utc": "2026-10-06T09:00:00+00:00",
    "velocidad_kmh": 10.8,
    "racha_kmh": 16.6,
    "direccion_grados": 115.0,
    "direccion_cardinal": "ESE",
    "hacia_grados": 295.0,
    "temperatura_c": 15.1,
    "humedad_pct": 94.0,
    "regla_30": false
   }
  },
  {
   "type": "Feature",
   "geometry": {
    "type": "Point",
    "coordinates": [
     -3.461951,
     37.996668
    ]
   },
   "properties": {
    "fuente": "AEMET",
    "id": "5164B",
    "nombre": "BAEZA",
    "lat": 37.996668,
    "lon": -3.461951,
    "fecha_utc": "2026-10-06T09:00:00+00:00",
    "velocidad_kmh": 4.3,
    "racha_kmh": 11.2,
    "direccion_grados": 105.0,
    "direccion_cardinal": "ESE",
    "hacia_grados": 285.0,
    "temperatura_c": 16.8,
    "humedad_pct": 86.0,
    "regla_30": false
   }
  },
  {
   "type": "Feature",
   "geometry": {
    "type": "Point",
    "coordinates": [
     -2.889764,
     38.314753
    ]
   },
   "properties": {
    "fuente": "AEMET",
    "id": "5181D",
    "nombre": "ARROYO DEL OJANCO",
    "lat": 38.314753,
    "lon": -2.889764,
    "fecha_utc": "2026-10-06T09:00:00+00:00",
    "velocidad_kmh": 2.5,
    "racha_kmh": 7.9,
    "direccion_grados": 342.0,
    "direccion_cardinal": "NNO",
    "hacia_grados": 162.0,
    "temperatura_c": 17.6,
    "humedad_pct": 95.0,
    "regla_30": false
   }
  },
  {
   "type": "Feature",
   "geometry": {
    "type": "Point",
    "coordinates": [
     -2.637568,
     38.489252
    ]
   },
   "properties": {
    "fuente": "AEMET",
    "id": "5192",
    "nombre": "VILLARRODRIGO",
    "lat": 38.489252,
    "lon": -2.637568,
    "fecha_utc": "2026-10-06T09:00:00+00:00",
    "velocidad_kmh": 15.8,
    "racha_kmh": 25.6,
    "direccion_grados": 151.0,
    "direccion_cardinal": "SSE",
    "hacia_grados": 331.0,
    "temperatura_c": 17.2,
    "humedad_pct": 68.0,
    "regla_30": false
   }
  },
  {
   "type": "Feature",
   "geometry": {
    "type": "Point",
    "coordinates": [
     -2.998059,
     38.175001
    ]
   },
   "properties": {
    "fuente": "AEMET",
    "id": "5210X",
    "nombre": "VILLANUEVA DEL ARZOBISPO",
    "lat": 38.175001,
    "lon": -2.998059,
    "fecha_utc": "2026-10-06T08:00:00+00:00",
    "velocidad_kmh": 5.4,
    "racha_kmh": 15.1,
    "direccion_grados": 180.0,
    "direccion_cardinal": "S",
    "hacia_grados": 0.0,
    "temperatura_c": 16.7,
    "humedad_pct": 85.0,
    "regla_30": false
   }
  },
  {
   "type": "Feature",
   "geometry": {
    "type": "Point",
    "coordinates": [
     -3.809167,
     37.7775
    ]
   },
   "properties": {
    "fuente": "AEMET",
    "id": "5270B",
    "nombre": "JAÉN",
    "lat": 37.7775,
    "lon": -3.809167,
    "fecha_utc": "2026-10-06T09:00:00+00:00",
    "velocidad_kmh": 11.9,
    "racha_kmh": 28.8,
    "direccion_grados": 169.0,
    "direccion_cardinal": "S",
    "hacia_grados": 349.0,
    "temperatura_c": 21.5,
    "humedad_pct": 56.0,
    "regla_30": false
   }
  },
  {
   "type": "Feature",
   "geometry": {
    "type": "Point",
    "coordinates": [
     -3.629453,
     38.151107
    ]
   },
   "properties": {
    "fuente": "AEMET",
    "id": "5279X",
    "nombre": "LINARES (VOR - AUTOMATICA)",
    "lat": 38.151107,
    "lon": -3.629453,
    "fecha_utc": "2026-10-06T08:00:00+00:00",
    "velocidad_kmh": 2.9,
    "racha_kmh": 10.1,
    "direccion_grados": 181.0,
    "direccion_cardinal": "S",
    "hacia_grados": 1.0,
    "temperatura_c": 17.8,
    "humedad_pct": null,
    "regla_30": null
   }
  },
  {
   "type": "Feature",
   "geometry": {
    "type": "Point",
    "coordinates": [
     -3.782624,
     38.092984
    ]
   },
   "properties": {
    "fuente": "AEMET",
    "id": "5281X",
    "nombre": "BAILÉN",
    "lat": 38.092984,
    "lon": -3.782624,
    "fecha_utc": "2026-10-06T08:00:00+00:00",
    "velocidad_kmh": 6.1,
    "racha_kmh": 11.5,
    "direccion_grados": 103.0,
    "direccion_cardinal": "ESE",
    "hacia_grados": 283.0,
    "temperatura_c": 19.5,
    "humedad_pct": 85.0,
    "regla_30": false
   }
  },
  {
   "type": "Feature",
   "geometry": {
    "type": "Point",
    "coordinates": [
     -4.063333,
     38.023054
    ]
   },
   "properties": {
    "fuente": "AEMET",
    "id": "5298X",
    "nombre": "ANDÚJAR",
    "lat": 38.023054,
    "lon": -4.063333,
    "fecha_utc": "2026-10-06T09:00:00+00:00",
    "velocidad_kmh": 7.9,
    "racha_kmh": 13.0,
    "direccion_grados": 114.0,
    "direccion_cardinal": "ESE",
    "hacia_grados": 294.0,
    "temperatura_c": 19.6,
    "humedad_pct": 90.0,
    "regla_30": false
   }
  },
  {
   "type": "Feature",
   "geometry": {
    "type": "Point",
    "coordinates": [
     -4.059165,
     38.668889
    ]
   },
   "properties": {
    "fuente": "AEMET",
    "id": "5304Y",
    "nombre": "PUERTOLLANO",
    "lat": 38.668889,
    "lon": -4.059165,
    "fecha_utc": "2026-10-06T09:00:00+00:00",
    "velocidad_kmh": 7.2,
    "racha_kmh": 21.6,
    "direccion_grados": 134.0,
    "direccion_cardinal": "SE",
    "hacia_grados": 314.0,
    "temperatura_c": 19.6,
    "humedad_pct": 67.0,
    "regla_30": false
   }
  },
  {
   "type": "Feature",
   "geometry": {
    "type": "Point",
    "coordinates": [
     -4.301663,
     38.428888
    ]
   },
   "properties": {
    "fuente": "AEMET",
    "id": "5341C",
    "nombre": "FUENCALIENTE",
    "lat": 38.428888,
    "lon": -4.301663,
    "fecha_utc": "2026-10-06T07:00:00+00:00",
    "velocidad_kmh": 2.2,
    "racha_kmh": 11.9,
    "direccion_grados": 266.0,
    "direccion_cardinal": "O",
    "hacia_grados": 86.0,
    "temperatura_c": null,
    "humedad_pct": 92.0,
    "regla_30": null
   }
  },
  {
   "type": "Feature",
   "geometry": {
    "type": "Point",
    "coordinates": [
     -4.330275,
     38.01333
    ]
   },
   "properties": {
    "fuente": "AEMET",
    "id": "5361X",
    "nombre": "MONTORO VEGA ARMIJO",
    "lat": 38.01333,
    "lon": -4.330275,
    "fecha_utc": "2026-10-06T08:00:00+00:00",
    "velocidad_kmh": 1.4,
    "racha_kmh": 18.4,
    "direccion_grados": 162.0,
    "direccion_cardinal": "SSE",
    "hacia_grados": 342.0,
    "temperatura_c": 20.9,
    "humedad_pct": 76.0,
    "regla_30": false
   }
  },
  {
   "type": "Feature",
   "geometry": {
    "type": "Point",
    "coordinates": [
     -4.608886,
     38.333056
    ]
   },
   "properties": {
    "fuente": "AEMET",
    "id": "5390Y",
    "nombre": "VILLANUEVA DE CÓRDOBA",
    "lat": 38.333056,
    "lon": -4.608886,
    "fecha_utc": "2026-10-06T09:00:00+00:00",
    "velocidad_kmh": 9.0,
    "racha_kmh": 19.1,
    "direccion_grados": 168.0,
    "direccion_cardinal": "SSE",
    "hacia_grados": 348.0,
    "temperatura_c": 17.6,
    "humedad_pct": 77.0,
    "regla_30": false
   }
  },
  {
   "type": "Feature",
   "geometry": {
    "type": "Point",
    "coordinates": [
     -4.796664,
     38.020835
    ]
   },
   "properties": {
    "fuente": "AEMET",
    "id": "5394X",
    "nombre": "CORDOBA  EMBALSE DE GUADANUÑO",
    "lat": 38.020835,
    "lon": -4.796664,
    "fecha_utc": "2026-10-06T09:00:00+00:00",
    "velocidad_kmh": 6.5,
    "racha_kmh": 14.8,
    "direccion_grados": 220.0,
    "direccion_cardinal": "SO",
    "hacia_grados": 40.0,
    "temperatura_c": 19.3,
    "humedad_pct": 72.0,
    "regla_30": false
   }
  },
  {
   "type": "Feature",
   "geometry": {
    "type": "Point",
    "coordinates": [
     -3.908059,
     37.497489
    ]
   },
   "properties": {
    "fuente": "AEMET",
    "id": "5406X",
    "nombre": "CHARILLA",
    "lat": 37.497489,
    "lon": -3.908059,
    "fecha_utc": "2026-10-06T09:00:00+00:00",
    "velocidad_kmh": 11.9,
    "racha_kmh": 28.8,
    "direccion_grados": 127.0,
    "direccion_cardinal": "SE",
    "hacia_grados": 307.0,
    "temperatura_c": 17.6,
    "humedad_pct": 76.0,
    "regla_30": false
   }
  },
  {
   "type": "Feature",
   "geometry": {
    "type": "Point",
    "coordinates": [
     -4.207785,
     37.484728
    ]
   },
   "properties": {
    "fuente": "AEMET",
    "id": "5412X",
    "nombre": "PRIEGO DE CÓRDOBA  SAN FELIX",
    "lat": 37.484728,
    "lon": -4.207785,
    "fecha_utc": "2026-10-06T09:00:00+00:00",
    "velocidad_kmh": 17.6,
    "racha_kmh": 29.2,
    "direccion_grados": 225.0,
    "direccion_cardinal": "SO",
    "hacia_grados": 45.0,
    "temperatura_c": 21.0,
    "humedad_pct": 62.0,
    "regla_30": false
   }
  },
  {
   "type": "Feature",
   "geometry": {
    "type": "Point",
    "coordinates": [
     -4.353893,
     37.556113
    ]
   },
   "properties": {
    "fuente": "AEMET",
    "id": "5427X",
    "nombre": "DOÑA MENCIA",
    "lat": 37.556113,
    "lon": -4.353893,
    "fecha_utc": "2026-10-06T09:00:00+00:00",
    "velocidad_kmh": 17.6,
    "racha_kmh": 37.4,
    "direccion_grados": 136.0,
    "direccion_cardinal": "SE",
    "hacia_grados": 316.0,
    "temperatura_c": 22.0,
    "humedad_pct": 49.0,
    "regla_30": false
   }
  },
  {
   "type": "Feature",
   "geometry": {
    "type": "Point",
    "coordinates": [
     -4.462227,
     37.810392
    ]
   },
   "properties": {
    "fuente": "AEMET",
    "id": "5429X",
    "nombre": "CÓRDOBA  PRAGDENA",
    "lat": 37.810392,
    "lon": -4.462227,
    "fecha_utc": "2026-10-06T09:00:00+00:00",
    "velocidad_kmh": 3.6,
    "racha_kmh": 7.9,
    "direccion_grados": 35.0,
    "direccion_cardinal": "NE",
    "hacia_grados": 215.0,
    "temperatura_c": 21.9,
    "humedad_pct": 67.0,
    "regla_30": false
   }
  },
  {
   "type": "Feature",
   "geometry": {
    "type": "Point",
    "coordinates": [
     -4.928728,
     38.111111
    ]
   },
   "properties": {
    "fuente": "AEMET",
    "id": "5459X",
    "nombre": "ESPIEL-C.TÉRMICA",
    "lat": 38.111111,
    "lon": -4.928728,
    "fecha_utc": "2026-10-06T08:00:00+00:00",
    "velocidad_kmh": 5.0,
    "racha_kmh": 14.0,
    "direccion_grados": 141.0,
    "direccion_cardinal": "SE",
    "hacia_grados": 321.0,
    "temperatura_c": 19.6,
    "humedad_pct": 73.0,
    "regla_30": false
   }
  },
  {
   "type": "Feature",
   "geometry": {
    "type": "Point",
    "coordinates": [
     -5.100552,
     37.753056
    ]
   },
   "properties": {
    "fuente": "AEMET",
    "id": "5470",
    "nombre": "FUENTE PALMERA-LOS ARROYONES",
    "lat": 37.753056,
    "lon": -5.100552,
    "fecha_utc": "2026-10-06T08:00:00+00:00",
    "velocidad_kmh": 5.4,
    "racha_kmh": 13.7,
    "direccion_grados": 159.0,
    "direccion_cardinal": "SSE",
    "hacia_grados": 339.0,
    "temperatura_c": 21.7,
    "humedad_pct": 72.0,
    "regla_30": false
   }
  },
  {
   "type": "Feature",
   "geometry": {
    "type": "Point",
    "coordinates": [
     -5.686015,
     38.267805
    ]
   },
   "properties": {
    "fuente": "AEMET",
    "id": "5473X",
    "nombre": "AZUAGA (AUTOMATICA)",
    "lat": 38.267805,
    "lon": -5.686015,
    "fecha_utc": "2026-10-06T09:00:00+00:00",
    "velocidad_kmh": 9.7,
    "racha_kmh": 16.2,
    "direccion_grados": 129.0,
    "direccion_cardinal": "SE",
    "hacia_grados": 309.0,
    "temperatura_c": 18.7,
    "humedad_pct": 72.0,
    "regla_30": false
   }
  },
  {
   "type": "Feature",
   "geometry": {
    "type": "Point",
    "coordinates": [
     -3.371389,
     37.064444
    ]
   },
   "properties": {
    "fuente": "AEMET",
    "id": "5511",
    "nombre": "PRADOLLANO  PARQUE NACIONAL SIERRA NEVADA",
    "lat": 37.064444,
    "lon": -3.371389,
    "fecha_utc": "2026-10-06T09:00:00+00:00",
    "velocidad_kmh": 37.4,
    "racha_kmh": 82.4,
    "direccion_grados": 264.0,
    "direccion_cardinal": "O",
    "hacia_grados": 84.0,
    "temperatura_c": 1.4,
    "humedad_pct": 100.0,
    "regla_30": false
   }
  },
  {
   "type": "Feature",
   "geometry": {
    "type": "Point",
    "coordinates": [
     -3.633331,
     37.136107
    ]
   },
   "properties": {
    "fuente": "AEMET",
    "id": "5514Z",
    "nombre": "GRANADA/BASE AÉREA",
    "lat": 37.136107,
    "lon": -3.633331,
    "fecha_utc": "2026-10-06T09:00:00+00:00",
    "velocidad_kmh": 8.6,
    "racha_kmh": 24.1,
    "direccion_grados": 133.0,
    "direccion_cardinal": "SE",
    "hacia_grados": 313.0,
    "temperatura_c": 17.2,
    "humedad_pct": 89.0,
    "regla_30": false
   }
  },
  {
   "type": "Feature",
   "geometry": {
    "type": "Point",
    "coordinates": [
     -3.550556,
     37.236944
    ]
   },
   "properties": {
    "fuente": "AEMET",
    "id": "5515D",
    "nombre": "EVC_VÍZNAR",
    "lat": 37.236944,
    "lon": -3.550556,
    "fecha_utc": "2026-10-06T09:00:00+00:00",
    "velocidad_kmh": 6.5,
    "racha_kmh": 24.5,
    "direccion_grados": 78.0,
    "direccion_cardinal": "ENE",
    "hacia_grados": 258.0,
    "temperatura_c": 13.4,
    "humedad_pct": 94.0,
    "regla_30": false
   }
  },
  {
   "type": "Feature",
   "geometry": {
    "type": "Point",
    "coordinates": [
     -3.59555,
     37.18972
    ]
   },
   "properties": {
    "fuente": "AEMET",
    "id": "5515X",
    "nombre": "GRANADA-CARTUJA",
    "lat": 37.18972,
    "lon": -3.59555,
    "fecha_utc": "2026-10-06T09:00:00+00:00",
    "velocidad_kmh": 4.0,
    "racha_kmh": 13.7,
    "direccion_grados": 128.0,
    "direccion_cardinal": "SE",
    "hacia_grados": 308.0,
    "temperatura_c": 16.0,
    "humedad_pct": 87.0,
    "regla_30": false
   }
  },
  {
   "type": "Feature",
   "geometry": {
    "type": "Point",
    "coordinates": [
     -3.386944,
     37.063056
    ]
   },
   "properties": {
    "fuente": "AEMET",
    "id": "5516D",
    "nombre": "SIERRA NEVADA - RADIOTELESCOPIO",
    "lat": 37.063056,
    "lon": -3.386944,
    "fecha_utc": "2026-10-06T09:00:00+00:00",
    "velocidad_kmh": 39.6,
    "racha_kmh": 76.7,
    "direccion_grados": 227.0,
    "direccion_cardinal": "SO",
    "hacia_grados": 47.0,
    "temperatura_c": 3.2,
    "humedad_pct": 100.0,
    "regla_30": false
   }
  },
  {
   "type": "Feature",
   "geometry": {
    "type": "Point",
    "coordinates": [
     -3.789774,
     37.190293
    ]
   },
   "properties": {
    "fuente": "AEMET",
    "id": "5530E",
    "nombre": "GRANADA/AEROPUERTO",
    "lat": 37.190293,
    "lon": -3.789774,
    "fecha_utc": "2026-10-06T09:00:00+00:00",
    "velocidad_kmh": 2.5,
    "racha_kmh": 18.4,
    "direccion_grados": 50.0,
    "direccion_cardinal": "NE",
    "hacia_grados": 230.0,
    "temperatura_c": 17.6,
    "humedad_pct": 89.0,
    "regla_30": false
   }
  },
  {
   "type": "Feature",
   "geometry": {
    "type": "Point",
    "coordinates": [
     -4.152781,
     37.161109
    ]
   },
   "properties": {
    "fuente": "AEMET",
    "id": "5582A",
    "nombre": "LOJA",
    "lat": 37.161109,
    "lon": -4.152781,
    "fecha_utc": "2026-10-06T09:00:00+00:00",
    "velocidad_kmh": 10.8,
    "racha_kmh": 23.0,
    "direccion_grados": 127.0,
    "direccion_cardinal": "SE",
    "hacia_grados": 307.0,
    "temperatura_c": 17.0,
    "humedad_pct": 91.0,
    "regla_30": false
   }
  },
  {
   "type": "Feature",
   "geometry": {
    "type": "Point",
    "coordinates": [
     -4.547788,
     37.230931
    ]
   },
   "properties": {
    "fuente": "AEMET",
    "id": "5598X",
    "nombre": "BENAMEJÍ-ALCACHOFARES ALTOS",
    "lat": 37.230931,
    "lon": -4.547788,
    "fecha_utc": "2026-10-06T09:00:00+00:00",
    "velocidad_kmh": 6.8,
    "racha_kmh": 11.9,
    "direccion_grados": 135.0,
    "direccion_cardinal": "SE",
    "hacia_grados": 315.0,
    "temperatura_c": 21.0,
    "humedad_pct": 68.0,
    "regla_30": false
   }
  },
  {
   "type": "Feature",
   "geometry": {
    "type": "Point",
    "coordinates": [
     -4.769994,
     37.194443
    ]
   },
   "properties": {
    "fuente": "AEMET",
    "id": "5612B",
    "nombre": "RODA DE ANDALUCÍA",
    "lat": 37.194443,
    "lon": -4.769994,
    "fecha_utc": "2026-10-06T09:00:00+00:00",
    "velocidad_kmh": 11.9,
    "racha_kmh": 25.9,
    "direccion_grados": 175.0,
    "direccion_cardinal": "S",
    "hacia_grados": 355.0,
    "temperatura_c": 20.2,
    "humedad_pct": 71.0,
    "regla_30": false
   }
  },
  {
   "type": "Feature",
   "geometry": {
    "type": "Point",
    "coordinates": [
     -4.685919,
     37.481945
    ]
   },
   "properties": {
    "fuente": "AEMET",
    "id": "5624X",
    "nombre": "AGUILAR (LAGUNA ZOÑAR AUTOMATICA)",
    "lat": 37.481945,
    "lon": -4.685919,
    "fecha_utc": "2026-10-06T08:00:00+00:00",
    "velocidad_kmh": 12.6,
    "racha_kmh": 25.6,
    "direccion_grados": 132.0,
    "direccion_cardinal": "SE",
    "hacia_grados": 312.0,
    "temperatura_c": 20.4,
    "humedad_pct": 71.0,
    "regla_30": false
   }
  },
  {
   "type": "Feature",
   "geometry": {
    "type": "Point",
    "coordinates": [
     -4.763865,
     37.638525
    ]
   },
   "properties": {
    "fuente": "AEMET",
    "id": "5625X",
    "nombre": "LA RAMBLA   PRIVILEGIO",
    "lat": 37.638525,
    "lon": -4.763865,
    "fecha_utc": "2026-10-06T08:00:00+00:00",
    "velocidad_kmh": 2.5,
    "racha_kmh": 10.4,
    "direccion_grados": 137.0,
    "direccion_cardinal": "SE",
    "hacia_grados": 317.0,
    "temperatura_c": 19.9,
    "humedad_pct": 84.0,
    "regla_30": false
   }
  },
  {
   "type": "Feature",
   "geometry": {
    "type": "Point",
    "coordinates": [
     -5.085113,
     37.516226
    ]
   },
   "properties": {
    "fuente": "AEMET",
    "id": "5641X",
    "nombre": "ECIJA",
    "lat": 37.516226,
    "lon": -5.085113,
    "fecha_utc": "2026-10-06T09:00:00+00:00",
    "velocidad_kmh": 5.4,
    "racha_kmh": 8.6,
    "direccion_grados": 69.0,
    "direccion_cardinal": "ENE",
    "hacia_grados": 249.0,
    "temperatura_c": 22.1,
    "humedad_pct": 71.0,
    "regla_30": false
   }
  },
  {
   "type": "Feature",
   "geometry": {
    "type": "Point",
    "coordinates": [
     -5.37114,
     37.786804
    ]
   },
   "properties": {
    "fuente": "AEMET",
    "id": "5654X",
    "nombre": "LA PUEBLA DE LOS INFANTES",
    "lat": 37.786804,
    "lon": -5.37114,
    "fecha_utc": "2026-10-06T09:00:00+00:00",
    "velocidad_kmh": 6.1,
    "racha_kmh": 9.4,
    "direccion_grados": 62.0,
    "direccion_cardinal": "ENE",
    "hacia_grados": 242.0,
    "temperatura_c": 21.2,
    "humedad_pct": 75.0,
    "regla_30": false
   }
  },
  {
   "type": "Feature",
   "geometry": {
    "type": "Point",
    "coordinates": [
     -5.433058,
     37.497222
    ]
   },
   "properties": {
    "fuente": "AEMET",
    "id": "5656",
    "nombre": "FUENTES DE ANDALUCIA  EL TRAVIESO",
    "lat": 37.497222,
    "lon": -5.433058,
    "fecha_utc": "2026-10-06T08:00:00+00:00",
    "velocidad_kmh": 3.2,
    "racha_kmh": 10.1,
    "direccion_grados": 80.0,
    "direccion_cardinal": "E",
    "hacia_grados": 260.0,
    "temperatura_c": 21.8,
    "humedad_pct": 74.0,
    "regla_30": false
   }
  },
  {
   "type": "Feature",
   "geometry": {
    "type": "Point",
    "coordinates": [
     -5.740475,
     37.565485
    ]
   },
   "properties": {
    "fuente": "AEMET",
    "id": "5702X",
    "nombre": "CARMONA  VILLEGAS",
    "lat": 37.565485,
    "lon": -5.740475,
    "fecha_utc": "2026-10-06T08:00:00+00:00",
    "velocidad_kmh": 6.5,
    "racha_kmh": 9.7,
    "direccion_grados": 102.0,
    "direccion_cardinal": "ESE",
    "hacia_grados": 282.0,
    "temperatura_c": 20.1,
    "humedad_pct": 83.0,
    "regla_30": false
   }
  },
  {
   "type": "Feature",
   "geometry": {
    "type": "Point",
    "coordinates": [
     -5.769728,
     37.926389
    ]
   },
   "properties": {
    "fuente": "AEMET",
    "id": "5704B",
    "nombre": "CAZALLA DE LA SIERRA",
    "lat": 37.926389,
    "lon": -5.769728,
    "fecha_utc": "2026-10-06T09:00:00+00:00",
    "velocidad_kmh": 7.2,
    "racha_kmh": 13.7,
    "direccion_grados": 144.0,
    "direccion_cardinal": "SE",
    "hacia_grados": 324.0,
    "temperatura_c": 20.0,
    "humedad_pct": 69.0,
    "regla_30": false
   }
  },
  {
   "type": "Feature",
   "geometry": {
    "type": "Point",
    "coordinates": [
     -5.81917,
     38.099445
    ]
   },
   "properties": {
    "fuente": "AEMET",
    "id": "5726X",
    "nombre": "GUADALCANAL  CRISTO",
    "lat": 38.099445,
    "lon": -5.81917,
    "fecha_utc": "2026-10-06T09:00:00+00:00",
    "velocidad_kmh": 12.2,
    "racha_kmh": 25.6,
    "direccion_grados": 204.0,
    "direccion_cardinal": "SSO",
    "hacia_grados": 24.0,
    "temperatura_c": 19.3,
    "humedad_pct": 70.0,
    "regla_30": false
   }
  },
  {
   "type": "Feature",
   "geometry": {
    "type": "Point",
    "coordinates": [
     -6.074995,
     37.791114
    ]
   },
   "properties": {
    "fuente": "AEMET",
    "id": "5733X",
    "nombre": "ALMADEN PLATA (LAS NAVAS AUTOMATICA)",
    "lat": 37.791114,
    "lon": -6.074995,
    "fecha_utc": "2026-10-06T08:00:00+00:00",
    "velocidad_kmh": 3.6,
    "racha_kmh": 10.1,
    "direccion_grados": 117.0,
    "direccion_cardinal": "ESE",
    "hacia_grados": 297.0,
    "temperatura_c": 19.3,
    "humedad_pct": 75.0,
    "regla_30": false
   }
  },
  {
   "type": "Feature",
   "geometry": {
    "type": "Point",
    "coordinates": [
     -6.322225,
     37.973609
    ]
   },
   "properties": {
    "fuente": "AEMET",
    "id": "5769X",
    "nombre": "CALA",
    "lat": 37.973609,
    "lon": -6.322225,
    "fecha_utc": "2026-10-06T08:00:00+00:00",
    "velocidad_kmh": 2.5,
    "racha_kmh": 8.3,
    "direccion_grados": 139.0,
    "direccion_cardinal": "SE",
    "hacia_grados": 319.0,
    "temperatura_c": 17.4,
    "humedad_pct": 82.0,
    "regla_30": false
   }
  },
  {
   "type": "Feature",
   "geometry": {
    "type": "Point",
    "coordinates": [
     -5.879167,
     37.416667
    ]
   },
   "properties": {
    "fuente": "AEMET",
    "id": "5783",
    "nombre": "SEVILLA/SAN PABLO",
    "lat": 37.416667,
    "lon": -5.879167,
    "fecha_utc": "2026-10-06T09:00:00+00:00",
    "velocidad_kmh": 4.3,
    "racha_kmh": 7.6,
    "direccion_grados": 120.0,
    "direccion_cardinal": "ESE",
    "hacia_grados": 300.0,
    "temperatura_c": 24.0,
    "humedad_pct": 78.0,
    "regla_30": false
   }
  },
  {
   "type": "Feature",
   "geometry": {
    "type": "Point",
    "coordinates": [
     -6.059722,
     37.361667
    ]
   },
   "properties": {
    "fuente": "AEMET",
    "id": "5788X",
    "nombre": "Tomares  Zaudín",
    "lat": 37.361667,
    "lon": -6.059722,
    "fecha_utc": "2026-10-06T09:00:00+00:00",
    "velocidad_kmh": 0.7,
    "racha_kmh": 4.7,
    "direccion_grados": 69.0,
    "direccion_cardinal": "ENE",
    "hacia_grados": 249.0,
    "temperatura_c": 22.4,
    "humedad_pct": 80.0,
    "regla_30": false
   }
  },
  {
   "type": "Feature",
   "geometry": {
    "type": "Point",
    "coordinates": [
     -6.005918,
     37.364249
    ]
   },
   "properties": {
    "fuente": "AEMET",
    "id": "5790Y",
    "nombre": "TABLADA",
    "lat": 37.364249,
    "lon": -6.005918,
    "fecha_utc": "2026-10-06T09:00:00+00:00",
    "velocidad_kmh": 1.1,
    "racha_kmh": 4.3,
    "direccion_grados": 346.0,
    "direccion_cardinal": "NNO",
    "hacia_grados": 166.0,
    "temperatura_c": 23.1,
    "humedad_pct": 80.0,
    "regla_30": false
   }
  },
  {
   "type": "Feature",
   "geometry": {
    "type": "Point",
    "coordinates": [
     -5.611474,
     37.164529
    ]
   },
   "properties": {
    "fuente": "AEMET",
    "id": "5796",
    "nombre": "MORÓN DE LA FRONTERA",
    "lat": 37.164529,
    "lon": -5.611474,
    "fecha_utc": "2026-10-06T09:00:00+00:00",
    "velocidad_kmh": 5.8,
    "racha_kmh": 9.4,
    "direccion_grados": 64.0,
    "direccion_cardinal": "ENE",
    "hacia_grados": 244.0,
    "temperatura_c": 22.5,
    "humedad_pct": 64.0,
    "regla_30": false
   }
  },
  {
   "type": "Feature",
   "geometry": {
    "type": "Point",
    "coordinates": [
     -6.334168,
     37.360002
    ]
   },
   "properties": {
    "fuente": "AEMET",
    "id": "5835X",
    "nombre": "CARRION DE LOS CESPEDES",
    "lat": 37.360002,
    "lon": -6.334168,
    "fecha_utc": "2026-10-06T08:00:00+00:00",
    "velocidad_kmh": 0.7,
    "racha_kmh": 4.7,
    "direccion_grados": 173.0,
    "direccion_cardinal": "S",
    "hacia_grados": 353.0,
    "temperatura_c": 19.1,
    "humedad_pct": 81.0,
    "regla_30": false
   }
  },
  {
   "type": "Feature",
   "geometry": {
    "type": "Point",
    "coordinates": [
     -6.443024,
     36.988553
    ]
   },
   "properties": {
    "fuente": "AEMET",
    "id": "5858X",
    "nombre": "ALMONTE  DOÑANA ",
    "lat": 36.988553,
    "lon": -6.443024,
    "fecha_utc": "2026-10-06T09:00:00+00:00",
    "velocidad_kmh": 1.8,
    "racha_kmh": 5.4,
    "direccion_grados": 105.0,
    "direccion_cardinal": "ESE",
    "hacia_grados": 285.0,
    "temperatura_c": 22.6,
    "humedad_pct": 86.0,
    "regla_30": false
   }
  },
  {
   "type": "Feature",
   "geometry": {
    "type": "Point",
    "coordinates": [
     -6.738088,
     37.097942
    ]
   },
   "properties": {
    "fuente": "AEMET",
    "id": "5860E",
    "nombre": "EL ARENOSILLO",
    "lat": 37.097942,
    "lon": -6.738088,
    "fecha_utc": "2026-10-06T09:00:00+00:00",
    "velocidad_kmh": 5.0,
    "racha_kmh": 11.2,
    "direccion_grados": 86.0,
    "direccion_cardinal": "E",
    "hacia_grados": 266.0,
    "temperatura_c": 23.0,
    "humedad_pct": 88.0,
    "regla_30": false
   }
  },
  {
   "type": "Feature",
   "geometry": {
    "type": "Point",
    "coordinates": [
     -6.555004,
     37.051946
    ]
   },
   "properties": {
    "fuente": "AEMET",
    "id": "5860H",
    "nombre": "EVC_DOÑANA",
    "lat": 37.051946,
    "lon": -6.555004,
    "fecha_utc": "2026-10-06T09:00:00+00:00",
    "velocidad_kmh": 7.2,
    "racha_kmh": 10.8,
    "direccion_grados": 123.0,
    "direccion_cardinal": "ESE",
    "hacia_grados": 303.0,
    "temperatura_c": 22.8,
    "humedad_pct": 85.0,
    "regla_30": false
   }
  },
  {
   "type": "Feature",
   "geometry": {
    "type": "Point",
    "coordinates": [
     -5.846666,
     36.953337
    ]
   },
   "properties": {
    "fuente": "AEMET",
    "id": "5891X",
    "nombre": "LAS CABEZAS DE SAN JUAN (MAJOLETO AUTOMATICA)",
    "lat": 36.953337,
    "lon": -5.846666,
    "fecha_utc": "2026-10-06T08:00:00+00:00",
    "velocidad_kmh": 1.1,
    "racha_kmh": 5.4,
    "direccion_grados": 303.0,
    "direccion_cardinal": "ONO",
    "hacia_grados": 123.0,
    "temperatura_c": 21.6,
    "humedad_pct": 66.0,
    "regla_30": false
   }
  },
  {
   "type": "Feature",
   "geometry": {
    "type": "Point",
    "coordinates": [
     -6.400558,
     36.75
    ]
   },
   "properties": {
    "fuente": "AEMET",
    "id": "5906X",
    "nombre": "CHIPIONA  ECA",
    "lat": 36.75,
    "lon": -6.400558,
    "fecha_utc": "2026-10-06T08:00:00+00:00",
    "velocidad_kmh": 3.2,
    "racha_kmh": 11.2,
    "direccion_grados": 9.0,
    "direccion_cardinal": "N",
    "hacia_grados": 189.0,
    "temperatura_c": 21.3,
    "humedad_pct": 81.0,
    "regla_30": false
   }
  },
  {
   "type": "Feature",
   "geometry": {
    "type": "Point",
    "coordinates": [
     -5.37403,
     36.76044
    ]
   },
   "properties": {
    "fuente": "AEMET",
    "id": "5911A",
    "nombre": "GRAZALEMA",
    "lat": 36.76044,
    "lon": -5.37403,
    "fecha_utc": "2026-10-06T09:00:00+00:00",
    "velocidad_kmh": 3.2,
    "racha_kmh": 26.6,
    "direccion_grados": 222.0,
    "direccion_cardinal": "SO",
    "hacia_grados": 42.0,
    "temperatura_c": 18.6,
    "humedad_pct": 62.0,
    "regla_30": false
   }
  },
  {
   "type": "Feature",
   "geometry": {
    "type": "Point",
    "coordinates": [
     -5.375,
     36.760278
    ]
   },
   "properties": {
    "fuente": "AEMET",
    "id": "5911X",
    "nombre": "GRAZALEMA-HELIPUERTO",
    "lat": 36.760278,
    "lon": -5.375,
    "fecha_utc": "2026-10-06T09:00:00+00:00",
    "velocidad_kmh": 9.7,
    "racha_kmh": 36.4,
    "direccion_grados": 160.0,
    "direccion_cardinal": "SSE",
    "hacia_grados": 340.0,
    "temperatura_c": 18.0,
    "humedad_pct": 63.0,
    "regla_30": false
   }
  },
  {
   "type": "Feature",
   "geometry": {
    "type": "Point",
    "coordinates": [
     -5.259446,
     36.931669
    ]
   },
   "properties": {
    "fuente": "AEMET",
    "id": "5919X",
    "nombre": "OLVERA-COOP.AGRÍCOLA",
    "lat": 36.931669,
    "lon": -5.259446,
    "fecha_utc": "2026-10-06T08:00:00+00:00",
    "velocidad_kmh": 11.5,
    "racha_kmh": 30.6,
    "direccion_grados": 182.0,
    "direccion_cardinal": "S",
    "hacia_grados": 2.0,
    "temperatura_c": 21.5,
    "humedad_pct": 56.0,
    "regla_30": false
   }
  },
  {
   "type": "Feature",
   "geometry": {
    "type": "Point",
    "coordinates": [
     -5.512225,
     36.729446
    ]
   },
   "properties": {
    "fuente": "AEMET",
    "id": "5941X",
    "nombre": "EL BOSQUE  SAN JOSÉ",
    "lat": 36.729446,
    "lon": -5.512225,
    "fecha_utc": "2026-10-06T08:00:00+00:00",
    "velocidad_kmh": 27.7,
    "racha_kmh": 55.1,
    "direccion_grados": 135.0,
    "direccion_cardinal": "SE",
    "hacia_grados": 315.0,
    "temperatura_c": 22.9,
    "humedad_pct": 56.0,
    "regla_30": false
   }
  },
  {
   "type": "Feature",
   "geometry": {
    "type": "Point",
    "coordinates": [
     -5.783332,
     36.663888
    ]
   },
   "properties": {
    "fuente": "AEMET",
    "id": "5950X",
    "nombre": "SAN JOSE DEL VALLE-PT GUADALCACÍN",
    "lat": 36.663888,
    "lon": -5.783332,
    "fecha_utc": "2026-10-06T08:00:00+00:00",
    "velocidad_kmh": 22.0,
    "racha_kmh": 37.1,
    "direccion_grados": 165.0,
    "direccion_cardinal": "SSE",
    "hacia_grados": 345.0,
    "temperatura_c": 24.2,
    "humedad_pct": 51.0,
    "regla_30": false
   }
  },
  {
   "type": "Feature",
   "geometry": {
    "type": "Point",
    "coordinates": [
     -6.055857,
     36.750495
    ]
   },
   "properties": {
    "fuente": "AEMET",
    "id": "5960",
    "nombre": "JEREZ DE LA FRONTERA/AEROPUERTO",
    "lat": 36.750495,
    "lon": -6.055857,
    "fecha_utc": "2026-10-06T09:00:00+00:00",
    "velocidad_kmh": 21.6,
    "racha_kmh": 35.3,
    "direccion_grados": 140.0,
    "direccion_cardinal": "SE",
    "hacia_grados": 320.0,
    "temperatura_c": 23.4,
    "humedad_pct": 67.0,
    "regla_30": false
   }
  },
  {
   "type": "Feature",
   "geometry": {
    "type": "Point",
    "coordinates": [
     -6.206294,
     36.462883
    ]
   },
   "properties": {
    "fuente": "AEMET",
    "id": "5972Y",
    "nombre": "SAN FERNANDO ROA",
    "lat": 36.462883,
    "lon": -6.206294,
    "fecha_utc": "2026-10-06T09:00:00+00:00",
    "velocidad_kmh": 7.2,
    "racha_kmh": 20.5,
    "direccion_grados": 161.0,
    "direccion_cardinal": "SSE",
    "hacia_grados": 341.0,
    "temperatura_c": 24.0,
    "humedad_pct": 62.0,
    "regla_30": false
   }
  },
  {
   "type": "Feature",
   "geometry": {
    "type": "Point",
    "coordinates": [
     -6.257861,
     36.499722
    ]
   },
   "properties": {
    "fuente": "AEMET",
    "id": "5973",
    "nombre": "CÁDIZ  OBSERVATORIO",
    "lat": 36.499722,
    "lon": -6.257861,
    "fecha_utc": "2026-10-06T09:00:00+00:00",
    "velocidad_kmh": 27.4,
    "racha_kmh": 37.1,
    "direccion_grados": 168.0,
    "direccion_cardinal": "SSE",
    "hacia_grados": 348.0,
    "temperatura_c": 24.0,
    "humedad_pct": 67.0,
    "regla_30": false
   }
  },
  {
   "type": "Feature",
   "geometry": {
    "type": "Point",
    "coordinates": [
     -5.920278,
     36.406111
    ]
   },
   "properties": {
    "fuente": "AEMET",
    "id": "5983X",
    "nombre": "MEDINA SIDONIA (EL HUNDIDO - AUTOMATICA)",
    "lat": 36.406111,
    "lon": -5.920278,
    "fecha_utc": "2026-10-06T08:00:00+00:00",
    "velocidad_kmh": 2.9,
    "racha_kmh": 8.3,
    "direccion_grados": 94.0,
    "direccion_cardinal": "E",
    "hacia_grados": 274.0,
    "temperatura_c": 21.0,
    "humedad_pct": 82.0,
    "regla_30": false
   }
  },
  {
   "type": "Feature",
   "geometry": {
    "type": "Point",
    "coordinates": [
     -5.965301,
     36.245361
    ]
   },
   "properties": {
    "fuente": "AEMET",
    "id": "5995B",
    "nombre": "VEJER DE LA FRONTERA",
    "lat": 36.245361,
    "lon": -5.965301,
    "fecha_utc": "2026-10-06T09:00:00+00:00",
    "velocidad_kmh": 9.0,
    "racha_kmh": 19.8,
    "direccion_grados": 151.0,
    "direccion_cardinal": "SSE",
    "hacia_grados": 331.0,
    "temperatura_c": 22.6,
    "humedad_pct": 62.0,
    "regla_30": false
   }
  },
  {
   "type": "Feature",
   "geometry": {
    "type": "Point",
    "coordinates": [
     -5.909444,
     36.184722
    ]
   },
   "properties": {
    "fuente": "AEMET",
    "id": "5996B",
    "nombre": "BARBATE  DEPURADORA",
    "lat": 36.184722,
    "lon": -5.909444,
    "fecha_utc": "2026-10-06T08:00:00+00:00",
    "velocidad_kmh": 22.0,
    "racha_kmh": 45.7,
    "direccion_grados": 147.0,
    "direccion_cardinal": "SSE",
    "hacia_grados": 327.0,
    "temperatura_c": 22.8,
    "humedad_pct": 67.0,
    "regla_30": false
   }
  },
  {
   "type": "Feature",
   "geometry": {
    "type": "Point",
    "coordinates": [
     -5.112503,
     37.243336
    ]
   },
   "properties": {
    "fuente": "AEMET",
    "id": "5998X",
    "nombre": "OSUNA  SEA",
    "lat": 37.243336,
    "lon": -5.112503,
    "fecha_utc": "2026-10-06T08:00:00+00:00",
    "velocidad_kmh": 14.4,
    "racha_kmh": 28.8,
    "direccion_grados": 140.0,
    "direccion_cardinal": "SE",
    "hacia_grados": 320.0,
    "temperatura_c": 22.1,
    "humedad_pct": 62.0,
    "regla_30": false
   }
  },
  {
   "type": "Feature",
   "geometry": {
    "type": "Point",
    "coordinates": [
     -2.95638,
     35.276325
    ]
   },
   "properties": {
    "fuente": "AEMET",
    "id": "6000A",
    "nombre": "MELILLA",
    "lat": 35.276325,
    "lon": -2.95638,
    "fecha_utc": "2026-10-06T09:00:00+00:00",
    "velocidad_kmh": 11.9,
    "racha_kmh": 25.9,
    "direccion_grados": 129.0,
    "direccion_cardinal": "SE",
    "hacia_grados": 309.0,
    "temperatura_c": 26.2,
    "humedad_pct": 65.0,
    "regla_30": false
   }
  },
  {
   "type": "Feature",
   "geometry": {
    "type": "Point",
    "coordinates": [
     -5.597174,
     36.014396
    ]
   },
   "properties": {
    "fuente": "AEMET",
    "id": "6001",
    "nombre": "TARIFA",
    "lat": 36.014396,
    "lon": -5.597174,
    "fecha_utc": "2026-10-06T09:00:00+00:00",
    "velocidad_kmh": 22.7,
    "racha_kmh": 41.8,
    "direccion_grados": 78.0,
    "direccion_cardinal": "ENE",
    "hacia_grados": 258.0,
    "temperatura_c": 20.5,
    "humedad_pct": 86.0,
    "regla_30": false
   }
  },
  {
   "type": "Feature",
   "geometry": {
    "type": "Point",
    "coordinates": [
     -5.168615,
     36.749997
    ]
   },
   "properties": {
    "fuente": "AEMET",
    "id": "6032X",
    "nombre": "RONDA  IES",
    "lat": 36.749997,
    "lon": -5.168615,
    "fecha_utc": "2026-10-06T08:00:00+00:00",
    "velocidad_kmh": 4.7,
    "racha_kmh": 32.0,
    "direccion_grados": 171.0,
    "direccion_cardinal": "S",
    "hacia_grados": 351.0,
    "temperatura_c": 18.4,
    "humedad_pct": 69.0,
    "regla_30": false
   }
  },
  {
   "type": "Feature",
   "geometry": {
    "type": "Point",
    "coordinates": [
     -5.386393,
     36.544447
    ]
   },
   "properties": {
    "fuente": "AEMET",
    "id": "6040X",
    "nombre": "CORTES DE LA FRONTERA",
    "lat": 36.544447,
    "lon": -5.386393,
    "fecha_utc": "2026-10-06T09:00:00+00:00",
    "velocidad_kmh": 0.7,
    "racha_kmh": 4.0,
    "direccion_grados": 217.0,
    "direccion_cardinal": "SO",
    "hacia_grados": 37.0,
    "temperatura_c": 18.2,
    "humedad_pct": 96.0,
    "regla_30": false
   }
  },
  {
   "type": "Feature",
   "geometry": {
    "type": "Point",
    "coordinates": [
     -5.394945,
     36.435607
    ]
   },
   "properties": {
    "fuente": "AEMET",
    "id": "6042I",
    "nombre": "JIMENA DE LA FRONTERA-EL DORADO",
    "lat": 36.435607,
    "lon": -5.394945,
    "fecha_utc": "2026-10-06T08:00:00+00:00",
    "velocidad_kmh": 4.0,
    "racha_kmh": 10.4,
    "direccion_grados": 279.0,
    "direccion_cardinal": "O",
    "hacia_grados": 99.0,
    "temperatura_c": 19.1,
    "humedad_pct": 98.0,
    "regla_30": false
   }
  },
  {
   "type": "Feature",
   "geometry": {
    "type": "Point",
    "coordinates": [
     -5.20306,
     36.632501
    ]
   },
   "properties": {
    "fuente": "AEMET",
    "id": "6045X",
    "nombre": "ALPANDEIRE",
    "lat": 36.632501,
    "lon": -5.20306,
    "fecha_utc": "2026-10-06T08:00:00+00:00",
    "velocidad_kmh": 6.8,
    "racha_kmh": 19.8,
    "direccion_grados": 106.0,
    "direccion_cardinal": "ESE",
    "hacia_grados": 286.0,
    "temperatura_c": 18.6,
    "humedad_pct": 73.0,
    "regla_30": false
   }
  },
  {
   "type": "Feature",
   "geometry": {
    "type": "Point",
    "coordinates": [
     -5.318613,
     36.51861
    ]
   },
   "properties": {
    "fuente": "AEMET",
    "id": "6050X",
    "nombre": "GAUCÍN",
    "lat": 36.51861,
    "lon": -5.318613,
    "fecha_utc": "2026-10-06T08:00:00+00:00",
    "velocidad_kmh": 3.2,
    "racha_kmh": 18.0,
    "direccion_grados": 206.0,
    "direccion_cardinal": "SSO",
    "hacia_grados": 26.0,
    "temperatura_c": 17.3,
    "humedad_pct": 83.0,
    "regla_30": false
   }
  },
  {
   "type": "Feature",
   "geometry": {
    "type": "Point",
    "coordinates": [
     -5.284446,
     36.273056
    ]
   },
   "properties": {
    "fuente": "AEMET",
    "id": "6056X",
    "nombre": "SAN ROQUE  SOTOGRANDE",
    "lat": 36.273056,
    "lon": -5.284446,
    "fecha_utc": "2026-10-06T06:00:00+00:00",
    "velocidad_kmh": 13.0,
    "racha_kmh": 23.0,
    "direccion_grados": 117.0,
    "direccion_cardinal": "ESE",
    "hacia_grados": 297.0,
    "temperatura_c": 21.0,
    "humedad_pct": 98.0,
    "regla_30": false
   }
  },
  {
   "type": "Feature",
   "geometry": {
    "type": "Point",
    "coordinates": [
     -5.26,
     36.378333
    ]
   },
   "properties": {
    "fuente": "AEMET",
    "id": "6057X",
    "nombre": "MANILVA",
    "lat": 36.378333,
    "lon": -5.26,
    "fecha_utc": "2026-10-06T08:00:00+00:00",
    "velocidad_kmh": 6.8,
    "racha_kmh": 15.5,
    "direccion_grados": 113.0,
    "direccion_cardinal": "ESE",
    "hacia_grados": 293.0,
    "temperatura_c": 20.1,
    "humedad_pct": 87.0,
    "regla_30": false
   }
  },
  {
   "type": "Feature",
   "geometry": {
    "type": "Point",
    "coordinates": [
     -5.154988,
     36.416954
    ]
   },
   "properties": {
    "fuente": "AEMET",
    "id": "6058I",
    "nombre": "ESTEPONA",
    "lat": 36.416954,
    "lon": -5.154988,
    "fecha_utc": "2026-10-06T09:00:00+00:00",
    "velocidad_kmh": 7.2,
    "racha_kmh": 15.8,
    "direccion_grados": 55.0,
    "direccion_cardinal": "NE",
    "hacia_grados": 235.0,
    "temperatura_c": 21.8,
    "humedad_pct": 69.0,
    "regla_30": false
   }
  },
  {
   "type": "Feature",
   "geometry": {
    "type": "Point",
    "coordinates": [
     -5.024724,
     36.543613
    ]
   },
   "properties": {
    "fuente": "AEMET",
    "id": "6069X",
    "nombre": "BENAHAVIS (LA ZAGALETA - AUTOMATICA)",
    "lat": 36.543613,
    "lon": -5.024724,
    "fecha_utc": "2026-10-06T09:00:00+00:00",
    "velocidad_kmh": 1.8,
    "racha_kmh": 9.4,
    "direccion_grados": 93.0,
    "direccion_cardinal": "E",
    "hacia_grados": 273.0,
    "temperatura_c": 19.0,
    "humedad_pct": 88.0,
    "regla_30": false
   }
  },
  {
   "type": "Feature",
   "geometry": {
    "type": "Point",
    "coordinates": [
     -4.953051,
     36.484445
    ]
   },
   "properties": {
    "fuente": "AEMET",
    "id": "6076X",
    "nombre": "MARBELLA (PUERTO BANUS - AUTOMATICA)",
    "lat": 36.484445,
    "lon": -4.953051,
    "fecha_utc": "2026-10-06T08:00:00+00:00",
    "velocidad_kmh": 7.6,
    "racha_kmh": 10.8,
    "direccion_grados": 333.0,
    "direccion_cardinal": "NNO",
    "hacia_grados": 153.0,
    "temperatura_c": 21.8,
    "humedad_pct": 79.0,
    "regla_30": false
   }
  },
  {
   "type": "Feature",
   "geometry": {
    "type": "Point",
    "coordinates": [
     -4.740278,
     36.483333
    ]
   },
   "properties": {
    "fuente": "AEMET",
    "id": "6083X",
    "nombre": "MARBELLA  CABOPINO",
    "lat": 36.483333,
    "lon": -4.740278,
    "fecha_utc": "2026-10-06T09:00:00+00:00",
    "velocidad_kmh": 8.6,
    "racha_kmh": 14.8,
    "direccion_grados": 43.0,
    "direccion_cardinal": "NE",
    "hacia_grados": 223.0,
    "temperatura_c": 22.7,
    "humedad_pct": 88.0,
    "regla_30": false
   }
  },
  {
   "type": "Feature",
   "geometry": {
    "type": "Point",
    "coordinates": [
     -4.514998,
     36.620554
    ]
   },
   "properties": {
    "fuente": "AEMET",
    "id": "6088X",
    "nombre": "TORREMOLINOS",
    "lat": 36.620554,
    "lon": -4.514998,
    "fecha_utc": "2026-10-06T08:00:00+00:00",
    "velocidad_kmh": 3.2,
    "racha_kmh": 6.8,
    "direccion_grados": 265.0,
    "direccion_cardinal": "O",
    "hacia_grados": 85.0,
    "temperatura_c": 20.9,
    "humedad_pct": 91.0,
    "regla_30": false
   }
  },
  {
   "type": "Feature",
   "geometry": {
    "type": "Point",
    "coordinates": [
     -4.749722,
     37.03
    ]
   },
   "properties": {
    "fuente": "AEMET",
    "id": "6106X",
    "nombre": "ANTEQUERA-BOBADILLA",
    "lat": 37.03,
    "lon": -4.749722,
    "fecha_utc": "2026-10-06T09:00:00+00:00",
    "velocidad_kmh": 8.3,
    "racha_kmh": 24.1,
    "direccion_grados": 145.0,
    "direccion_cardinal": "SE",
    "hacia_grados": 325.0,
    "temperatura_c": 20.5,
    "humedad_pct": 74.0,
    "regla_30": false
   }
  },
  {
   "type": "Feature",
   "geometry": {
    "type": "Point",
    "coordinates": [
     -4.69667,
     36.854723
    ]
   },
   "properties": {
    "fuente": "AEMET",
    "id": "6127X",
    "nombre": "ÁLORA  LAS PELONAS",
    "lat": 36.854723,
    "lon": -4.69667,
    "fecha_utc": "2026-10-06T08:00:00+00:00",
    "velocidad_kmh": 2.2,
    "racha_kmh": 10.1,
    "direccion_grados": 145.0,
    "direccion_cardinal": "SE",
    "hacia_grados": 325.0,
    "temperatura_c": 19.3,
    "humedad_pct": 93.0,
    "regla_30": false
   }
  },
  {
   "type": "Feature",
   "geometry": {
    "type": "Point",
    "coordinates": [
     -4.482307,
     36.666118
    ]
   },
   "properties": {
    "fuente": "AEMET",
    "id": "6155A",
    "nombre": "MÁLAGA/AEROPUERTO",
    "lat": 36.666118,
    "lon": -4.482307,
    "fecha_utc": "2026-10-06T09:00:00+00:00",
    "velocidad_kmh": 10.4,
    "racha_kmh": 22.3,
    "direccion_grados": 100.0,
    "direccion_cardinal": "E",
    "hacia_grados": 280.0,
    "temperatura_c": 20.7,
    "humedad_pct": 94.0,
    "regla_30": false
   }
  },
  {
   "type": "Feature",
   "geometry": {
    "type": "Point",
    "coordinates": [
     -4.48167,
     36.717784
    ]
   },
   "properties": {
    "fuente": "AEMET",
    "id": "6156X",
    "nombre": "MÁLAGA  CENTRO METEOROLÓGICO",
    "lat": 36.717784,
    "lon": -4.48167,
    "fecha_utc": "2026-10-06T09:00:00+00:00",
    "velocidad_kmh": 10.4,
    "racha_kmh": 16.6,
    "direccion_grados": 90.0,
    "direccion_cardinal": "E",
    "hacia_grados": 270.0,
    "temperatura_c": 21.3,
    "humedad_pct": 84.0,
    "regla_30": false
   }
  },
  {
   "type": "Feature",
   "geometry": {
    "type": "Point",
    "coordinates": [
     -4.427222,
     36.7075
    ]
   },
   "properties": {
    "fuente": "AEMET",
    "id": "6172Y",
    "nombre": "MÁLAGA PUERTO  OCEANOGRÁFICO",
    "lat": 36.7075,
    "lon": -4.427222,
    "fecha_utc": "2026-10-06T09:00:00+00:00",
    "velocidad_kmh": 10.1,
    "racha_kmh": 14.8,
    "direccion_grados": 103.0,
    "direccion_cardinal": "ESE",
    "hacia_grados": 283.0,
    "temperatura_c": 22.4,
    "humedad_pct": 74.0,
    "regla_30": false
   }
  },
  {
   "type": "Feature",
   "geometry": {
    "type": "Point",
    "coordinates": [
     -4.093611,
     36.768611
    ]
   },
   "properties": {
    "fuente": "AEMET",
    "id": "6199X",
    "nombre": "VELEZ MALAGA (AUTOMATICA)",
    "lat": 36.768611,
    "lon": -4.093611,
    "fecha_utc": "2026-10-06T09:00:00+00:00",
    "velocidad_kmh": 12.2,
    "racha_kmh": 19.4,
    "direccion_grados": 332.0,
    "direccion_cardinal": "NNO",
    "hacia_grados": 152.0,
    "temperatura_c": 20.6,
    "humedad_pct": 87.0,
    "regla_30": false
   }
  },
  {
   "type": "Feature",
   "geometry": {
    "type": "Point",
    "coordinates": [
     -4.043892,
     36.755836
    ]
   },
   "properties": {
    "fuente": "AEMET",
    "id": "6201X",
    "nombre": "ALGARROBO (LA MAYORA - AUTOMATICA)",
    "lat": 36.755836,
    "lon": -4.043892,
    "fecha_utc": "2026-10-06T08:00:00+00:00",
    "velocidad_kmh": 5.4,
    "racha_kmh": 20.5,
    "direccion_grados": 75.0,
    "direccion_cardinal": "ENE",
    "hacia_grados": 255.0,
    "temperatura_c": 20.5,
    "humedad_pct": 84.0,
    "regla_30": false
   }
  },
  {
   "type": "Feature",
   "geometry": {
    "type": "Point",
    "coordinates": [
     -3.95722,
     36.726384
    ]
   },
   "properties": {
    "fuente": "AEMET",
    "id": "6205X",
    "nombre": "TORROX FARO",
    "lat": 36.726384,
    "lon": -3.95722,
    "fecha_utc": "2026-10-06T09:00:00+00:00",
    "velocidad_kmh": 17.3,
    "racha_kmh": 21.2,
    "direccion_grados": 262.0,
    "direccion_cardinal": "O",
    "hacia_grados": 82.0,
    "temperatura_c": 22.4,
    "humedad_pct": 77.0,
    "regla_30": false
   }
  },
  {
   "type": "Feature",
   "geometry": {
    "type": "Point",
    "coordinates": [
     -3.845275,
     36.762776
    ]
   },
   "properties": {
    "fuente": "AEMET",
    "id": "6213X",
    "nombre": "NERJA (CUEVAS DE NERJA - AUTOMATICA)",
    "lat": 36.762776,
    "lon": -3.845275,
    "fecha_utc": "2026-10-06T08:00:00+00:00",
    "velocidad_kmh": 14.8,
    "racha_kmh": 29.2,
    "direccion_grados": 325.0,
    "direccion_cardinal": "NO",
    "hacia_grados": 145.0,
    "temperatura_c": 22.0,
    "humedad_pct": 70.0,
    "regla_30": false
   }
  },
  {
   "type": "Feature",
   "geometry": {
    "type": "Point",
    "coordinates": [
     -3.430278,
     36.952222
    ]
   },
   "properties": {
    "fuente": "AEMET",
    "id": "6248D",
    "nombre": "CAÑAR  PARQUE NACIONAL SIERRA NEVADA",
    "lat": 36.952222,
    "lon": -3.430278,
    "fecha_utc": "2026-10-06T09:00:00+00:00",
    "velocidad_kmh": 22.7,
    "racha_kmh": 48.6,
    "direccion_grados": 298.0,
    "direccion_cardinal": "ONO",
    "hacia_grados": 118.0,
    "temperatura_c": 12.4,
    "humedad_pct": 74.0,
    "regla_30": false
   }
  },
  {
   "type": "Feature",
   "geometry": {
    "type": "Point",
    "coordinates": [
     -3.578623,
     36.748335
    ]
   },
   "properties": {
    "fuente": "AEMET",
    "id": "6267X",
    "nombre": "SALOBREÑA",
    "lat": 36.748335,
    "lon": -3.578623,
    "fecha_utc": "2026-10-06T08:00:00+00:00",
    "velocidad_kmh": 2.2,
    "racha_kmh": 9.0,
    "direccion_grados": 278.0,
    "direccion_cardinal": "O",
    "hacia_grados": 98.0,
    "temperatura_c": 22.0,
    "humedad_pct": 86.0,
    "regla_30": false
   }
  },
  {
   "type": "Feature",
   "geometry": {
    "type": "Point",
    "coordinates": [
     -3.529267,
     36.724011
    ]
   },
   "properties": {
    "fuente": "AEMET",
    "id": "6268Y",
    "nombre": "MOTRIL PUERTO NAÚTICO",
    "lat": 36.724011,
    "lon": -3.529267,
    "fecha_utc": "2026-10-06T09:00:00+00:00",
    "velocidad_kmh": 5.4,
    "racha_kmh": 11.5,
    "direccion_grados": 239.0,
    "direccion_cardinal": "OSO",
    "hacia_grados": 59.0,
    "temperatura_c": 23.5,
    "humedad_pct": 77.0,
    "regla_30": false
   }
  },
  {
   "type": "Feature",
   "geometry": {
    "type": "Point",
    "coordinates": [
     -3.380008,
     36.734297
    ]
   },
   "properties": {
    "fuente": "AEMET",
    "id": "6272X",
    "nombre": "CASTELL DEL FERRO",
    "lat": 36.734297,
    "lon": -3.380008,
    "fecha_utc": "2026-10-06T08:00:00+00:00",
    "velocidad_kmh": 3.2,
    "racha_kmh": 12.6,
    "direccion_grados": 203.0,
    "direccion_cardinal": "SSO",
    "hacia_grados": 23.0,
    "temperatura_c": 22.1,
    "humedad_pct": 69.0,
    "regla_30": false
   }
  },
  {
   "type": "Feature",
   "geometry": {
    "type": "Point",
    "coordinates": [
     -3.030833,
     36.748056
    ]
   },
   "properties": {
    "fuente": "AEMET",
    "id": "6277C",
    "nombre": "ADRA FARO",
    "lat": 36.748056,
    "lon": -3.030833,
    "fecha_utc": "2026-10-06T09:00:00+00:00",
    "velocidad_kmh": 9.7,
    "racha_kmh": 28.4,
    "direccion_grados": 254.0,
    "direccion_cardinal": "OSO",
    "hacia_grados": 74.0,
    "temperatura_c": 23.5,
    "humedad_pct": 74.0,
    "regla_30": false
   }
  },
  {
   "type": "Feature",
   "geometry": {
    "type": "Point",
    "coordinates": [
     -2.701667,
     36.68694
    ]
   },
   "properties": {
    "fuente": "AEMET",
    "id": "6293X",
    "nombre": "ROQUETAS DE MAR-FARO SABINAR",
    "lat": 36.68694,
    "lon": -2.701667,
    "fecha_utc": "2026-10-06T09:00:00+00:00",
    "velocidad_kmh": 15.8,
    "racha_kmh": 27.7,
    "direccion_grados": 189.0,
    "direccion_cardinal": "S",
    "hacia_grados": 9.0,
    "temperatura_c": 23.7,
    "humedad_pct": 75.0,
    "regla_30": false
   }
  },
  {
   "type": "Feature",
   "geometry": {
    "type": "Point",
    "coordinates": [
     -2.964444,
     37.095833
    ]
   },
   "properties": {
    "fuente": "AEMET",
    "id": "6299I",
    "nombre": "LAGUNA SECA  PARQUE NACIONAL SIERRA NEVADA",
    "lat": 37.095833,
    "lon": -2.964444,
    "fecha_utc": "2026-10-06T08:00:00+00:00",
    "velocidad_kmh": 34.2,
    "racha_kmh": 56.2,
    "direccion_grados": 189.0,
    "direccion_cardinal": "S",
    "hacia_grados": 9.0,
    "temperatura_c": 8.1,
    "humedad_pct": 99.0,
    "regla_30": false
   }
  },
  {
   "type": "Feature",
   "geometry": {
    "type": "Point",
    "coordinates": [
     -2.78,
     37.153056
    ]
   },
   "properties": {
    "fuente": "AEMET",
    "id": "6302X",
    "nombre": "ABLA",
    "lat": 37.153056,
    "lon": -2.78,
    "fecha_utc": "2026-10-06T09:00:00+00:00",
    "velocidad_kmh": 13.3,
    "racha_kmh": 22.7,
    "direccion_grados": 285.0,
    "direccion_cardinal": "ONO",
    "hacia_grados": 105.0,
    "temperatura_c": 17.4,
    "humedad_pct": null,
    "regla_30": null
   }
  },
  {
   "type": "Feature",
   "geometry": {
    "type": "Point",
    "coordinates": [
     -2.897216,
     37.052997
    ]
   },
   "properties": {
    "fuente": "AEMET",
    "id": "6307C",
    "nombre": "LAÚJAR  PARQUE NACIONAL SIERRA NEVADA",
    "lat": 37.052997,
    "lon": -2.897216,
    "fecha_utc": "2026-10-06T09:00:00+00:00",
    "velocidad_kmh": 17.6,
    "racha_kmh": 30.2,
    "direccion_grados": 278.0,
    "direccion_cardinal": "O",
    "hacia_grados": 98.0,
    "temperatura_c": 13.2,
    "humedad_pct": 78.0,
    "regla_30": false
   }
  },
  {
   "type": "Feature",
   "geometry": {
    "type": "Point",
    "coordinates": [
     -2.912377,
     37.033209
    ]
   },
   "properties": {
    "fuente": "AEMET",
    "id": "6307X",
    "nombre": "LAUJAR DE ANDARAX",
    "lat": 37.033209,
    "lon": -2.912377,
    "fecha_utc": "2026-10-06T08:00:00+00:00",
    "velocidad_kmh": 13.7,
    "racha_kmh": 29.2,
    "direccion_grados": 9.0,
    "direccion_cardinal": "N",
    "hacia_grados": 189.0,
    "temperatura_c": 14.1,
    "humedad_pct": 78.0,
    "regla_30": false
   }
  },
  {
   "type": "Feature",
   "geometry": {
    "type": "Point",
    "coordinates": [
     -2.677185,
     37.020944
    ]
   },
   "properties": {
    "fuente": "AEMET",
    "id": "6312E",
    "nombre": "RÁGOL  PARQUE NACIONAL SIERRA NEVADA",
    "lat": 37.020944,
    "lon": -2.677185,
    "fecha_utc": "2026-10-06T09:00:00+00:00",
    "velocidad_kmh": 10.8,
    "racha_kmh": 18.4,
    "direccion_grados": 252.0,
    "direccion_cardinal": "OSO",
    "hacia_grados": 72.0,
    "temperatura_c": 20.9,
    "humedad_pct": 70.0,
    "regla_30": false
   }
  },
  {
   "type": "Feature",
   "geometry": {
    "type": "Point",
    "coordinates": [
     -2.356931,
     36.846344
    ]
   },
   "properties": {
    "fuente": "AEMET",
    "id": "6325O",
    "nombre": "ALMERÍA/AEROPUERTO",
    "lat": 36.846344,
    "lon": -2.356931,
    "fecha_utc": "2026-10-06T09:00:00+00:00",
    "velocidad_kmh": 5.4,
    "racha_kmh": 29.5,
    "direccion_grados": 150.0,
    "direccion_cardinal": "SSE",
    "hacia_grados": 330.0,
    "temperatura_c": 25.2,
    "humedad_pct": 63.0,
    "regla_30": false
   }
  },
  {
   "type": "Feature",
   "geometry": {
    "type": "Point",
    "coordinates": [
     -2.193056,
     36.721945
    ]
   },
   "properties": {
    "fuente": "AEMET",
    "id": "6329X",
    "nombre": "CABO DE GATA  FARO",
    "lat": 36.721945,
    "lon": -2.193056,
    "fecha_utc": "2026-10-06T08:00:00+00:00",
    "velocidad_kmh": 6.5,
    "racha_kmh": 18.0,
    "direccion_grados": 125.0,
    "direccion_cardinal": "SE",
    "hacia_grados": 305.0,
    "temperatura_c": 24.2,
    "humedad_pct": 58.0,
    "regla_30": false
   }
  },
  {
   "type": "Feature",
   "geometry": {
    "type": "Point",
    "coordinates": [
     -1.906944,
     36.942222
    ]
   },
   "properties": {
    "fuente": "AEMET",
    "id": "6332Y",
    "nombre": "CARBONERAS - FARO MESA ROLDÁN",
    "lat": 36.942222,
    "lon": -1.906944,
    "fecha_utc": "2026-10-06T09:00:00+00:00",
    "velocidad_kmh": 4.3,
    "racha_kmh": 15.1,
    "direccion_grados": 102.0,
    "direccion_cardinal": "ESE",
    "hacia_grados": 282.0,
    "temperatura_c": 23.9,
    "humedad_pct": 75.0,
    "regla_30": false
   }
  },
  {
   "type": "Feature",
   "geometry": {
    "type": "Point",
    "coordinates": [
     -2.699181,
     37.109932
    ]
   },
   "properties": {
    "fuente": "AEMET",
    "id": "6335O",
    "nombre": "NACIMIENTO  PARQUE NACIONAL SIERRA NEVADA",
    "lat": 37.109932,
    "lon": -2.699181,
    "fecha_utc": "2026-10-06T09:00:00+00:00",
    "velocidad_kmh": 7.2,
    "racha_kmh": 25.2,
    "direccion_grados": 328.0,
    "direccion_cardinal": "NNO",
    "hacia_grados": 148.0,
    "temperatura_c": 19.0,
    "humedad_pct": 74.0,
    "regla_30": false
   }
  },
  {
   "type": "Feature",
   "geometry": {
    "type": "Point",
    "coordinates": [
     -1.828511,
     37.169278
    ]
   },
   "properties": {
    "fuente": "AEMET",
    "id": "6340X",
    "nombre": "GARRUCHA",
    "lat": 37.169278,
    "lon": -1.828511,
    "fecha_utc": "2026-10-06T09:00:00+00:00",
    "velocidad_kmh": 9.0,
    "racha_kmh": 16.9,
    "direccion_grados": 262.0,
    "direccion_cardinal": "O",
    "hacia_grados": 82.0,
    "temperatura_c": 23.7,
    "humedad_pct": 65.0,
    "regla_30": false
   }
  },
  {
   "type": "Feature",
   "geometry": {
    "type": "Point",
    "coordinates": [
     -2.151523,
     37.40659
    ]
   },
   "properties": {
    "fuente": "AEMET",
    "id": "6364X",
    "nombre": "ALBOX",
    "lat": 37.40659,
    "lon": -2.151523,
    "fecha_utc": "2026-10-06T08:00:00+00:00",
    "velocidad_kmh": 6.8,
    "racha_kmh": 18.0,
    "direccion_grados": 234.0,
    "direccion_cardinal": "SO",
    "hacia_grados": 54.0,
    "temperatura_c": 17.7,
    "humedad_pct": 92.0,
    "regla_30": false
   }
  },
  {
   "type": "Feature",
   "geometry": {
    "type": "Point",
    "coordinates": [
     -1.912222,
     37.423611
    ]
   },
   "properties": {
    "fuente": "AEMET",
    "id": "6367X",
    "nombre": "HUERCAL OVERA",
    "lat": 37.423611,
    "lon": -1.912222,
    "fecha_utc": "2026-10-06T09:00:00+00:00",
    "velocidad_kmh": 6.8,
    "racha_kmh": 14.0,
    "direccion_grados": 223.0,
    "direccion_cardinal": "SO",
    "hacia_grados": 43.0,
    "temperatura_c": 21.8,
    "humedad_pct": 80.0,
    "regla_30": false
   }
  },
  {
   "type": "Feature",
   "geometry": {
    "type": "Point",
    "coordinates": [
     -4.742002,
     37.132343
    ]
   },
   "properties": {
    "fuente": "AEMET",
    "id": "6375X",
    "nombre": "FUENTE DE PIEDRA ",
    "lat": 37.132343,
    "lon": -4.742002,
    "fecha_utc": "2026-10-06T08:00:00+00:00",
    "velocidad_kmh": 8.6,
    "racha_kmh": 19.1,
    "direccion_grados": 182.0,
    "direccion_cardinal": "S",
    "hacia_grados": 2.0,
    "temperatura_c": 19.8,
    "humedad_pct": 60.0,
    "regla_30": false
   }
  },
  {
   "type": "Feature",
   "geometry": {
    "type": "Point",
    "coordinates": [
     -1.586878,
     37.417241
    ]
   },
   "properties": {
    "fuente": "AEMET",
    "id": "7002Y",
    "nombre": "ÁGUILAS",
    "lat": 37.417241,
    "lon": -1.586878,
    "fecha_utc": "2026-10-06T09:00:00+00:00",
    "velocidad_kmh": 4.7,
    "racha_kmh": 12.2,
    "direccion_grados": 284.0,
    "direccion_cardinal": "ONO",
    "hacia_grados": 104.0,
    "temperatura_c": 24.5,
    "humedad_pct": 64.0,
    "regla_30": false
   }
  },
  {
   "type": "Feature",
   "geometry": {
    "type": "Point",
    "coordinates": [
     -1.230556,
     37.588056
    ]
   },
   "properties": {
    "fuente": "AEMET",
    "id": "7007Y",
    "nombre": "MAZARRÓN/LAS TORRES",
    "lat": 37.588056,
    "lon": -1.230556,
    "fecha_utc": "2026-10-06T08:00:00+00:00",
    "velocidad_kmh": 2.9,
    "racha_kmh": 12.6,
    "direccion_grados": 197.0,
    "direccion_cardinal": "SSO",
    "hacia_grados": 17.0,
    "temperatura_c": 24.2,
    "humedad_pct": 65.0,
    "regla_30": false
   }
  },
  {
   "type": "Feature",
   "geometry": {
    "type": "Point",
    "coordinates": [
     -1.023333,
     37.604444
    ]
   },
   "properties": {
    "fuente": "AEMET",
    "id": "7012D",
    "nombre": "CARTAGENA - TENTEGORRA",
    "lat": 37.604444,
    "lon": -1.023333,
    "fecha_utc": "2026-10-06T09:00:00+00:00",
    "velocidad_kmh": 5.0,
    "racha_kmh": 9.7,
    "direccion_grados": 43.0,
    "direccion_cardinal": "NE",
    "hacia_grados": 223.0,
    "temperatura_c": 24.2,
    "humedad_pct": 64.0,
    "regla_30": false
   }
  },
  {
   "type": "Feature",
   "geometry": {
    "type": "Point",
    "coordinates": [
     -0.990278,
     37.601389
    ]
   },
   "properties": {
    "fuente": "AEMET",
    "id": "7012X",
    "nombre": "CARTAGENA",
    "lat": 37.601389,
    "lon": -0.990278,
    "fecha_utc": "2026-10-06T09:00:00+00:00",
    "velocidad_kmh": 6.1,
    "racha_kmh": 13.3,
    "direccion_grados": 60.0,
    "direccion_cardinal": "ENE",
    "hacia_grados": 240.0,
    "temperatura_c": 25.9,
    "humedad_pct": 63.0,
    "regla_30": false
   }
  },
  {
   "type": "Feature",
   "geometry": {
    "type": "Point",
    "coordinates": [
     -0.715556,
     37.635833
    ]
   },
   "properties": {
    "fuente": "AEMET",
    "id": "7019X",
    "nombre": "CARTAGENA/SALINAS CABO PALOS",
    "lat": 37.635833,
    "lon": -0.715556,
    "fecha_utc": "2026-10-06T08:00:00+00:00",
    "velocidad_kmh": 6.1,
    "racha_kmh": 19.1,
    "direccion_grados": 313.0,
    "direccion_cardinal": "NO",
    "hacia_grados": 133.0,
    "temperatura_c": 24.5,
    "humedad_pct": 85.0,
    "regla_30": false
   }
  },
  {
   "type": "Feature",
   "geometry": {
    "type": "Point",
    "coordinates": [
     -0.967505,
     37.738884
    ]
   },
   "properties": {
    "fuente": "AEMET",
    "id": "7026X",
    "nombre": "TORRE PACHECO (C.C.A. AUT.)",
    "lat": 37.738884,
    "lon": -0.967505,
    "fecha_utc": "2026-10-06T09:00:00+00:00",
    "velocidad_kmh": 2.2,
    "racha_kmh": 9.0,
    "direccion_grados": 282.0,
    "direccion_cardinal": "ONO",
    "hacia_grados": 102.0,
    "temperatura_c": 23.2,
    "humedad_pct": 69.0,
    "regla_30": false
   }
  },
  {
   "type": "Feature",
   "geometry": {
    "type": "Point",
    "coordinates": [
     -0.805916,
     37.778332
    ]
   },
   "properties": {
    "fuente": "AEMET",
    "id": "7031X",
    "nombre": "MURCIA/SAN JAVIER",
    "lat": 37.778332,
    "lon": -0.805916,
    "fecha_utc": "2026-10-06T09:00:00+00:00",
    "velocidad_kmh": 6.1,
    "racha_kmh": 13.0,
    "direccion_grados": 100.0,
    "direccion_cardinal": "E",
    "hacia_grados": 280.0,
    "temperatura_c": 24.6,
    "humedad_pct": 73.0,
    "regla_30": false
   }
  },
  {
   "type": "Feature",
   "geometry": {
    "type": "Point",
    "coordinates": [
     -1.70294,
     38.541991
    ]
   },
   "properties": {
    "fuente": "AEMET",
    "id": "7096B",
    "nombre": "HELLÍN",
    "lat": 38.541991,
    "lon": -1.70294,
    "fecha_utc": "2026-10-06T09:00:00+00:00",
    "velocidad_kmh": 7.6,
    "racha_kmh": 12.6,
    "direccion_grados": 41.0,
    "direccion_cardinal": "NE",
    "hacia_grados": 221.0,
    "temperatura_c": 17.7,
    "humedad_pct": 91.0,
    "regla_30": false
   }
  },
  {
   "type": "Feature",
   "geometry": {
    "type": "Point",
    "coordinates": [
     -1.877167,
     38.103131
    ]
   },
   "properties": {
    "fuente": "AEMET",
    "id": "7119B",
    "nombre": "CARAVACA FUENTES DEL MARQUÉS",
    "lat": 38.103131,
    "lon": -1.877167,
    "fecha_utc": "2026-10-06T09:00:00+00:00",
    "velocidad_kmh": 7.6,
    "racha_kmh": 13.3,
    "direccion_grados": 135.0,
    "direccion_cardinal": "SE",
    "hacia_grados": 315.0,
    "temperatura_c": 18.3,
    "humedad_pct": 79.0,
    "regla_30": false
   }
  },
  {
   "type": "Feature",
   "geometry": {
    "type": "Point",
    "coordinates": [
     -1.702227,
     38.234167
    ]
   },
   "properties": {
    "fuente": "AEMET",
    "id": "7121A",
    "nombre": "CALASPARRA",
    "lat": 38.234167,
    "lon": -1.702227,
    "fecha_utc": "2026-10-06T08:00:00+00:00",
    "velocidad_kmh": 8.3,
    "racha_kmh": 12.2,
    "direccion_grados": 300.0,
    "direccion_cardinal": "ONO",
    "hacia_grados": 120.0,
    "temperatura_c": 17.6,
    "humedad_pct": 91.0,
    "regla_30": false
   }
  },
  {
   "type": "Feature",
   "geometry": {
    "type": "Point",
    "coordinates": [
     -1.335282,
     38.458887
    ]
   },
   "properties": {
    "fuente": "AEMET",
    "id": "7138B",
    "nombre": "JUMILLA  EL ALBAL",
    "lat": 38.458887,
    "lon": -1.335282,
    "fecha_utc": "2026-10-06T08:00:00+00:00",
    "velocidad_kmh": 0.7,
    "racha_kmh": 9.0,
    "direccion_grados": 231.0,
    "direccion_cardinal": "SO",
    "hacia_grados": 51.0,
    "temperatura_c": 17.8,
    "humedad_pct": 95.0,
    "regla_30": false
   }
  },
  {
   "type": "Feature",
   "geometry": {
    "type": "Point",
    "coordinates": [
     -1.435,
     38.26
    ]
   },
   "properties": {
    "fuente": "AEMET",
    "id": "7145X",
    "nombre": "CIEZA",
    "lat": 38.26,
    "lon": -1.435,
    "fecha_utc": "2026-10-06T09:00:00+00:00",
    "velocidad_kmh": 7.6,
    "racha_kmh": 10.8,
    "direccion_grados": 256.0,
    "direccion_cardinal": "OSO",
    "hacia_grados": 76.0,
    "temperatura_c": 19.5,
    "humedad_pct": 95.0,
    "regla_30": false
   }
  },
  {
   "type": "Feature",
   "geometry": {
    "type": "Point",
    "coordinates": [
     -1.466111,
     38.052778
    ]
   },
   "properties": {
    "fuente": "AEMET",
    "id": "7168X",
    "nombre": "MULA EDAR",
    "lat": 38.052778,
    "lon": -1.466111,
    "fecha_utc": "2026-10-06T09:00:00+00:00",
    "velocidad_kmh": 11.5,
    "racha_kmh": 18.0,
    "direccion_grados": 224.0,
    "direccion_cardinal": "SO",
    "hacia_grados": 44.0,
    "temperatura_c": 18.8,
    "humedad_pct": 91.0,
    "regla_30": false
   }
  },
  {
   "type": "Feature",
   "geometry": {
    "type": "Point",
    "coordinates": [
     -1.170836,
     38.002004
    ]
   },
   "properties": {
    "fuente": "AEMET",
    "id": "7178I",
    "nombre": "MURCIA",
    "lat": 38.002004,
    "lon": -1.170836,
    "fecha_utc": "2026-10-06T09:00:00+00:00",
    "velocidad_kmh": 1.1,
    "racha_kmh": 10.8,
    "direccion_grados": 278.0,
    "direccion_cardinal": "O",
    "hacia_grados": 98.0,
    "temperatura_c": 20.8,
    "humedad_pct": 90.0,
    "regla_30": false
   }
  },
  {
   "type": "Feature",
   "geometry": {
    "type": "Point",
    "coordinates": [
     -1.869755,
     37.844698
    ]
   },
   "properties": {
    "fuente": "AEMET",
    "id": "7203A",
    "nombre": "ZARCILLA DE RAMOS",
    "lat": 37.844698,
    "lon": -1.869755,
    "fecha_utc": "2026-10-06T09:00:00+00:00",
    "velocidad_kmh": 4.0,
    "racha_kmh": 22.7,
    "direccion_grados": 269.0,
    "direccion_cardinal": "O",
    "hacia_grados": 89.0,
    "temperatura_c": 18.4,
    "humedad_pct": 81.0,
    "regla_30": false
   }
  },
  {
   "type": "Feature",
   "geometry": {
    "type": "Point",
    "coordinates": [
     -1.687314,
     37.656389
    ]
   },
   "properties": {
    "fuente": "AEMET",
    "id": "7209",
    "nombre": "LORCA",
    "lat": 37.656389,
    "lon": -1.687314,
    "fecha_utc": "2026-10-06T09:00:00+00:00",
    "velocidad_kmh": 6.8,
    "racha_kmh": 15.1,
    "direccion_grados": 311.0,
    "direccion_cardinal": "NO",
    "hacia_grados": 131.0,
    "temperatura_c": 21.5,
    "humedad_pct": 70.0,
    "regla_30": false
   }
  },
  {
   "type": "Feature",
   "geometry": {
    "type": "Point",
    "coordinates": [
     -1.5127,
     37.758556
    ]
   },
   "properties": {
    "fuente": "AEMET",
    "id": "7218Y",
    "nombre": "TOTANA",
    "lat": 37.758556,
    "lon": -1.5127,
    "fecha_utc": "2026-10-06T08:00:00+00:00",
    "velocidad_kmh": 10.8,
    "racha_kmh": 21.2,
    "direccion_grados": 267.0,
    "direccion_cardinal": "O",
    "hacia_grados": 87.0,
    "temperatura_c": 20.7,
    "humedad_pct": 70.0,
    "regla_30": false
   }
  },
  {
   "type": "Feature",
   "geometry": {
    "type": "Point",
    "coordinates": [
     -1.334725,
     37.86167
    ]
   },
   "properties": {
    "fuente": "AEMET",
    "id": "7227X",
    "nombre": "ALHAMA (COMARZA - AUT.)",
    "lat": 37.86167,
    "lon": -1.334725,
    "fecha_utc": "2026-10-06T08:00:00+00:00",
    "velocidad_kmh": 5.8,
    "racha_kmh": 27.7,
    "direccion_grados": 133.0,
    "direccion_cardinal": "SE",
    "hacia_grados": 313.0,
    "temperatura_c": 20.0,
    "humedad_pct": 85.0,
    "regla_30": false
   }
  },
  {
   "type": "Feature",
   "geometry": {
    "type": "Point",
    "coordinates": [
     -1.158615,
     38.13889
    ]
   },
   "properties": {
    "fuente": "AEMET",
    "id": "7237E",
    "nombre": "MOLINA DE SEGURA (LOS VALIENTES)",
    "lat": 38.13889,
    "lon": -1.158615,
    "fecha_utc": "2026-10-06T09:00:00+00:00",
    "velocidad_kmh": 3.2,
    "racha_kmh": 11.2,
    "direccion_grados": 99.0,
    "direccion_cardinal": "E",
    "hacia_grados": 279.0,
    "temperatura_c": 19.5,
    "humedad_pct": 97.0,
    "regla_30": false
   }
  },
  {
   "type": "Feature",
   "geometry": {
    "type": "Point",
    "coordinates": [
     -0.981414,
     38.067797
    ]
   },
   "properties": {
    "fuente": "AEMET",
    "id": "7244X",
    "nombre": "ORIHUELA DESAMPARADOS",
    "lat": 38.067797,
    "lon": -0.981414,
    "fecha_utc": "2026-10-06T08:00:00+00:00",
    "velocidad_kmh": 2.2,
    "racha_kmh": 13.0,
    "direccion_grados": 319.0,
    "direccion_cardinal": "NO",
    "hacia_grados": 139.0,
    "temperatura_c": 20.1,
    "humedad_pct": 93.0,
    "regla_30": false
   }
  },
  {
   "type": "Feature",
   "geometry": {
    "type": "Point",
    "coordinates": [
     -1.037968,
     38.399586
    ]
   },
   "properties": {
    "fuente": "AEMET",
    "id": "7247X",
    "nombre": "PINOSO",
    "lat": 38.399586,
    "lon": -1.037968,
    "fecha_utc": "2026-10-06T09:00:00+00:00",
    "velocidad_kmh": 2.5,
    "racha_kmh": 7.2,
    "direccion_grados": 35.0,
    "direccion_cardinal": "NE",
    "hacia_grados": 215.0,
    "temperatura_c": 18.8,
    "humedad_pct": 91.0,
    "regla_30": false
   }
  },
  {
   "type": "Feature",
   "geometry": {
    "type": "Point",
    "coordinates": [
     -0.715258,
     38.088036
    ]
   },
   "properties": {
    "fuente": "AEMET",
    "id": "7261X",
    "nombre": "ROJALES  EL MOLINO",
    "lat": 38.088036,
    "lon": -0.715258,
    "fecha_utc": "2026-10-06T08:00:00+00:00",
    "velocidad_kmh": 4.3,
    "racha_kmh": 15.5,
    "direccion_grados": 277.0,
    "direccion_cardinal": "O",
    "hacia_grados": 97.0,
    "temperatura_c": 20.8,
    "humedad_pct": 85.0,
    "regla_30": false
   }
  },
  {
   "type": "Feature",
   "geometry": {
    "type": "Point",
    "coordinates": [
     -1.159669,
     38.601796
    ]
   },
   "properties": {
    "fuente": "AEMET",
    "id": "7275C",
    "nombre": "YECLA",
    "lat": 38.601796,
    "lon": -1.159669,
    "fecha_utc": "2026-10-06T09:00:00+00:00",
    "velocidad_kmh": 2.5,
    "racha_kmh": 14.0,
    "direccion_grados": 114.0,
    "direccion_cardinal": "ESE",
    "hacia_grados": 294.0,
    "temperatura_c": 19.0,
    "humedad_pct": 81.0,
    "regla_30": false
   }
  },
  {
   "type": "Feature",
   "geometry": {
    "type": "Point",
    "coordinates": [
     -0.865595,
     38.576968
    ]
   },
   "properties": {
    "fuente": "AEMET",
    "id": "8008Y",
    "nombre": "VILLENA",
    "lat": 38.576968,
    "lon": -0.865595,
    "fecha_utc": "2026-10-06T08:00:00+00:00",
    "velocidad_kmh": 4.3,
    "racha_kmh": 14.4,
    "direccion_grados": 149.0,
    "direccion_cardinal": "SSE",
    "hacia_grados": 329.0,
    "temperatura_c": 18.7,
    "humedad_pct": 94.0,
    "regla_30": false
   }
  },
  {
   "type": "Feature",
   "geometry": {
    "type": "Point",
    "coordinates": [
     -0.57083,
     38.282778
    ]
   },
   "properties": {
    "fuente": "AEMET",
    "id": "8019",
    "nombre": "ALICANTE-ELCHE/AEROPUERTO",
    "lat": 38.282778,
    "lon": -0.57083,
    "fecha_utc": "2026-10-06T09:00:00+00:00",
    "velocidad_kmh": 5.0,
    "racha_kmh": 14.8,
    "direccion_grados": 20.0,
    "direccion_cardinal": "NNE",
    "hacia_grados": 200.0,
    "temperatura_c": 22.5,
    "humedad_pct": 84.0,
    "regla_30": false
   }
  },
  {
   "type": "Feature",
   "geometry": {
    "type": "Point",
    "coordinates": [
     -0.494167,
     38.3725
    ]
   },
   "properties": {
    "fuente": "AEMET",
    "id": "8025",
    "nombre": "ALICANTE",
    "lat": 38.3725,
    "lon": -0.494167,
    "fecha_utc": "2026-10-06T09:00:00+00:00",
    "velocidad_kmh": 4.3,
    "racha_kmh": 8.6,
    "direccion_grados": 358.0,
    "direccion_cardinal": "N",
    "hacia_grados": 178.0,
    "temperatura_c": null,
    "humedad_pct": null,
    "regla_30": null
   }
  },
  {
   "type": "Feature",
   "geometry": {
    "type": "Point",
    "coordinates": [
     -0.137786,
     38.543655
    ]
   },
   "properties": {
    "fuente": "AEMET",
    "id": "8036Y",
    "nombre": "BENIDORM (PARC LES FOIETES)",
    "lat": 38.543655,
    "lon": -0.137786,
    "fecha_utc": "2026-10-06T08:00:00+00:00",
    "velocidad_kmh": 4.7,
    "racha_kmh": 10.8,
    "direccion_grados": 269.0,
    "direccion_cardinal": "O",
    "hacia_grados": 89.0,
    "temperatura_c": 22.1,
    "humedad_pct": 75.0,
    "regla_30": false
   }
  },
  {
   "type": "Feature",
   "geometry": {
    "type": "Point",
    "coordinates": [
     0.166667,
     38.784167
    ]
   },
   "properties": {
    "fuente": "AEMET",
    "id": "8050X",
    "nombre": "JÁVEA  AYUNTAMIENTO",
    "lat": 38.784167,
    "lon": 0.166667,
    "fecha_utc": "2026-10-06T09:00:00+00:00",
    "velocidad_kmh": 5.0,
    "racha_kmh": 16.9,
    "direccion_grados": 224.0,
    "direccion_cardinal": "SO",
    "hacia_grados": 44.0,
    "temperatura_c": 21.5,
    "humedad_pct": 99.0,
    "regla_30": false
   }
  },
  {
   "type": "Feature",
   "geometry": {
    "type": "Point",
    "coordinates": [
     -0.118261,
     38.846738
    ]
   },
   "properties": {
    "fuente": "AEMET",
    "id": "8057C",
    "nombre": "PEGO",
    "lat": 38.846738,
    "lon": -0.118261,
    "fecha_utc": "2026-10-06T07:00:00+00:00",
    "velocidad_kmh": 5.0,
    "racha_kmh": 10.8,
    "direccion_grados": 252.0,
    "direccion_cardinal": "OSO",
    "hacia_grados": 72.0,
    "temperatura_c": 21.3,
    "humedad_pct": 92.0,
    "regla_30": false
   }
  },
  {
   "type": "Feature",
   "geometry": {
    "type": "Point",
    "coordinates": [
     -0.065,
     38.904444
    ]
   },
   "properties": {
    "fuente": "AEMET",
    "id": "8058X",
    "nombre": "OLIVA",
    "lat": 38.904444,
    "lon": -0.065,
    "fecha_utc": "2026-10-06T09:00:00+00:00",
    "velocidad_kmh": 4.3,
    "racha_kmh": 9.7,
    "direccion_grados": 285.0,
    "direccion_cardinal": "ONO",
    "hacia_grados": 105.0,
    "temperatura_c": 22.5,
    "humedad_pct": 91.0,
    "regla_30": false
   }
  },
  {
   "type": "Feature",
   "geometry": {
    "type": "Point",
    "coordinates": [
     -0.137697,
     38.950299
    ]
   },
   "properties": {
    "fuente": "AEMET",
    "id": "8058Y",
    "nombre": "MIRAMAR",
    "lat": 38.950299,
    "lon": -0.137697,
    "fecha_utc": "2026-10-06T09:00:00+00:00",
    "velocidad_kmh": 1.1,
    "racha_kmh": 12.2,
    "direccion_grados": 309.0,
    "direccion_cardinal": "NO",
    "hacia_grados": 129.0,
    "temperatura_c": 22.8,
    "humedad_pct": 91.0,
    "regla_30": false
   }
  },
  {
   "type": "Feature",
   "geometry": {
    "type": "Point",
    "coordinates": [
     -0.460071,
     38.710917
    ]
   },
   "properties": {
    "fuente": "AEMET",
    "id": "8059C",
    "nombre": "ALCOY",
    "lat": 38.710917,
    "lon": -0.460071,
    "fecha_utc": "2026-10-06T09:00:00+00:00",
    "velocidad_kmh": 11.2,
    "racha_kmh": 27.0,
    "direccion_grados": 253.0,
    "direccion_cardinal": "OSO",
    "hacia_grados": 73.0,
    "temperatura_c": 21.0,
    "humedad_pct": 63.0,
    "regla_30": false
   }
  },
  {
   "type": "Feature",
   "geometry": {
    "type": "Point",
    "coordinates": [
     -0.304725,
     39.016938
    ]
   },
   "properties": {
    "fuente": "AEMET",
    "id": "8072Y",
    "nombre": "BARX",
    "lat": 39.016938,
    "lon": -0.304725,
    "fecha_utc": "2026-10-06T08:00:00+00:00",
    "velocidad_kmh": 1.1,
    "racha_kmh": 21.2,
    "direccion_grados": 197.0,
    "direccion_cardinal": "SSO",
    "hacia_grados": 17.0,
    "temperatura_c": 21.1,
    "humedad_pct": 89.0,
    "regla_30": false
   }
  },
  {
   "type": "Feature",
   "geometry": {
    "type": "Point",
    "coordinates": [
     -2.131944,
     40.067222
    ]
   },
   "properties": {
    "fuente": "AEMET",
    "id": "8096",
    "nombre": "CUENCA",
    "lat": 40.067222,
    "lon": -2.131944,
    "fecha_utc": "2026-10-06T09:00:00+00:00",
    "velocidad_kmh": 8.6,
    "racha_kmh": 19.1,
    "direccion_grados": 152.0,
    "direccion_cardinal": "SSE",
    "hacia_grados": 332.0,
    "temperatura_c": 16.5,
    "humedad_pct": 82.0,
    "regla_30": false
   }
  },
  {
   "type": "Feature",
   "geometry": {
    "type": "Point",
    "coordinates": [
     -1.915278,
     39.555278
    ]
   },
   "properties": {
    "fuente": "AEMET",
    "id": "8155Y",
    "nombre": "MOTILLA DEL PALANCAR",
    "lat": 39.555278,
    "lon": -1.915278,
    "fecha_utc": "2026-10-06T07:00:00+00:00",
    "velocidad_kmh": 0.0,
    "racha_kmh": 11.2,
    "direccion_grados": 203.0,
    "direccion_cardinal": "SSO",
    "hacia_grados": 23.0,
    "temperatura_c": 14.3,
    "humedad_pct": 95.0,
    "regla_30": false
   }
  },
  {
   "type": "Feature",
   "geometry": {
    "type": "Point",
    "coordinates": [
     -1.856389,
     38.954167
    ]
   },
   "properties": {
    "fuente": "AEMET",
    "id": "8175",
    "nombre": "ALBACETE/LOS LLANOS",
    "lat": 38.954167,
    "lon": -1.856389,
    "fecha_utc": "2026-10-06T09:00:00+00:00",
    "velocidad_kmh": 5.0,
    "racha_kmh": 17.3,
    "direccion_grados": 190.0,
    "direccion_cardinal": "S",
    "hacia_grados": 10.0,
    "temperatura_c": 17.3,
    "humedad_pct": 88.0,
    "regla_30": false
   }
  },
  {
   "type": "Feature",
   "geometry": {
    "type": "Point",
    "coordinates": [
     -1.658812,
     38.937599
    ]
   },
   "properties": {
    "fuente": "AEMET",
    "id": "8177A",
    "nombre": "CHINCHILLA/CENAD",
    "lat": 38.937599,
    "lon": -1.658812,
    "fecha_utc": "2026-10-06T09:00:00+00:00",
    "velocidad_kmh": 3.6,
    "racha_kmh": 16.6,
    "direccion_grados": 131.0,
    "direccion_cardinal": "SE",
    "hacia_grados": 311.0,
    "temperatura_c": 16.5,
    "humedad_pct": 88.0,
    "regla_30": false
   }
  },
  {
   "type": "Feature",
   "geometry": {
    "type": "Point",
    "coordinates": [
     -1.862335,
     39.005577
    ]
   },
   "properties": {
    "fuente": "AEMET",
    "id": "8178D",
    "nombre": "ALBACETE OBS.",
    "lat": 39.005577,
    "lon": -1.862335,
    "fecha_utc": "2026-10-06T09:00:00+00:00",
    "velocidad_kmh": 2.2,
    "racha_kmh": 11.9,
    "direccion_grados": 225.0,
    "direccion_cardinal": "SO",
    "hacia_grados": 45.0,
    "temperatura_c": 17.6,
    "humedad_pct": 86.0,
    "regla_30": false
   }
  },
  {
   "type": "Feature",
   "geometry": {
    "type": "Point",
    "coordinates": [
     -1.435505,
     39.198747
    ]
   },
   "properties": {
    "fuente": "AEMET",
    "id": "8191Y",
    "nombre": "LAS ERAS",
    "lat": 39.198747,
    "lon": -1.435505,
    "fecha_utc": "2026-10-06T06:00:00+00:00",
    "velocidad_kmh": 0.0,
    "racha_kmh": 6.1,
    "direccion_grados": 56.0,
    "direccion_cardinal": "NE",
    "hacia_grados": 236.0,
    "temperatura_c": 15.9,
    "humedad_pct": 89.0,
    "regla_30": false
   }
  },
  {
   "type": "Feature",
   "geometry": {
    "type": "Point",
    "coordinates": [
     -1.094403,
     39.208415
    ]
   },
   "properties": {
    "fuente": "AEMET",
    "id": "8193E",
    "nombre": "JALANCE",
    "lat": 39.208415,
    "lon": -1.094403,
    "fecha_utc": "2026-10-06T08:00:00+00:00",
    "velocidad_kmh": 0.7,
    "racha_kmh": 12.2,
    "direccion_grados": 336.0,
    "direccion_cardinal": "NNO",
    "hacia_grados": 156.0,
    "temperatura_c": 17.3,
    "humedad_pct": 91.0,
    "regla_30": false
   }
  },
  {
   "type": "Feature",
   "geometry": {
    "type": "Point",
    "coordinates": [
     -1.063051,
     38.850552
    ]
   },
   "properties": {
    "fuente": "AEMET",
    "id": "8198Y",
    "nombre": "ALMANSA",
    "lat": 38.850552,
    "lon": -1.063051,
    "fecha_utc": "2026-10-06T07:00:00+00:00",
    "velocidad_kmh": 0.7,
    "racha_kmh": 5.8,
    "direccion_grados": 263.0,
    "direccion_cardinal": "O",
    "hacia_grados": 83.0,
    "temperatura_c": 16.3,
    "humedad_pct": 93.0,
    "regla_30": false
   }
  },
  {
   "type": "Feature",
   "geometry": {
    "type": "Point",
    "coordinates": [
     -1.101111,
     39.083056
    ]
   },
   "properties": {
    "fuente": "AEMET",
    "id": "8203O",
    "nombre": "EVC_ZARRA",
    "lat": 39.083056,
    "lon": -1.101111,
    "fecha_utc": "2026-10-06T09:00:00+00:00",
    "velocidad_kmh": 23.4,
    "racha_kmh": 33.8,
    "direccion_grados": 232.0,
    "direccion_cardinal": "SO",
    "hacia_grados": 52.0,
    "temperatura_c": 17.6,
    "humedad_pct": 77.0,
    "regla_30": false
   }
  },
  {
   "type": "Feature",
   "geometry": {
    "type": "Point",
    "coordinates": [
     -1.503605,
     40.103096
    ]
   },
   "properties": {
    "fuente": "AEMET",
    "id": "8210Y",
    "nombre": "SALVACAÑETE",
    "lat": 40.103096,
    "lon": -1.503605,
    "fecha_utc": "2026-10-06T09:00:00+00:00",
    "velocidad_kmh": 3.2,
    "racha_kmh": 6.8,
    "direccion_grados": 278.0,
    "direccion_cardinal": "O",
    "hacia_grados": 98.0,
    "temperatura_c": 14.9,
    "humedad_pct": 90.0,
    "regla_30": false
   }
  },
  {
   "type": "Feature",
   "geometry": {
    "type": "Point",
    "coordinates": [
     -0.79,
     39.133611
    ]
   },
   "properties": {
    "fuente": "AEMET",
    "id": "8270X",
    "nombre": "BICORP",
    "lat": 39.133611,
    "lon": -0.79,
    "fecha_utc": "2026-10-06T06:00:00+00:00",
    "velocidad_kmh": 2.5,
    "racha_kmh": 10.8,
    "direccion_grados": 280.0,
    "direccion_cardinal": "O",
    "hacia_grados": 100.0,
    "temperatura_c": 18.3,
    "humedad_pct": 92.0,
    "regla_30": false
   }
  },
  {
   "type": "Feature",
   "geometry": {
    "type": "Point",
    "coordinates": [
     -0.607676,
     38.829441
    ]
   },
   "properties": {
    "fuente": "AEMET",
    "id": "8283X",
    "nombre": "ONTINYENT",
    "lat": 38.829441,
    "lon": -0.607676,
    "fecha_utc": "2026-10-05T23:00:00+00:00",
    "velocidad_kmh": 2.9,
    "racha_kmh": 6.5,
    "direccion_grados": 73.0,
    "direccion_cardinal": "ENE",
    "hacia_grados": 253.0,
    "temperatura_c": 20.3,
    "humedad_pct": 97.0,
    "regla_30": false
   }
  },
  {
   "type": "Feature",
   "geometry": {
    "type": "Point",
    "coordinates": [
     -0.523056,
     39.001667
    ]
   },
   "properties": {
    "fuente": "AEMET",
    "id": "8293X",
    "nombre": "XÁTIVA",
    "lat": 39.001667,
    "lon": -0.523056,
    "fecha_utc": "2026-10-06T09:00:00+00:00",
    "velocidad_kmh": 0.7,
    "racha_kmh": 4.7,
    "direccion_grados": 98.0,
    "direccion_cardinal": "E",
    "hacia_grados": 278.0,
    "temperatura_c": 22.0,
    "humedad_pct": 86.0,
    "regla_30": false
   }
  },
  {
   "type": "Feature",
   "geometry": {
    "type": "Point",
    "coordinates": [
     -0.445908,
     39.113382
    ]
   },
   "properties": {
    "fuente": "AEMET",
    "id": "8300X",
    "nombre": "CARCAIXENT",
    "lat": 39.113382,
    "lon": -0.445908,
    "fecha_utc": "2026-10-06T05:00:00+00:00",
    "velocidad_kmh": 3.2,
    "racha_kmh": 9.0,
    "direccion_grados": 183.0,
    "direccion_cardinal": "S",
    "hacia_grados": 3.0,
    "temperatura_c": 20.7,
    "humedad_pct": 98.0,
    "regla_30": false
   }
  },
  {
   "type": "Feature",
   "geometry": {
    "type": "Point",
    "coordinates": [
     -0.371389,
     39.183889
    ]
   },
   "properties": {
    "fuente": "AEMET",
    "id": "8325X",
    "nombre": "POLINYA",
    "lat": 39.183889,
    "lon": -0.371389,
    "fecha_utc": "2026-10-06T09:00:00+00:00",
    "velocidad_kmh": 5.4,
    "racha_kmh": 9.0,
    "direccion_grados": 274.0,
    "direccion_cardinal": "O",
    "hacia_grados": 94.0,
    "temperatura_c": 23.1,
    "humedad_pct": 92.0,
    "regla_30": false
   }
  },
  {
   "type": "Feature",
   "geometry": {
    "type": "Point",
    "coordinates": [
     -0.355833,
     39.311944
    ]
   },
   "properties": {
    "fuente": "AEMET",
    "id": "8328X",
    "nombre": "SOLLANA",
    "lat": 39.311944,
    "lon": -0.355833,
    "fecha_utc": "2026-10-06T09:00:00+00:00",
    "velocidad_kmh": 4.3,
    "racha_kmh": 6.8,
    "direccion_grados": 300.0,
    "direccion_cardinal": "ONO",
    "hacia_grados": 120.0,
    "temperatura_c": 23.9,
    "humedad_pct": 85.0,
    "regla_30": false
   }
  },
  {
   "type": "Feature",
   "geometry": {
    "type": "Point",
    "coordinates": [
     -1.44139,
     40.41972
    ]
   },
   "properties": {
    "fuente": "AEMET",
    "id": "8354X",
    "nombre": "ALBARRACÍN",
    "lat": 40.41972,
    "lon": -1.44139,
    "fecha_utc": "2026-10-06T09:00:00+00:00",
    "velocidad_kmh": 4.3,
    "racha_kmh": 10.1,
    "direccion_grados": 122.0,
    "direccion_cardinal": "ESE",
    "hacia_grados": 302.0,
    "temperatura_c": 17.5,
    "humedad_pct": 78.0,
    "regla_30": false
   }
  },
  {
   "type": "Feature",
   "geometry": {
    "type": "Point",
    "coordinates": [
     -1.124132,
     40.350714
    ]
   },
   "properties": {
    "fuente": "AEMET",
    "id": "8368U",
    "nombre": "TERUEL",
    "lat": 40.350714,
    "lon": -1.124132,
    "fecha_utc": "2026-10-06T09:00:00+00:00",
    "velocidad_kmh": 1.1,
    "racha_kmh": 6.8,
    "direccion_grados": 104.0,
    "direccion_cardinal": "ESE",
    "hacia_grados": 284.0,
    "temperatura_c": 18.0,
    "humedad_pct": 79.0,
    "regla_30": false
   }
  },
  {
   "type": "Feature",
   "geometry": {
    "type": "Point",
    "coordinates": [
     -1.411672,
     40.236114
    ]
   },
   "properties": {
    "fuente": "AEMET",
    "id": "8376",
    "nombre": "JABALOYAS  DEPÓSITO",
    "lat": 40.236114,
    "lon": -1.411672,
    "fecha_utc": "2026-10-06T09:00:00+00:00",
    "velocidad_kmh": 11.9,
    "racha_kmh": 34.2,
    "direccion_grados": 220.0,
    "direccion_cardinal": "SO",
    "hacia_grados": 40.0,
    "temperatura_c": 15.3,
    "humedad_pct": 74.0,
    "regla_30": false
   }
  },
  {
   "type": "Feature",
   "geometry": {
    "type": "Point",
    "coordinates": [
     -0.993611,
     39.753331
    ]
   },
   "properties": {
    "fuente": "AEMET",
    "id": "8395X",
    "nombre": "CHELVA",
    "lat": 39.753331,
    "lon": -0.993611,
    "fecha_utc": "2026-10-06T09:00:00+00:00",
    "velocidad_kmh": 1.4,
    "racha_kmh": 9.0,
    "direccion_grados": 168.0,
    "direccion_cardinal": "SSE",
    "hacia_grados": 348.0,
    "temperatura_c": 19.4,
    "humedad_pct": 85.0,
    "regla_30": false
   }
  },
  {
   "type": "Feature",
   "geometry": {
    "type": "Point",
    "coordinates": [
     -0.653993,
     39.664008
    ]
   },
   "properties": {
    "fuente": "AEMET",
    "id": "8409X",
    "nombre": "LLIRIA",
    "lat": 39.664008,
    "lon": -0.653993,
    "fecha_utc": "2026-10-06T09:00:00+00:00",
    "velocidad_kmh": 3.6,
    "racha_kmh": 6.8,
    "direccion_grados": 29.0,
    "direccion_cardinal": "NNE",
    "hacia_grados": 209.0,
    "temperatura_c": 20.7,
    "humedad_pct": 84.0,
    "regla_30": false
   }
  },
  {
   "type": "Feature",
   "geometry": {
    "type": "Point",
    "coordinates": [
     -0.474677,
     39.485015
    ]
   },
   "properties": {
    "fuente": "AEMET",
    "id": "8414A",
    "nombre": "VALENCIA/AEROPUERTO",
    "lat": 39.485015,
    "lon": -0.474677,
    "fecha_utc": "2026-10-06T09:00:00+00:00",
    "velocidad_kmh": 5.4,
    "racha_kmh": 11.2,
    "direccion_grados": 170.0,
    "direccion_cardinal": "S",
    "hacia_grados": 350.0,
    "temperatura_c": 22.9,
    "humedad_pct": 76.0,
    "regla_30": false
   }
  },
  {
   "type": "Feature",
   "geometry": {
    "type": "Point",
    "coordinates": [
     -0.366389,
     39.480556
    ]
   },
   "properties": {
    "fuente": "AEMET",
    "id": "8416",
    "nombre": "VALENCIA DT",
    "lat": 39.480556,
    "lon": -0.366389,
    "fecha_utc": "2026-10-06T09:00:00+00:00",
    "velocidad_kmh": 6.8,
    "racha_kmh": 14.8,
    "direccion_grados": 236.0,
    "direccion_cardinal": "SO",
    "hacia_grados": 56.0,
    "temperatura_c": 23.8,
    "humedad_pct": 76.0,
    "regla_30": false
   }
  },
  {
   "type": "Feature",
   "geometry": {
    "type": "Point",
    "coordinates": [
     -0.703056,
     39.911389
    ]
   },
   "properties": {
    "fuente": "AEMET",
    "id": "8433X",
    "nombre": "BEJÍS",
    "lat": 39.911389,
    "lon": -0.703056,
    "fecha_utc": "2026-10-06T08:00:00+00:00",
    "velocidad_kmh": 2.9,
    "racha_kmh": 5.8,
    "direccion_grados": 171.0,
    "direccion_cardinal": "S",
    "hacia_grados": 351.0,
    "temperatura_c": 19.7,
    "humedad_pct": 74.0,
    "regla_30": false
   }
  },
  {
   "type": "Feature",
   "geometry": {
    "type": "Point",
    "coordinates": [
     -0.485282,
     39.795551
    ]
   },
   "properties": {
    "fuente": "AEMET",
    "id": "8439X",
    "nombre": "SEGORBE  MASIA HOYA",
    "lat": 39.795551,
    "lon": -0.485282,
    "fecha_utc": "2026-10-06T09:00:00+00:00",
    "velocidad_kmh": 1.8,
    "racha_kmh": 10.4,
    "direccion_grados": 97.0,
    "direccion_cardinal": "E",
    "hacia_grados": 277.0,
    "temperatura_c": 21.2,
    "humedad_pct": 77.0,
    "regla_30": false
   }
  },
  {
   "type": "Feature",
   "geometry": {
    "type": "Point",
    "coordinates": [
     -0.849428,
     40.430517
    ]
   },
   "properties": {
    "fuente": "AEMET",
    "id": "8458X",
    "nombre": "CEDRILLAS  ANTENAS",
    "lat": 40.430517,
    "lon": -0.849428,
    "fecha_utc": "2026-10-06T09:00:00+00:00",
    "velocidad_kmh": 13.0,
    "racha_kmh": 22.7,
    "direccion_grados": 212.0,
    "direccion_cardinal": "SSO",
    "hacia_grados": 32.0,
    "temperatura_c": 15.3,
    "humedad_pct": 77.0,
    "regla_30": false
   }
  },
  {
   "type": "Feature",
   "geometry": {
    "type": "Point",
    "coordinates": [
     -0.54685,
     40.087706
    ]
   },
   "properties": {
    "fuente": "AEMET",
    "id": "8472A",
    "nombre": "ARENOS-PANTANO",
    "lat": 40.087706,
    "lon": -0.54685,
    "fecha_utc": "2026-10-06T06:00:00+00:00",
    "velocidad_kmh": 6.5,
    "racha_kmh": 10.1,
    "direccion_grados": 307.0,
    "direccion_cardinal": "NO",
    "hacia_grados": 127.0,
    "temperatura_c": 17.0,
    "humedad_pct": 96.0,
    "regla_30": false
   }
  },
  {
   "type": "Feature",
   "geometry": {
    "type": "Point",
    "coordinates": [
     -0.454339,
     40.362515
    ]
   },
   "properties": {
    "fuente": "AEMET",
    "id": "8486X",
    "nombre": "MOSQUERUELA  DEPÓSITO",
    "lat": 40.362515,
    "lon": -0.454339,
    "fecha_utc": "2026-10-06T09:00:00+00:00",
    "velocidad_kmh": 11.2,
    "racha_kmh": 20.5,
    "direccion_grados": 185.0,
    "direccion_cardinal": "S",
    "hacia_grados": 5.0,
    "temperatura_c": 15.2,
    "humedad_pct": 80.0,
    "regla_30": false
   }
  },
  {
   "type": "Feature",
   "geometry": {
    "type": "Point",
    "coordinates": [
     -0.255675,
     40.433217
    ]
   },
   "properties": {
    "fuente": "AEMET",
    "id": "8489X",
    "nombre": "VILLAFRANCA",
    "lat": 40.433217,
    "lon": -0.255675,
    "fecha_utc": "2026-10-06T09:00:00+00:00",
    "velocidad_kmh": 8.3,
    "racha_kmh": 14.0,
    "direccion_grados": 127.0,
    "direccion_cardinal": "SE",
    "hacia_grados": 307.0,
    "temperatura_c": 17.6,
    "humedad_pct": 78.0,
    "regla_30": false
   }
  },
  {
   "type": "Feature",
   "geometry": {
    "type": "Point",
    "coordinates": [
     -0.169683,
     40.227141
    ]
   },
   "properties": {
    "fuente": "AEMET",
    "id": "8492X",
    "nombre": "ATZENETA DEL MAESTRAT",
    "lat": 40.227141,
    "lon": -0.169683,
    "fecha_utc": "2026-10-06T06:00:00+00:00",
    "velocidad_kmh": 0.0,
    "racha_kmh": 2.9,
    "direccion_grados": 76.0,
    "direccion_cardinal": "ENE",
    "hacia_grados": 256.0,
    "temperatura_c": 17.9,
    "humedad_pct": 96.0,
    "regla_30": false
   }
  },
  {
   "type": "Feature",
   "geometry": {
    "type": "Point",
    "coordinates": [
     -0.071967,
     39.95728
    ]
   },
   "properties": {
    "fuente": "AEMET",
    "id": "8500A",
    "nombre": "CASTELLÓN-ALMASSORA",
    "lat": 39.95728,
    "lon": -0.071967,
    "fecha_utc": "2026-10-06T09:00:00+00:00",
    "velocidad_kmh": 6.8,
    "racha_kmh": 13.7,
    "direccion_grados": 170.0,
    "direccion_cardinal": "S",
    "hacia_grados": 350.0,
    "temperatura_c": 24.0,
    "humedad_pct": 78.0,
    "regla_30": false
   }
  },
  {
   "type": "Feature",
   "geometry": {
    "type": "Point",
    "coordinates": [
     0.18354,
     40.2113
    ]
   },
   "properties": {
    "fuente": "AEMET",
    "id": "8503Y",
    "nombre": "TORREBLANCA AYUNTAMIENTO (C.AGRARIA LOCAL)",
    "lat": 40.2113,
    "lon": 0.18354,
    "fecha_utc": "2026-10-06T08:00:00+00:00",
    "velocidad_kmh": 4.0,
    "racha_kmh": 16.9,
    "direccion_grados": 332.0,
    "direccion_cardinal": "NNO",
    "hacia_grados": 152.0,
    "temperatura_c": 22.9,
    "humedad_pct": 82.0,
    "regla_30": false
   }
  },
  {
   "type": "Feature",
   "geometry": {
    "type": "Point",
    "coordinates": [
     0.437222,
     40.541667
    ]
   },
   "properties": {
    "fuente": "AEMET",
    "id": "8518X",
    "nombre": "VINARÒS-VIVEROS ALCANAR",
    "lat": 40.541667,
    "lon": 0.437222,
    "fecha_utc": "2026-10-06T09:00:00+00:00",
    "velocidad_kmh": 4.0,
    "racha_kmh": 8.6,
    "direccion_grados": 244.0,
    "direccion_cardinal": "OSO",
    "hacia_grados": 64.0,
    "temperatura_c": 23.8,
    "humedad_pct": 83.0,
    "regla_30": false
   }
  },
  {
   "type": "Feature",
   "geometry": {
    "type": "Point",
    "coordinates": [
     0.165221,
     40.693717
    ]
   },
   "properties": {
    "fuente": "AEMET",
    "id": "8520X",
    "nombre": "FREDES",
    "lat": 40.693717,
    "lon": 0.165221,
    "fecha_utc": "2026-10-06T07:00:00+00:00",
    "velocidad_kmh": 5.4,
    "racha_kmh": 11.5,
    "direccion_grados": 179.0,
    "direccion_cardinal": "S",
    "hacia_grados": 359.0,
    "temperatura_c": 14.2,
    "humedad_pct": 98.0,
    "regla_30": false
   }
  },
  {
   "type": "Feature",
   "geometry": {
    "type": "Point",
    "coordinates": [
     -4.160594,
     42.991884
    ]
   },
   "properties": {
    "fuente": "AEMET",
    "id": "9001D",
    "nombre": "NESTARES",
    "lat": 42.991884,
    "lon": -4.160594,
    "fecha_utc": "2026-10-06T09:00:00+00:00",
    "velocidad_kmh": 18.4,
    "racha_kmh": 28.1,
    "direccion_grados": 171.0,
    "direccion_cardinal": "S",
    "hacia_grados": 351.0,
    "temperatura_c": 16.7,
    "humedad_pct": 71.0,
    "regla_30": false
   }
  },
  {
   "type": "Feature",
   "geometry": {
    "type": "Point",
    "coordinates": [
     -4.374447,
     43.036665
    ]
   },
   "properties": {
    "fuente": "AEMET",
    "id": "9001S",
    "nombre": "Alto Campoo",
    "lat": 43.036665,
    "lon": -4.374447,
    "fecha_utc": "2026-10-06T09:00:00+00:00",
    "velocidad_kmh": 16.2,
    "racha_kmh": 27.7,
    "direccion_grados": 235.0,
    "direccion_cardinal": "SO",
    "hacia_grados": 55.0,
    "temperatura_c": 13.1,
    "humedad_pct": 67.0,
    "regla_30": false
   }
  },
  {
   "type": "Feature",
   "geometry": {
    "type": "Point",
    "coordinates": [
     -4.032219,
     42.809724
    ]
   },
   "properties": {
    "fuente": "AEMET",
    "id": "9016X",
    "nombre": "CUBILLO DE EBRO",
    "lat": 42.809724,
    "lon": -4.032219,
    "fecha_utc": "2026-10-06T09:00:00+00:00",
    "velocidad_kmh": 10.8,
    "racha_kmh": 22.3,
    "direccion_grados": 232.0,
    "direccion_cardinal": "SO",
    "hacia_grados": 52.0,
    "temperatura_c": 18.0,
    "humedad_pct": 70.0,
    "regla_30": false
   }
  },
  {
   "type": "Feature",
   "geometry": {
    "type": "Point",
    "coordinates": [
     -3.945556,
     42.805556
    ]
   },
   "properties": {
    "fuente": "AEMET",
    "id": "9019X",
    "nombre": "POLIENTES (VALDERREDIBLE)",
    "lat": 42.805556,
    "lon": -3.945556,
    "fecha_utc": "2026-10-06T09:00:00+00:00",
    "velocidad_kmh": 10.4,
    "racha_kmh": 22.0,
    "direccion_grados": 160.0,
    "direccion_cardinal": "SSE",
    "hacia_grados": 340.0,
    "temperatura_c": 16.4,
    "humedad_pct": 76.0,
    "regla_30": false
   }
  },
  {
   "type": "Feature",
   "geometry": {
    "type": "Point",
    "coordinates": [
     -3.30879,
     42.559526
    ]
   },
   "properties": {
    "fuente": "AEMET",
    "id": "9031C",
    "nombre": "BRIVIESCA",
    "lat": 42.559526,
    "lon": -3.30879,
    "fecha_utc": "2026-10-06T07:00:00+00:00",
    "velocidad_kmh": 1.1,
    "racha_kmh": 7.6,
    "direccion_grados": 183.0,
    "direccion_cardinal": "S",
    "hacia_grados": 3.0,
    "temperatura_c": 14.6,
    "humedad_pct": 94.0,
    "regla_30": false
   }
  },
  {
   "type": "Feature",
   "geometry": {
    "type": "Point",
    "coordinates": [
     -3.482685,
     42.919901
    ]
   },
   "properties": {
    "fuente": "AEMET",
    "id": "9051",
    "nombre": "MEDINA DE POMAR",
    "lat": 42.919901,
    "lon": -3.482685,
    "fecha_utc": "2026-10-06T09:00:00+00:00",
    "velocidad_kmh": 10.1,
    "racha_kmh": 21.6,
    "direccion_grados": 213.0,
    "direccion_cardinal": "SSO",
    "hacia_grados": 33.0,
    "temperatura_c": 19.0,
    "humedad_pct": 63.0,
    "regla_30": false
   }
  },
  {
   "type": "Feature",
   "geometry": {
    "type": "Point",
    "coordinates": [
     -3.231729,
     42.875217
    ]
   },
   "properties": {
    "fuente": "AEMET",
    "id": "9060X",
    "nombre": "LALASTRA",
    "lat": 42.875217,
    "lon": -3.231729,
    "fecha_utc": "2026-10-06T09:00:00+00:00",
    "velocidad_kmh": 12.2,
    "racha_kmh": 34.2,
    "direccion_grados": 273.0,
    "direccion_cardinal": "O",
    "hacia_grados": 93.0,
    "temperatura_c": 15.4,
    "humedad_pct": 81.0,
    "regla_30": false
   }
  },
  {
   "type": "Feature",
   "geometry": {
    "type": "Point",
    "coordinates": [
     -2.960608,
     42.687159
    ]
   },
   "properties": {
    "fuente": "AEMET",
    "id": "9069C",
    "nombre": "MIRANDA DE EBRO",
    "lat": 42.687159,
    "lon": -2.960608,
    "fecha_utc": "2026-10-06T08:00:00+00:00",
    "velocidad_kmh": 3.6,
    "racha_kmh": 11.5,
    "direccion_grados": 211.0,
    "direccion_cardinal": "SSO",
    "hacia_grados": 31.0,
    "temperatura_c": 18.4,
    "humedad_pct": 77.0,
    "regla_30": false
   }
  },
  {
   "type": "Feature",
   "geometry": {
    "type": "Point",
    "coordinates": [
     -2.359745,
     42.829832
    ]
   },
   "properties": {
    "fuente": "AEMET",
    "id": "9073X",
    "nombre": "AGURAIN/SALVATIERRA  OPAKUA",
    "lat": 42.829832,
    "lon": -2.359745,
    "fecha_utc": "2026-10-06T09:00:00+00:00",
    "velocidad_kmh": 11.9,
    "racha_kmh": 30.2,
    "direccion_grados": 160.0,
    "direccion_cardinal": "SSE",
    "hacia_grados": 340.0,
    "temperatura_c": 18.3,
    "humedad_pct": 80.0,
    "regla_30": false
   }
  },
  {
   "type": "Feature",
   "geometry": {
    "type": "Point",
    "coordinates": [
     -2.732913,
     42.871934
    ]
   },
   "properties": {
    "fuente": "AEMET",
    "id": "9091R",
    "nombre": "VITORIA-GASTEIZ AEROPUERTO",
    "lat": 42.871934,
    "lon": -2.732913,
    "fecha_utc": "2026-10-06T09:00:00+00:00",
    "velocidad_kmh": 7.6,
    "racha_kmh": 13.0,
    "direccion_grados": 190.0,
    "direccion_cardinal": "S",
    "hacia_grados": 10.0,
    "temperatura_c": 18.1,
    "humedad_pct": 85.0,
    "regla_30": false
   }
  },
  {
   "type": "Feature",
   "geometry": {
    "type": "Point",
    "coordinates": [
     -3.170282,
     42.421116
    ]
   },
   "properties": {
    "fuente": "AEMET",
    "id": "9111",
    "nombre": "BELORADO",
    "lat": 42.421116,
    "lon": -3.170282,
    "fecha_utc": "2026-10-06T09:00:00+00:00",
    "velocidad_kmh": 10.1,
    "racha_kmh": 18.7,
    "direccion_grados": 103.0,
    "direccion_cardinal": "ESE",
    "hacia_grados": 283.0,
    "temperatura_c": 16.4,
    "humedad_pct": 86.0,
    "regla_30": false
   }
  },
  {
   "type": "Feature",
   "geometry": {
    "type": "Point",
    "coordinates": [
     -2.968056,
     42.255
    ]
   },
   "properties": {
    "fuente": "AEMET",
    "id": "9115X",
    "nombre": "VALDEZCARAY",
    "lat": 42.255,
    "lon": -2.968056,
    "fecha_utc": "2026-10-06T09:00:00+00:00",
    "velocidad_kmh": 2.9,
    "racha_kmh": 51.1,
    "direccion_grados": 236.0,
    "direccion_cardinal": "SO",
    "hacia_grados": 56.0,
    "temperatura_c": 11.8,
    "humedad_pct": 74.0,
    "regla_30": false
   }
  },
  {
   "type": "Feature",
   "geometry": {
    "type": "Point",
    "coordinates": [
     -2.776667,
     42.603889
    ]
   },
   "properties": {
    "fuente": "AEMET",
    "id": "9122I",
    "nombre": "LABASTIDA",
    "lat": 42.603889,
    "lon": -2.776667,
    "fecha_utc": "2026-10-06T09:00:00+00:00",
    "velocidad_kmh": 2.5,
    "racha_kmh": 6.5,
    "direccion_grados": 230.0,
    "direccion_cardinal": "SO",
    "hacia_grados": 50.0,
    "temperatura_c": 17.4,
    "humedad_pct": 86.0,
    "regla_30": false
   }
  },
  {
   "type": "Feature",
   "geometry": {
    "type": "Point",
    "coordinates": [
     -2.726758,
     42.414027
    ]
   },
   "properties": {
    "fuente": "AEMET",
    "id": "9141V",
    "nombre": "NÁJERA",
    "lat": 42.414027,
    "lon": -2.726758,
    "fecha_utc": "2026-10-06T09:00:00+00:00",
    "velocidad_kmh": 3.2,
    "racha_kmh": 6.5,
    "direccion_grados": 256.0,
    "direccion_cardinal": "OSO",
    "hacia_grados": 76.0,
    "temperatura_c": null,
    "humedad_pct": null,
    "regla_30": null
   }
  },
  {
   "type": "Feature",
   "geometry": {
    "type": "Point",
    "coordinates": [
     -2.63944,
     42.48278
    ]
   },
   "properties": {
    "fuente": "AEMET",
    "id": "9145Y",
    "nombre": "CENICERO ",
    "lat": 42.48278,
    "lon": -2.63944,
    "fecha_utc": "2026-10-06T09:00:00+00:00",
    "velocidad_kmh": 4.7,
    "racha_kmh": 8.6,
    "direccion_grados": 107.0,
    "direccion_cardinal": "ESE",
    "hacia_grados": 287.0,
    "temperatura_c": 17.6,
    "humedad_pct": 91.0,
    "regla_30": false
   }
  },
  {
   "type": "Feature",
   "geometry": {
    "type": "Point",
    "coordinates": [
     -2.331024,
     42.452342
    ]
   },
   "properties": {
    "fuente": "AEMET",
    "id": "9170",
    "nombre": "LOGROÑO  AEROPUERTO",
    "lat": 42.452342,
    "lon": -2.331024,
    "fecha_utc": "2026-10-06T09:00:00+00:00",
    "velocidad_kmh": 3.6,
    "racha_kmh": 11.2,
    "direccion_grados": 70.0,
    "direccion_cardinal": "ENE",
    "hacia_grados": 250.0,
    "temperatura_c": 18.1,
    "humedad_pct": 94.0,
    "regla_30": false
   }
  },
  {
   "type": "Feature",
   "geometry": {
    "type": "Point",
    "coordinates": [
     -2.183774,
     42.570417
    ]
   },
   "properties": {
    "fuente": "AEMET",
    "id": "9171K",
    "nombre": "LOS ARCOS",
    "lat": 42.570417,
    "lon": -2.183774,
    "fecha_utc": "2026-10-06T09:00:00+00:00",
    "velocidad_kmh": 10.8,
    "racha_kmh": 15.5,
    "direccion_grados": 81.0,
    "direccion_cardinal": "E",
    "hacia_grados": 261.0,
    "temperatura_c": 18.0,
    "humedad_pct": 91.0,
    "regla_30": false
   }
  },
  {
   "type": "Feature",
   "geometry": {
    "type": "Point",
    "coordinates": [
     -2.273211,
     42.149501
    ]
   },
   "properties": {
    "fuente": "AEMET",
    "id": "9188",
    "nombre": "ENCISO  DEPÓSITO",
    "lat": 42.149501,
    "lon": -2.273211,
    "fecha_utc": "2026-10-06T09:00:00+00:00",
    "velocidad_kmh": 5.4,
    "racha_kmh": 18.7,
    "direccion_grados": 170.0,
    "direccion_cardinal": "S",
    "hacia_grados": 350.0,
    "temperatura_c": 15.4,
    "humedad_pct": 87.0,
    "regla_30": false
   }
  },
  {
   "type": "Feature",
   "geometry": {
    "type": "Point",
    "coordinates": [
     -0.505278,
     42.793056
    ]
   },
   "properties": {
    "fuente": "AEMET",
    "id": "9195C",
    "nombre": "ASTÚN - LA RACA",
    "lat": 42.793056,
    "lon": -0.505278,
    "fecha_utc": "2026-10-06T09:00:00+00:00",
    "velocidad_kmh": 24.1,
    "racha_kmh": 50.8,
    "direccion_grados": 100.0,
    "direccion_cardinal": "E",
    "hacia_grados": 280.0,
    "temperatura_c": 7.9,
    "humedad_pct": 96.0,
    "regla_30": false
   }
  },
  {
   "type": "Feature",
   "geometry": {
    "type": "Point",
    "coordinates": [
     -0.51604,
     42.749527
    ]
   },
   "properties": {
    "fuente": "AEMET",
    "id": "9198X",
    "nombre": "CANFRANC-ESTACIÓN",
    "lat": 42.749527,
    "lon": -0.51604,
    "fecha_utc": "2026-10-06T09:00:00+00:00",
    "velocidad_kmh": 0.4,
    "racha_kmh": 6.1,
    "direccion_grados": 300.0,
    "direccion_cardinal": "ONO",
    "hacia_grados": 120.0,
    "temperatura_c": 13.8,
    "humedad_pct": 96.0,
    "regla_30": false
   }
  },
  {
   "type": "Feature",
   "geometry": {
    "type": "Point",
    "coordinates": [
     -0.545044,
     42.579753
    ]
   },
   "properties": {
    "fuente": "AEMET",
    "id": "9201X",
    "nombre": "JACA",
    "lat": 42.579753,
    "lon": -0.545044,
    "fecha_utc": "2026-10-06T09:00:00+00:00",
    "velocidad_kmh": 2.9,
    "racha_kmh": 9.0,
    "direccion_grados": 222.0,
    "direccion_cardinal": "SO",
    "hacia_grados": 42.0,
    "temperatura_c": 16.6,
    "humedad_pct": 80.0,
    "regla_30": false
   }
  },
  {
   "type": "Feature",
   "geometry": {
    "type": "Point",
    "coordinates": [
     -0.750538,
     42.740661
    ]
   },
   "properties": {
    "fuente": "AEMET",
    "id": "9207",
    "nombre": "VALLE DE HECHO  HECHO-DEPÓSITO",
    "lat": 42.740661,
    "lon": -0.750538,
    "fecha_utc": "2026-10-06T09:00:00+00:00",
    "velocidad_kmh": 0.0,
    "racha_kmh": 4.3,
    "direccion_grados": 221.0,
    "direccion_cardinal": "SO",
    "hacia_grados": 41.0,
    "temperatura_c": 14.7,
    "humedad_pct": 90.0,
    "regla_30": false
   }
  },
  {
   "type": "Feature",
   "geometry": {
    "type": "Point",
    "coordinates": [
     -0.672778,
     42.708611
    ]
   },
   "properties": {
    "fuente": "AEMET",
    "id": "9208E",
    "nombre": "ARAGÜÉS DEL PUERTO  DEPÓSITO",
    "lat": 42.708611,
    "lon": -0.672778,
    "fecha_utc": "2026-10-06T09:00:00+00:00",
    "velocidad_kmh": 5.0,
    "racha_kmh": 16.6,
    "direccion_grados": 218.0,
    "direccion_cardinal": "SO",
    "hacia_grados": 38.0,
    "temperatura_c": 17.5,
    "humedad_pct": 71.0,
    "regla_30": false
   }
  },
  {
   "type": "Feature",
   "geometry": {
    "type": "Point",
    "coordinates": [
     -0.817243,
     42.514168
    ]
   },
   "properties": {
    "fuente": "AEMET",
    "id": "9211F",
    "nombre": "BAILO PUYALTO",
    "lat": 42.514168,
    "lon": -0.817243,
    "fecha_utc": "2026-10-06T09:00:00+00:00",
    "velocidad_kmh": 15.1,
    "racha_kmh": 29.2,
    "direccion_grados": 199.0,
    "direccion_cardinal": "SSO",
    "hacia_grados": 19.0,
    "temperatura_c": 17.5,
    "humedad_pct": 85.0,
    "regla_30": false
   }
  },
  {
   "type": "Feature",
   "geometry": {
    "type": "Point",
    "coordinates": [
     -0.924622,
     42.8625
    ]
   },
   "properties": {
    "fuente": "AEMET",
    "id": "9218A",
    "nombre": "ISABA/IZABA",
    "lat": 42.8625,
    "lon": -0.924622,
    "fecha_utc": "2026-10-06T09:00:00+00:00",
    "velocidad_kmh": 5.0,
    "racha_kmh": 16.6,
    "direccion_grados": 204.0,
    "direccion_cardinal": "SSO",
    "hacia_grados": 24.0,
    "temperatura_c": 15.4,
    "humedad_pct": 93.0,
    "regla_30": false
   }
  },
  {
   "type": "Feature",
   "geometry": {
    "type": "Point",
    "coordinates": [
     -1.300216,
     42.89624
    ]
   },
   "properties": {
    "fuente": "AEMET",
    "id": "9228J",
    "nombre": "OROZ-BETELU/OROTZ-BETELU  DEPÓSITO",
    "lat": 42.89624,
    "lon": -1.300216,
    "fecha_utc": "2026-10-06T09:00:00+00:00",
    "velocidad_kmh": 11.2,
    "racha_kmh": 29.9,
    "direccion_grados": 197.0,
    "direccion_cardinal": "SSO",
    "hacia_grados": 17.0,
    "temperatura_c": 18.6,
    "humedad_pct": 82.0,
    "regla_30": false
   }
  },
  {
   "type": "Feature",
   "geometry": {
    "type": "Point",
    "coordinates": [
     -1.325557,
     43.007878
    ]
   },
   "properties": {
    "fuente": "AEMET",
    "id": "9228T",
    "nombre": "RONCESVALLES/ORREAGA",
    "lat": 43.007878,
    "lon": -1.325557,
    "fecha_utc": "2026-10-06T09:00:00+00:00",
    "velocidad_kmh": 14.4,
    "racha_kmh": 32.0,
    "direccion_grados": 183.0,
    "direccion_cardinal": "S",
    "hacia_grados": 3.0,
    "temperatura_c": 17.0,
    "humedad_pct": 84.0,
    "regla_30": false
   }
  },
  {
   "type": "Feature",
   "geometry": {
    "type": "Point",
    "coordinates": [
     -1.213333,
     42.490833
    ]
   },
   "properties": {
    "fuente": "AEMET",
    "id": "9244X",
    "nombre": "SOS DEL REY CATÓLICO",
    "lat": 42.490833,
    "lon": -1.213333,
    "fecha_utc": "2026-10-06T09:00:00+00:00",
    "velocidad_kmh": 10.8,
    "racha_kmh": 26.3,
    "direccion_grados": 156.0,
    "direccion_cardinal": "SSE",
    "hacia_grados": 336.0,
    "temperatura_c": 19.2,
    "humedad_pct": 77.0,
    "regla_30": false
   }
  },
  {
   "type": "Feature",
   "geometry": {
    "type": "Point",
    "coordinates": [
     -1.366381,
     42.521388
    ]
   },
   "properties": {
    "fuente": "AEMET",
    "id": "9245X",
    "nombre": "CÁSEDA  DEPÓSITO",
    "lat": 42.521388,
    "lon": -1.366381,
    "fecha_utc": "2026-10-06T09:00:00+00:00",
    "velocidad_kmh": 10.1,
    "racha_kmh": 20.2,
    "direccion_grados": 180.0,
    "direccion_cardinal": "S",
    "hacia_grados": 0.0,
    "temperatura_c": 20.7,
    "humedad_pct": 75.0,
    "regla_30": false
   }
  },
  {
   "type": "Feature",
   "geometry": {
    "type": "Point",
    "coordinates": [
     -1.655553,
     42.489168
    ]
   },
   "properties": {
    "fuente": "AEMET",
    "id": "9252X",
    "nombre": "OLITE/ERRIBERRI",
    "lat": 42.489168,
    "lon": -1.655553,
    "fecha_utc": "2026-10-06T09:00:00+00:00",
    "velocidad_kmh": 11.9,
    "racha_kmh": 25.6,
    "direccion_grados": 129.0,
    "direccion_cardinal": "SE",
    "hacia_grados": 309.0,
    "temperatura_c": 18.9,
    "humedad_pct": 87.0,
    "regla_30": false
   }
  },
  {
   "type": "Feature",
   "geometry": {
    "type": "Point",
    "coordinates": [
     -1.49567,
     42.70125
    ]
   },
   "properties": {
    "fuente": "AEMET",
    "id": "9262P",
    "nombre": "MONREAL/ELO  DEPÓSITO",
    "lat": 42.70125,
    "lon": -1.49567,
    "fecha_utc": "2026-10-06T09:00:00+00:00",
    "velocidad_kmh": 30.6,
    "racha_kmh": 44.6,
    "direccion_grados": 145.0,
    "direccion_cardinal": "SE",
    "hacia_grados": 325.0,
    "temperatura_c": 18.9,
    "humedad_pct": 75.0,
    "regla_30": false
   }
  },
  {
   "type": "Feature",
   "geometry": {
    "type": "Point",
    "coordinates": [
     -1.649869,
     42.776952
    ]
   },
   "properties": {
    "fuente": "AEMET",
    "id": "9263D",
    "nombre": "PAMPLONA  AEROPUERTO",
    "lat": 42.776952,
    "lon": -1.649869,
    "fecha_utc": "2026-10-06T09:00:00+00:00",
    "velocidad_kmh": 24.5,
    "racha_kmh": 40.7,
    "direccion_grados": 180.0,
    "direccion_cardinal": "S",
    "hacia_grados": 0.0,
    "temperatura_c": 20.1,
    "humedad_pct": 72.0,
    "regla_30": false
   }
  },
  {
   "type": "Feature",
   "geometry": {
    "type": "Point",
    "coordinates": [
     -1.532487,
     42.776102
    ]
   },
   "properties": {
    "fuente": "AEMET",
    "id": "9263X",
    "nombre": "ARANGUREN  ILUNDAIN",
    "lat": 42.776102,
    "lon": -1.532487,
    "fecha_utc": "2026-10-06T09:00:00+00:00",
    "velocidad_kmh": 9.7,
    "racha_kmh": 27.0,
    "direccion_grados": 153.0,
    "direccion_cardinal": "SSE",
    "hacia_grados": 333.0,
    "temperatura_c": 19.0,
    "humedad_pct": 73.0,
    "regla_30": false
   }
  },
  {
   "type": "Feature",
   "geometry": {
    "type": "Point",
    "coordinates": [
     -1.835118,
     42.918846
    ]
   },
   "properties": {
    "fuente": "AEMET",
    "id": "9274X",
    "nombre": "IRURTZUN",
    "lat": 42.918846,
    "lon": -1.835118,
    "fecha_utc": "2026-10-06T09:00:00+00:00",
    "velocidad_kmh": 6.1,
    "racha_kmh": 20.5,
    "direccion_grados": 97.0,
    "direccion_cardinal": "E",
    "hacia_grados": 277.0,
    "temperatura_c": 20.3,
    "humedad_pct": 73.0,
    "regla_30": false
   }
  },
  {
   "type": "Feature",
   "geometry": {
    "type": "Point",
    "coordinates": [
     -1.857382,
     42.549445
    ]
   },
   "properties": {
    "fuente": "AEMET",
    "id": "9280B",
    "nombre": "LARRAGA",
    "lat": 42.549445,
    "lon": -1.857382,
    "fecha_utc": "2026-10-06T09:00:00+00:00",
    "velocidad_kmh": 18.0,
    "racha_kmh": 44.3,
    "direccion_grados": 140.0,
    "direccion_cardinal": "SE",
    "hacia_grados": 320.0,
    "temperatura_c": 18.2,
    "humedad_pct": 89.0,
    "regla_30": false
   }
  },
  {
   "type": "Feature",
   "geometry": {
    "type": "Point",
    "coordinates": [
     -2.230789,
     42.026458
    ]
   },
   "properties": {
    "fuente": "AEMET",
    "id": "9287A",
    "nombre": "SAN PEDRO MANRIQUE",
    "lat": 42.026458,
    "lon": -2.230789,
    "fecha_utc": "2026-10-06T08:00:00+00:00",
    "velocidad_kmh": 2.9,
    "racha_kmh": 25.9,
    "direccion_grados": 196.0,
    "direccion_cardinal": "SSO",
    "hacia_grados": 16.0,
    "temperatura_c": 13.9,
    "humedad_pct": 82.0,
    "regla_30": false
   }
  },
  {
   "type": "Feature",
   "geometry": {
    "type": "Point",
    "coordinates": [
     -1.743811,
     42.176133
    ]
   },
   "properties": {
    "fuente": "AEMET",
    "id": "9293X",
    "nombre": "ALFARO  LA PLANA - DEPÓSITO",
    "lat": 42.176133,
    "lon": -1.743811,
    "fecha_utc": "2026-10-06T09:00:00+00:00",
    "velocidad_kmh": 12.2,
    "racha_kmh": 18.0,
    "direccion_grados": 144.0,
    "direccion_cardinal": "SE",
    "hacia_grados": 324.0,
    "temperatura_c": 17.4,
    "humedad_pct": 92.0,
    "regla_30": false
   }
  },
  {
   "type": "Feature",
   "geometry": {
    "type": "Point",
    "coordinates": [
     -1.475169,
     42.198543
    ]
   },
   "properties": {
    "fuente": "AEMET",
    "id": "9294E",
    "nombre": "BARDENAS REALES  BASE AÉREA",
    "lat": 42.198543,
    "lon": -1.475169,
    "fecha_utc": "2026-10-06T09:00:00+00:00",
    "velocidad_kmh": 15.1,
    "racha_kmh": 20.9,
    "direccion_grados": 83.0,
    "direccion_cardinal": "E",
    "hacia_grados": 263.0,
    "temperatura_c": 19.1,
    "humedad_pct": 92.0,
    "regla_30": false
   }
  },
  {
   "type": "Feature",
   "geometry": {
    "type": "Point",
    "coordinates": [
     -1.723337,
     41.914866
    ]
   },
   "properties": {
    "fuente": "AEMET",
    "id": "9299X",
    "nombre": "TARAZONA",
    "lat": 41.914866,
    "lon": -1.723337,
    "fecha_utc": "2026-10-06T09:00:00+00:00",
    "velocidad_kmh": 7.2,
    "racha_kmh": 27.4,
    "direccion_grados": 115.0,
    "direccion_cardinal": "ESE",
    "hacia_grados": 295.0,
    "temperatura_c": 17.5,
    "humedad_pct": 89.0,
    "regla_30": false
   }
  },
  {
   "type": "Feature",
   "geometry": {
    "type": "Point",
    "coordinates": [
     -1.609444,
     42.055556
    ]
   },
   "properties": {
    "fuente": "AEMET",
    "id": "9302Y",
    "nombre": "TUDELA  ",
    "lat": 42.055556,
    "lon": -1.609444,
    "fecha_utc": "2026-10-06T09:00:00+00:00",
    "velocidad_kmh": 5.0,
    "racha_kmh": 15.8,
    "direccion_grados": 123.0,
    "direccion_cardinal": "ESE",
    "hacia_grados": 303.0,
    "temperatura_c": null,
    "humedad_pct": null,
    "regla_30": null
   }
  },
  {
   "type": "Feature",
   "geometry": {
    "type": "Point",
    "coordinates": [
     -1.5416,
     41.842
    ]
   },
   "properties": {
    "fuente": "AEMET",
    "id": "9311X",
    "nombre": "BORJA  LOS LLANOS",
    "lat": 41.842,
    "lon": -1.5416,
    "fecha_utc": "2026-10-06T09:00:00+00:00",
    "velocidad_kmh": 7.9,
    "racha_kmh": 14.8,
    "direccion_grados": 107.0,
    "direccion_cardinal": "ESE",
    "hacia_grados": 287.0,
    "temperatura_c": 16.9,
    "humedad_pct": 98.0,
    "regla_30": false
   }
  },
  {
   "type": "Feature",
   "geometry": {
    "type": "Point",
    "coordinates": [
     -1.132315,
     42.134424
    ]
   },
   "properties": {
    "fuente": "AEMET",
    "id": "9321Y",
    "nombre": "EJEA DE LOS CABALLEROS  ERAS ALTAS",
    "lat": 42.134424,
    "lon": -1.132315,
    "fecha_utc": "2026-10-06T09:00:00+00:00",
    "velocidad_kmh": 15.5,
    "racha_kmh": 25.6,
    "direccion_grados": 98.0,
    "direccion_cardinal": "E",
    "hacia_grados": 278.0,
    "temperatura_c": 19.2,
    "humedad_pct": 90.0,
    "regla_30": false
   }
  },
  {
   "type": "Feature",
   "geometry": {
    "type": "Point",
    "coordinates": [
     -0.995737,
     41.984173
    ]
   },
   "properties": {
    "fuente": "AEMET",
    "id": "9336D",
    "nombre": "CASTEJÓN DE VALDEJASA  DEPÓSITO",
    "lat": 41.984173,
    "lon": -0.995737,
    "fecha_utc": "2026-10-06T09:00:00+00:00",
    "velocidad_kmh": 8.3,
    "racha_kmh": 15.1,
    "direccion_grados": 117.0,
    "direccion_cardinal": "ESE",
    "hacia_grados": 297.0,
    "temperatura_c": 19.2,
    "humedad_pct": 81.0,
    "regla_30": false
   }
  },
  {
   "type": "Feature",
   "geometry": {
    "type": "Point",
    "coordinates": [
     -2.292964,
     41.216473
    ]
   },
   "properties": {
    "fuente": "AEMET",
    "id": "9344C",
    "nombre": "ARCOS DE JALÓN-COEX",
    "lat": 41.216473,
    "lon": -2.292964,
    "fecha_utc": "2026-10-06T08:00:00+00:00",
    "velocidad_kmh": 0.7,
    "racha_kmh": 13.7,
    "direccion_grados": 172.0,
    "direccion_cardinal": "S",
    "hacia_grados": 352.0,
    "temperatura_c": 16.1,
    "humedad_pct": 87.0,
    "regla_30": false
   }
  },
  {
   "type": "Feature",
   "geometry": {
    "type": "Point",
    "coordinates": [
     -2.140382,
     41.574635
    ]
   },
   "properties": {
    "fuente": "AEMET",
    "id": "9352A",
    "nombre": "ALMAZUL",
    "lat": 41.574635,
    "lon": -2.140382,
    "fecha_utc": "2026-10-06T05:00:00+00:00",
    "velocidad_kmh": 2.9,
    "racha_kmh": 18.0,
    "direccion_grados": 115.0,
    "direccion_cardinal": "ESE",
    "hacia_grados": 295.0,
    "temperatura_c": 13.1,
    "humedad_pct": 86.0,
    "regla_30": false
   }
  },
  {
   "type": "Feature",
   "geometry": {
    "type": "Point",
    "coordinates": [
     -1.320827,
     40.566671
    ]
   },
   "properties": {
    "fuente": "AEMET",
    "id": "9374X",
    "nombre": "SANTA EULALIA  DEL CAMPO",
    "lat": 40.566671,
    "lon": -1.320827,
    "fecha_utc": "2026-10-06T09:00:00+00:00",
    "velocidad_kmh": 8.3,
    "racha_kmh": 17.3,
    "direccion_grados": 154.0,
    "direccion_cardinal": "SSE",
    "hacia_grados": 334.0,
    "temperatura_c": 17.3,
    "humedad_pct": 81.0,
    "regla_30": false
   }
  },
  {
   "type": "Feature",
   "geometry": {
    "type": "Point",
    "coordinates": [
     -1.568336,
     40.778609
    ]
   },
   "properties": {
    "fuente": "AEMET",
    "id": "9377Y",
    "nombre": "EL PEDREGAL",
    "lat": 40.778609,
    "lon": -1.568336,
    "fecha_utc": "2026-10-06T08:00:00+00:00",
    "velocidad_kmh": 1.4,
    "racha_kmh": 10.1,
    "direccion_grados": 288.0,
    "direccion_cardinal": "ONO",
    "hacia_grados": 108.0,
    "temperatura_c": 14.7,
    "humedad_pct": 92.0,
    "regla_30": false
   }
  },
  {
   "type": "Feature",
   "geometry": {
    "type": "Point",
    "coordinates": [
     -1.293327,
     40.926112
    ]
   },
   "properties": {
    "fuente": "AEMET",
    "id": "9381I",
    "nombre": "CALAMOCHA",
    "lat": 40.926112,
    "lon": -1.293327,
    "fecha_utc": "2026-10-06T09:00:00+00:00",
    "velocidad_kmh": 4.3,
    "racha_kmh": 5.8,
    "direccion_grados": 133.0,
    "direccion_cardinal": "SE",
    "hacia_grados": 313.0,
    "temperatura_c": 17.5,
    "humedad_pct": 82.0,
    "regla_30": false
   }
  },
  {
   "type": "Feature",
   "geometry": {
    "type": "Point",
    "coordinates": [
     -1.41,
     41.114444
    ]
   },
   "properties": {
    "fuente": "AEMET",
    "id": "9390",
    "nombre": "DAROCA ",
    "lat": 41.114444,
    "lon": -1.41,
    "fecha_utc": "2026-10-06T09:00:00+00:00",
    "velocidad_kmh": 4.0,
    "racha_kmh": 7.6,
    "direccion_grados": 306.0,
    "direccion_cardinal": "NO",
    "hacia_grados": 126.0,
    "temperatura_c": 17.8,
    "humedad_pct": 85.0,
    "regla_30": false
   }
  },
  {
   "type": "Feature",
   "geometry": {
    "type": "Point",
    "coordinates": [
     -1.645297,
     41.331041
    ]
   },
   "properties": {
    "fuente": "AEMET",
    "id": "9394X",
    "nombre": "CALATAYUD  DEPÓSITO",
    "lat": 41.331041,
    "lon": -1.645297,
    "fecha_utc": "2026-10-06T09:00:00+00:00",
    "velocidad_kmh": 3.2,
    "racha_kmh": 6.1,
    "direccion_grados": 201.0,
    "direccion_cardinal": "SSO",
    "hacia_grados": 21.0,
    "temperatura_c": 16.6,
    "humedad_pct": 100.0,
    "regla_30": false
   }
  },
  {
   "type": "Feature",
   "geometry": {
    "type": "Point",
    "coordinates": [
     -1.380829,
     41.481115
    ]
   },
   "properties": {
    "fuente": "AEMET",
    "id": "9427X",
    "nombre": "LA ALMUNIA DE DOÑA GODINA",
    "lat": 41.481115,
    "lon": -1.380829,
    "fecha_utc": "2026-10-06T09:00:00+00:00",
    "velocidad_kmh": 5.4,
    "racha_kmh": 17.6,
    "direccion_grados": 207.0,
    "direccion_cardinal": "SSO",
    "hacia_grados": 27.0,
    "temperatura_c": 19.0,
    "humedad_pct": 83.0,
    "regla_30": false
   }
  },
  {
   "type": "Feature",
   "geometry": {
    "type": "Point",
    "coordinates": [
     -1.004167,
     41.660556
    ]
   },
   "properties": {
    "fuente": "AEMET",
    "id": "9434",
    "nombre": "ZARAGOZA  AEROPUERTO",
    "lat": 41.660556,
    "lon": -1.004167,
    "fecha_utc": "2026-10-06T09:00:00+00:00",
    "velocidad_kmh": 9.4,
    "racha_kmh": 12.2,
    "direccion_grados": 103.0,
    "direccion_cardinal": "ESE",
    "hacia_grados": 283.0,
    "temperatura_c": 19.6,
    "humedad_pct": 97.0,
    "regla_30": false
   }
  },
  {
   "type": "Feature",
   "geometry": {
    "type": "Point",
    "coordinates": [
     -0.934722,
     41.621111
    ]
   },
   "properties": {
    "fuente": "AEMET",
    "id": "9434P",
    "nombre": "ZARAGOZA  VALDESPARTERA",
    "lat": 41.621111,
    "lon": -0.934722,
    "fecha_utc": "2026-10-06T09:00:00+00:00",
    "velocidad_kmh": 4.7,
    "racha_kmh": 7.6,
    "direccion_grados": 148.0,
    "direccion_cardinal": "SSE",
    "hacia_grados": 328.0,
    "temperatura_c": 19.7,
    "humedad_pct": 88.0,
    "regla_30": false
   }
  },
  {
   "type": "Feature",
   "geometry": {
    "type": "Point",
    "coordinates": [
     -1.087365,
     40.995371
    ]
   },
   "properties": {
    "fuente": "AEMET",
    "id": "9436X",
    "nombre": "FONFRÍA",
    "lat": 40.995371,
    "lon": -1.087365,
    "fecha_utc": "2026-10-06T09:00:00+00:00",
    "velocidad_kmh": 8.6,
    "racha_kmh": 16.2,
    "direccion_grados": 213.0,
    "direccion_cardinal": "SSO",
    "hacia_grados": 33.0,
    "temperatura_c": 15.8,
    "humedad_pct": 87.0,
    "regla_30": false
   }
  },
  {
   "type": "Feature",
   "geometry": {
    "type": "Point",
    "coordinates": [
     -0.392704,
     42.762405
    ]
   },
   "properties": {
    "fuente": "AEMET",
    "id": "9445L",
    "nombre": "FORMIGAL  SARRIOS",
    "lat": 42.762405,
    "lon": -0.392704,
    "fecha_utc": "2026-10-06T09:00:00+00:00",
    "velocidad_kmh": 6.1,
    "racha_kmh": 17.3,
    "direccion_grados": 222.0,
    "direccion_cardinal": "SO",
    "hacia_grados": 42.0,
    "temperatura_c": 12.7,
    "humedad_pct": 73.0,
    "regla_30": false
   }
  },
  {
   "type": "Feature",
   "geometry": {
    "type": "Point",
    "coordinates": [
     -0.275278,
     42.704444
    ]
   },
   "properties": {
    "fuente": "AEMET",
    "id": "9451F",
    "nombre": "PANTICOSA  PETROSOS",
    "lat": 42.704444,
    "lon": -0.275278,
    "fecha_utc": "2026-10-06T09:00:00+00:00",
    "velocidad_kmh": 11.9,
    "racha_kmh": 23.8,
    "direccion_grados": 163.0,
    "direccion_cardinal": "SSE",
    "hacia_grados": 343.0,
    "temperatura_c": 11.2,
    "humedad_pct": 85.0,
    "regla_30": false
   }
  },
  {
   "type": "Feature",
   "geometry": {
    "type": "Point",
    "coordinates": [
     -0.319003,
     42.699238
    ]
   },
   "properties": {
    "fuente": "AEMET",
    "id": "9453X",
    "nombre": "BIESCAS  EMBALSE DE BÚBAL",
    "lat": 42.699238,
    "lon": -0.319003,
    "fecha_utc": "2026-10-06T09:00:00+00:00",
    "velocidad_kmh": 2.2,
    "racha_kmh": 6.1,
    "direccion_grados": 12.0,
    "direccion_cardinal": "NNE",
    "hacia_grados": 192.0,
    "temperatura_c": 14.2,
    "humedad_pct": 89.0,
    "regla_30": false
   }
  },
  {
   "type": "Feature",
   "geometry": {
    "type": "Point",
    "coordinates": [
     -0.35556,
     42.512778
    ]
   },
   "properties": {
    "fuente": "AEMET",
    "id": "9460X",
    "nombre": "SABIÑÁNIGO",
    "lat": 42.512778,
    "lon": -0.35556,
    "fecha_utc": "2026-10-06T09:00:00+00:00",
    "velocidad_kmh": 1.1,
    "racha_kmh": 3.6,
    "direccion_grados": 166.0,
    "direccion_cardinal": "SSE",
    "hacia_grados": 346.0,
    "temperatura_c": 16.8,
    "humedad_pct": 85.0,
    "regla_30": false
   }
  },
  {
   "type": "Feature",
   "geometry": {
    "type": "Point",
    "coordinates": [
     -0.585964,
     42.029356
    ]
   },
   "properties": {
    "fuente": "AEMET",
    "id": "9491X",
    "nombre": "ALMUDÉVAR",
    "lat": 42.029356,
    "lon": -0.585964,
    "fecha_utc": "2026-10-06T09:00:00+00:00",
    "velocidad_kmh": 11.9,
    "racha_kmh": 15.8,
    "direccion_grados": 107.0,
    "direccion_cardinal": "ESE",
    "hacia_grados": 287.0,
    "temperatura_c": 19.1,
    "humedad_pct": 87.0,
    "regla_30": false
   }
  },
  {
   "type": "Feature",
   "geometry": {
    "type": "Point",
    "coordinates": [
     -0.617331,
     41.796793
    ]
   },
   "properties": {
    "fuente": "AEMET",
    "id": "9495Y",
    "nombre": "LECIÑENA",
    "lat": 41.796793,
    "lon": -0.617331,
    "fecha_utc": "2026-10-06T09:00:00+00:00",
    "velocidad_kmh": 3.6,
    "racha_kmh": 7.2,
    "direccion_grados": 27.0,
    "direccion_cardinal": "NNE",
    "hacia_grados": 207.0,
    "temperatura_c": 19.3,
    "humedad_pct": 90.0,
    "regla_30": false
   }
  },
  {
   "type": "Feature",
   "geometry": {
    "type": "Point",
    "coordinates": [
     -0.885947,
     41.443134
    ]
   },
   "properties": {
    "fuente": "AEMET",
    "id": "9501X",
    "nombre": "VALMADRID",
    "lat": 41.443134,
    "lon": -0.885947,
    "fecha_utc": "2026-10-06T09:00:00+00:00",
    "velocidad_kmh": 6.8,
    "racha_kmh": 11.9,
    "direccion_grados": 157.0,
    "direccion_cardinal": "SSE",
    "hacia_grados": 337.0,
    "temperatura_c": 19.6,
    "humedad_pct": 75.0,
    "regla_30": false
   }
  },
  {
   "type": "Feature",
   "geometry": {
    "type": "Point",
    "coordinates": [
     -0.503955,
     41.429172
    ]
   },
   "properties": {
    "fuente": "AEMET",
    "id": "9510X",
    "nombre": "QUINTO",
    "lat": 41.429172,
    "lon": -0.503955,
    "fecha_utc": "2026-10-06T09:00:00+00:00",
    "velocidad_kmh": 2.5,
    "racha_kmh": 7.9,
    "direccion_grados": 32.0,
    "direccion_cardinal": "NNE",
    "hacia_grados": 212.0,
    "temperatura_c": 19.7,
    "humedad_pct": 92.0,
    "regla_30": false
   }
  },
  {
   "type": "Feature",
   "geometry": {
    "type": "Point",
    "coordinates": [
     -0.805655,
     41.031217
    ]
   },
   "properties": {
    "fuente": "AEMET",
    "id": "9513X",
    "nombre": "MUNIESA",
    "lat": 41.031217,
    "lon": -0.805655,
    "fecha_utc": "2026-10-06T09:00:00+00:00",
    "velocidad_kmh": 2.9,
    "racha_kmh": 11.5,
    "direccion_grados": 222.0,
    "direccion_cardinal": "SO",
    "hacia_grados": 42.0,
    "temperatura_c": 17.9,
    "humedad_pct": 88.0,
    "regla_30": false
   }
  },
  {
   "type": "Feature",
   "geometry": {
    "type": "Point",
    "coordinates": [
     -0.792778,
     40.828611
    ]
   },
   "properties": {
    "fuente": "AEMET",
    "id": "9531Y",
    "nombre": "MONTALBÁN",
    "lat": 40.828611,
    "lon": -0.792778,
    "fecha_utc": "2026-10-06T09:00:00+00:00",
    "velocidad_kmh": 0.7,
    "racha_kmh": 3.6,
    "direccion_grados": 302.0,
    "direccion_cardinal": "ONO",
    "hacia_grados": 122.0,
    "temperatura_c": 17.5,
    "humedad_pct": 83.0,
    "regla_30": false
   }
  },
  {
   "type": "Feature",
   "geometry": {
    "type": "Point",
    "coordinates": [
     -0.441907,
     41.171966
    ]
   },
   "properties": {
    "fuente": "AEMET",
    "id": "9546B",
    "nombre": "HÍJAR  DEPÓSITO",
    "lat": 41.171966,
    "lon": -0.441907,
    "fecha_utc": "2026-10-06T09:00:00+00:00",
    "velocidad_kmh": 3.2,
    "racha_kmh": 7.2,
    "direccion_grados": 199.0,
    "direccion_cardinal": "SSO",
    "hacia_grados": 19.0,
    "temperatura_c": 19.1,
    "humedad_pct": 88.0,
    "regla_30": false
   }
  },
  {
   "type": "Feature",
   "geometry": {
    "type": "Point",
    "coordinates": [
     -0.407693,
     40.974356
    ]
   },
   "properties": {
    "fuente": "AEMET",
    "id": "9550C",
    "nombre": "ANDORRA  HORCALLANA",
    "lat": 40.974356,
    "lon": -0.407693,
    "fecha_utc": "2026-10-06T09:00:00+00:00",
    "velocidad_kmh": 13.7,
    "racha_kmh": 17.6,
    "direccion_grados": 244.0,
    "direccion_cardinal": "OSO",
    "hacia_grados": 64.0,
    "temperatura_c": 18.0,
    "humedad_pct": 78.0,
    "regla_30": false
   }
  },
  {
   "type": "Feature",
   "geometry": {
    "type": "Point",
    "coordinates": [
     -0.315396,
     40.798426
    ]
   },
   "properties": {
    "fuente": "AEMET",
    "id": "9561X",
    "nombre": "CASTELLOTE  DEPÓSITO",
    "lat": 40.798426,
    "lon": -0.315396,
    "fecha_utc": "2026-10-06T09:00:00+00:00",
    "velocidad_kmh": 2.5,
    "racha_kmh": 8.3,
    "direccion_grados": 96.0,
    "direccion_cardinal": "E",
    "hacia_grados": 276.0,
    "temperatura_c": 19.8,
    "humedad_pct": 69.0,
    "regla_30": false
   }
  },
  {
   "type": "Feature",
   "geometry": {
    "type": "Point",
    "coordinates": [
     -0.101819,
     40.621663
    ]
   },
   "properties": {
    "fuente": "AEMET",
    "id": "9562X",
    "nombre": "MORELLA - PASEO ALAMEDA",
    "lat": 40.621663,
    "lon": -0.101819,
    "fecha_utc": "2026-10-06T09:00:00+00:00",
    "velocidad_kmh": 4.3,
    "racha_kmh": 9.0,
    "direccion_grados": 98.0,
    "direccion_cardinal": "E",
    "hacia_grados": 278.0,
    "temperatura_c": 18.8,
    "humedad_pct": 77.0,
    "regla_30": false
   }
  },
  {
   "type": "Feature",
   "geometry": {
    "type": "Point",
    "coordinates": [
     -0.186663,
     40.498608
    ]
   },
   "properties": {
    "fuente": "AEMET",
    "id": "9563X",
    "nombre": "CASTELLFORT",
    "lat": 40.498608,
    "lon": -0.186663,
    "fecha_utc": "2026-10-06T09:00:00+00:00",
    "velocidad_kmh": 12.6,
    "racha_kmh": 20.5,
    "direccion_grados": 204.0,
    "direccion_cardinal": "SSO",
    "hacia_grados": 24.0,
    "temperatura_c": 17.5,
    "humedad_pct": 68.0,
    "regla_30": false
   }
  },
  {
   "type": "Feature",
   "geometry": {
    "type": "Point",
    "coordinates": [
     -0.237653,
     40.946555
    ]
   },
   "properties": {
    "fuente": "AEMET",
    "id": "9569A",
    "nombre": "CALANDA",
    "lat": 40.946555,
    "lon": -0.237653,
    "fecha_utc": "2026-10-06T09:00:00+00:00",
    "velocidad_kmh": 7.6,
    "racha_kmh": 11.9,
    "direccion_grados": 232.0,
    "direccion_cardinal": "SO",
    "hacia_grados": 52.0,
    "temperatura_c": 21.6,
    "humedad_pct": 64.0,
    "regla_30": false
   }
  },
  {
   "type": "Feature",
   "geometry": {
    "type": "Point",
    "coordinates": [
     -0.141596,
     41.058038
    ]
   },
   "properties": {
    "fuente": "AEMET",
    "id": "9573X",
    "nombre": "ALCAÑIZ",
    "lat": 41.058038,
    "lon": -0.141596,
    "fecha_utc": "2026-10-06T09:00:00+00:00",
    "velocidad_kmh": 4.7,
    "racha_kmh": 6.5,
    "direccion_grados": 99.0,
    "direccion_cardinal": "E",
    "hacia_grados": 279.0,
    "temperatura_c": 19.8,
    "humedad_pct": 89.0,
    "regla_30": false
   }
  },
  {
   "type": "Feature",
   "geometry": {
    "type": "Point",
    "coordinates": [
     -0.068611,
     41.2425
    ]
   },
   "properties": {
    "fuente": "AEMET",
    "id": "9574B",
    "nombre": "CASPE  PLANA DEL PILÓN",
    "lat": 41.2425,
    "lon": -0.068611,
    "fecha_utc": "2026-10-06T09:00:00+00:00",
    "velocidad_kmh": 4.3,
    "racha_kmh": 17.6,
    "direccion_grados": 21.0,
    "direccion_cardinal": "NNE",
    "hacia_grados": 201.0,
    "temperatura_c": 19.7,
    "humedad_pct": 94.0,
    "regla_30": false
   }
  },
  {
   "type": "Feature",
   "geometry": {
    "type": "Point",
    "coordinates": [
     1.939446,
     42.332502
    ]
   },
   "properties": {
    "fuente": "AEMET",
    "id": "9585",
    "nombre": "LA MOLINA",
    "lat": 42.332502,
    "lon": 1.939446,
    "fecha_utc": "2026-10-06T09:00:00+00:00",
    "velocidad_kmh": 4.7,
    "racha_kmh": 9.4,
    "direccion_grados": 43.0,
    "direccion_cardinal": "NE",
    "hacia_grados": 223.0,
    "temperatura_c": 13.9,
    "humedad_pct": 84.0,
    "regla_30": false
   }
  },
  {
   "type": "Feature",
   "geometry": {
    "type": "Point",
    "coordinates": [
     1.693256,
     42.362116
    ]
   },
   "properties": {
    "fuente": "AEMET",
    "id": "9590",
    "nombre": "MARTINET",
    "lat": 42.362116,
    "lon": 1.693256,
    "fecha_utc": "2026-10-06T09:00:00+00:00",
    "velocidad_kmh": 2.9,
    "racha_kmh": 6.1,
    "direccion_grados": 169.0,
    "direccion_cardinal": "S",
    "hacia_grados": 349.0,
    "temperatura_c": 15.6,
    "humedad_pct": 82.0,
    "regla_30": false
   }
  },
  {
   "type": "Feature",
   "geometry": {
    "type": "Point",
    "coordinates": [
     1.6675,
     42.430278
    ]
   },
   "properties": {
    "fuente": "AEMET",
    "id": "9590D",
    "nombre": "CAP DE REC",
    "lat": 42.430278,
    "lon": 1.6675,
    "fecha_utc": "2026-10-06T09:00:00+00:00",
    "velocidad_kmh": 4.3,
    "racha_kmh": 11.9,
    "direccion_grados": 167.0,
    "direccion_cardinal": "SSE",
    "hacia_grados": 347.0,
    "temperatura_c": 12.4,
    "humedad_pct": 88.0,
    "regla_30": false
   }
  },
  {
   "type": "Feature",
   "geometry": {
    "type": "Point",
    "coordinates": [
     1.404289,
     42.339606
    ]
   },
   "properties": {
    "fuente": "AEMET",
    "id": "9622X",
    "nombre": "LA SEU D'URGELL  AEROPORT",
    "lat": 42.339606,
    "lon": 1.404289,
    "fecha_utc": "2026-10-06T09:00:00+00:00",
    "velocidad_kmh": 3.2,
    "racha_kmh": 7.2,
    "direccion_grados": 114.0,
    "direccion_cardinal": "ESE",
    "hacia_grados": 294.0,
    "temperatura_c": 18.3,
    "humedad_pct": 74.0,
    "regla_30": false
   }
  },
  {
   "type": "Feature",
   "geometry": {
    "type": "Point",
    "coordinates": [
     1.569443,
     42.230275
    ]
   },
   "properties": {
    "fuente": "AEMET",
    "id": "9632X",
    "nombre": "TUIXENT",
    "lat": 42.230275,
    "lon": 1.569443,
    "fecha_utc": "2026-10-06T08:00:00+00:00",
    "velocidad_kmh": 0.0,
    "racha_kmh": 0.0,
    "direccion_grados": 139.0,
    "direccion_cardinal": "SE",
    "hacia_grados": 319.0,
    "temperatura_c": 11.6,
    "humedad_pct": 100.0,
    "regla_30": false
   }
  },
  {
   "type": "Feature",
   "geometry": {
    "type": "Point",
    "coordinates": [
     1.311946,
     42.154449
    ]
   },
   "properties": {
    "fuente": "AEMET",
    "id": "9638D",
    "nombre": "COLL DE NARGÓ",
    "lat": 42.154449,
    "lon": 1.311946,
    "fecha_utc": "2026-10-06T08:00:00+00:00",
    "velocidad_kmh": 2.9,
    "racha_kmh": 4.7,
    "direccion_grados": 29.0,
    "direccion_cardinal": "NNE",
    "hacia_grados": 209.0,
    "temperatura_c": 16.4,
    "humedad_pct": 100.0,
    "regla_30": false
   }
  },
  {
   "type": "Feature",
   "geometry": {
    "type": "Point",
    "coordinates": [
     1.126203,
     42.62511
    ]
   },
   "properties": {
    "fuente": "AEMET",
    "id": "9657X",
    "nombre": "ESTERRI D?ANEU",
    "lat": 42.62511,
    "lon": 1.126203,
    "fecha_utc": "2026-10-06T08:00:00+00:00",
    "velocidad_kmh": 0.7,
    "racha_kmh": 3.6,
    "direccion_grados": 214.0,
    "direccion_cardinal": "SO",
    "hacia_grados": 34.0,
    "temperatura_c": 11.4,
    "humedad_pct": 95.0,
    "regla_30": false
   }
  },
  {
   "type": "Feature",
   "geometry": {
    "type": "Point",
    "coordinates": [
     1.214647,
     42.410009
    ]
   },
   "properties": {
    "fuente": "AEMET",
    "id": "9677",
    "nombre": "PORT AINE  L?ORRI",
    "lat": 42.410009,
    "lon": 1.214647,
    "fecha_utc": "2026-10-06T09:00:00+00:00",
    "velocidad_kmh": 12.2,
    "racha_kmh": 22.7,
    "direccion_grados": 223.0,
    "direccion_cardinal": "SO",
    "hacia_grados": 43.0,
    "temperatura_c": 7.7,
    "humedad_pct": 94.0,
    "regla_30": false
   }
  },
  {
   "type": "Feature",
   "geometry": {
    "type": "Point",
    "coordinates": [
     0.864722,
     42.204722
    ]
   },
   "properties": {
    "fuente": "AEMET",
    "id": "9698U",
    "nombre": "TALARN",
    "lat": 42.204722,
    "lon": 0.864722,
    "fecha_utc": "2026-10-06T09:00:00+00:00",
    "velocidad_kmh": 3.2,
    "racha_kmh": 10.4,
    "direccion_grados": 193.0,
    "direccion_cardinal": "SSO",
    "hacia_grados": 13.0,
    "temperatura_c": 18.1,
    "humedad_pct": 79.0,
    "regla_30": false
   }
  },
  {
   "type": "Feature",
   "geometry": {
    "type": "Point",
    "coordinates": [
     0.907217,
     42.066942
    ]
   },
   "properties": {
    "fuente": "AEMET",
    "id": "9707",
    "nombre": "LLIMIANA",
    "lat": 42.066942,
    "lon": 0.907217,
    "fecha_utc": "2026-10-06T08:00:00+00:00",
    "velocidad_kmh": 2.5,
    "racha_kmh": 7.2,
    "direccion_grados": 271.0,
    "direccion_cardinal": "O",
    "hacia_grados": 91.0,
    "temperatura_c": 16.4,
    "humedad_pct": 82.0,
    "regla_30": false
   }
  },
  {
   "type": "Feature",
   "geometry": {
    "type": "Point",
    "coordinates": [
     1.223051,
     41.681109
    ]
   },
   "properties": {
    "fuente": "AEMET",
    "id": "9718X",
    "nombre": "TORDERA - GRANYANELLA",
    "lat": 41.681109,
    "lon": 1.223051,
    "fecha_utc": "2026-10-06T08:00:00+00:00",
    "velocidad_kmh": 4.0,
    "racha_kmh": 6.5,
    "direccion_grados": 65.0,
    "direccion_cardinal": "ENE",
    "hacia_grados": 245.0,
    "temperatura_c": 19.0,
    "humedad_pct": 91.0,
    "regla_30": false
   }
  },
  {
   "type": "Feature",
   "geometry": {
    "type": "Point",
    "coordinates": [
     0.756111,
     41.873334
    ]
   },
   "properties": {
    "fuente": "AEMET",
    "id": "9724X",
    "nombre": "OS DE BALAGUER",
    "lat": 41.873334,
    "lon": 0.756111,
    "fecha_utc": "2026-10-06T09:00:00+00:00",
    "velocidad_kmh": 4.3,
    "racha_kmh": 12.2,
    "direccion_grados": 356.0,
    "direccion_cardinal": "N",
    "hacia_grados": 176.0,
    "temperatura_c": 18.6,
    "humedad_pct": 84.0,
    "regla_30": false
   }
  },
  {
   "type": "Feature",
   "geometry": {
    "type": "Point",
    "coordinates": [
     1.309439,
     41.557221
    ]
   },
   "properties": {
    "fuente": "AEMET",
    "id": "9726E",
    "nombre": "LLORAC",
    "lat": 41.557221,
    "lon": 1.309439,
    "fecha_utc": "2026-10-06T09:00:00+00:00",
    "velocidad_kmh": 6.8,
    "racha_kmh": 19.8,
    "direccion_grados": 188.0,
    "direccion_cardinal": "S",
    "hacia_grados": 8.0,
    "temperatura_c": 18.5,
    "humedad_pct": 92.0,
    "regla_30": false
   }
  },
  {
   "type": "Feature",
   "geometry": {
    "type": "Point",
    "coordinates": [
     0.866659,
     41.616943
    ]
   },
   "properties": {
    "fuente": "AEMET",
    "id": "9729X",
    "nombre": "MOLLERUSSA",
    "lat": 41.616943,
    "lon": 0.866659,
    "fecha_utc": "2026-10-06T08:00:00+00:00",
    "velocidad_kmh": 2.2,
    "racha_kmh": 10.8,
    "direccion_grados": 45.0,
    "direccion_cardinal": "NE",
    "hacia_grados": 225.0,
    "temperatura_c": 18.8,
    "humedad_pct": 91.0,
    "regla_30": false
   }
  },
  {
   "type": "Feature",
   "geometry": {
    "type": "Point",
    "coordinates": [
     0.798893,
     42.503332
    ]
   },
   "properties": {
    "fuente": "AEMET",
    "id": "9744B",
    "nombre": "BARRUERA",
    "lat": 42.503332,
    "lon": 0.798893,
    "fecha_utc": "2026-10-06T08:00:00+00:00",
    "velocidad_kmh": 0.7,
    "racha_kmh": 4.7,
    "direccion_grados": 179.0,
    "direccion_cardinal": "S",
    "hacia_grados": 359.0,
    "temperatura_c": 11.6,
    "humedad_pct": 92.0,
    "regla_30": false
   }
  },
  {
   "type": "Feature",
   "geometry": {
    "type": "Point",
    "coordinates": [
     0.746943,
     42.318612
    ]
   },
   "properties": {
    "fuente": "AEMET",
    "id": "9751",
    "nombre": "SOPEIRA",
    "lat": 42.318612,
    "lon": 0.746943,
    "fecha_utc": "2026-10-06T09:00:00+00:00",
    "velocidad_kmh": 14.4,
    "racha_kmh": 30.2,
    "direccion_grados": 326.0,
    "direccion_cardinal": "NO",
    "hacia_grados": 146.0,
    "temperatura_c": 16.4,
    "humedad_pct": 76.0,
    "regla_30": false
   }
  },
  {
   "type": "Feature",
   "geometry": {
    "type": "Point",
    "coordinates": [
     0.479998,
     42.112498
    ]
   },
   "properties": {
    "fuente": "AEMET",
    "id": "9756X",
    "nombre": "BENABARRE",
    "lat": 42.112498,
    "lon": 0.479998,
    "fecha_utc": "2026-10-06T09:00:00+00:00",
    "velocidad_kmh": 5.0,
    "racha_kmh": 8.6,
    "direccion_grados": 131.0,
    "direccion_cardinal": "SE",
    "hacia_grados": 311.0,
    "temperatura_c": 17.5,
    "humedad_pct": 84.0,
    "regla_30": false
   }
  },
  {
   "type": "Feature",
   "geometry": {
    "type": "Point",
    "coordinates": [
     0.598058,
     41.626108
    ]
   },
   "properties": {
    "fuente": "AEMET",
    "id": "9771C",
    "nombre": "LLEIDA",
    "lat": 41.626108,
    "lon": 0.598058,
    "fecha_utc": "2026-10-06T09:00:00+00:00",
    "velocidad_kmh": 3.6,
    "racha_kmh": 15.5,
    "direccion_grados": 39.0,
    "direccion_cardinal": "NE",
    "hacia_grados": 219.0,
    "temperatura_c": 19.5,
    "humedad_pct": 86.0,
    "regla_30": false
   }
  },
  {
   "type": "Feature",
   "geometry": {
    "type": "Point",
    "coordinates": [
     0.734722,
     41.393889
    ]
   },
   "properties": {
    "fuente": "AEMET",
    "id": "9776D",
    "nombre": "EVC_ELS TORMS",
    "lat": 41.393889,
    "lon": 0.734722,
    "fecha_utc": "2026-10-06T09:00:00+00:00",
    "velocidad_kmh": 13.3,
    "racha_kmh": 26.6,
    "direccion_grados": 164.0,
    "direccion_cardinal": "SSE",
    "hacia_grados": 344.0,
    "temperatura_c": 21.4,
    "humedad_pct": 81.0,
    "regla_30": false
   }
  },
  {
   "type": "Feature",
   "geometry": {
    "type": "Point",
    "coordinates": [
     0.224707,
     42.629967
    ]
   },
   "properties": {
    "fuente": "AEMET",
    "id": "9784P",
    "nombre": "BIELSA",
    "lat": 42.629967,
    "lon": 0.224707,
    "fecha_utc": "2026-10-06T09:00:00+00:00",
    "velocidad_kmh": 3.2,
    "racha_kmh": 9.0,
    "direccion_grados": 145.0,
    "direccion_cardinal": "SE",
    "hacia_grados": 325.0,
    "temperatura_c": 14.7,
    "humedad_pct": 83.0,
    "regla_30": false
   }
  },
  {
   "type": "Feature",
   "geometry": {
    "type": "Point",
    "coordinates": [
     0.138052,
     42.421667
    ]
   },
   "properties": {
    "fuente": "AEMET",
    "id": "9808X",
    "nombre": "AÍNSA-SOBRARBE  LA SERRETA-DEPÓSITO",
    "lat": 42.421667,
    "lon": 0.138052,
    "fecha_utc": "2026-10-06T09:00:00+00:00",
    "velocidad_kmh": 1.1,
    "racha_kmh": 5.8,
    "direccion_grados": 142.0,
    "direccion_cardinal": "SE",
    "hacia_grados": 322.0,
    "temperatura_c": 17.3,
    "humedad_pct": 85.0,
    "regla_30": false
   }
  },
  {
   "type": "Feature",
   "geometry": {
    "type": "Point",
    "coordinates": [
     -0.099133,
     42.655344
    ]
   },
   "properties": {
    "fuente": "AEMET",
    "id": "9812M",
    "nombre": "PARADOR ORDESA-PARQUE NACIONAL ORDESA Y MONTEPERDIDO",
    "lat": 42.655344,
    "lon": -0.099133,
    "fecha_utc": "2026-10-06T09:00:00+00:00",
    "velocidad_kmh": 0.0,
    "racha_kmh": 4.3,
    "direccion_grados": 0.0,
    "direccion_cardinal": "N",
    "hacia_grados": 180.0,
    "temperatura_c": 14.3,
    "humedad_pct": 82.0,
    "regla_30": false
   }
  },
  {
   "type": "Feature",
   "geometry": {
    "type": "Point",
    "coordinates": [
     -0.124444,
     42.656111
    ]
   },
   "properties": {
    "fuente": "AEMET",
    "id": "9814I",
    "nombre": "TORLA-ORDESA  EL CEBOLLAR",
    "lat": 42.656111,
    "lon": -0.124444,
    "fecha_utc": "2026-10-06T09:00:00+00:00",
    "velocidad_kmh": 15.5,
    "racha_kmh": 27.4,
    "direccion_grados": 193.0,
    "direccion_cardinal": "SSO",
    "hacia_grados": 13.0,
    "temperatura_c": 10.6,
    "humedad_pct": 91.0,
    "regla_30": false
   }
  },
  {
   "type": "Feature",
   "geometry": {
    "type": "Point",
    "coordinates": [
     -0.111944,
     42.637589
    ]
   },
   "properties": {
    "fuente": "AEMET",
    "id": "9814X",
    "nombre": "TORLA-ORDESA  DEPÓSITO",
    "lat": 42.637589,
    "lon": -0.111944,
    "fecha_utc": "2026-10-06T09:00:00+00:00",
    "velocidad_kmh": 0.7,
    "racha_kmh": 4.0,
    "direccion_grados": 81.0,
    "direccion_cardinal": "E",
    "hacia_grados": 261.0,
    "temperatura_c": null,
    "humedad_pct": 86.0,
    "regla_30": null
   }
  },
  {
   "type": "Feature",
   "geometry": {
    "type": "Point",
    "coordinates": [
     0.520556,
     42.599444
    ]
   },
   "properties": {
    "fuente": "AEMET",
    "id": "9838B",
    "nombre": "BENASQUE",
    "lat": 42.599444,
    "lon": 0.520556,
    "fecha_utc": "2026-10-06T09:00:00+00:00",
    "velocidad_kmh": 4.0,
    "racha_kmh": 6.8,
    "direccion_grados": 245.0,
    "direccion_cardinal": "OSO",
    "hacia_grados": 65.0,
    "temperatura_c": 13.2,
    "humedad_pct": 84.0,
    "regla_30": false
   }
  },
  {
   "type": "Feature",
   "geometry": {
    "type": "Point",
    "coordinates": [
     0.543056,
     42.555
    ]
   },
   "properties": {
    "fuente": "AEMET",
    "id": "9839V",
    "nombre": "CERLER  COGULLA",
    "lat": 42.555,
    "lon": 0.543056,
    "fecha_utc": "2026-10-06T09:00:00+00:00",
    "velocidad_kmh": 5.8,
    "racha_kmh": 22.0,
    "direccion_grados": 179.0,
    "direccion_cardinal": "S",
    "hacia_grados": 359.0,
    "temperatura_c": 7.8,
    "humedad_pct": 94.0,
    "regla_30": false
   }
  },
  {
   "type": "Feature",
   "geometry": {
    "type": "Point",
    "coordinates": [
     0.434167,
     42.476948
    ]
   },
   "properties": {
    "fuente": "AEMET",
    "id": "9843A",
    "nombre": "SEIRA",
    "lat": 42.476948,
    "lon": 0.434167,
    "fecha_utc": "2026-10-06T09:00:00+00:00",
    "velocidad_kmh": 0.7,
    "racha_kmh": 7.6,
    "direccion_grados": 294.0,
    "direccion_cardinal": "ONO",
    "hacia_grados": 114.0,
    "temperatura_c": 15.3,
    "humedad_pct": 85.0,
    "regla_30": false
   }
  },
  {
   "type": "Feature",
   "geometry": {
    "type": "Point",
    "coordinates": [
     0.466105,
     42.201391
    ]
   },
   "properties": {
    "fuente": "AEMET",
    "id": "9855E",
    "nombre": "CAPELLA  LAGUARRES",
    "lat": 42.201391,
    "lon": 0.466105,
    "fecha_utc": "2026-10-06T09:00:00+00:00",
    "velocidad_kmh": 5.4,
    "racha_kmh": 10.8,
    "direccion_grados": 252.0,
    "direccion_cardinal": "OSO",
    "hacia_grados": 72.0,
    "temperatura_c": 17.8,
    "humedad_pct": 75.0,
    "regla_30": false
   }
  },
  {
   "type": "Feature",
   "geometry": {
    "type": "Point",
    "coordinates": [
     0.140556,
     42.02139
    ]
   },
   "properties": {
    "fuente": "AEMET",
    "id": "9866C",
    "nombre": "BARBASTRO",
    "lat": 42.02139,
    "lon": 0.140556,
    "fecha_utc": "2026-10-06T09:00:00+00:00",
    "velocidad_kmh": 1.4,
    "racha_kmh": 6.1,
    "direccion_grados": 144.0,
    "direccion_cardinal": "SE",
    "hacia_grados": 324.0,
    "temperatura_c": 19.2,
    "humedad_pct": 80.0,
    "regla_30": false
   }
  },
  {
   "type": "Feature",
   "geometry": {
    "type": "Point",
    "coordinates": [
     -0.123056,
     42.202222
    ]
   },
   "properties": {
    "fuente": "AEMET",
    "id": "9882X",
    "nombre": "BIERGE  YASO",
    "lat": 42.202222,
    "lon": -0.123056,
    "fecha_utc": "2026-10-06T09:00:00+00:00",
    "velocidad_kmh": 7.6,
    "racha_kmh": 11.9,
    "direccion_grados": 127.0,
    "direccion_cardinal": "SE",
    "hacia_grados": 307.0,
    "temperatura_c": 17.9,
    "humedad_pct": 84.0,
    "regla_30": false
   }
  },
  {
   "type": "Feature",
   "geometry": {
    "type": "Point",
    "coordinates": [
     -0.160778,
     41.799297
    ]
   },
   "properties": {
    "fuente": "AEMET",
    "id": "9894Y",
    "nombre": "SARIÑENA  DEPÓSITO",
    "lat": 41.799297,
    "lon": -0.160778,
    "fecha_utc": "2026-10-06T09:00:00+00:00",
    "velocidad_kmh": 1.4,
    "racha_kmh": 7.9,
    "direccion_grados": 226.0,
    "direccion_cardinal": "SO",
    "hacia_grados": 46.0,
    "temperatura_c": 18.2,
    "humedad_pct": 95.0,
    "regla_30": false
   }
  },
  {
   "type": "Feature",
   "geometry": {
    "type": "Point",
    "coordinates": [
     -0.325555,
     42.084556
    ]
   },
   "properties": {
    "fuente": "AEMET",
    "id": "9898",
    "nombre": "HUESCA  AEROPUERTO",
    "lat": 42.084556,
    "lon": -0.325555,
    "fecha_utc": "2026-10-06T09:00:00+00:00",
    "velocidad_kmh": 9.4,
    "racha_kmh": 13.7,
    "direccion_grados": 97.0,
    "direccion_cardinal": "E",
    "hacia_grados": 277.0,
    "temperatura_c": 18.9,
    "humedad_pct": 86.0,
    "regla_30": false
   }
  },
  {
   "type": "Feature",
   "geometry": {
    "type": "Point",
    "coordinates": [
     -0.333059,
     41.77389
    ]
   },
   "properties": {
    "fuente": "AEMET",
    "id": "9908X",
    "nombre": "LANAJA  DEPÓSITO",
    "lat": 41.77389,
    "lon": -0.333059,
    "fecha_utc": "2026-10-06T09:00:00+00:00",
    "velocidad_kmh": 7.6,
    "racha_kmh": 11.9,
    "direccion_grados": 128.0,
    "direccion_cardinal": "SE",
    "hacia_grados": 308.0,
    "temperatura_c": 17.7,
    "humedad_pct": 89.0,
    "regla_30": false
   }
  },
  {
   "type": "Feature",
   "geometry": {
    "type": "Point",
    "coordinates": [
     0.187782,
     41.619446
    ]
   },
   "properties": {
    "fuente": "AEMET",
    "id": "9911X",
    "nombre": "BALLOBAR  DEPÓSITO",
    "lat": 41.619446,
    "lon": 0.187782,
    "fecha_utc": "2026-10-06T09:00:00+00:00",
    "velocidad_kmh": 2.2,
    "racha_kmh": 5.0,
    "direccion_grados": 104.0,
    "direccion_cardinal": "ESE",
    "hacia_grados": 284.0,
    "temperatura_c": 19.2,
    "humedad_pct": 88.0,
    "regla_30": false
   }
  },
  {
   "type": "Feature",
   "geometry": {
    "type": "Point",
    "coordinates": [
     0.376949,
     41.780835
    ]
   },
   "properties": {
    "fuente": "AEMET",
    "id": "9918Y",
    "nombre": "TAMARITE DE LITERA  LA MELUSA",
    "lat": 41.780835,
    "lon": 0.376949,
    "fecha_utc": "2026-10-06T09:00:00+00:00",
    "velocidad_kmh": 8.6,
    "racha_kmh": 14.8,
    "direccion_grados": 121.0,
    "direccion_cardinal": "ESE",
    "hacia_grados": 301.0,
    "temperatura_c": 20.9,
    "humedad_pct": 78.0,
    "regla_30": false
   }
  },
  {
   "type": "Feature",
   "geometry": {
    "type": "Point",
    "coordinates": [
     0.355555,
     41.524719
    ]
   },
   "properties": {
    "fuente": "AEMET",
    "id": "9924X",
    "nombre": "FRAGA",
    "lat": 41.524719,
    "lon": 0.355555,
    "fecha_utc": "2026-10-06T09:00:00+00:00",
    "velocidad_kmh": 3.2,
    "racha_kmh": 9.4,
    "direccion_grados": 294.0,
    "direccion_cardinal": "ONO",
    "hacia_grados": 114.0,
    "temperatura_c": 19.1,
    "humedad_pct": 87.0,
    "regla_30": false
   }
  },
  {
   "type": "Feature",
   "geometry": {
    "type": "Point",
    "coordinates": [
     0.146389,
     40.873335
    ]
   },
   "properties": {
    "fuente": "AEMET",
    "id": "9935X",
    "nombre": "VALDERROBRES ",
    "lat": 40.873335,
    "lon": 0.146389,
    "fecha_utc": "2026-10-06T09:00:00+00:00",
    "velocidad_kmh": 4.3,
    "racha_kmh": 13.0,
    "direccion_grados": 268.0,
    "direccion_cardinal": "O",
    "hacia_grados": 88.0,
    "temperatura_c": 18.3,
    "humedad_pct": 92.0,
    "regla_30": false
   }
  },
  {
   "type": "Feature",
   "geometry": {
    "type": "Point",
    "coordinates": [
     0.353329,
     41.177218
    ]
   },
   "properties": {
    "fuente": "AEMET",
    "id": "9947X",
    "nombre": "MASSALUCA",
    "lat": 41.177218,
    "lon": 0.353329,
    "fecha_utc": "2026-10-06T08:00:00+00:00",
    "velocidad_kmh": 12.6,
    "racha_kmh": 21.6,
    "direccion_grados": 147.0,
    "direccion_cardinal": "SSE",
    "hacia_grados": 327.0,
    "temperatura_c": 20.2,
    "humedad_pct": 88.0,
    "regla_30": false
   }
  },
  {
   "type": "Feature",
   "geometry": {
    "type": "Point",
    "coordinates": [
     0.735283,
     41.249443
    ]
   },
   "properties": {
    "fuente": "AEMET",
    "id": "9961X",
    "nombre": "CABACÉS",
    "lat": 41.249443,
    "lon": 0.735283,
    "fecha_utc": "2026-10-06T08:00:00+00:00",
    "velocidad_kmh": 6.5,
    "racha_kmh": 23.8,
    "direccion_grados": 119.0,
    "direccion_cardinal": "ESE",
    "hacia_grados": 299.0,
    "temperatura_c": 20.8,
    "humedad_pct": 82.0,
    "regla_30": false
   }
  },
  {
   "type": "Feature",
   "geometry": {
    "type": "Point",
    "coordinates": [
     0.613616,
     41.005001
    ]
   },
   "properties": {
    "fuente": "AEMET",
    "id": "9975X",
    "nombre": "RASQUERA",
    "lat": 41.005001,
    "lon": 0.613616,
    "fecha_utc": "2026-10-06T08:00:00+00:00",
    "velocidad_kmh": 6.8,
    "racha_kmh": 13.3,
    "direccion_grados": 140.0,
    "direccion_cardinal": "SE",
    "hacia_grados": 320.0,
    "temperatura_c": 21.9,
    "humedad_pct": 86.0,
    "regla_30": false
   }
  },
  {
   "type": "Feature",
   "geometry": {
    "type": "Point",
    "coordinates": [
     0.493333,
     40.820278
    ]
   },
   "properties": {
    "fuente": "AEMET",
    "id": "9981A",
    "nombre": "TORTOSA",
    "lat": 40.820278,
    "lon": 0.493333,
    "fecha_utc": "2026-10-06T09:00:00+00:00",
    "velocidad_kmh": 4.7,
    "racha_kmh": 9.4,
    "direccion_grados": 245.0,
    "direccion_cardinal": "OSO",
    "hacia_grados": 65.0,
    "temperatura_c": 22.5,
    "humedad_pct": 90.0,
    "regla_30": false
   }
  },
  {
   "type": "Feature",
   "geometry": {
    "type": "Point",
    "coordinates": [
     0.809722,
     40.699167
    ]
   },
   "properties": {
    "fuente": "AEMET",
    "id": "9987P",
    "nombre": "SANT JAUME D'ENVEJA",
    "lat": 40.699167,
    "lon": 0.809722,
    "fecha_utc": "2026-10-06T09:00:00+00:00",
    "velocidad_kmh": 4.3,
    "racha_kmh": 11.2,
    "direccion_grados": 13.0,
    "direccion_cardinal": "NNE",
    "hacia_grados": 193.0,
    "temperatura_c": 23.5,
    "humedad_pct": 88.0,
    "regla_30": false
   }
  },
  {
   "type": "Feature",
   "geometry": {
    "type": "Point",
    "coordinates": [
     0.973793,
     42.691958
    ]
   },
   "properties": {
    "fuente": "AEMET",
    "id": "9988B",
    "nombre": "CAP DE VAQUEIRA",
    "lat": 42.691958,
    "lon": 0.973793,
    "fecha_utc": "2026-10-06T09:00:00+00:00",
    "velocidad_kmh": 14.8,
    "racha_kmh": 29.2,
    "direccion_grados": 191.0,
    "direccion_cardinal": "S",
    "hacia_grados": 11.0,
    "temperatura_c": 8.7,
    "humedad_pct": 77.0,
    "regla_30": false
   }
  },
  {
   "type": "Feature",
   "geometry": {
    "type": "Point",
    "coordinates": [
     0.876944,
     42.700278
    ]
   },
   "properties": {
    "fuente": "AEMET",
    "id": "9990X",
    "nombre": "ARTIES",
    "lat": 42.700278,
    "lon": 0.876944,
    "fecha_utc": "2026-10-06T09:00:00+00:00",
    "velocidad_kmh": 4.0,
    "racha_kmh": 10.1,
    "direccion_grados": 67.0,
    "direccion_cardinal": "ENE",
    "hacia_grados": 247.0,
    "temperatura_c": 17.6,
    "humedad_pct": 64.0,
    "regla_30": false
   }
  },
  {
   "type": "Feature",
   "geometry": {
    "type": "Point",
    "coordinates": [
     0.689719,
     42.776109
    ]
   },
   "properties": {
    "fuente": "AEMET",
    "id": "9994X",
    "nombre": "BOSSOST-CENTRAL",
    "lat": 42.776109,
    "lon": 0.689719,
    "fecha_utc": "2026-10-06T08:00:00+00:00",
    "velocidad_kmh": 0.7,
    "racha_kmh": 11.2,
    "direccion_grados": 132.0,
    "direccion_cardinal": "SE",
    "hacia_grados": 312.0,
    "temperatura_c": 12.8,
    "humedad_pct": 82.0,
    "regla_30": false
   }
  },
  {
   "type": "Feature",
   "geometry": {
    "type": "Point",
    "coordinates": [
     -1.300831,
     43.091114
    ]
   },
   "properties": {
    "fuente": "AEMET",
    "id": "9995Y",
    "nombre": "VALCARLOS/LUZAIDE",
    "lat": 43.091114,
    "lon": -1.300831,
    "fecha_utc": "2026-10-06T09:00:00+00:00",
    "velocidad_kmh": 5.4,
    "racha_kmh": 28.1,
    "direccion_grados": 120.0,
    "direccion_cardinal": "ESE",
    "hacia_grados": 300.0,
    "temperatura_c": 22.8,
    "humedad_pct": 61.0,
    "regla_30": false
   }
  },
  {
   "type": "Feature",
   "geometry": {
    "type": "Point",
    "coordinates": [
     -1.494444,
     40.921392
    ]
   },
   "properties": {
    "fuente": "AEMET",
    "id": "9998X",
    "nombre": "BELLO",
    "lat": 40.921392,
    "lon": -1.494444,
    "fecha_utc": "2026-10-06T09:00:00+00:00",
    "velocidad_kmh": 6.1,
    "racha_kmh": 12.2,
    "direccion_grados": 192.0,
    "direccion_cardinal": "SSO",
    "hacia_grados": 12.0,
    "temperatura_c": 18.5,
    "humedad_pct": 78.0,
    "regla_30": false
   }
  },
  {
   "type": "Feature",
   "geometry": {
    "type": "Point",
    "coordinates": [
     2.885828,
     39.823337
    ]
   },
   "properties": {
    "fuente": "AEMET",
    "id": "B013X",
    "nombre": "LLUC",
    "lat": 39.823337,
    "lon": 2.885828,
    "fecha_utc": "2026-10-06T09:00:00+00:00",
    "velocidad_kmh": 1.1,
    "racha_kmh": 6.1,
    "direccion_grados": 310.0,
    "direccion_cardinal": "NO",
    "hacia_grados": 130.0,
    "temperatura_c": 20.1,
    "humedad_pct": 96.0,
    "regla_30": false
   }
  },
  {
   "type": "Feature",
   "geometry": {
    "type": "Point",
    "coordinates": [
     2.691486,
     39.795554
    ]
   },
   "properties": {
    "fuente": "AEMET",
    "id": "B051A",
    "nombre": "SÓLLER",
    "lat": 39.795554,
    "lon": 2.691486,
    "fecha_utc": "2026-10-06T09:00:00+00:00",
    "velocidad_kmh": 5.8,
    "racha_kmh": 7.6,
    "direccion_grados": 163.0,
    "direccion_cardinal": "SSE",
    "hacia_grados": 343.0,
    "temperatura_c": 23.5,
    "humedad_pct": 76.0,
    "regla_30": false
   }
  },
  {
   "type": "Feature",
   "geometry": {
    "type": "Point",
    "coordinates": [
     2.512777,
     39.689166
    ]
   },
   "properties": {
    "fuente": "AEMET",
    "id": "B087X",
    "nombre": "BANYALBUFAR ",
    "lat": 39.689166,
    "lon": 2.512777,
    "fecha_utc": "2026-10-06T08:00:00+00:00",
    "velocidad_kmh": 3.6,
    "racha_kmh": 9.7,
    "direccion_grados": 95.0,
    "direccion_cardinal": "E",
    "hacia_grados": 275.0,
    "temperatura_c": 23.2,
    "humedad_pct": 79.0,
    "regla_30": false
   }
  },
  {
   "type": "Feature",
   "geometry": {
    "type": "Point",
    "coordinates": [
     2.368936,
     39.579472
    ]
   },
   "properties": {
    "fuente": "AEMET",
    "id": "B103B",
    "nombre": "ANDRATX - SANT ELM",
    "lat": 39.579472,
    "lon": 2.368936,
    "fecha_utc": "2026-10-06T09:00:00+00:00",
    "velocidad_kmh": 0.0,
    "racha_kmh": 5.0,
    "direccion_grados": 0.0,
    "direccion_cardinal": "N",
    "hacia_grados": 180.0,
    "temperatura_c": 23.1,
    "humedad_pct": 87.0,
    "regla_30": false
   }
  },
  {
   "type": "Feature",
   "geometry": {
    "type": "Point",
    "coordinates": [
     2.466476,
     39.551468
    ]
   },
   "properties": {
    "fuente": "AEMET",
    "id": "B158X",
    "nombre": "ES CAPDELLÀ- SON VIC NOU ",
    "lat": 39.551468,
    "lon": 2.466476,
    "fecha_utc": "2026-10-06T08:00:00+00:00",
    "velocidad_kmh": 2.2,
    "racha_kmh": 4.7,
    "direccion_grados": 342.0,
    "direccion_cardinal": "NNO",
    "hacia_grados": 162.0,
    "temperatura_c": 20.5,
    "humedad_pct": 95.0,
    "regla_30": false
   }
  },
  {
   "type": "Feature",
   "geometry": {
    "type": "Point",
    "coordinates": [
     2.625268,
     39.554258
    ]
   },
   "properties": {
    "fuente": "AEMET",
    "id": "B228",
    "nombre": "PALMA-PORTOPÍ",
    "lat": 39.554258,
    "lon": 2.625268,
    "fecha_utc": "2026-10-06T09:00:00+00:00",
    "velocidad_kmh": 5.4,
    "racha_kmh": 9.0,
    "direccion_grados": 185.0,
    "direccion_cardinal": "S",
    "hacia_grados": 5.0,
    "temperatura_c": 23.8,
    "humedad_pct": 77.0,
    "regla_30": false
   }
  },
  {
   "type": "Feature",
   "geometry": {
    "type": "Point",
    "coordinates": [
     2.638889,
     39.5525
    ]
   },
   "properties": {
    "fuente": "AEMET",
    "id": "B228D",
    "nombre": "PALMA DIC DE L?OEST",
    "lat": 39.5525,
    "lon": 2.638889,
    "fecha_utc": "2026-10-06T09:00:00+00:00",
    "velocidad_kmh": 5.4,
    "racha_kmh": 10.1,
    "direccion_grados": 193.0,
    "direccion_cardinal": "SSO",
    "hacia_grados": 13.0,
    "temperatura_c": null,
    "humedad_pct": null,
    "regla_30": null
   }
  },
  {
   "type": "Feature",
   "geometry": {
    "type": "Point",
    "coordinates": [
     2.643755,
     39.642164
    ]
   },
   "properties": {
    "fuente": "AEMET",
    "id": "B236C",
    "nombre": "PALMA-UNIVERSITAT",
    "lat": 39.642164,
    "lon": 2.643755,
    "fecha_utc": "2026-10-06T09:00:00+00:00",
    "velocidad_kmh": 4.0,
    "racha_kmh": 10.1,
    "direccion_grados": 204.0,
    "direccion_cardinal": "SSO",
    "hacia_grados": 24.0,
    "temperatura_c": 22.3,
    "humedad_pct": 86.0,
    "regla_30": false
   }
  },
  {
   "type": "Feature",
   "geometry": {
    "type": "Point",
    "coordinates": [
     2.706667,
     39.605833
    ]
   },
   "properties": {
    "fuente": "AEMET",
    "id": "B275E",
    "nombre": "SON BONET  AEROPUERTO",
    "lat": 39.605833,
    "lon": 2.706667,
    "fecha_utc": "2026-10-06T09:00:00+00:00",
    "velocidad_kmh": 6.1,
    "racha_kmh": 11.5,
    "direccion_grados": 205.0,
    "direccion_cardinal": "SSO",
    "hacia_grados": 25.0,
    "temperatura_c": 22.7,
    "humedad_pct": 81.0,
    "regla_30": false
   }
  },
  {
   "type": "Feature",
   "geometry": {
    "type": "Point",
    "coordinates": [
     2.736706,
     39.560798
    ]
   },
   "properties": {
    "fuente": "AEMET",
    "id": "B278",
    "nombre": "PALMA DE MALLORCA/SON SANT JOAN",
    "lat": 39.560798,
    "lon": 2.736706,
    "fecha_utc": "2026-10-06T09:00:00+00:00",
    "velocidad_kmh": 5.0,
    "racha_kmh": 11.2,
    "direccion_grados": 270.0,
    "direccion_cardinal": "O",
    "hacia_grados": 90.0,
    "temperatura_c": 22.7,
    "humedad_pct": 82.0,
    "regla_30": false
   }
  },
  {
   "type": "Feature",
   "geometry": {
    "type": "Point",
    "coordinates": [
     2.785002,
     39.379721
    ]
   },
   "properties": {
    "fuente": "AEMET",
    "id": "B301",
    "nombre": "LLUCMAJOR-RADAR",
    "lat": 39.379721,
    "lon": 2.785002,
    "fecha_utc": "2026-10-06T09:00:00+00:00",
    "velocidad_kmh": 1.8,
    "racha_kmh": 10.1,
    "direccion_grados": 327.0,
    "direccion_cardinal": "NNO",
    "hacia_grados": 147.0,
    "temperatura_c": 23.7,
    "humedad_pct": 78.0,
    "regla_30": false
   }
  },
  {
   "type": "Feature",
   "geometry": {
    "type": "Point",
    "coordinates": [
     3.005556,
     39.506111
    ]
   },
   "properties": {
    "fuente": "AEMET",
    "id": "B341X",
    "nombre": "PORRERES-SA MESQUIDA",
    "lat": 39.506111,
    "lon": 3.005556,
    "fecha_utc": "2026-10-06T09:00:00+00:00",
    "velocidad_kmh": 3.2,
    "racha_kmh": 8.6,
    "direccion_grados": 252.0,
    "direccion_cardinal": "OSO",
    "hacia_grados": 72.0,
    "temperatura_c": 22.9,
    "humedad_pct": 79.0,
    "regla_30": false
   }
  },
  {
   "type": "Feature",
   "geometry": {
    "type": "Point",
    "coordinates": [
     3.064166,
     39.405835
    ]
   },
   "properties": {
    "fuente": "AEMET",
    "id": "B362X",
    "nombre": "CAMPOS-CAN SION ",
    "lat": 39.405835,
    "lon": 3.064166,
    "fecha_utc": "2026-10-06T09:00:00+00:00",
    "velocidad_kmh": 2.9,
    "racha_kmh": 7.2,
    "direccion_grados": 11.0,
    "direccion_cardinal": "N",
    "hacia_grados": 191.0,
    "temperatura_c": 23.1,
    "humedad_pct": 85.0,
    "regla_30": false
   }
  },
  {
   "type": "Feature",
   "geometry": {
    "type": "Point",
    "coordinates": [
     3.011862,
     39.351142
    ]
   },
   "properties": {
    "fuente": "AEMET",
    "id": "B373X",
    "nombre": "CAMPOS-SALINES  LEVANT",
    "lat": 39.351142,
    "lon": 3.011862,
    "fecha_utc": "2026-10-06T08:00:00+00:00",
    "velocidad_kmh": 5.4,
    "racha_kmh": 9.0,
    "direccion_grados": 359.0,
    "direccion_cardinal": "N",
    "hacia_grados": 179.0,
    "temperatura_c": 22.2,
    "humedad_pct": 86.0,
    "regla_30": false
   }
  },
  {
   "type": "Feature",
   "geometry": {
    "type": "Point",
    "coordinates": [
     2.936671,
     39.135485
    ]
   },
   "properties": {
    "fuente": "AEMET",
    "id": "B398A",
    "nombre": "CABRERA  PARQUE NACIONAL DE CABRERA",
    "lat": 39.135485,
    "lon": 2.936671,
    "fecha_utc": "2026-10-06T09:00:00+00:00",
    "velocidad_kmh": 0.0,
    "racha_kmh": 11.9,
    "direccion_grados": 0.0,
    "direccion_cardinal": "N",
    "hacia_grados": 180.0,
    "temperatura_c": 23.5,
    "humedad_pct": 82.0,
    "regla_30": false
   }
  },
  {
   "type": "Feature",
   "geometry": {
    "type": "Point",
    "coordinates": [
     3.145785,
     39.340052
    ]
   },
   "properties": {
    "fuente": "AEMET",
    "id": "B410B",
    "nombre": "SANTANYÍ",
    "lat": 39.340052,
    "lon": 3.145785,
    "fecha_utc": "2026-10-06T09:00:00+00:00",
    "velocidad_kmh": 0.0,
    "racha_kmh": 7.2,
    "direccion_grados": 0.0,
    "direccion_cardinal": "N",
    "hacia_grados": 180.0,
    "temperatura_c": 24.6,
    "humedad_pct": 70.0,
    "regla_30": false
   }
  },
  {
   "type": "Feature",
   "geometry": {
    "type": "Point",
    "coordinates": [
     3.271683,
     39.414531
    ]
   },
   "properties": {
    "fuente": "AEMET",
    "id": "B434X",
    "nombre": "PORTOCOLOM",
    "lat": 39.414531,
    "lon": 3.271683,
    "fecha_utc": "2026-10-06T09:00:00+00:00",
    "velocidad_kmh": 5.4,
    "racha_kmh": 12.2,
    "direccion_grados": 14.0,
    "direccion_cardinal": "NNE",
    "hacia_grados": 194.0,
    "temperatura_c": 23.9,
    "humedad_pct": 74.0,
    "regla_30": false
   }
  },
  {
   "type": "Feature",
   "geometry": {
    "type": "Point",
    "coordinates": [
     3.383603,
     39.630274
    ]
   },
   "properties": {
    "fuente": "AEMET",
    "id": "B496X",
    "nombre": "SON SERVERA-CAN PEP MONJO",
    "lat": 39.630274,
    "lon": 3.383603,
    "fecha_utc": "2026-10-06T08:00:00+00:00",
    "velocidad_kmh": 6.1,
    "racha_kmh": 10.4,
    "direccion_grados": 11.0,
    "direccion_cardinal": "N",
    "hacia_grados": 191.0,
    "temperatura_c": 23.7,
    "humedad_pct": 82.0,
    "regla_30": false
   }
  },
  {
   "type": "Feature",
   "geometry": {
    "type": "Point",
    "coordinates": [
     3.478002,
     39.716695
    ]
   },
   "properties": {
    "fuente": "AEMET",
    "id": "B569X",
    "nombre": "CAPDEPERA-FARO",
    "lat": 39.716695,
    "lon": 3.478002,
    "fecha_utc": "2026-10-06T09:00:00+00:00",
    "velocidad_kmh": 16.2,
    "racha_kmh": 22.7,
    "direccion_grados": 330.0,
    "direccion_cardinal": "NNO",
    "hacia_grados": 150.0,
    "temperatura_c": 24.1,
    "humedad_pct": 75.0,
    "regla_30": false
   }
  },
  {
   "type": "Feature",
   "geometry": {
    "type": "Point",
    "coordinates": [
     3.104721,
     39.796665
    ]
   },
   "properties": {
    "fuente": "AEMET",
    "id": "B605X",
    "nombre": "MURO-S?ALBUFERA ",
    "lat": 39.796665,
    "lon": 3.104721,
    "fecha_utc": "2026-10-06T08:00:00+00:00",
    "velocidad_kmh": 1.8,
    "racha_kmh": 5.4,
    "direccion_grados": 192.0,
    "direccion_cardinal": "SSO",
    "hacia_grados": 12.0,
    "temperatura_c": 21.4,
    "humedad_pct": 95.0,
    "regla_30": false
   }
  },
  {
   "type": "Feature",
   "geometry": {
    "type": "Point",
    "coordinates": [
     3.21778,
     39.556824
    ]
   },
   "properties": {
    "fuente": "AEMET",
    "id": "B614E",
    "nombre": "MANACOR-POLIESPORTIU",
    "lat": 39.556824,
    "lon": 3.21778,
    "fecha_utc": "2026-10-06T09:00:00+00:00",
    "velocidad_kmh": 3.2,
    "racha_kmh": 7.2,
    "direccion_grados": 312.0,
    "direccion_cardinal": "NO",
    "hacia_grados": 132.0,
    "temperatura_c": 24.2,
    "humedad_pct": 77.0,
    "regla_30": false
   }
  },
  {
   "type": "Feature",
   "geometry": {
    "type": "Point",
    "coordinates": [
     3.1212,
     39.616461
    ]
   },
   "properties": {
    "fuente": "AEMET",
    "id": "B640X",
    "nombre": "PETRA",
    "lat": 39.616461,
    "lon": 3.1212,
    "fecha_utc": "2026-10-06T09:00:00+00:00",
    "velocidad_kmh": 2.2,
    "racha_kmh": 6.1,
    "direccion_grados": 32.0,
    "direccion_cardinal": "NNE",
    "hacia_grados": 212.0,
    "temperatura_c": 22.7,
    "humedad_pct": 81.0,
    "regla_30": false
   }
  },
  {
   "type": "Feature",
   "geometry": {
    "type": "Point",
    "coordinates": [
     3.002128,
     39.643265
    ]
   },
   "properties": {
    "fuente": "AEMET",
    "id": "B644B",
    "nombre": "SINEU-POLIESPORTIU",
    "lat": 39.643265,
    "lon": 3.002128,
    "fecha_utc": "2026-10-06T09:00:00+00:00",
    "velocidad_kmh": 0.0,
    "racha_kmh": 2.9,
    "direccion_grados": 316.0,
    "direccion_cardinal": "NO",
    "hacia_grados": 136.0,
    "temperatura_c": 23.0,
    "humedad_pct": 82.0,
    "regla_30": false
   }
  },
  {
   "type": "Feature",
   "geometry": {
    "type": "Point",
    "coordinates": [
     2.800156,
     39.652474
    ]
   },
   "properties": {
    "fuente": "AEMET",
    "id": "B656A",
    "nombre": "SANTA MARÍA",
    "lat": 39.652474,
    "lon": 2.800156,
    "fecha_utc": "2026-10-06T09:00:00+00:00",
    "velocidad_kmh": 4.7,
    "racha_kmh": 8.6,
    "direccion_grados": 196.0,
    "direccion_cardinal": "SSO",
    "hacia_grados": 16.0,
    "temperatura_c": 22.5,
    "humedad_pct": 81.0,
    "regla_30": false
   }
  },
  {
   "type": "Feature",
   "geometry": {
    "type": "Point",
    "coordinates": [
     2.873775,
     39.677962
    ]
   },
   "properties": {
    "fuente": "AEMET",
    "id": "B662X",
    "nombre": "BINISSALEM-SA VINYOTA",
    "lat": 39.677962,
    "lon": 2.873775,
    "fecha_utc": "2026-10-06T08:00:00+00:00",
    "velocidad_kmh": 0.0,
    "racha_kmh": 0.0,
    "direccion_grados": 219.0,
    "direccion_cardinal": "SO",
    "hacia_grados": 39.0,
    "temperatura_c": 21.1,
    "humedad_pct": 94.0,
    "regla_30": false
   }
  },
  {
   "type": "Feature",
   "geometry": {
    "type": "Point",
    "coordinates": [
     3.01667,
     39.749165
    ]
   },
   "properties": {
    "fuente": "AEMET",
    "id": "B691Y",
    "nombre": "SA POBLA-SA CANOVA",
    "lat": 39.749165,
    "lon": 3.01667,
    "fecha_utc": "2026-10-06T09:00:00+00:00",
    "velocidad_kmh": 3.2,
    "racha_kmh": 7.2,
    "direccion_grados": 179.0,
    "direccion_cardinal": "S",
    "hacia_grados": 359.0,
    "temperatura_c": 23.0,
    "humedad_pct": 82.0,
    "regla_30": false
   }
  },
  {
   "type": "Feature",
   "geometry": {
    "type": "Point",
    "coordinates": [
     3.024159,
     39.876942
    ]
   },
   "properties": {
    "fuente": "AEMET",
    "id": "B760X",
    "nombre": "POLLENÇA-POLIESPORTIU",
    "lat": 39.876942,
    "lon": 3.024159,
    "fecha_utc": "2026-10-06T08:00:00+00:00",
    "velocidad_kmh": 0.0,
    "racha_kmh": 3.6,
    "direccion_grados": 239.0,
    "direccion_cardinal": "OSO",
    "hacia_grados": 59.0,
    "temperatura_c": 23.6,
    "humedad_pct": 82.0,
    "regla_30": false
   }
  },
  {
   "type": "Feature",
   "geometry": {
    "type": "Point",
    "coordinates": [
     3.100277,
     39.909447
    ]
   },
   "properties": {
    "fuente": "AEMET",
    "id": "B780X",
    "nombre": "PORT POLLENÇA-AERODROM ",
    "lat": 39.909447,
    "lon": 3.100277,
    "fecha_utc": "2026-10-06T08:00:00+00:00",
    "velocidad_kmh": 2.5,
    "racha_kmh": 6.8,
    "direccion_grados": 128.0,
    "direccion_cardinal": "SE",
    "hacia_grados": 308.0,
    "temperatura_c": 23.9,
    "humedad_pct": 82.0,
    "regla_30": false
   }
  },
  {
   "type": "Feature",
   "geometry": {
    "type": "Point",
    "coordinates": [
     4.323889,
     39.876111
    ]
   },
   "properties": {
    "fuente": "AEMET",
    "id": "B800X",
    "nombre": "EVC_MAÓ",
    "lat": 39.876111,
    "lon": 4.323889,
    "fecha_utc": "2026-10-06T09:00:00+00:00",
    "velocidad_kmh": 11.2,
    "racha_kmh": null,
    "direccion_grados": 30.0,
    "direccion_cardinal": "NNE",
    "hacia_grados": 210.0,
    "temperatura_c": 26.0,
    "humedad_pct": 89.0,
    "regla_30": false
   }
  },
  {
   "type": "Feature",
   "geometry": {
    "type": "Point",
    "coordinates": [
     4.086385,
     39.990554
    ]
   },
   "properties": {
    "fuente": "AEMET",
    "id": "B825B",
    "nombre": "MERCADAL",
    "lat": 39.990554,
    "lon": 4.086385,
    "fecha_utc": "2026-10-06T09:00:00+00:00",
    "velocidad_kmh": 10.4,
    "racha_kmh": 19.4,
    "direccion_grados": 347.0,
    "direccion_cardinal": "NNO",
    "hacia_grados": 167.0,
    "temperatura_c": 23.7,
    "humedad_pct": 78.0,
    "regla_30": false
   }
  },
  {
   "type": "Feature",
   "geometry": {
    "type": "Point",
    "coordinates": [
     3.956643,
     39.944787
    ]
   },
   "properties": {
    "fuente": "AEMET",
    "id": "B870C",
    "nombre": "CIUTADELLA-CALA GALDANA",
    "lat": 39.944787,
    "lon": 3.956643,
    "fecha_utc": "2026-10-06T09:00:00+00:00",
    "velocidad_kmh": 7.2,
    "racha_kmh": 15.8,
    "direccion_grados": 340.0,
    "direccion_cardinal": "NNO",
    "hacia_grados": 160.0,
    "temperatura_c": 24.3,
    "humedad_pct": 77.0,
    "regla_30": false
   }
  },
  {
   "type": "Feature",
   "geometry": {
    "type": "Point",
    "coordinates": [
     4.215556,
     39.854726
    ]
   },
   "properties": {
    "fuente": "AEMET",
    "id": "B893",
    "nombre": "MENORCA/AEROPUERTO",
    "lat": 39.854726,
    "lon": 4.215556,
    "fecha_utc": "2026-10-06T09:00:00+00:00",
    "velocidad_kmh": 9.4,
    "racha_kmh": 18.4,
    "direccion_grados": 340.0,
    "direccion_cardinal": "NNO",
    "hacia_grados": 160.0,
    "temperatura_c": 24.1,
    "humedad_pct": 69.0,
    "regla_30": false
   }
  },
  {
   "type": "Feature",
   "geometry": {
    "type": "Point",
    "coordinates": [
     1.321389,
     38.963056
    ]
   },
   "properties": {
    "fuente": "AEMET",
    "id": "B925",
    "nombre": "SANT ANTONI DE PORTMANY",
    "lat": 38.963056,
    "lon": 1.321389,
    "fecha_utc": "2026-10-06T09:00:00+00:00",
    "velocidad_kmh": 0.0,
    "racha_kmh": 4.7,
    "direccion_grados": 0.0,
    "direccion_cardinal": "N",
    "hacia_grados": 180.0,
    "temperatura_c": 22.2,
    "humedad_pct": 97.0,
    "regla_30": false
   }
  },
  {
   "type": "Feature",
   "geometry": {
    "type": "Point",
    "coordinates": [
     1.384446,
     38.876385
    ]
   },
   "properties": {
    "fuente": "AEMET",
    "id": "B954",
    "nombre": "IBIZA/ES CODOLÁ",
    "lat": 38.876385,
    "lon": 1.384446,
    "fecha_utc": "2026-10-06T09:00:00+00:00",
    "velocidad_kmh": 5.4,
    "racha_kmh": 13.0,
    "direccion_grados": 310.0,
    "direccion_cardinal": "NO",
    "hacia_grados": 130.0,
    "temperatura_c": 24.4,
    "humedad_pct": 77.0,
    "regla_30": false
   }
  },
  {
   "type": "Feature",
   "geometry": {
    "type": "Point",
    "coordinates": [
     1.441516,
     38.922639
    ]
   },
   "properties": {
    "fuente": "AEMET",
    "id": "B957",
    "nombre": "EIVISSA",
    "lat": 38.922639,
    "lon": 1.441516,
    "fecha_utc": "2026-10-06T09:00:00+00:00",
    "velocidad_kmh": 4.0,
    "racha_kmh": 9.0,
    "direccion_grados": 356.0,
    "direccion_cardinal": "N",
    "hacia_grados": 176.0,
    "temperatura_c": 23.7,
    "humedad_pct": 95.0,
    "regla_30": false
   }
  },
  {
   "type": "Feature",
   "geometry": {
    "type": "Point",
    "coordinates": [
     1.463528,
     38.693709
    ]
   },
   "properties": {
    "fuente": "AEMET",
    "id": "B986",
    "nombre": "FORMENTERA",
    "lat": 38.693709,
    "lon": 1.463528,
    "fecha_utc": "2026-10-06T09:00:00+00:00",
    "velocidad_kmh": 5.4,
    "racha_kmh": 11.9,
    "direccion_grados": 328.0,
    "direccion_cardinal": "NNO",
    "hacia_grados": 148.0,
    "temperatura_c": 25.0,
    "humedad_pct": 84.0,
    "regla_30": false
   }
  },
  {
   "type": "Feature",
   "geometry": {
    "type": "Point",
    "coordinates": [
     -13.690277,
     28.969726
    ]
   },
   "properties": {
    "fuente": "AEMET",
    "id": "C018J",
    "nombre": "TIAS-LAS VEGAS",
    "lat": 28.969726,
    "lon": -13.690277,
    "fecha_utc": "2026-10-06T08:00:00+00:00",
    "velocidad_kmh": 15.5,
    "racha_kmh": 19.8,
    "direccion_grados": 349.0,
    "direccion_cardinal": "N",
    "hacia_grados": 169.0,
    "temperatura_c": null,
    "humedad_pct": null,
    "regla_30": null
   }
  },
  {
   "type": "Feature",
   "geometry": {
    "type": "Point",
    "coordinates": [
     -13.834999,
     28.858884
    ]
   },
   "properties": {
    "fuente": "AEMET",
    "id": "C019V",
    "nombre": "YAIZA-PLAYA BLANCA",
    "lat": 28.858884,
    "lon": -13.834999,
    "fecha_utc": "2026-10-06T08:00:00+00:00",
    "velocidad_kmh": 7.2,
    "racha_kmh": 11.9,
    "direccion_grados": 360.0,
    "direccion_cardinal": "N",
    "hacia_grados": 180.0,
    "temperatura_c": 23.7,
    "humedad_pct": 79.0,
    "regla_30": false
   }
  },
  {
   "type": "Feature",
   "geometry": {
    "type": "Point",
    "coordinates": [
     -13.600279,
     28.951943
    ]
   },
   "properties": {
    "fuente": "AEMET",
    "id": "C029O",
    "nombre": "LANZAROTE/AEROPUERTO",
    "lat": 28.951943,
    "lon": -13.600279,
    "fecha_utc": "2026-10-06T09:00:00+00:00",
    "velocidad_kmh": 30.6,
    "racha_kmh": 44.6,
    "direccion_grados": 360.0,
    "direccion_cardinal": "N",
    "hacia_grados": 180.0,
    "temperatura_c": 25.5,
    "humedad_pct": 73.0,
    "regla_30": false
   }
  },
  {
   "type": "Feature",
   "geometry": {
    "type": "Point",
    "coordinates": [
     -13.558055,
     29.001111
    ]
   },
   "properties": {
    "fuente": "AEMET",
    "id": "C029R",
    "nombre": "ARRECIFE - GRANJA CABILDO",
    "lat": 29.001111,
    "lon": -13.558055,
    "fecha_utc": "2026-10-06T09:00:00+00:00",
    "velocidad_kmh": 26.6,
    "racha_kmh": 34.6,
    "direccion_grados": 62.0,
    "direccion_cardinal": "ENE",
    "hacia_grados": 242.0,
    "temperatura_c": 24.2,
    "humedad_pct": 77.0,
    "regla_30": false
   }
  },
  {
   "type": "Feature",
   "geometry": {
    "type": "Point",
    "coordinates": [
     -13.489167,
     29.143611
    ]
   },
   "properties": {
    "fuente": "AEMET",
    "id": "C038N",
    "nombre": "HARÍA-CEMENTERIO",
    "lat": 29.143611,
    "lon": -13.489167,
    "fecha_utc": "2026-10-06T09:00:00+00:00",
    "velocidad_kmh": 13.3,
    "racha_kmh": 20.5,
    "direccion_grados": 6.0,
    "direccion_cardinal": "N",
    "hacia_grados": 186.0,
    "temperatura_c": 22.7,
    "humedad_pct": 83.0,
    "regla_30": false
   }
  },
  {
   "type": "Feature",
   "geometry": {
    "type": "Point",
    "coordinates": [
     -13.680833,
     29.0425
    ]
   },
   "properties": {
    "fuente": "AEMET",
    "id": "C048W",
    "nombre": "TINAJO-LOS DOLORES",
    "lat": 29.0425,
    "lon": -13.680833,
    "fecha_utc": "2026-10-06T08:00:00+00:00",
    "velocidad_kmh": 12.2,
    "racha_kmh": 18.7,
    "direccion_grados": 27.0,
    "direccion_cardinal": "NNE",
    "hacia_grados": 207.0,
    "temperatura_c": 20.8,
    "humedad_pct": 97.0,
    "regla_30": false
   }
  },
  {
   "type": "Feature",
   "geometry": {
    "type": "Point",
    "coordinates": [
     -17.895278,
     28.755833
    ]
   },
   "properties": {
    "fuente": "AEMET",
    "id": "C101A",
    "nombre": "ROQUE DE LOS MUCHACHOS",
    "lat": 28.755833,
    "lon": -17.895278,
    "fecha_utc": "2026-10-06T09:00:00+00:00",
    "velocidad_kmh": 18.0,
    "racha_kmh": 27.0,
    "direccion_grados": 194.0,
    "direccion_cardinal": "SSO",
    "hacia_grados": 14.0,
    "temperatura_c": 14.5,
    "humedad_pct": 36.0,
    "regla_30": false
   }
  },
  {
   "type": "Feature",
   "geometry": {
    "type": "Point",
    "coordinates": [
     -17.985556,
     28.760556
    ]
   },
   "properties": {
    "fuente": "AEMET",
    "id": "C117A",
    "nombre": "PUNTAGORDA",
    "lat": 28.760556,
    "lon": -17.985556,
    "fecha_utc": "2026-10-06T09:00:00+00:00",
    "velocidad_kmh": 3.2,
    "racha_kmh": 14.4,
    "direccion_grados": 27.0,
    "direccion_cardinal": "NNE",
    "hacia_grados": 207.0,
    "temperatura_c": 19.6,
    "humedad_pct": 81.0,
    "regla_30": false
   }
  },
  {
   "type": "Feature",
   "geometry": {
    "type": "Point",
    "coordinates": [
     -17.936667,
     28.674722
    ]
   },
   "properties": {
    "fuente": "AEMET",
    "id": "C117Z",
    "nombre": "TIJARAFE-MIRADOR TIME",
    "lat": 28.674722,
    "lon": -17.936667,
    "fecha_utc": "2026-10-06T09:00:00+00:00",
    "velocidad_kmh": 14.4,
    "racha_kmh": 23.4,
    "direccion_grados": 303.0,
    "direccion_cardinal": "ONO",
    "hacia_grados": 123.0,
    "temperatura_c": 19.2,
    "humedad_pct": 80.0,
    "regla_30": false
   }
  },
  {
   "type": "Feature",
   "geometry": {
    "type": "Point",
    "coordinates": [
     -17.853056,
     28.653889
    ]
   },
   "properties": {
    "fuente": "AEMET",
    "id": "C126A",
    "nombre": "EL PASO-C.F.",
    "lat": 28.653889,
    "lon": -17.853056,
    "fecha_utc": "2026-10-06T08:00:00+00:00",
    "velocidad_kmh": 6.1,
    "racha_kmh": 9.7,
    "direccion_grados": 112.0,
    "direccion_cardinal": "ESE",
    "hacia_grados": 292.0,
    "temperatura_c": 15.0,
    "humedad_pct": 81.0,
    "regla_30": false
   }
  },
  {
   "type": "Feature",
   "geometry": {
    "type": "Point",
    "coordinates": [
     -17.841111,
     28.455
    ]
   },
   "properties": {
    "fuente": "AEMET",
    "id": "C129V",
    "nombre": "FUENCALIENTE-SALINAS",
    "lat": 28.455,
    "lon": -17.841111,
    "fecha_utc": "2026-10-06T08:00:00+00:00",
    "velocidad_kmh": 14.0,
    "racha_kmh": 24.1,
    "direccion_grados": 34.0,
    "direccion_cardinal": "NE",
    "hacia_grados": 214.0,
    "temperatura_c": 23.6,
    "humedad_pct": 75.0,
    "regla_30": false
   }
  },
  {
   "type": "Feature",
   "geometry": {
    "type": "Point",
    "coordinates": [
     -17.894167,
     28.590278
    ]
   },
   "properties": {
    "fuente": "AEMET",
    "id": "C129X",
    "nombre": "LAS MANCHAS  ARIDANE",
    "lat": 28.590278,
    "lon": -17.894167,
    "fecha_utc": "2026-10-06T09:00:00+00:00",
    "velocidad_kmh": 5.8,
    "racha_kmh": 12.6,
    "direccion_grados": 359.0,
    "direccion_cardinal": "N",
    "hacia_grados": 179.0,
    "temperatura_c": 22.9,
    "humedad_pct": 67.0,
    "regla_30": false
   }
  },
  {
   "type": "Feature",
   "geometry": {
    "type": "Point",
    "coordinates": [
     -17.755005,
     28.633056
    ]
   },
   "properties": {
    "fuente": "AEMET",
    "id": "C139E",
    "nombre": "LA PALMA/AEROPUERTO",
    "lat": 28.633056,
    "lon": -17.755005,
    "fecha_utc": "2026-10-06T09:00:00+00:00",
    "velocidad_kmh": 6.5,
    "racha_kmh": 14.8,
    "direccion_grados": 280.0,
    "direccion_cardinal": "O",
    "hacia_grados": 100.0,
    "temperatura_c": 24.3,
    "humedad_pct": 76.0,
    "regla_30": false
   }
  },
  {
   "type": "Feature",
   "geometry": {
    "type": "Point",
    "coordinates": [
     -17.782222,
     28.804722
    ]
   },
   "properties": {
    "fuente": "AEMET",
    "id": "C148F",
    "nombre": "SAUCES-S.ANDRÉS-BALSA ADEYAHAME",
    "lat": 28.804722,
    "lon": -17.782222,
    "fecha_utc": "2026-10-06T08:00:00+00:00",
    "velocidad_kmh": 6.5,
    "racha_kmh": 10.1,
    "direccion_grados": 230.0,
    "direccion_cardinal": "SO",
    "hacia_grados": 50.0,
    "temperatura_c": 19.9,
    "humedad_pct": 87.0,
    "regla_30": false
   }
  },
  {
   "type": "Feature",
   "geometry": {
    "type": "Point",
    "coordinates": [
     -14.358002,
     28.04904
    ]
   },
   "properties": {
    "fuente": "AEMET",
    "id": "C229J",
    "nombre": "PÁJARA-PUERTO MORRO JABLE",
    "lat": 28.04904,
    "lon": -14.358002,
    "fecha_utc": "2026-10-06T09:00:00+00:00",
    "velocidad_kmh": 4.3,
    "racha_kmh": 16.2,
    "direccion_grados": 99.0,
    "direccion_cardinal": "E",
    "hacia_grados": 279.0,
    "temperatura_c": 25.6,
    "humedad_pct": 76.0,
    "regla_30": false
   }
  },
  {
   "type": "Feature",
   "geometry": {
    "type": "Point",
    "coordinates": [
     -14.023056,
     28.208611
    ]
   },
   "properties": {
    "fuente": "AEMET",
    "id": "C239N",
    "nombre": "TUINEJE-PUERTO GRAN TARAJAL",
    "lat": 28.208611,
    "lon": -14.023056,
    "fecha_utc": "2026-10-06T09:00:00+00:00",
    "velocidad_kmh": 7.2,
    "racha_kmh": 19.8,
    "direccion_grados": 111.0,
    "direccion_cardinal": "ESE",
    "hacia_grados": 291.0,
    "temperatura_c": 25.6,
    "humedad_pct": 73.0,
    "regla_30": false
   }
  },
  {
   "type": "Feature",
   "geometry": {
    "type": "Point",
    "coordinates": [
     -14.019167,
     28.416944
    ]
   },
   "properties": {
    "fuente": "AEMET",
    "id": "C248E",
    "nombre": "ANTIGUA-EL CARBÓN",
    "lat": 28.416944,
    "lon": -14.019167,
    "fecha_utc": "2026-10-06T09:00:00+00:00",
    "velocidad_kmh": 19.4,
    "racha_kmh": 34.6,
    "direccion_grados": 341.0,
    "direccion_cardinal": "NNO",
    "hacia_grados": 161.0,
    "temperatura_c": 23.8,
    "humedad_pct": 74.0,
    "regla_30": false
   }
  },
  {
   "type": "Feature",
   "geometry": {
    "type": "Point",
    "coordinates": [
     -13.931667,
     28.6125
    ]
   },
   "properties": {
    "fuente": "AEMET",
    "id": "C258K",
    "nombre": "LA OLIVA (CARRETERA DEL COTILLO)",
    "lat": 28.6125,
    "lon": -13.931667,
    "fecha_utc": "2026-10-06T09:00:00+00:00",
    "velocidad_kmh": 9.0,
    "racha_kmh": 17.6,
    "direccion_grados": 351.0,
    "direccion_cardinal": "N",
    "hacia_grados": 171.0,
    "temperatura_c": 23.6,
    "humedad_pct": 76.0,
    "regla_30": false
   }
  },
  {
   "type": "Feature",
   "geometry": {
    "type": "Point",
    "coordinates": [
     -13.863056,
     28.740556
    ]
   },
   "properties": {
    "fuente": "AEMET",
    "id": "C259X",
    "nombre": "LA OLIVA-PUERTO DE CORRALEJO",
    "lat": 28.740556,
    "lon": -13.863056,
    "fecha_utc": "2026-10-06T08:00:00+00:00",
    "velocidad_kmh": 13.0,
    "racha_kmh": 18.7,
    "direccion_grados": 338.0,
    "direccion_cardinal": "NNO",
    "hacia_grados": 158.0,
    "temperatura_c": 23.6,
    "humedad_pct": 65.0,
    "regla_30": false
   }
  },
  {
   "type": "Feature",
   "geometry": {
    "type": "Point",
    "coordinates": [
     -17.249167,
     28.106944
    ]
   },
   "properties": {
    "fuente": "AEMET",
    "id": "C314Z",
    "nombre": "VALLEHERMOSO-ALTO IGUALERO",
    "lat": 28.106944,
    "lon": -17.249167,
    "fecha_utc": "2026-10-06T09:00:00+00:00",
    "velocidad_kmh": 6.1,
    "racha_kmh": 23.0,
    "direccion_grados": 120.0,
    "direccion_cardinal": "ESE",
    "hacia_grados": 300.0,
    "temperatura_c": 20.8,
    "humedad_pct": 47.0,
    "regla_30": false
   }
  },
  {
   "type": "Feature",
   "geometry": {
    "type": "Point",
    "coordinates": [
     -17.315,
     28.128333
    ]
   },
   "properties": {
    "fuente": "AEMET",
    "id": "C316I",
    "nombre": "ARURE CEMENTERIO",
    "lat": 28.128333,
    "lon": -17.315,
    "fecha_utc": "2026-10-06T07:00:00+00:00",
    "velocidad_kmh": 5.4,
    "racha_kmh": 8.6,
    "direccion_grados": 67.0,
    "direccion_cardinal": "ENE",
    "hacia_grados": 247.0,
    "temperatura_c": 16.2,
    "humedad_pct": 96.0,
    "regla_30": false
   }
  },
  {
   "type": "Feature",
   "geometry": {
    "type": "Point",
    "coordinates": [
     -17.213056,
     28.178889
    ]
   },
   "properties": {
    "fuente": "AEMET",
    "id": "C317B",
    "nombre": "AGULO-JUEGO BOLAS",
    "lat": 28.178889,
    "lon": -17.213056,
    "fecha_utc": "2026-10-06T09:00:00+00:00",
    "velocidad_kmh": 3.2,
    "racha_kmh": 14.4,
    "direccion_grados": 349.0,
    "direccion_cardinal": "N",
    "hacia_grados": 169.0,
    "temperatura_c": 18.2,
    "humedad_pct": 98.0,
    "regla_30": false
   }
  },
  {
   "type": "Feature",
   "geometry": {
    "type": "Point",
    "coordinates": [
     -17.306389,
     28.054167
    ]
   },
   "properties": {
    "fuente": "AEMET",
    "id": "C319W",
    "nombre": "VALLEHERMOSO-DAMA",
    "lat": 28.054167,
    "lon": -17.306389,
    "fecha_utc": "2026-10-06T08:00:00+00:00",
    "velocidad_kmh": 6.1,
    "racha_kmh": 14.0,
    "direccion_grados": 336.0,
    "direccion_cardinal": "NNO",
    "hacia_grados": 156.0,
    "temperatura_c": 22.4,
    "humedad_pct": 84.0,
    "regla_30": false
   }
  },
  {
   "type": "Feature",
   "geometry": {
    "type": "Point",
    "coordinates": [
     -17.194167,
     28.163611
    ]
   },
   "properties": {
    "fuente": "AEMET",
    "id": "C328W",
    "nombre": "HERMIGUA-DEPÓSITO AYUNTAMIENTO",
    "lat": 28.163611,
    "lon": -17.194167,
    "fecha_utc": "2026-10-06T09:00:00+00:00",
    "velocidad_kmh": 1.4,
    "racha_kmh": 7.6,
    "direccion_grados": 46.0,
    "direccion_cardinal": "NE",
    "hacia_grados": 226.0,
    "temperatura_c": 22.1,
    "humedad_pct": 85.0,
    "regla_30": false
   }
  },
  {
   "type": "Feature",
   "geometry": {
    "type": "Point",
    "coordinates": [
     -17.111389,
     28.089722
    ]
   },
   "properties": {
    "fuente": "AEMET",
    "id": "C329Z",
    "nombre": "SAN SEBASTIÁN DE LA GOMERA",
    "lat": 28.089722,
    "lon": -17.111389,
    "fecha_utc": "2026-10-06T09:00:00+00:00",
    "velocidad_kmh": 5.4,
    "racha_kmh": 16.6,
    "direccion_grados": 0.0,
    "direccion_cardinal": "N",
    "hacia_grados": 180.0,
    "temperatura_c": 26.0,
    "humedad_pct": 63.0,
    "regla_30": false
   }
  },
  {
   "type": "Feature",
   "geometry": {
    "type": "Point",
    "coordinates": [
     -16.626111,
     28.224167
    ]
   },
   "properties": {
    "fuente": "AEMET",
    "id": "C406G",
    "nombre": "CAÑADAS PARADOR",
    "lat": 28.224167,
    "lon": -16.626111,
    "fecha_utc": "2026-10-06T08:00:00+00:00",
    "velocidad_kmh": 1.1,
    "racha_kmh": 7.9,
    "direccion_grados": 93.0,
    "direccion_cardinal": "E",
    "hacia_grados": 273.0,
    "temperatura_c": 13.7,
    "humedad_pct": 54.0,
    "regla_30": false
   }
  },
  {
   "type": "Feature",
   "geometry": {
    "type": "Point",
    "coordinates": [
     -16.792028,
     28.207056
    ]
   },
   "properties": {
    "fuente": "AEMET",
    "id": "C419L",
    "nombre": "LOMO DEL BALO",
    "lat": 28.207056,
    "lon": -16.792028,
    "fecha_utc": "2026-10-06T09:00:00+00:00",
    "velocidad_kmh": 4.0,
    "racha_kmh": 6.8,
    "direccion_grados": 230.0,
    "direccion_cardinal": "SO",
    "hacia_grados": 50.0,
    "temperatura_c": 23.1,
    "humedad_pct": 75.0,
    "regla_30": false
   }
  },
  {
   "type": "Feature",
   "geometry": {
    "type": "Point",
    "coordinates": [
     -16.483333,
     28.180833
    ]
   },
   "properties": {
    "fuente": "AEMET",
    "id": "C428T",
    "nombre": "ARICO-DEPURADORA LA DEGOLLADA",
    "lat": 28.180833,
    "lon": -16.483333,
    "fecha_utc": "2026-10-06T08:00:00+00:00",
    "velocidad_kmh": 7.6,
    "racha_kmh": 14.0,
    "direccion_grados": 38.0,
    "direccion_cardinal": "NE",
    "hacia_grados": 218.0,
    "temperatura_c": 20.5,
    "humedad_pct": 83.0,
    "regla_30": false
   }
  },
  {
   "type": "Feature",
   "geometry": {
    "type": "Point",
    "coordinates": [
     -16.561158,
     28.046992
    ]
   },
   "properties": {
    "fuente": "AEMET",
    "id": "C429I",
    "nombre": "TENERIFE/SUR",
    "lat": 28.046992,
    "lon": -16.561158,
    "fecha_utc": "2026-10-06T09:00:00+00:00",
    "velocidad_kmh": 14.4,
    "racha_kmh": 20.5,
    "direccion_grados": 60.0,
    "direccion_cardinal": "ENE",
    "hacia_grados": 240.0,
    "temperatura_c": 25.7,
    "humedad_pct": 66.0,
    "regla_30": false
   }
  },
  {
   "type": "Feature",
   "geometry": {
    "type": "Point",
    "coordinates": [
     -16.499722,
     28.308333
    ]
   },
   "properties": {
    "fuente": "AEMET",
    "id": "C430E",
    "nombre": "IZAÑA",
    "lat": 28.308333,
    "lon": -16.499722,
    "fecha_utc": "2026-10-06T09:00:00+00:00",
    "velocidad_kmh": 10.1,
    "racha_kmh": 25.2,
    "direccion_grados": 204.0,
    "direccion_cardinal": "SSO",
    "hacia_grados": 24.0,
    "temperatura_c": 16.1,
    "humedad_pct": 38.0,
    "regla_30": false
   }
  },
  {
   "type": "Feature",
   "geometry": {
    "type": "Point",
    "coordinates": [
     -16.401736,
     28.359247
    ]
   },
   "properties": {
    "fuente": "AEMET",
    "id": "C438N",
    "nombre": "CANDELARIA-DEPOSITO CUEVECITAS",
    "lat": 28.359247,
    "lon": -16.401736,
    "fecha_utc": "2026-10-06T08:00:00+00:00",
    "velocidad_kmh": 1.1,
    "racha_kmh": 9.0,
    "direccion_grados": 331.0,
    "direccion_cardinal": "NNO",
    "hacia_grados": 151.0,
    "temperatura_c": 20.3,
    "humedad_pct": 83.0,
    "regla_30": false
   }
  },
  {
   "type": "Feature",
   "geometry": {
    "type": "Point",
    "coordinates": [
     -16.382229,
     28.318405
    ]
   },
   "properties": {
    "fuente": "AEMET",
    "id": "C439J",
    "nombre": "TENERIFE-GÜIMAR",
    "lat": 28.318405,
    "lon": -16.382229,
    "fecha_utc": "2026-10-06T09:00:00+00:00",
    "velocidad_kmh": 9.7,
    "racha_kmh": 16.6,
    "direccion_grados": 48.0,
    "direccion_cardinal": "NE",
    "hacia_grados": 228.0,
    "temperatura_c": 24.7,
    "humedad_pct": 72.0,
    "regla_30": false
   }
  },
  {
   "type": "Feature",
   "geometry": {
    "type": "Point",
    "coordinates": [
     -16.280278,
     28.526389
    ]
   },
   "properties": {
    "fuente": "AEMET",
    "id": "C446G",
    "nombre": "LAS MERCEDES-LLANO LOS LOROS",
    "lat": 28.526389,
    "lon": -16.280278,
    "fecha_utc": "2026-10-06T09:00:00+00:00",
    "velocidad_kmh": 11.5,
    "racha_kmh": 31.3,
    "direccion_grados": 333.0,
    "direccion_cardinal": "NNO",
    "hacia_grados": 153.0,
    "temperatura_c": 17.8,
    "humedad_pct": 100.0,
    "regla_30": false
   }
  },
  {
   "type": "Feature",
   "geometry": {
    "type": "Point",
    "coordinates": [
     -16.329444,
     28.477497
    ]
   },
   "properties": {
    "fuente": "AEMET",
    "id": "C447A",
    "nombre": "TENERIFE/LOS RODEOS",
    "lat": 28.477497,
    "lon": -16.329444,
    "fecha_utc": "2026-10-06T09:00:00+00:00",
    "velocidad_kmh": 21.6,
    "racha_kmh": 31.7,
    "direccion_grados": 290.0,
    "direccion_cardinal": "ONO",
    "hacia_grados": 110.0,
    "temperatura_c": 20.5,
    "humedad_pct": 86.0,
    "regla_30": false
   }
  },
  {
   "type": "Feature",
   "geometry": {
    "type": "Point",
    "coordinates": [
     -16.255282,
     28.463337
    ]
   },
   "properties": {
    "fuente": "AEMET",
    "id": "C449C",
    "nombre": "SANTA CRUZ DE TENERIFE ",
    "lat": 28.463337,
    "lon": -16.255282,
    "fecha_utc": "2026-10-06T09:00:00+00:00",
    "velocidad_kmh": 4.7,
    "racha_kmh": 10.4,
    "direccion_grados": 95.0,
    "direccion_cardinal": "E",
    "hacia_grados": 275.0,
    "temperatura_c": 24.7,
    "humedad_pct": 73.0,
    "regla_30": false
   }
  },
  {
   "type": "Feature",
   "geometry": {
    "type": "Point",
    "coordinates": [
     -16.195556,
     28.508056
    ]
   },
   "properties": {
    "fuente": "AEMET",
    "id": "C449F",
    "nombre": "ANAGA-COL. REP. ARGENTINA",
    "lat": 28.508056,
    "lon": -16.195556,
    "fecha_utc": "2026-10-06T06:00:00+00:00",
    "velocidad_kmh": 3.6,
    "racha_kmh": 7.2,
    "direccion_grados": 7.0,
    "direccion_cardinal": "N",
    "hacia_grados": 187.0,
    "temperatura_c": 22.4,
    "humedad_pct": 81.0,
    "regla_30": false
   }
  },
  {
   "type": "Feature",
   "geometry": {
    "type": "Point",
    "coordinates": [
     -16.454444,
     28.434444
    ]
   },
   "properties": {
    "fuente": "AEMET",
    "id": "C457I",
    "nombre": "VICTORIA-DEPÓSITO MARRERO",
    "lat": 28.434444,
    "lon": -16.454444,
    "fecha_utc": "2026-10-06T09:00:00+00:00",
    "velocidad_kmh": 2.9,
    "racha_kmh": 9.0,
    "direccion_grados": 165.0,
    "direccion_cardinal": "SSE",
    "hacia_grados": 345.0,
    "temperatura_c": 20.6,
    "humedad_pct": 78.0,
    "regla_30": false
   }
  },
  {
   "type": "Feature",
   "geometry": {
    "type": "Point",
    "coordinates": [
     -16.420064,
     28.496473
    ]
   },
   "properties": {
    "fuente": "AEMET",
    "id": "C458A",
    "nombre": "TACORONTE-A S.E.A.",
    "lat": 28.496473,
    "lon": -16.420064,
    "fecha_utc": "2026-10-06T08:00:00+00:00",
    "velocidad_kmh": 4.0,
    "racha_kmh": 9.4,
    "direccion_grados": 167.0,
    "direccion_cardinal": "SSE",
    "hacia_grados": 347.0,
    "temperatura_c": 20.9,
    "humedad_pct": 83.0,
    "regla_30": false
   }
  },
  {
   "type": "Feature",
   "geometry": {
    "type": "Point",
    "coordinates": [
     -16.572064,
     28.383364
    ]
   },
   "properties": {
    "fuente": "AEMET",
    "id": "C458Z",
    "nombre": "VALLE DE LA OROTAVA",
    "lat": 28.383364,
    "lon": -16.572064,
    "fecha_utc": "2026-10-06T09:00:00+00:00",
    "velocidad_kmh": 3.2,
    "racha_kmh": 9.7,
    "direccion_grados": 18.0,
    "direccion_cardinal": "NNE",
    "hacia_grados": 198.0,
    "temperatura_c": 21.8,
    "humedad_pct": 80.0,
    "regla_30": false
   }
  },
  {
   "type": "Feature",
   "geometry": {
    "type": "Point",
    "coordinates": [
     -16.625833,
     28.373056
    ]
   },
   "properties": {
    "fuente": "AEMET",
    "id": "C468X",
    "nombre": "LLANOS DE MESA ",
    "lat": 28.373056,
    "lon": -16.625833,
    "fecha_utc": "2026-10-06T09:00:00+00:00",
    "velocidad_kmh": 5.4,
    "racha_kmh": 11.9,
    "direccion_grados": 295.0,
    "direccion_cardinal": "ONO",
    "hacia_grados": 115.0,
    "temperatura_c": 20.7,
    "humedad_pct": 85.0,
    "regla_30": false
   }
  },
  {
   "type": "Feature",
   "geometry": {
    "type": "Point",
    "coordinates": [
     -16.7725,
     28.371389
    ]
   },
   "properties": {
    "fuente": "AEMET",
    "id": "C469E",
    "nombre": "GARACHICO LA QUINTA",
    "lat": 28.371389,
    "lon": -16.7725,
    "fecha_utc": "2026-10-06T09:00:00+00:00",
    "velocidad_kmh": 4.7,
    "racha_kmh": 10.1,
    "direccion_grados": 66.0,
    "direccion_cardinal": "ENE",
    "hacia_grados": 246.0,
    "temperatura_c": 24.2,
    "humedad_pct": 78.0,
    "regla_30": false
   }
  },
  {
   "type": "Feature",
   "geometry": {
    "type": "Point",
    "coordinates": [
     -15.583889,
     27.976667
    ]
   },
   "properties": {
    "fuente": "AEMET",
    "id": "C611E",
    "nombre": "SAN MATEO (CORRAL DE LOS JUNCOS)",
    "lat": 27.976667,
    "lon": -15.583889,
    "fecha_utc": "2026-10-06T09:00:00+00:00",
    "velocidad_kmh": 11.5,
    "racha_kmh": 19.1,
    "direccion_grados": 184.0,
    "direccion_cardinal": "S",
    "hacia_grados": 4.0,
    "temperatura_c": 20.4,
    "humedad_pct": 53.0,
    "regla_30": false
   }
  },
  {
   "type": "Feature",
   "geometry": {
    "type": "Point",
    "coordinates": [
     -15.598889,
     28.006944
    ]
   },
   "properties": {
    "fuente": "AEMET",
    "id": "C612F",
    "nombre": "TEJEDA-CRUZ DE TEJEDA",
    "lat": 28.006944,
    "lon": -15.598889,
    "fecha_utc": "2026-10-06T09:00:00+00:00",
    "velocidad_kmh": 5.8,
    "racha_kmh": 12.6,
    "direccion_grados": 281.0,
    "direccion_cardinal": "O",
    "hacia_grados": 101.0,
    "temperatura_c": 20.5,
    "humedad_pct": 53.0,
    "regla_30": false
   }
  },
  {
   "type": "Feature",
   "geometry": {
    "type": "Point",
    "coordinates": [
     -15.615833,
     27.995
    ]
   },
   "properties": {
    "fuente": "AEMET",
    "id": "C614H",
    "nombre": "TEJEDA CASCO",
    "lat": 27.995,
    "lon": -15.615833,
    "fecha_utc": "2026-10-06T09:00:00+00:00",
    "velocidad_kmh": 3.6,
    "racha_kmh": 10.4,
    "direccion_grados": 4.0,
    "direccion_cardinal": "N",
    "hacia_grados": 184.0,
    "temperatura_c": 25.6,
    "humedad_pct": 38.0,
    "regla_30": false
   }
  },
  {
   "type": "Feature",
   "geometry": {
    "type": "Point",
    "coordinates": [
     -15.712778,
     28.101111
    ]
   },
   "properties": {
    "fuente": "AEMET",
    "id": "C619X",
    "nombre": "AGAETE-CASCO",
    "lat": 28.101111,
    "lon": -15.712778,
    "fecha_utc": "2026-10-06T06:00:00+00:00",
    "velocidad_kmh": 7.6,
    "racha_kmh": 22.3,
    "direccion_grados": 81.0,
    "direccion_cardinal": "E",
    "hacia_grados": 261.0,
    "temperatura_c": 24.3,
    "humedad_pct": 77.0,
    "regla_30": false
   }
  },
  {
   "type": "Feature",
   "geometry": {
    "type": "Point",
    "coordinates": [
     -15.8075,
     28.001111
    ]
   },
   "properties": {
    "fuente": "AEMET",
    "id": "C619Y",
    "nombre": "LA ALDEA DE SAN NICOLAS",
    "lat": 28.001111,
    "lon": -15.8075,
    "fecha_utc": "2026-10-06T09:00:00+00:00",
    "velocidad_kmh": 19.4,
    "racha_kmh": 33.5,
    "direccion_grados": 31.0,
    "direccion_cardinal": "NNE",
    "hacia_grados": 211.0,
    "temperatura_c": 25.4,
    "humedad_pct": 73.0,
    "regla_30": false
   }
  },
  {
   "type": "Feature",
   "geometry": {
    "type": "Point",
    "coordinates": [
     -15.599722,
     27.926667
    ]
   },
   "properties": {
    "fuente": "AEMET",
    "id": "C623I",
    "nombre": "SAN BARTOLOME TIRAJANA (CUEVAS DEL PINAR)",
    "lat": 27.926667,
    "lon": -15.599722,
    "fecha_utc": "2026-10-06T09:00:00+00:00",
    "velocidad_kmh": 2.2,
    "racha_kmh": 8.3,
    "direccion_grados": 137.0,
    "direccion_cardinal": "SE",
    "hacia_grados": 317.0,
    "temperatura_c": 22.2,
    "humedad_pct": 49.0,
    "regla_30": false
   }
  },
  {
   "type": "Feature",
   "geometry": {
    "type": "Point",
    "coordinates": [
     -15.645,
     27.856944
    ]
   },
   "properties": {
    "fuente": "AEMET",
    "id": "C625O",
    "nombre": "SAN BARTOLOME TIRAJANA-LOMO PEDRO ALFONSO",
    "lat": 27.856944,
    "lon": -15.645,
    "fecha_utc": "2026-10-06T09:00:00+00:00",
    "velocidad_kmh": 2.9,
    "racha_kmh": 5.8,
    "direccion_grados": 17.0,
    "direccion_cardinal": "NNE",
    "hacia_grados": 197.0,
    "temperatura_c": 22.3,
    "humedad_pct": 70.0,
    "regla_30": false
   }
  },
  {
   "type": "Feature",
   "geometry": {
    "type": "Point",
    "coordinates": [
     -15.77,
     27.908889
    ]
   },
   "properties": {
    "fuente": "AEMET",
    "id": "C628B",
    "nombre": "SAN NICOLAS T.-TASARTE/COPARLITA",
    "lat": 27.908889,
    "lon": -15.77,
    "fecha_utc": "2026-10-06T09:00:00+00:00",
    "velocidad_kmh": 6.5,
    "racha_kmh": 12.2,
    "direccion_grados": 30.0,
    "direccion_cardinal": "NNE",
    "hacia_grados": 210.0,
    "temperatura_c": 24.2,
    "humedad_pct": 73.0,
    "regla_30": false
   }
  },
  {
   "type": "Feature",
   "geometry": {
    "type": "Point",
    "coordinates": [
     -15.711111,
     27.78
    ]
   },
   "properties": {
    "fuente": "AEMET",
    "id": "C629Q",
    "nombre": "MOGAN (PUERTO RICO)",
    "lat": 27.78,
    "lon": -15.711111,
    "fecha_utc": "2026-10-06T09:00:00+00:00",
    "velocidad_kmh": 6.5,
    "racha_kmh": 20.5,
    "direccion_grados": 227.0,
    "direccion_cardinal": "SO",
    "hacia_grados": 47.0,
    "temperatura_c": 24.7,
    "humedad_pct": 83.0,
    "regla_30": false
   }
  },
  {
   "type": "Feature",
   "geometry": {
    "type": "Point",
    "coordinates": [
     -15.764167,
     27.816389
    ]
   },
   "properties": {
    "fuente": "AEMET",
    "id": "C629X",
    "nombre": "PUERTO DE MOGÁN",
    "lat": 27.816389,
    "lon": -15.764167,
    "fecha_utc": "2026-10-06T09:00:00+00:00",
    "velocidad_kmh": 9.0,
    "racha_kmh": 18.4,
    "direccion_grados": 230.0,
    "direccion_cardinal": "SO",
    "hacia_grados": 50.0,
    "temperatura_c": 25.2,
    "humedad_pct": 82.0,
    "regla_30": false
   }
  },
  {
   "type": "Feature",
   "geometry": {
    "type": "Point",
    "coordinates": [
     -15.574167,
     27.92
    ]
   },
   "properties": {
    "fuente": "AEMET",
    "id": "C635B",
    "nombre": "SAN BARTOLOME TIRAJANA-H.LAS TIRAJANAS",
    "lat": 27.92,
    "lon": -15.574167,
    "fecha_utc": "2026-10-06T08:00:00+00:00",
    "velocidad_kmh": 3.6,
    "racha_kmh": 9.7,
    "direccion_grados": 130.0,
    "direccion_cardinal": "SE",
    "hacia_grados": 310.0,
    "temperatura_c": 21.1,
    "humedad_pct": 61.0,
    "regla_30": false
   }
  },
  {
   "type": "Feature",
   "geometry": {
    "type": "Point",
    "coordinates": [
     -15.575556,
     27.758056
    ]
   },
   "properties": {
    "fuente": "AEMET",
    "id": "C639M",
    "nombre": "SAN BARTOLOME TIRAJANA-C.INSULAR TURISMO",
    "lat": 27.758056,
    "lon": -15.575556,
    "fecha_utc": "2026-10-06T09:00:00+00:00",
    "velocidad_kmh": 5.8,
    "racha_kmh": 15.8,
    "direccion_grados": 126.0,
    "direccion_cardinal": "SE",
    "hacia_grados": 306.0,
    "temperatura_c": 25.8,
    "humedad_pct": 74.0,
    "regla_30": false
   }
  },
  {
   "type": "Feature",
   "geometry": {
    "type": "Point",
    "coordinates": [
     -15.453056,
     27.8125
    ]
   },
   "properties": {
    "fuente": "AEMET",
    "id": "C639U",
    "nombre": "SAN BARTOLOME TIRAJANA (EL MATORRAL)",
    "lat": 27.8125,
    "lon": -15.453056,
    "fecha_utc": "2026-10-06T09:00:00+00:00",
    "velocidad_kmh": 17.6,
    "racha_kmh": 32.0,
    "direccion_grados": 33.0,
    "direccion_cardinal": "NNE",
    "hacia_grados": 213.0,
    "temperatura_c": 25.8,
    "humedad_pct": 74.0,
    "regla_30": false
   }
  },
  {
   "type": "Feature",
   "geometry": {
    "type": "Point",
    "coordinates": [
     -15.453889,
     27.9025
    ]
   },
   "properties": {
    "fuente": "AEMET",
    "id": "C648C",
    "nombre": "AGÜIMES-EL MILANO",
    "lat": 27.9025,
    "lon": -15.453889,
    "fecha_utc": "2026-10-06T08:00:00+00:00",
    "velocidad_kmh": 2.5,
    "racha_kmh": 29.2,
    "direccion_grados": 308.0,
    "direccion_cardinal": "NO",
    "hacia_grados": 128.0,
    "temperatura_c": 22.4,
    "humedad_pct": 80.0,
    "regla_30": false
   }
  },
  {
   "type": "Feature",
   "geometry": {
    "type": "Point",
    "coordinates": [
     -15.457778,
     27.9875
    ]
   },
   "properties": {
    "fuente": "AEMET",
    "id": "C648N",
    "nombre": "TELDE-CENTRO FORESTAL DORAMAS",
    "lat": 27.9875,
    "lon": -15.457778,
    "fecha_utc": "2026-10-06T09:00:00+00:00",
    "velocidad_kmh": 14.0,
    "racha_kmh": 23.8,
    "direccion_grados": 337.0,
    "direccion_cardinal": "NNO",
    "hacia_grados": 157.0,
    "temperatura_c": 22.3,
    "humedad_pct": 84.0,
    "regla_30": false
   }
  },
  {
   "type": "Feature",
   "geometry": {
    "type": "Point",
    "coordinates": [
     -15.395303,
     27.917725
    ]
   },
   "properties": {
    "fuente": "AEMET",
    "id": "C649I",
    "nombre": "LAS PALMAS DE GRAN CANARIA/GANDO",
    "lat": 27.917725,
    "lon": -15.395303,
    "fecha_utc": "2026-10-06T09:00:00+00:00",
    "velocidad_kmh": 31.3,
    "racha_kmh": 40.7,
    "direccion_grados": 10.0,
    "direccion_cardinal": "N",
    "hacia_grados": 190.0,
    "temperatura_c": 25.5,
    "humedad_pct": 75.0,
    "regla_30": false
   }
  },
  {
   "type": "Feature",
   "geometry": {
    "type": "Point",
    "coordinates": [
     -15.377778,
     27.986667
    ]
   },
   "properties": {
    "fuente": "AEMET",
    "id": "C649R",
    "nombre": "TELDE-MELENARA",
    "lat": 27.986667,
    "lon": -15.377778,
    "fecha_utc": "2026-10-06T09:00:00+00:00",
    "velocidad_kmh": 12.2,
    "racha_kmh": 23.8,
    "direccion_grados": 13.0,
    "direccion_cardinal": "NNE",
    "hacia_grados": 193.0,
    "temperatura_c": 25.2,
    "humedad_pct": 75.0,
    "regla_30": false
   }
  },
  {
   "type": "Feature",
   "geometry": {
    "type": "Point",
    "coordinates": [
     -15.547222,
     28.075278
    ]
   },
   "properties": {
    "fuente": "AEMET",
    "id": "C656V",
    "nombre": "TEROR-OSORIO",
    "lat": 28.075278,
    "lon": -15.547222,
    "fecha_utc": "2026-10-06T08:00:00+00:00",
    "velocidad_kmh": 2.9,
    "racha_kmh": 9.0,
    "direccion_grados": 338.0,
    "direccion_cardinal": "NNO",
    "hacia_grados": 158.0,
    "temperatura_c": 18.9,
    "humedad_pct": 100.0,
    "regla_30": false
   }
  },
  {
   "type": "Feature",
   "geometry": {
    "type": "Point",
    "coordinates": [
     -15.453333,
     28.078056
    ]
   },
   "properties": {
    "fuente": "AEMET",
    "id": "C658X",
    "nombre": "LAS PALMAS G.C.-TAFIRA/ZURBARÁN",
    "lat": 28.078056,
    "lon": -15.453333,
    "fecha_utc": "2026-10-06T09:00:00+00:00",
    "velocidad_kmh": 9.4,
    "racha_kmh": 18.4,
    "direccion_grados": 321.0,
    "direccion_cardinal": "NO",
    "hacia_grados": 141.0,
    "temperatura_c": 22.4,
    "humedad_pct": 90.0,
    "regla_30": false
   }
  },
  {
   "type": "Feature",
   "geometry": {
    "type": "Point",
    "coordinates": [
     -15.421389,
     28.113056
    ]
   },
   "properties": {
    "fuente": "AEMET",
    "id": "C659M",
    "nombre": "LAS PALMAS DE GC. PLAZA  DE LA FERIA",
    "lat": 28.113056,
    "lon": -15.421389,
    "fecha_utc": "2026-10-06T09:00:00+00:00",
    "velocidad_kmh": 6.1,
    "racha_kmh": 19.1,
    "direccion_grados": 356.0,
    "direccion_cardinal": "N",
    "hacia_grados": 176.0,
    "temperatura_c": 25.0,
    "humedad_pct": 78.0,
    "regla_30": false
   }
  },
  {
   "type": "Feature",
   "geometry": {
    "type": "Point",
    "coordinates": [
     -15.565556,
     28.065556
    ]
   },
   "properties": {
    "fuente": "AEMET",
    "id": "C665T",
    "nombre": "VALLESECO",
    "lat": 28.065556,
    "lon": -15.565556,
    "fecha_utc": "2026-10-06T08:00:00+00:00",
    "velocidad_kmh": 2.9,
    "racha_kmh": 7.9,
    "direccion_grados": 274.0,
    "direccion_cardinal": "O",
    "hacia_grados": 94.0,
    "temperatura_c": 17.5,
    "humedad_pct": 100.0,
    "regla_30": false
   }
  },
  {
   "type": "Feature",
   "geometry": {
    "type": "Point",
    "coordinates": [
     -15.674914,
     28.094478
    ]
   },
   "properties": {
    "fuente": "AEMET",
    "id": "C668V",
    "nombre": "AGAETE - SUERTE ALTA",
    "lat": 28.094478,
    "lon": -15.674914,
    "fecha_utc": "2026-10-06T08:00:00+00:00",
    "velocidad_kmh": 6.1,
    "racha_kmh": 9.7,
    "direccion_grados": 303.0,
    "direccion_cardinal": "ONO",
    "hacia_grados": 123.0,
    "temperatura_c": 21.0,
    "humedad_pct": 89.0,
    "regla_30": false
   }
  },
  {
   "type": "Feature",
   "geometry": {
    "type": "Point",
    "coordinates": [
     -15.506667,
     28.141667
    ]
   },
   "properties": {
    "fuente": "AEMET",
    "id": "C669B",
    "nombre": "ARUCAS-BAÑADEROS",
    "lat": 28.141667,
    "lon": -15.506667,
    "fecha_utc": "2026-10-06T08:00:00+00:00",
    "velocidad_kmh": 4.7,
    "racha_kmh": 13.3,
    "direccion_grados": 22.0,
    "direccion_cardinal": "NNE",
    "hacia_grados": 202.0,
    "temperatura_c": 23.6,
    "humedad_pct": 85.0,
    "regla_30": false
   }
  },
  {
   "type": "Feature",
   "geometry": {
    "type": "Point",
    "coordinates": [
     -15.595833,
     27.735833
    ]
   },
   "properties": {
    "fuente": "AEMET",
    "id": "C689E",
    "nombre": "MASPALOMAS",
    "lat": 27.735833,
    "lon": -15.595833,
    "fecha_utc": "2026-10-06T09:00:00+00:00",
    "velocidad_kmh": 13.0,
    "racha_kmh": 20.2,
    "direccion_grados": 107.0,
    "direccion_cardinal": "ESE",
    "hacia_grados": 287.0,
    "temperatura_c": 24.9,
    "humedad_pct": 80.0,
    "regla_30": false
   }
  },
  {
   "type": "Feature",
   "geometry": {
    "type": "Point",
    "coordinates": [
     -13.51021,
     29.229585
    ]
   },
   "properties": {
    "fuente": "AEMET",
    "id": "C839X",
    "nombre": "TEGUISE LA GRACIOSA-HELIPUERTO",
    "lat": 29.229585,
    "lon": -13.51021,
    "fecha_utc": "2026-10-06T09:00:00+00:00",
    "velocidad_kmh": 21.2,
    "racha_kmh": 28.1,
    "direccion_grados": 22.0,
    "direccion_cardinal": "NNE",
    "hacia_grados": 202.0,
    "temperatura_c": 24.4,
    "humedad_pct": 77.0,
    "regla_30": false
   }
  },
  {
   "type": "Feature",
   "geometry": {
    "type": "Point",
    "coordinates": [
     -17.978056,
     27.718889
    ]
   },
   "properties": {
    "fuente": "AEMET",
    "id": "C916Q",
    "nombre": "PINAR-DEPÓSITO",
    "lat": 27.718889,
    "lon": -17.978056,
    "fecha_utc": "2026-10-06T08:00:00+00:00",
    "velocidad_kmh": 5.0,
    "racha_kmh": 14.0,
    "direccion_grados": 26.0,
    "direccion_cardinal": "NNE",
    "hacia_grados": 206.0,
    "temperatura_c": 16.9,
    "humedad_pct": 95.0,
    "regla_30": false
   }
  },
  {
   "type": "Feature",
   "geometry": {
    "type": "Point",
    "coordinates": [
     -18.115,
     27.725278
    ]
   },
   "properties": {
    "fuente": "AEMET",
    "id": "C917E",
    "nombre": "DEHESA-REFUGIO",
    "lat": 27.725278,
    "lon": -18.115,
    "fecha_utc": "2026-10-06T09:00:00+00:00",
    "velocidad_kmh": 5.0,
    "racha_kmh": 18.4,
    "direccion_grados": 141.0,
    "direccion_cardinal": "SE",
    "hacia_grados": 321.0,
    "temperatura_c": 20.4,
    "humedad_pct": 77.0,
    "regla_30": false
   }
  },
  {
   "type": "Feature",
   "geometry": {
    "type": "Point",
    "coordinates": [
     -18.017778,
     27.666667
    ]
   },
   "properties": {
    "fuente": "AEMET",
    "id": "C919K",
    "nombre": "TACORÓN-LAPILLAS-TORTUGA",
    "lat": 27.666667,
    "lon": -18.017778,
    "fecha_utc": "2026-10-06T08:00:00+00:00",
    "velocidad_kmh": 6.5,
    "racha_kmh": 23.0,
    "direccion_grados": 57.0,
    "direccion_cardinal": "ENE",
    "hacia_grados": 237.0,
    "temperatura_c": 23.8,
    "humedad_pct": 73.0,
    "regla_30": false
   }
  },
  {
   "type": "Feature",
   "geometry": {
    "type": "Point",
    "coordinates": [
     -17.960416,
     27.768951
    ]
   },
   "properties": {
    "fuente": "AEMET",
    "id": "C925F",
    "nombre": "SAN ANDRÉS-DEPÓSITO CABILDO",
    "lat": 27.768951,
    "lon": -17.960416,
    "fecha_utc": "2026-10-06T09:00:00+00:00",
    "velocidad_kmh": 2.2,
    "racha_kmh": 12.2,
    "direccion_grados": 21.0,
    "direccion_cardinal": "NNE",
    "hacia_grados": 201.0,
    "temperatura_c": 17.5,
    "humedad_pct": 100.0,
    "regla_30": false
   }
  },
  {
   "type": "Feature",
   "geometry": {
    "type": "Point",
    "coordinates": [
     -17.919444,
     27.810833
    ]
   },
   "properties": {
    "fuente": "AEMET",
    "id": "C928I",
    "nombre": "VALVERDE",
    "lat": 27.810833,
    "lon": -17.919444,
    "fecha_utc": "2026-10-06T08:00:00+00:00",
    "velocidad_kmh": 9.4,
    "racha_kmh": 15.1,
    "direccion_grados": 114.0,
    "direccion_cardinal": "ESE",
    "hacia_grados": 294.0,
    "temperatura_c": 18.8,
    "humedad_pct": 98.0,
    "regla_30": false
   }
  },
  {
   "type": "Feature",
   "geometry": {
    "type": "Point",
    "coordinates": [
     -17.88889,
     27.818888
    ]
   },
   "properties": {
    "fuente": "AEMET",
    "id": "C929I",
    "nombre": "EL HIERRO/AEROPUERTO",
    "lat": 27.818888,
    "lon": -17.88889,
    "fecha_utc": "2026-10-06T09:00:00+00:00",
    "velocidad_kmh": 23.0,
    "racha_kmh": 29.5,
    "direccion_grados": 40.0,
    "direccion_cardinal": "NE",
    "hacia_grados": 220.0,
    "temperatura_c": 24.9,
    "humedad_pct": 80.0,
    "regla_30": false
   }
  },
  {
   "type": "Feature",
   "geometry": {
    "type": "Point",
    "coordinates": [
     -18.107375,
     27.756442
    ]
   },
   "properties": {
    "fuente": "AEMET",
    "id": "C939T",
    "nombre": "SABINOSA-BALNEARIO",
    "lat": 27.756442,
    "lon": -18.107375,
    "fecha_utc": "2026-10-06T06:00:00+00:00",
    "velocidad_kmh": 5.4,
    "racha_kmh": 8.3,
    "direccion_grados": 161.0,
    "direccion_cardinal": "SSE",
    "hacia_grados": 341.0,
    "temperatura_c": 23.6,
    "humedad_pct": 79.0,
    "regla_30": false
   }
  },
  {
   "type": "Feature",
   "geometry": {
    "type": "Point",
    "coordinates": [
     -4.963505,
     41.419465
    ]
   },
   "properties": {
    "fuente": "AEMET",
    "id": "2507Y",
    "nombre": "RUEDA",
    "lat": 41.419465,
    "lon": -4.963505,
    "fecha_utc": "2026-10-06T08:00:00+00:00",
    "velocidad_kmh": 6.8,
    "racha_kmh": 14.0,
    "direccion_grados": 107.0,
    "direccion_cardinal": "ESE",
    "hacia_grados": 287.0,
    "temperatura_c": 14.8,
    "humedad_pct": 93.0,
    "regla_30": false
   }
  }
 ]
}