{"type":"FeatureCollection","fuente":"Eurostat GISCO, NUTS 2021 1:3M (© EuroGeographics), https://gisco-services.ec.europa.eu/distribution/v2/nuts/geojson/NUTS_RG_03M_2021_4326_LEVL_N.geojson","features":[{"type":"Feature","properties":{"tipo":"comunidad","id":"ES61","nombre":"Andalucía"},"geometry":{"type":"MultiPolygon","coordinates":[[[[-5.0152,38.7196],[-4.9946,38.6928],[-4.9491,38.6833],[-4.8758,38.6843],[-4.857,38.6146],[-4.8204,38.5979],[-4.7887,38.5957],[-4.7099,38.5702],[-4.6961,38.5513],[-4.6636,38.5453],[-4.6277,38.5251],[-4.6014,38.4916],[-4.571,38.4905],[-4.5122,38.4609],[-4.4513,38.4031],[-4.2895,38.3462],[-4.2689,38.3472],[-4.2769,38.3832],[-4.2594,38.3999],[-4.1612,38.3832],[-3.9195,38.3691],[-3.8527,38.3774],[-3.8333,38.3922],[-3.8263,38.4134],[-3.7857,38.4245],[-3.7427,38.4162],[-3.725,38.4216],[-3.6249,38.3959],[-3.6038,38.3977],[-3.588,38.4073],[-3.584,38.4434],[-3.5735,38.451],[-3.5416,38.4429],[-3.5252,38.4098],[-3.4571,38.4],[-3.4251,38.4093],[-3.3828,38.4369],[-3.3716,38.4747],[-3.328,38.4815],[-3.2742,38.4604],[-3.1382,38.4394],[-3.0652,38.475],[-3.0025,38.4121],[-2.9916,38.4477],[-2.9647,38.468],[-2.9345,38.4729],[-2.8809,38.4581],[-2.7898,38.5069],[-2.7621,38.5328],[-2.6922,38.5014],[-2.6862,38.4987],[-2.5922,38.5092],[-2.5699,38.491],[-2.5756,38.4267],[-2.57,38.4148],[-2.4842,38.3941],[-2.4903,38.3705],[-2.48,38.3436],[-2.4827,38.3001],[-2.4449,38.2855],[-2.4379,38.2724],[-2.4512,38.218],[-2.4471,38.1901],[-2.5513,38.0841],[-2.5393,38.0759],[-2.5219,38.0701],[-2.505,38.0683],[-2.4817,38.0553],[-2.4712,38.0552],[-2.4611,38.0504],[-2.4339,38.0433],[-2.42,38.0334],[-2.3957,38.0312],[-2.372,38.0236],[-2.357,38.023],[-2.3416,38.026],[-2.301,38.002],[-2.2809,37.9656],[-2.2447,37.9344],[-2.2076,37.9166],[-2.1714,37.8899],[-2.128,37.8993],[-2.0952,37.8783],[-2.0683,37.8792],[-2.0581,37.8796],[-2.0246,37.8701],[-1.9969,37.8787],[-1.9786,37.87],[-1.9939,37.8421],[-2.0065,37.7809],[-1.9984,37.7322],[-2.0115,37.6917],[-2.0079,37.6692],[-1.975,37.6176],[-1.8397,37.4517],[-1.8172,37.4394],[-1.8015,37.4518],[-1.7365,37.4413],[-1.63,37.3752],[-1.6779,37.3503],[-1.709,37.3047],[-1.8034,37.2157],[-1.8536,37.0639],[-1.8972,36.9877],[-1.9021,36.9462],[-1.9406,36.9328],[-1.9901,36.8917],[-2.0012,36.876],[-2.0059,36.8417],[-2.0534,36.8114],[-2.0683,36.7755],[-2.1035,36.7604],[-2.13,36.7323],[-2.1939,36.7246],[-2.2899,36.8178],[-2.3218,36.8339],[-2.3605,36.8409],[-2.4268,36.8132],[-2.4734,36.8349],[-2.5624,36.8146],[-2.5963,36.7783],[-2.6337,36.7144],[-2.6922,36.6885],[-2.7029,36.6838],[-2.7687,36.6819],[-2.8123,36.7043],[-2.8527,36.698],[-2.9235,36.7504],[-2.9771,36.7398],[-3.1287,36.7509],[-3.1601,36.7453],[-3.2493,36.7534],[-3.3307,36.7396],[-3.3652,36.7159],[-3.4281,36.695],[-3.4781,36.6977],[-3.5227,36.7225],[-3.5583,36.7174],[-3.6054,36.7427],[-3.6567,36.7448],[-3.6804,36.7311],[-3.7314,36.7233],[-3.7496,36.7348],[-3.7775,36.7379],[-3.843,36.7529],[-3.9583,36.7276],[-4.0683,36.7472],[-4.1097,36.7258],[-4.1841,36.7148],[-4.3346,36.7131],[-4.3874,36.7213],[-4.4181,36.7145],[-4.511,36.5991],[-4.5395,36.581],[-4.5941,36.5678],[-4.6404,36.5084],[-4.7378,36.4864],[-4.8561,36.5062],[-4.929,36.5008],[-5.0046,36.4612],[-5.079,36.4498],[-5.1771,36.4125],[-5.2194,36.3742],[-5.2524,36.3113],[-5.3145,36.2313],[-5.3392,36.152],[-5.3515,36.1526],[-5.3886,36.1783],[-5.4286,36.1723],[-5.4456,36.145],[-5.4366,36.1249],[-5.4409,36.0938],[-5.4297,36.0803],[-5.4334,36.0713],[-5.4597,36.0533],[-5.4874,36.052],[-5.6046,36.0105],[-5.6438,36.0467],[-5.6795,36.0632],[-5.7188,36.0601],[-5.7718,36.0847],[-5.8002,36.0825],[-5.8702,36.1536],[-5.9132,36.1826],[-5.9797,36.1784],[-6.0357,36.1853],[-6.1031,36.2835],[-6.148,36.3035],[-6.1771,36.3608],[-6.2157,36.3912],[-6.2529,36.4579],[-6.2515,36.4675],[-6.2172,36.4693],[-6.1754,36.5181],[-6.1934,36.5247],[-6.2143,36.5097],[-6.2423,36.5106],[-6.2526,36.5242],[-6.2318,36.5358],[-6.2255,36.5615],[-6.2314,36.5793],[-6.2641,36.5817],[-6.2986,36.6156],[-6.3391,36.6245],[-6.3609,36.6178],[-6.3867,36.629],[-6.4369,36.7163],[-6.4369,36.7416],[-6.3456,36.7988],[-6.3722,36.7967],[-6.3943,36.807],[-6.463,36.924],[-6.5103,36.968],[-6.586,37.0163],[-6.7916,37.1192],[-6.8896,37.1582],[-6.9236,37.1609],[-7.0524,37.2077],[-7.2802,37.2007],[-7.324,37.1925],[-7.365,37.1728],[-7.4019,37.1748],[-7.4154,37.2278],[-7.4281,37.2442],[-7.4249,37.275],[-7.4409,37.3151],[-7.4404,37.3838],[-7.4587,37.4084],[-7.4497,37.4207],[-7.468,37.488],[-7.4946,37.5205],[-7.5127,37.5263],[-7.5198,37.5546],[-7.5007,37.5829],[-7.4998,37.6024],[-7.4706,37.6292],[-7.4482,37.6666],[-7.4448,37.6964],[-7.4179,37.7581],[-7.3265,37.8158],[-7.284,37.8709],[-7.2805,37.8942],[-7.2513,37.951],[-7.2581,37.9814],[-7.199,38.0024],[-7.1659,37.9944],[-7.13,38.0024],[-7.1259,38.0276],[-7.099,38.0412],[-7.0496,38.0169],[-7.0071,38.0244],[-6.9902,38.0615],[-6.9875,38.0997],[-6.9729,38.1109],[-6.9571,38.1446],[-6.9651,38.1698],[-6.9317,38.2084],[-6.9236,38.2032],[-6.8461,38.1774],[-6.7977,38.1766],[-6.7955,38.1588],[-6.8129,38.1188],[-6.775,38.1105],[-6.757,38.0944],[-6.6226,38.0953],[-6.5846,38.0558],[-6.5793,38.0237],[-6.5445,38.0269],[-6.4757,38.0095],[-6.447,38.0566],[-6.4164,38.0581],[-6.3694,38.0465],[-6.3516,38.0085],[-6.3032,37.9798],[-6.2351,37.9593],[-6.2055,37.9603],[-6.1803,37.9411],[-6.115,37.9806],[-6.0459,37.9968],[-6.0113,37.9922],[-5.953,37.9991],[-5.9317,38.0449],[-5.911,38.0656],[-5.9263,38.0905],[-5.9229,38.1083],[-5.883,38.1343],[-5.8746,38.155],[-5.8467,38.1723],[-5.7584,38.183],[-5.732,38.1954],[-5.6932,38.183],[-5.6891,38.174],[-5.7017,38.1637],[-5.7013,38.146],[-5.7379,38.1271],[-5.7333,38.0888],[-5.7168,38.0826],[-5.6896,38.0874],[-5.6336,38.1358],[-5.5848,38.1318],[-5.5782,38.1463],[-5.5418,38.1631],[-5.5397,38.194],[-5.5226,38.2116],[-5.5297,38.2654],[-5.5729,38.3313],[-5.5668,38.3708],[-5.5841,38.3944],[-5.567,38.4329],[-5.5213,38.4604],[-5.4894,38.4638],[-5.4774,38.4827],[-5.419,38.5165],[-5.403,38.5431],[-5.3867,38.5437],[-5.3858,38.5626],[-5.3684,38.5826],[-5.3127,38.5795],[-5.2934,38.6079],[-5.2073,38.6628],[-5.1872,38.6636],[-5.1705,38.6801],[-5.1813,38.7172],[-5.0971,38.7095],[-5.047,38.7291],[-5.0152,38.7196]]],[[[-6.2634,36.4879],[-6.2684,36.4876],[-6.2895,36.5227],[-6.3045,36.5325],[-6.2942,36.5377],[-6.2794,36.5298],[-6.2699,36.5112],[-6.2609,36.5036],[-6.2634,36.4879]]]]}},{"type":"Feature","properties":{"tipo":"comunidad","id":"ES62","nombre":"Región de Murcia"},"geometry":{"type":"MultiPolygon","coordinates":[[[[-2.2076,37.9166],[-2.2447,37.9344],[-2.2809,37.9656],[-2.301,38.002],[-2.3416,38.026],[-2.3434,38.0325],[-2.3281,38.0672],[-2.3117,38.0791],[-2.2942,38.0871],[-2.2621,38.1128],[-2.2529,38.1249],[-2.2501,38.14],[-2.223,38.176],[-2.2218,38.1845],[-2.2135,38.2018],[-2.1866,38.2149],[-2.1714,38.2254],[-2.1126,38.2404],[-2.0683,38.2864],[-2.0519,38.3033],[-1.9832,38.2827],[-1.9028,38.3008],[-1.8251,38.3368],[-1.7922,38.3562],[-1.7922,38.3683],[-1.7747,38.3674],[-1.7661,38.3763],[-1.743,38.3781],[-1.7186,38.3662],[-1.6946,38.3693],[-1.6836,38.3572],[-1.6896,38.3358],[-1.665,38.3119],[-1.5893,38.3116],[-1.5604,38.3248],[-1.4792,38.3795],[-1.4775,38.4553],[-1.4961,38.539],[-1.4858,38.5632],[-1.4527,38.5845],[-1.4439,38.6527],[-1.4233,38.6693],[-1.3917,38.6947],[-1.3671,38.7016],[-1.3364,38.6799],[-1.2498,38.7376],[-1.1808,38.7537],[-1.1228,38.7375],[-1.1092,38.7073],[-1.0488,38.6693],[-1.0269,38.6555],[-1.0034,38.5749],[-1.0238,38.523],[-1.0162,38.4976],[-1.0848,38.4396],[-1.0879,38.3797],[-1.0823,38.3481],[-0.9949,38.323],[-0.9691,38.28],[-0.9894,38.1996],[-1.0343,38.1382],[-1.0274,38.09],[-0.8974,37.921],[-0.8293,37.8655],[-0.7838,37.847],[-0.7621,37.847],[-0.7592,37.8078],[-0.7892,37.8095],[-0.8081,37.7775],[-0.8445,37.7433],[-0.8533,37.7191],[-0.8242,37.6772],[-0.7951,37.6565],[-0.7448,37.6381],[-0.7147,37.6436],[-0.7097,37.6262],[-0.7285,37.6059],[-0.8124,37.5801],[-0.8584,37.5813],[-0.9245,37.5594],[-0.9505,37.5636],[-0.9834,37.5917],[-1.0208,37.5783],[-1.0726,37.5795],[-1.1084,37.5641],[-1.1302,37.5401],[-1.1597,37.5449],[-1.1826,37.5638],[-1.215,37.5734],[-1.2416,37.5731],[-1.2706,37.5606],[-1.3277,37.5586],[-1.4563,37.4849],[-1.4886,37.4291],[-1.5301,37.4246],[-1.63,37.3752],[-1.7365,37.4413],[-1.8015,37.4518],[-1.8172,37.4394],[-1.8397,37.4517],[-1.975,37.6176],[-2.0079,37.6692],[-2.0115,37.6917],[-1.9984,37.7322],[-2.0065,37.7809],[-1.9939,37.8421],[-1.9786,37.87],[-1.9969,37.8787],[-2.0246,37.8701],[-2.0581,37.8796],[-2.0683,37.8792],[-2.0952,37.8783],[-2.128,37.8993],[-2.1714,37.8899],[-2.2076,37.9166]]],[[[-0.7362,37.6745],[-0.7289,37.6763],[-0.7208,37.663],[-0.7227,37.6572],[-0.7352,37.6628],[-0.7362,37.6745]]],[[[-0.7795,37.6964],[-0.7716,37.7073],[-0.7623,37.6973],[-0.7683,37.6864],[-0.7795,37.6964]]],[[[-0.7454,37.7428],[-0.7395,37.7545],[-0.7325,37.7501],[-0.7323,37.7363],[-0.7388,37.7338],[-0.7454,37.7428]]]]}},{"type":"Feature","properties":{"tipo":"comunidad","id":"ES63","nombre":"Ciudad de Ceuta"},"geometry":{"type":"MultiPolygon","coordinates":[[[[-5.3819,35.913],[-5.3631,35.9147],[-5.3201,35.8943],[-5.3434,35.8709],[-5.3503,35.8746],[-5.3557,35.8736],[-5.372,35.8831],[-5.3778,35.9069],[-5.3819,35.913]]],[[[-5.3115,35.8882],[-5.2872,35.907],[-5.2777,35.9004],[-5.2873,35.8907],[-5.3071,35.8841],[-5.3115,35.8882]]]]}},{"type":"Feature","properties":{"tipo":"comunidad","id":"ES11","nombre":"Galicia"},"geometry":{"type":"MultiPolygon","coordinates":[[[[-7.6997,43.7351],[-7.6826,43.7325],[-7.6684,43.7453],[-7.6356,43.7495],[-7.629,43.7254],[-7.6077,43.7009],[-7.6113,43.6834],[-7.6042,43.6757],[-7.5819,43.6928],[-7.5822,43.7084],[-7.5582,43.7133],[-7.5486,43.7289],[-7.4771,43.7249],[-7.47,43.7048],[-7.3602,43.6702],[-7.2956,43.5948],[-7.2509,43.5749],[-7.2589,43.5602],[-7.2524,43.5504],[-7.2344,43.5667],[-7.1578,43.5551],[-7.0548,43.5574],[-7.0318,43.5445],[-7.0515,43.4809],[-7.061,43.4724],[-7.1072,43.4308],[-7.1659,43.4245],[-7.1727,43.3907],[-7.1357,43.3715],[-7.1267,43.3344],[-7.1075,43.3136],[-7.0688,43.3009],[-7.067,43.2658],[-7.0523,43.2398],[-6.9756,43.1991],[-6.9738,43.1617],[-6.9588,43.1428],[-6.9302,43.1406],[-6.8683,43.1751],[-6.832,43.1532],[-6.8277,43.1393],[-6.8361,43.1189],[-6.9086,43.0799],[-6.9481,43.0741],[-6.9691,43.0384],[-6.9918,43.0231],[-6.9661,42.998],[-6.9606,43.0239],[-6.9509,43.0296],[-6.9121,42.9946],[-6.8694,42.984],[-6.8395,42.959],[-6.8387,42.9243],[-6.8242,42.915],[-6.8407,42.9081],[-6.8267,42.875],[-6.8679,42.8711],[-6.8438,42.8279],[-6.8724,42.7865],[-6.9247,42.7489],[-6.9602,42.7476],[-6.9724,42.7296],[-7.0119,42.7205],[-7.0371,42.6989],[-7.0153,42.6475],[-7.0447,42.627],[-7.0393,42.5831],[-7.0617,42.5546],[-7.0647,42.5255],[-7.0768,42.5081],[-6.9782,42.4947],[-6.9583,42.5159],[-6.9236,42.5171],[-6.8575,42.4892],[-6.8263,42.49],[-6.8112,42.4657],[-6.8212,42.4489],[-6.8194,42.4239],[-6.8381,42.4017],[-6.8193,42.3871],[-6.7791,42.3792],[-6.7368,42.3566],[-6.7403,42.3037],[-6.769,42.2599],[-6.7843,42.2536],[-6.8001,42.2391],[-6.7932,42.2147],[-6.8396,42.2267],[-6.8642,42.2241],[-6.8833,42.2153],[-6.9,42.1921],[-6.9236,42.1847],[-6.9413,42.1714],[-6.9494,42.1371],[-6.9855,42.1217],[-7.005,42.0868],[-7.0313,42.0717],[-7.0121,42.0538],[-6.9769,42.0528],[-6.9643,42.0291],[-6.9881,41.9907],[-6.9858,41.9714],[-7.0116,41.9512],[-7.0611,41.95],[-7.0756,41.954],[-7.0914,41.9744],[-7.1228,41.9869],[-7.1771,41.9776],[-7.1855,41.9625],[-7.1772,41.9197],[-7.1868,41.9033],[-7.2005,41.8797],[-7.3147,41.8448],[-7.3704,41.8496],[-7.4247,41.8101],[-7.4297,41.8325],[-7.4548,41.8636],[-7.4984,41.8697],[-7.5226,41.842],[-7.6079,41.8314],[-7.6107,41.8456],[-7.5916,41.8786],[-7.6523,41.8826],[-7.696,41.9033],[-7.7024,41.9064],[-7.7184,41.9033],[-7.8397,41.8803],[-7.8482,41.8654],[-7.8785,41.8534],[-7.8892,41.8613],[-7.8869,41.9033],[-7.8859,41.9213],[-7.8995,41.9268],[-7.9121,41.9033],[-7.9249,41.8794],[-7.9793,41.8717],[-8.0139,41.8322],[-8.0519,41.8206],[-8.0579,41.8172],[-8.0948,41.8099],[-8.1087,41.812],[-8.1291,41.8091],[-8.1526,41.8175],[-8.1651,41.8183],[-8.1664,41.8692],[-8.1988,41.8781],[-8.2094,41.9033],[-8.2142,41.9148],[-8.1607,41.9813],[-8.0904,42.0157],[-8.0844,42.0339],[-8.0941,42.0659],[-8.1141,42.0795],[-8.1815,42.0705],[-8.199,42.1544],[-8.2181,42.1371],[-8.2498,42.1363],[-8.3362,42.0865],[-8.3636,42.0893],[-8.3841,42.0778],[-8.4231,42.0737],[-8.4502,42.0825],[-8.5182,42.0776],[-8.546,42.0556],[-8.6326,42.0479],[-8.655,42.0311],[-8.668,41.9998],[-8.7331,41.9709],[-8.7563,41.9352],[-8.8232,41.9033],[-8.8632,41.8721],[-8.8801,41.89],[-8.8802,41.9033],[-8.8815,42.0075],[-8.8942,42.1057],[-8.8564,42.1218],[-8.8285,42.1202],[-8.8232,42.1364],[-8.8368,42.1532],[-8.8229,42.1616],[-8.8096,42.1879],[-8.7666,42.2234],[-8.7103,42.2466],[-8.6572,42.2831],[-8.622,42.2906],[-8.6142,42.3358],[-8.6354,42.3424],[-8.659,42.2962],[-8.6839,42.2845],[-8.726,42.2848],[-8.7923,42.2523],[-8.864,42.2544],[-8.8556,42.2976],[-8.8228,42.2861],[-8.8286,42.337],[-8.7719,42.3341],[-8.6747,42.4211],[-8.6975,42.4325],[-8.7698,42.3942],[-8.8081,42.3979],[-8.8382,42.39],[-8.8735,42.4153],[-8.8858,42.4527],[-8.9288,42.4568],[-8.9372,42.4689],[-8.8754,42.4961],[-8.8458,42.494],[-8.843,42.4821],[-8.8587,42.4786],[-8.8662,42.4544],[-8.8253,42.4577],[-8.8271,42.484],[-8.8102,42.5015],[-8.8324,42.5474],[-8.8308,42.5659],[-8.7739,42.5988],[-8.77,42.6212],[-8.744,42.6502],[-8.7267,42.6883],[-8.7544,42.6556],[-8.7896,42.6434],[-8.8102,42.6465],[-8.841,42.6681],[-8.8573,42.6198],[-8.8717,42.6176],[-8.8894,42.632],[-8.9042,42.6308],[-8.9253,42.6123],[-8.936,42.5859],[-8.9773,42.5655],[-8.9994,42.5363],[-9.0338,42.5284],[-9.0451,42.5609],[-9.0785,42.582],[-9.0447,42.6371],[-9.0264,42.6951],[-8.9328,42.7754],[-8.901,42.7887],[-8.8983,42.8104],[-8.9648,42.7846],[-9.0393,42.7887],[-9.0704,42.7562],[-9.0973,42.751],[-9.1367,42.7932],[-9.1137,42.8289],[-9.1408,42.8665],[-9.1443,42.9116],[-9.1765,42.9331],[-9.1993,42.9233],[-9.2286,42.9332],[-9.2794,42.9029],[-9.2875,42.9305],[-9.2632,42.9931],[-9.285,43.0466],[-9.2649,43.0566],[-9.2495,43.0822],[-9.229,43.096],[-9.1883,43.0998],[-9.1719,43.1123],[-9.1705,43.1299],[-9.1927,43.1353],[-9.2018,43.1481],[-9.1777,43.1767],[-9.1302,43.1918],[-9.0642,43.1898],[-9.0138,43.2228],[-8.9579,43.2288],[-8.9541,43.2482],[-8.9692,43.2796],[-8.9277,43.2921],[-8.9001,43.3142],[-8.8415,43.3323],[-8.7733,43.3042],[-8.6951,43.2956],[-8.6022,43.3163],[-8.5363,43.3203],[-8.4862,43.3547],[-8.433,43.3758],[-8.4068,43.3758],[-8.3842,43.3522],[-8.3681,43.3489],[-8.3379,43.39],[-8.3188,43.397],[-8.2771,43.3821],[-8.2447,43.3516],[-8.2197,43.3432],[-8.2033,43.4148],[-8.28,43.4323],[-8.3322,43.4724],[-8.3304,43.4809],[-8.3244,43.5101],[-8.307,43.536],[-8.3082,43.5591],[-8.2568,43.5631],[-8.1882,43.6115],[-8.1505,43.6223],[-8.1012,43.6514],[-8.0709,43.6524],[-8.0514,43.7029],[-7.9887,43.7132],[-7.8999,43.7634],[-7.8695,43.7625],[-7.8588,43.7279],[-7.8601,43.7151],[-7.8872,43.6809],[-7.8843,43.6685],[-7.8563,43.673],[-7.8511,43.6968],[-7.8258,43.7011],[-7.8057,43.7227],[-7.7303,43.7488],[-7.674,43.7815],[-7.6703,43.771],[-7.6997,43.7351]]],[[[-8.8769,42.5744],[-8.8729,42.5655],[-8.8559,42.5656],[-8.8616,42.5532],[-8.8572,42.5473],[-8.8663,42.5414],[-8.865,42.5274],[-8.8726,42.5251],[-8.881,42.532],[-8.8706,42.5588],[-8.8873,42.5619],[-8.8892,42.5671],[-8.8769,42.5744]]],[[[-8.9239,42.3927],[-8.939,42.3548],[-8.9483,42.3607],[-8.9397,42.3705],[-8.9451,42.3807],[-8.9351,42.3882],[-8.9321,42.3974],[-8.9239,42.3927]]],[[[-8.898,42.2155],[-8.9113,42.2129],[-8.9056,42.2243],[-8.9083,42.2408],[-8.9194,42.2493],[-8.9148,42.2529],[-8.9021,42.2459],[-8.898,42.2155]]],[[[-9.0024,42.469],[-9.009,42.4629],[-9.0207,42.4746],[-9.0178,42.4844],[-9.0075,42.4812],[-9.0024,42.469]]],[[[-8.6991,42.4116],[-8.7103,42.4027],[-8.7184,42.4112],[-8.7131,42.4185],[-8.7034,42.4178],[-8.6991,42.4116]]],[[[-8.7787,42.6224],[-8.7874,42.6071],[-8.7976,42.6158],[-8.7925,42.6245],[-8.7787,42.6224]]],[[[-8.8309,43.3559],[-8.8467,43.3523],[-8.8531,43.3637],[-8.8374,43.3653],[-8.8309,43.3559]]],[[[-8.8934,42.1985],[-8.9087,42.1894],[-8.9138,42.194],[-8.9106,42.2068],[-8.8934,42.1985]]]]}},{"type":"Feature","properties":{"tipo":"comunidad","id":"ES64","nombre":"Ciudad de Melilla"},"geometry":{"type":"MultiPolygon","coordinates":[[[[-2.9281,35.2731],[-2.9514,35.269],[-2.9701,35.2894],[-2.9525,35.3198],[-2.9281,35.2731],[-2.9281,35.2731]]]]}},{"type":"Feature","properties":{"tipo":"comunidad","id":"ES22","nombre":"Comunidad Foral de Navarra"},"geometry":{"type":"MultiPolygon","coordinates":[[[[-1.7289,43.2961],[-1.6701,43.3128],[-1.6287,43.3055],[-1.625,43.2711],[-1.6146,43.2611],[-1.607,43.2538],[-1.5744,43.2528],[-1.5708,43.2611],[-1.5589,43.2886],[-1.5323,43.294],[-1.5075,43.2923],[-1.462,43.2726],[-1.4119,43.2712],[-1.3937,43.2611],[-1.381,43.2354],[-1.3848,43.1931],[-1.4195,43.1267],[-1.4665,43.0853],[-1.4339,43.0464],[-1.3577,43.0321],[-1.3455,43.0518],[-1.3365,43.1001],[-1.319,43.1112],[-1.2881,43.1149],[-1.303,43.0742],[-1.2633,43.0473],[-1.2129,43.0501],[-1.1561,43.0282],[-1.1388,43.0124],[-1.1095,43.0182],[-1.0732,43.0],[-1.0131,42.9902],[-0.9464,42.9563],[-0.9079,42.9617],[-0.8211,42.9525],[-0.759,42.9653],[-0.7366,42.9459],[-0.7245,42.9202],[-0.7772,42.9216],[-0.8136,42.9014],[-0.8205,42.871],[-0.8551,42.8429],[-0.8529,42.7791],[-0.872,42.7615],[-0.8966,42.7597],[-0.9011,42.7427],[-0.923,42.744],[-0.9258,42.7384],[-0.935,42.7343],[-0.9364,42.7291],[-0.9698,42.7052],[-1.0333,42.6941],[-1.0389,42.6537],[-1.0521,42.6448],[-1.1501,42.6456],[-1.1583,42.6143],[-1.176,42.6102],[-1.1637,42.5989],[-1.1993,42.5777],[-1.2042,42.5534],[-1.2289,42.5445],[-1.2648,42.5531],[-1.2885,42.5186],[-1.2764,42.4763],[-1.34,42.4235],[-1.3562,42.3781],[-1.3364,42.3686],[-1.332,42.3544],[-1.3944,42.2939],[-1.3928,42.2721],[-1.4152,42.2173],[-1.394,42.1843],[-1.3955,42.126],[-1.3702,42.1076],[-1.3513,42.075],[-1.3137,42.0699],[-1.3052,42.0476],[-1.3422,42.0138],[-1.3841,41.9448],[-1.413,41.9191],[-1.4325,41.914],[-1.4916,41.9243],[-1.5216,41.9111],[-1.5571,41.9141],[-1.651,41.9628],[-1.7149,41.9577],[-1.7666,41.993],[-1.8319,41.9969],[-1.8472,42.008],[-1.9,42.0361],[-1.9053,42.0597],[-1.8929,42.0827],[-1.8249,42.1481],[-1.7858,42.1405],[-1.7458,42.148],[-1.7183,42.1377],[-1.6937,42.1463],[-1.6876,42.154],[-1.6958,42.1729],[-1.6862,42.1891],[-1.7241,42.2125],[-1.8017,42.2258],[-1.8303,42.248],[-1.8668,42.2551],[-1.8749,42.2857],[-1.9051,42.2983],[-1.9228,42.3237],[-1.9631,42.3374],[-1.9965,42.361],[-2.0206,42.3652],[-2.0683,42.3454],[-2.0859,42.3471],[-2.0829,42.3678],[-2.1109,42.397],[-2.1118,42.4182],[-2.1413,42.4197],[-2.1714,42.4084],[-2.2322,42.4271],[-2.2431,42.4411],[-2.2755,42.4495],[-2.2907,42.466],[-2.3031,42.4602],[-2.3292,42.4657],[-2.3417,42.4534],[-2.4207,42.4893],[-2.4198,42.5104],[-2.3949,42.5198],[-2.399,42.5387],[-2.3918,42.5557],[-2.3996,42.5949],[-2.4234,42.6024],[-2.453,42.5705],[-2.4655,42.5863],[-2.4904,42.589],[-2.4979,42.6131],[-2.4821,42.6151],[-2.4463,42.6482],[-2.4168,42.6605],[-2.3906,42.6582],[-2.3725,42.6387],[-2.3539,42.6352],[-2.2937,42.6533],[-2.2932,42.6722],[-2.3131,42.6797],[-2.3194,42.7291],[-2.3143,42.737],[-2.266,42.7499],[-2.2781,42.7853],[-2.2654,42.8128],[-2.2343,42.8415],[-2.2508,42.8957],[-2.2393,42.8989],[-2.2343,42.9268],[-2.2084,42.9483],[-2.1751,42.9363],[-2.1125,42.9451],[-2.0919,42.9725],[-2.0683,42.9781],[-2.0369,42.9855],[-2.0306,43.0006],[-2.04,43.0258],[-2.0231,43.0449],[-2.018,43.0683],[-1.9477,43.099],[-1.9227,43.1208],[-1.9063,43.1352],[-1.9209,43.178],[-1.9122,43.2195],[-1.8853,43.2091],[-1.8746,43.2273],[-1.8605,43.2166],[-1.8301,43.2278],[-1.7972,43.2472],[-1.7926,43.2611],[-1.7853,43.2836],[-1.7289,43.2961]]],[[[-1.1294,42.4467],[-1.1249,42.4564],[-1.1021,42.4828],[-1.0959,42.4858],[-1.0851,42.4833],[-1.0868,42.4744],[-1.0699,42.4661],[-1.0644,42.4538],[-1.0544,42.4488],[-1.0517,42.4406],[-1.0586,42.4344],[-1.1068,42.4413],[-1.1294,42.4467]]],[[[-1.1875,42.4045],[-1.1811,42.4165],[-1.1828,42.4239],[-1.162,42.4333],[-1.1537,42.441],[-1.145,42.4418],[-1.1455,42.4367],[-1.1523,42.4292],[-1.157,42.4115],[-1.1841,42.4015],[-1.1875,42.4045]]]]}},{"type":"Feature","properties":{"tipo":"comunidad","id":"ES23","nombre":"La Rioja"},"geometry":{"type":"MultiPolygon","coordinates":[[[[-2.9136,42.0228],[-2.9378,42.0832],[-3.0337,42.0907],[-3.0605,42.1255],[-3.0843,42.1395],[-3.1212,42.1946],[-3.093,42.247],[-3.1061,42.3437],[-3.0691,42.361],[-3.0991,42.3887],[-3.0986,42.4083],[-3.0844,42.4146],[-3.0757,42.3924],[-3.06,42.3829],[-3.0512,42.4455],[-3.0658,42.4689],[-3.0878,42.4837],[-3.0767,42.5091],[-3.0787,42.5288],[-3.1164,42.5331],[-3.1272,42.5418],[-3.0663,42.5932],[-3.0673,42.6112],[-3.0813,42.6304],[-3.0772,42.6384],[-2.9559,42.6389],[-2.904,42.6214],[-2.8581,42.6382],[-2.8265,42.6065],[-2.8333,42.5776],[-2.8224,42.5629],[-2.7838,42.582],[-2.7563,42.6176],[-2.6952,42.5978],[-2.6891,42.563],[-2.6975,42.5247],[-2.6465,42.4916],[-2.6088,42.4959],[-2.588,42.4816],[-2.5385,42.4889],[-2.5157,42.5041],[-2.4983,42.491],[-2.4207,42.4893],[-2.3417,42.4534],[-2.3292,42.4657],[-2.3031,42.4602],[-2.2907,42.466],[-2.2755,42.4495],[-2.2431,42.4411],[-2.2322,42.4271],[-2.1714,42.4084],[-2.1413,42.4197],[-2.1118,42.4182],[-2.1109,42.397],[-2.0829,42.3678],[-2.0859,42.3471],[-2.0683,42.3454],[-2.0206,42.3652],[-1.9965,42.361],[-1.9631,42.3374],[-1.9228,42.3237],[-1.9051,42.2983],[-1.8749,42.2857],[-1.8668,42.2551],[-1.8303,42.248],[-1.8017,42.2258],[-1.7241,42.2125],[-1.6862,42.1891],[-1.6958,42.1729],[-1.6876,42.154],[-1.6937,42.1463],[-1.7183,42.1377],[-1.7458,42.148],[-1.7858,42.1405],[-1.8249,42.1481],[-1.8929,42.0827],[-1.9053,42.0597],[-1.9,42.0361],[-1.8472,42.008],[-1.8507,41.9975],[-1.8452,41.9871],[-1.8642,41.9772],[-1.8565,41.9664],[-1.9168,41.9341],[-1.9747,41.9199],[-2.0254,41.9493],[-2.0375,41.9428],[-2.0683,41.9499],[-2.1074,41.9589],[-2.1214,41.9895],[-2.1122,42.0112],[-2.1477,42.0419],[-2.1583,42.0617],[-2.1315,42.079],[-2.1291,42.0941],[-2.1714,42.1047],[-2.2366,42.1003],[-2.2648,42.089],[-2.2779,42.1033],[-2.2843,42.1308],[-2.3135,42.1431],[-2.4346,42.1366],[-2.4797,42.1098],[-2.5133,42.1117],[-2.5183,42.0677],[-2.5484,42.0486],[-2.5802,41.9993],[-2.626,42.0058],[-2.676,41.9996],[-2.6922,42.0069],[-2.7075,42.0138],[-2.7481,42.0138],[-2.7547,42.0336],[-2.7119,42.085],[-2.7086,42.1013],[-2.7306,42.1219],[-2.7703,42.1225],[-2.79,42.1076],[-2.8045,42.0428],[-2.8491,42.0315],[-2.8795,42.0121],[-2.9136,42.0228]],[[-2.9459,42.6039],[-2.9399,42.5939],[-2.922,42.6006],[-2.9345,42.6147],[-2.9459,42.6039]],[[-3.0003,42.6059],[-2.9938,42.6018],[-2.9781,42.6111],[-2.9959,42.6177],[-3.0003,42.6059]]]]}},{"type":"Feature","properties":{"tipo":"comunidad","id":"ES43","nombre":"Extremadura"},"geometry":{"type":"MultiPolygon","coordinates":[[[[-6.1989,40.4799],[-6.1456,40.4387],[-6.1216,40.4395],[-6.1239,40.4198],[-6.0736,40.3984],[-6.0921,40.3546],[-6.0198,40.3393],[-6.0159,40.3191],[-5.9979,40.3031],[-5.9232,40.282],[-5.886,40.3242],[-5.8448,40.3311],[-5.8034,40.3519],[-5.7847,40.3184],[-5.7984,40.2967],[-5.7946,40.2896],[-5.7663,40.2821],[-5.7376,40.2942],[-5.6892,40.2887],[-5.6622,40.2722],[-5.6526,40.2533],[-5.6215,40.2429],[-5.6109,40.218],[-5.5331,40.1959],[-5.4764,40.2067],[-5.4254,40.2524],[-5.347,40.2627],[-5.3675,40.2159],[-5.3664,40.167],[-5.336,40.1159],[-5.3672,40.099],[-5.3727,40.0593],[-5.3629,40.0159],[-5.3661,39.9834],[-5.394,39.9193],[-5.4008,39.8827],[-5.3245,39.891],[-5.2932,39.8709],[-5.2873,39.8562],[-5.3118,39.8197],[-5.3152,39.7751],[-5.3064,39.762],[-5.2582,39.7533],[-5.2071,39.7959],[-5.1687,39.7975],[-5.1607,39.7635],[-5.1714,39.7504],[-5.1405,39.7136],[-5.1531,39.6891],[-5.1526,39.6654],[-5.202,39.5939],[-5.122,39.5213],[-5.0822,39.491],[-5.0544,39.4844],[-5.0092,39.4361],[-4.9526,39.395],[-4.9473,39.3933],[-4.9408,39.3952],[-4.8734,39.3708],[-4.8145,39.3949],[-4.7757,39.399],[-4.7554,39.4158],[-4.6877,39.4503],[-4.6777,39.4128],[-4.701,39.3548],[-4.7498,39.3069],[-4.6831,39.185],[-4.8072,39.1904],[-4.8468,39.1546],[-4.8657,39.1143],[-4.8594,39.0858],[-4.8377,39.0639],[-4.841,39.0508],[-4.8808,39.0372],[-4.9504,39.0497],[-4.9224,38.9708],[-4.8519,38.9435],[-4.8424,38.9136],[-4.8548,38.8912],[-4.9053,38.8846],[-4.9304,38.8653],[-4.9654,38.7831],[-4.9885,38.7493],[-5.047,38.7291],[-5.0971,38.7095],[-5.1813,38.7172],[-5.1705,38.6801],[-5.1872,38.6636],[-5.2073,38.6628],[-5.2934,38.6079],[-5.3127,38.5795],[-5.3684,38.5826],[-5.3858,38.5626],[-5.3867,38.5437],[-5.403,38.5431],[-5.419,38.5165],[-5.4774,38.4827],[-5.4894,38.4638],[-5.5213,38.4604],[-5.567,38.4329],[-5.5841,38.3944],[-5.5668,38.3708],[-5.5729,38.3313],[-5.5297,38.2654],[-5.5226,38.2116],[-5.5397,38.194],[-5.5418,38.1631],[-5.5782,38.1463],[-5.5848,38.1318],[-5.6336,38.1358],[-5.6896,38.0874],[-5.7168,38.0826],[-5.7333,38.0888],[-5.7379,38.1271],[-5.7013,38.146],[-5.7017,38.1637],[-5.6891,38.174],[-5.6932,38.183],[-5.732,38.1954],[-5.7584,38.183],[-5.8467,38.1723],[-5.8746,38.155],[-5.883,38.1343],[-5.9229,38.1083],[-5.9263,38.0905],[-5.911,38.0656],[-5.9317,38.0449],[-5.953,37.9991],[-6.0113,37.9922],[-6.0459,37.9968],[-6.115,37.9806],[-6.1803,37.9411],[-6.2055,37.9603],[-6.2351,37.9593],[-6.3032,37.9798],[-6.3516,38.0085],[-6.3694,38.0465],[-6.4164,38.0581],[-6.447,38.0566],[-6.4757,38.0095],[-6.5445,38.0269],[-6.5793,38.0237],[-6.5846,38.0558],[-6.6226,38.0953],[-6.757,38.0944],[-6.775,38.1105],[-6.8129,38.1188],[-6.7955,38.1588],[-6.7977,38.1766],[-6.8461,38.1774],[-6.9236,38.2032],[-6.9317,38.2084],[-6.9522,38.2149],[-7.0044,38.2037],[-7.0264,38.1856],[-7.0649,38.1829],[-7.0821,38.1732],[-7.108,38.1881],[-7.1409,38.2406],[-7.1507,38.2717],[-7.1712,38.2837],[-7.2043,38.3301],[-7.2627,38.3858],[-7.2826,38.4192],[-7.3287,38.4414],[-7.2991,38.4739],[-7.3005,38.4804],[-7.3201,38.4821],[-7.3016,38.5427],[-7.248,38.6225],[-7.2684,38.6392],[-7.2625,38.7047],[-7.2492,38.729],[-7.2031,38.751],[-7.1313,38.8113],[-7.0909,38.8196],[-7.0706,38.8505],[-7.0402,38.8673],[-7.0358,38.8812],[-7.0475,38.9072],[-6.9556,39.0235],[-6.9647,39.0398],[-6.963,39.0592],[-6.9784,39.083],[-7.0209,39.1118],[-7.0522,39.1172],[-7.1094,39.1011],[-7.1426,39.1108],[-7.1385,39.1697],[-7.2128,39.1899],[-7.2408,39.2107],[-7.2455,39.2531],[-7.2315,39.2784],[-7.3068,39.339],[-7.3205,39.383],[-7.3044,39.4133],[-7.2996,39.4598],[-7.3761,39.4911],[-7.3879,39.5036],[-7.394,39.5297],[-7.4307,39.5366],[-7.4628,39.5718],[-7.4958,39.589],[-7.5429,39.6628],[-7.4602,39.6636],[-7.4089,39.6487],[-7.3351,39.6429],[-7.2609,39.666],[-7.1493,39.6541],[-7.1229,39.6633],[-7.0644,39.659],[-7.0246,39.6693],[-7.0114,39.6793],[-6.9908,39.7257],[-6.9798,39.7739],[-6.9872,39.7958],[-6.9827,39.8143],[-6.9448,39.8324],[-6.9236,39.8567],[-6.9058,39.873],[-6.9047,39.922],[-6.888,39.9429],[-6.8709,40.0159],[-6.8956,40.0587],[-6.9147,40.0669],[-6.9236,40.0876],[-6.9438,40.1111],[-7.0063,40.1248],[-7.0247,40.1866],[-7.0068,40.2286],[-6.9641,40.2412],[-6.9513,40.2574],[-6.9236,40.258],[-6.8783,40.2618],[-6.8651,40.2707],[-6.8349,40.2491],[-6.7594,40.2413],[-6.7195,40.2667],[-6.6903,40.2451],[-6.6646,40.2644],[-6.5855,40.2727],[-6.5583,40.2914],[-6.5615,40.3243],[-6.5383,40.3454],[-6.4434,40.3731],[-6.4156,40.3992],[-6.3705,40.4034],[-6.3618,40.4244],[-6.3413,40.4428],[-6.2811,40.4573],[-6.232,40.485],[-6.1989,40.4799]]]]}},{"type":"Feature","properties":{"tipo":"comunidad","id":"ES12","nombre":"Principado de Asturias"},"geometry":{"type":"MultiPolygon","coordinates":[[[[-7.0318,43.5445],[-7.0218,43.5576],[-6.9891,43.5561],[-6.9432,43.572],[-6.8523,43.5664],[-6.8009,43.5567],[-6.7699,43.5666],[-6.7224,43.5583],[-6.6322,43.5694],[-6.5363,43.549],[-6.4827,43.5518],[-6.463,43.5653],[-6.4313,43.5557],[-6.3587,43.5527],[-6.2386,43.5892],[-6.1831,43.5661],[-6.1047,43.5579],[-6.0293,43.5838],[-5.9971,43.5768],[-5.9564,43.5817],[-5.9217,43.6036],[-5.909,43.6213],[-5.8768,43.6286],[-5.8451,43.6537],[-5.7913,43.6308],[-5.7838,43.612],[-5.7585,43.5894],[-5.7033,43.5695],[-5.6845,43.5447],[-5.6174,43.5541],[-5.4919,43.5476],[-5.4115,43.5536],[-5.3805,43.5379],[-5.2914,43.5314],[-5.2173,43.4809],[-5.2106,43.4764],[-5.1351,43.4809],[-5.1201,43.4809],[-5.0837,43.4724],[-5.0411,43.4624],[-4.9245,43.4576],[-4.6214,43.3977],[-4.5123,43.3932],[-4.5139,43.3779],[-4.5317,43.3651],[-4.5366,43.348],[-4.5258,43.3367],[-4.5196,43.3063],[-4.5299,43.2752],[-4.5459,43.2721],[-4.5601,43.2874],[-4.607,43.2976],[-4.636,43.2688],[-4.7029,43.2655],[-4.7149,43.2611],[-4.7272,43.2567],[-4.7219,43.235],[-4.7406,43.1882],[-4.841,43.1807],[-4.8692,43.2253],[-4.9069,43.2365],[-4.9626,43.2111],[-4.9986,43.176],[-5.0266,43.1841],[-5.0735,43.1787],[-5.0971,43.1208],[-5.1043,43.1031],[-5.1324,43.1022],[-5.1522,43.1122],[-5.2182,43.0859],[-5.2605,43.0878],[-5.2866,43.0793],[-5.3281,43.0811],[-5.3666,43.0938],[-5.3824,43.0847],[-5.3939,43.0498],[-5.4757,43.0514],[-5.4936,43.0244],[-5.5431,43.0198],[-5.585,43.0334],[-5.6348,43.0361],[-5.6911,43.0551],[-5.7281,43.0393],[-5.7667,42.972],[-5.8017,42.9641],[-5.8451,42.9669],[-5.9119,42.994],[-5.9575,43.0218],[-5.9789,43.0647],[-6.02,43.0564],[-6.0812,43.0729],[-6.1004,43.0311],[-6.1347,43.0233],[-6.1807,43.0467],[-6.2109,43.044],[-6.2327,43.012],[-6.2618,43.0172],[-6.2842,43.0327],[-6.3216,43.0321],[-6.3604,43.0561],[-6.3923,43.0375],[-6.3938,43.0223],[-6.408,43.015],[-6.4188,42.9931],[-6.4508,42.9843],[-6.4753,42.988],[-6.4711,42.9696],[-6.4379,42.9631],[-6.4399,42.9422],[-6.4915,42.923],[-6.5148,42.9265],[-6.5496,42.9133],[-6.6322,42.9188],[-6.6858,42.9224],[-6.7235,42.9143],[-6.7641,42.8835],[-6.7798,42.9017],[-6.8242,42.915],[-6.8387,42.9243],[-6.8395,42.959],[-6.8694,42.984],[-6.9121,42.9946],[-6.9509,43.0296],[-6.9606,43.0239],[-6.9661,42.998],[-6.9918,43.0231],[-6.9691,43.0384],[-6.9481,43.0741],[-6.9086,43.0799],[-6.8361,43.1189],[-6.8277,43.1393],[-6.832,43.1532],[-6.8683,43.1751],[-6.9302,43.1406],[-6.9588,43.1428],[-6.9738,43.1617],[-6.9756,43.1991],[-7.0523,43.2398],[-7.067,43.2658],[-7.0688,43.3009],[-7.1075,43.3136],[-7.1267,43.3344],[-7.1357,43.3715],[-7.1727,43.3907],[-7.1659,43.4245],[-7.1072,43.4308],[-7.061,43.4724],[-7.0515,43.4809],[-7.0318,43.5445]]]]}},{"type":"Feature","properties":{"tipo":"comunidad","id":"ES51","nombre":"Cataluña"},"geometry":{"type":"MultiPolygon","coordinates":[[[[0.8582,42.8257],[0.9255,42.7911],[0.9606,42.8034],[0.9866,42.7887],[1.0798,42.7852],[1.113,42.7635],[1.1275,42.7539],[1.1339,42.7291],[1.1706,42.7101],[1.2296,42.726],[1.258,42.7163],[1.3532,42.7183],[1.3555,42.7015],[1.3855,42.6868],[1.3894,42.6707],[1.4122,42.6531],[1.4212,42.627],[1.4426,42.6037],[1.4358,42.5934],[1.4304,42.5851],[1.4401,42.5667],[1.4189,42.5422],[1.4467,42.5398],[1.4642,42.5145],[1.4228,42.486],[1.4383,42.4746],[1.4535,42.4385],[1.5454,42.4329],[1.563,42.456],[1.5794,42.4529],[1.5973,42.465],[1.6564,42.4703],[1.6687,42.4996],[1.7016,42.4916],[1.7258,42.5044],[1.731,42.4924],[1.8256,42.4841],[1.8897,42.4506],[1.9347,42.4516],[1.956,42.4216],[1.9683,42.3796],[2.0145,42.3506],[2.0829,42.3643],[2.1492,42.4205],[2.2012,42.4179],[2.259,42.4365],[2.3104,42.4261],[2.3607,42.4037],[2.4283,42.3925],[2.4526,42.3693],[2.4828,42.3425],[2.5269,42.3341],[2.5438,42.3364],[2.5684,42.3569],[2.6679,42.3424],[2.6735,42.3527],[2.6573,42.3834],[2.6776,42.4041],[2.6932,42.409],[2.7427,42.4244],[2.7726,42.4137],[2.7897,42.4169],[2.8405,42.4564],[2.8719,42.4648],[2.9181,42.459],[2.9453,42.4796],[2.9705,42.4672],[3.0371,42.4726],[3.0895,42.4265],[3.1191,42.437],[3.1748,42.4354],[3.1752,42.435],[3.1652,42.4231],[3.1595,42.3825],[3.1795,42.3505],[3.194,42.3421],[3.2298,42.3479],[3.2464,42.3363],[3.2719,42.3362],[3.313,42.3185],[3.2954,42.3033],[3.2799,42.261],[3.2537,42.2449],[3.2353,42.2476],[3.2142,42.2385],[3.1615,42.2606],[3.1333,42.2429],[3.1144,42.2088],[3.1136,42.1696],[3.1241,42.1338],[3.1746,42.1081],[3.2076,42.0669],[3.1972,42.0344],[3.1998,42.0024],[3.2302,41.9569],[3.2087,41.9043],[3.1697,41.8652],[3.0996,41.8403],[3.0546,41.7916],[2.98,41.7565],[2.9342,41.7193],[2.8191,41.6854],[2.7785,41.6488],[2.533,41.5699],[2.4526,41.5368],[2.3824,41.497],[2.2612,41.4541],[2.1564,41.3458],[2.1413,41.3095],[2.1154,41.2909],[2.0235,41.2667],[1.9286,41.261],[1.8543,41.2357],[1.8134,41.2347],[1.6453,41.1956],[1.522,41.1792],[1.3954,41.135],[1.3042,41.1277],[1.2314,41.1081],[1.1995,41.0923],[1.1675,41.0604],[1.1038,41.0711],[1.0472,41.062],[0.9758,41.0329],[0.8667,40.9479],[0.7912,40.8686],[0.7057,40.8028],[0.7113,40.7877],[0.7335,40.7702],[0.7657,40.7692],[0.7564,40.7854],[0.769,40.7883],[0.8344,40.7333],[0.877,40.7263],[0.8818,40.7159],[0.8737,40.7008],[0.8409,40.6762],[0.7536,40.6386],[0.6965,40.6368],[0.6015,40.6184],[0.5424,40.5693],[0.5197,40.5305],[0.5152,40.5229],[0.4423,40.5461],[0.439,40.5774],[0.3978,40.6026],[0.3751,40.6056],[0.3291,40.6116],[0.2798,40.6312],[0.268,40.6525],[0.2868,40.6901],[0.2644,40.7034],[0.2376,40.7041],[0.2228,40.7301],[0.1839,40.7321],[0.1708,40.7328],[0.178,40.7516],[0.1839,40.7537],[0.2282,40.7696],[0.2739,40.8222],[0.2434,40.8855],[0.2889,40.9704],[0.2642,41.0133],[0.2692,41.0247],[0.2224,41.0455],[0.2204,41.0714],[0.2022,41.09],[0.2057,41.1262],[0.2463,41.1327],[0.2568,41.1489],[0.2937,41.1592],[0.322,41.2214],[0.3751,41.2377],[0.3787,41.2418],[0.3857,41.2788],[0.3751,41.2945],[0.3522,41.3283],[0.3696,41.3562],[0.325,41.3931],[0.3359,41.4074],[0.3521,41.4499],[0.3453,41.4837],[0.3751,41.488],[0.3956,41.4909],[0.4436,41.5433],[0.4357,41.5699],[0.427,41.5989],[0.3974,41.5939],[0.3751,41.5976],[0.3513,41.6016],[0.3545,41.6316],[0.3285,41.6634],[0.3299,41.6812],[0.3751,41.726],[0.4057,41.7562],[0.4673,41.7671],[0.4837,41.8],[0.5135,41.8202],[0.5197,41.8208],[0.5423,41.8227],[0.551,41.8403],[0.5564,41.8513],[0.5769,41.8526],[0.6033,41.872],[0.5987,41.9033],[0.596,41.9215],[0.567,41.9323],[0.5654,41.9396],[0.586,41.9631],[0.6045,41.9649],[0.6234,41.9893],[0.6455,41.9935],[0.6589,42.0063],[0.6553,42.0335],[0.6997,42.1143],[0.6974,42.1482],[0.7095,42.1634],[0.7023,42.1845],[0.7351,42.2546],[0.7457,42.298],[0.7604,42.3183],[0.7433,42.3342],[0.7661,42.3521],[0.7281,42.3657],[0.7421,42.3892],[0.7302,42.4047],[0.731,42.4198],[0.7101,42.4402],[0.6947,42.4852],[0.7332,42.5031],[0.7235,42.5245],[0.7442,42.5397],[0.7609,42.5934],[0.7653,42.6077],[0.704,42.6253],[0.6931,42.6571],[0.6601,42.691],[0.6695,42.6896],[0.6763,42.691],[0.6744,42.6997],[0.6818,42.7083],[0.6739,42.7177],[0.6802,42.7232],[0.6727,42.7291],[0.6629,42.7475],[0.6459,42.7566],[0.6522,42.7635],[0.6621,42.7742],[0.6484,42.784],[0.6675,42.8035],[0.662,42.837],[0.6812,42.854],[0.713,42.8596],[0.7718,42.8385],[0.8582,42.8257]]],[[[0.6726,40.5932],[0.6923,40.5893],[0.7097,40.5913],[0.7088,40.585],[0.6934,40.5714],[0.6749,40.5617],[0.6499,40.5549],[0.6285,40.5537],[0.6085,40.5589],[0.5968,40.5737],[0.6151,40.5791],[0.6165,40.5867],[0.6313,40.5815],[0.654,40.5855],[0.6605,40.5921],[0.6726,40.5932]]],[[[2.0092,42.4482],[1.9809,42.4479],[1.9602,42.4536],[1.9572,42.4588],[1.9626,42.4779],[1.977,42.486],[1.9806,42.4946],[1.9895,42.4934],[1.9983,42.4849],[1.9865,42.4728],[1.9926,42.4626],[2.0131,42.4521],[2.0092,42.4482]]]]}},{"type":"Feature","properties":{"tipo":"comunidad","id":"ES41","nombre":"Castilla y León"},"geometry":{"type":"MultiPolygon","coordinates":[[[[-4.841,43.1807],[-4.8439,43.1208],[-4.8281,43.0998],[-4.7751,43.0787],[-4.7631,43.0579],[-4.7401,43.0511],[-4.737,43.0209],[-4.6402,43.0195],[-4.6035,43.0319],[-4.5601,43.0237],[-4.5227,43.0429],[-4.4859,43.0405],[-4.4617,43.0563],[-4.4431,43.0546],[-4.3983,43.0323],[-4.347,42.9755],[-4.2451,42.9551],[-4.2176,42.8542],[-4.1987,42.8483],[-4.1543,42.8651],[-4.1334,42.8562],[-4.1405,42.8353],[-4.1837,42.8194],[-4.185,42.8099],[-4.1477,42.7929],[-4.1176,42.7935],[-4.1082,42.8185],[-4.0979,42.8205],[-4.0909,42.8085],[-4.0959,42.7855],[-4.0814,42.7614],[-4.0717,42.7605],[-4.0603,42.7624],[-4.0547,42.763],[-4.0459,42.7666],[-4.0474,42.7827],[-4.0316,42.7895],[-4.0303,42.8009],[-4.0174,42.8094],[-4.0175,42.8224],[-4.0072,42.8299],[-4.0012,42.8247],[-3.9968,42.7976],[-3.9997,42.7689],[-3.9538,42.7612],[-3.9362,42.7718],[-3.9134,42.7715],[-3.894,42.8004],[-3.8582,42.7878],[-3.8188,42.8078],[-3.8174,42.832],[-3.8368,42.8766],[-3.8625,42.8834],[-3.882,42.8552],[-3.9087,42.865],[-3.8981,42.9032],[-3.8658,42.9043],[-3.8381,42.9208],[-3.8424,42.9408],[-3.8638,42.9521],[-3.8834,42.9481],[-3.8945,42.9276],[-3.9314,42.905],[-3.9738,42.9136],[-3.9882,42.9319],[-3.9522,43.0003],[-3.9113,43.0167],[-3.8881,43.0399],[-3.8509,43.0432],[-3.8368,43.0622],[-3.8454,43.0821],[-3.7633,43.0834],[-3.7514,43.0994],[-3.7085,43.1152],[-3.7034,43.1208],[-3.6505,43.1787],[-3.6167,43.1699],[-3.6005,43.1522],[-3.4961,43.1347],[-3.4177,43.1334],[-3.26,43.1972],[-3.2241,43.1752],[-3.1606,43.1767],[-3.1414,43.1615],[-3.1603,43.1507],[-3.1772,43.1208],[-3.1392,43.1008],[-3.151,43.0762],[-3.1435,43.0608],[-3.1459,43.0365],[-3.1651,43.0177],[-3.089,43.0016],[-3.0678,43.0051],[-3.037,42.9822],[-3.0339,42.9685],[-2.9884,42.9392],[-3.0249,42.9093],[-3.0832,42.9009],[-3.1169,42.9053],[-3.1427,42.9168],[-3.1576,42.9367],[-3.2187,42.947],[-3.2735,42.8995],[-3.2808,42.8805],[-3.2236,42.8356],[-3.1927,42.8632],[-3.159,42.8601],[-3.1276,42.8853],[-3.1153,42.8855],[-3.1124,42.8665],[-3.1525,42.8083],[-3.1291,42.7865],[-3.1367,42.7625],[-3.0569,42.7613],[-3.0407,42.7432],[-3.0178,42.7366],[-2.9825,42.7098],[-2.9251,42.7027],[-2.9076,42.6919],[-2.8915,42.6551],[-2.8581,42.6382],[-2.904,42.6214],[-2.9559,42.6389],[-3.0772,42.6384],[-3.0813,42.6304],[-3.0673,42.6112],[-3.0663,42.5932],[-3.1272,42.5418],[-3.1164,42.5331],[-3.0787,42.5288],[-3.0767,42.5091],[-3.0878,42.4837],[-3.0658,42.4689],[-3.0512,42.4455],[-3.06,42.3829],[-3.0757,42.3924],[-3.0844,42.4146],[-3.0986,42.4083],[-3.0991,42.3887],[-3.0691,42.361],[-3.1061,42.3437],[-3.093,42.247],[-3.1212,42.1946],[-3.0843,42.1395],[-3.0605,42.1255],[-3.0337,42.0907],[-2.9378,42.0832],[-2.9136,42.0228],[-2.8795,42.0121],[-2.8491,42.0315],[-2.8045,42.0428],[-2.79,42.1076],[-2.7703,42.1225],[-2.7306,42.1219],[-2.7086,42.1013],[-2.7119,42.085],[-2.7547,42.0336],[-2.7481,42.0138],[-2.7075,42.0138],[-2.6922,42.0069],[-2.676,41.9996],[-2.626,42.0058],[-2.5802,41.9993],[-2.5484,42.0486],[-2.5183,42.0677],[-2.5133,42.1117],[-2.4797,42.1098],[-2.4346,42.1366],[-2.3135,42.1431],[-2.2843,42.1308],[-2.2779,42.1033],[-2.2648,42.089],[-2.2366,42.1003],[-2.1714,42.1047],[-2.1291,42.0941],[-2.1315,42.079],[-2.1583,42.0617],[-2.1477,42.0419],[-2.1122,42.0112],[-2.1214,41.9895],[-2.1074,41.9589],[-2.0683,41.9499],[-2.0375,41.9428],[-2.0254,41.9493],[-1.9747,41.9199],[-1.9168,41.9341],[-1.8565,41.9664],[-1.8554,41.9122],[-1.8508,41.9033],[-1.8208,41.8446],[-1.8464,41.7926],[-1.8154,41.7637],[-1.8024,41.7381],[-1.7828,41.7263],[-1.787,41.7075],[-1.8129,41.6647],[-1.8607,41.6567],[-1.8806,41.6396],[-1.9238,41.6025],[-1.99,41.5968],[-1.9904,41.5773],[-1.9858,41.5699],[-1.9709,41.5463],[-1.9768,41.4902],[-1.9555,41.4603],[-1.9436,41.41],[-2.0301,41.3873],[-2.0386,41.3936],[-2.043,41.4284],[-2.0683,41.4339],[-2.1008,41.4411],[-2.1144,41.4242],[-2.123,41.3774],[-2.162,41.3424],[-2.1722,41.2899],[-2.1582,41.2619],[-2.1434,41.1888],[-2.0853,41.1706],[-2.0683,41.1585],[-2.0517,41.1469],[-2.0616,41.1032],[-2.0586,41.0739],[-2.0683,41.079],[-2.1319,41.112],[-2.1723,41.0913],[-2.2307,41.0925],[-2.2678,41.069],[-2.321,41.0611],[-2.3604,41.0821],[-2.4185,41.0622],[-2.4661,41.0817],[-2.4808,41.109],[-2.5083,41.1234],[-2.5323,41.155],[-2.5849,41.148],[-2.5854,41.1772],[-2.6104,41.1898],[-2.5945,41.2051],[-2.5944,41.2204],[-2.6297,41.2207],[-2.6485,41.2379],[-2.6922,41.249],[-2.7036,41.2519],[-2.7239,41.2721],[-2.7588,41.2711],[-2.7815,41.2541],[-2.8254,41.2604],[-2.8611,41.2752],[-2.8714,41.3132],[-2.8946,41.3236],[-2.934,41.3136],[-2.9572,41.2934],[-3.0578,41.2758],[-3.2074,41.3042],[-3.2316,41.2935],[-3.257,41.2601],[-3.2772,41.2714],[-3.2946,41.2592],[-3.3929,41.2573],[-3.4057,41.2154],[-3.4411,41.214],[-3.4685,41.1855],[-3.517,41.1641],[-3.5396,41.165],[-3.6193,41.1449],[-3.6725,41.09],[-3.7364,41.0552],[-3.784,41.0],[-3.8935,40.9659],[-3.9362,40.9244],[-3.9483,40.8971],[-3.9469,40.8666],[-3.9808,40.7878],[-4.0264,40.782],[-4.07,40.7912],[-4.0991,40.7487],[-4.1603,40.6899],[-4.1717,40.672],[-4.1691,40.6199],[-4.2437,40.6031],[-4.2617,40.608],[-4.2741,40.6272],[-4.2885,40.6255],[-4.2807,40.5975],[-4.2878,40.5703],[-4.3252,40.5408],[-4.3193,40.4665],[-4.3387,40.4343],[-4.3278,40.4123],[-4.4232,40.4039],[-4.44,40.3865],[-4.4406,40.3542],[-4.4572,40.3405],[-4.4598,40.3203],[-4.5026,40.3176],[-4.5272,40.3424],[-4.5423,40.3412],[-4.5324,40.2939],[-4.5669,40.2573],[-4.5627,40.2281],[-4.5791,40.2172],[-4.6168,40.2014],[-4.6531,40.1991],[-4.6863,40.2159],[-4.6997,40.2794],[-4.7611,40.2629],[-4.8011,40.2733],[-4.8147,40.2546],[-4.8113,40.2368],[-4.8258,40.2205],[-4.9197,40.1711],[-4.9258,40.1387],[-4.9546,40.1305],[-4.9607,40.1206],[-5.0094,40.112],[-5.0093,40.1321],[-5.0248,40.1574],[-5.0691,40.148],[-5.1377,40.0957],[-5.1713,40.0867],[-5.2018,40.0855],[-5.2192,40.1064],[-5.3138,40.108],[-5.336,40.1159],[-5.3664,40.167],[-5.3675,40.2159],[-5.347,40.2627],[-5.4254,40.2524],[-5.4764,40.2067],[-5.5331,40.1959],[-5.6109,40.218],[-5.6215,40.2429],[-5.6526,40.2533],[-5.6622,40.2722],[-5.6892,40.2887],[-5.7376,40.2942],[-5.7663,40.2821],[-5.7946,40.2896],[-5.7984,40.2967],[-5.7847,40.3184],[-5.8034,40.3519],[-5.8448,40.3311],[-5.886,40.3242],[-5.9232,40.282],[-5.9979,40.3031],[-6.0159,40.3191],[-6.0198,40.3393],[-6.0921,40.3546],[-6.0736,40.3984],[-6.1239,40.4198],[-6.1216,40.4395],[-6.1456,40.4387],[-6.1989,40.4799],[-6.232,40.485],[-6.2811,40.4573],[-6.3413,40.4428],[-6.3618,40.4244],[-6.3705,40.4034],[-6.4156,40.3992],[-6.4434,40.3731],[-6.5383,40.3454],[-6.5615,40.3243],[-6.5583,40.2914],[-6.5855,40.2727],[-6.6646,40.2644],[-6.6903,40.2451],[-6.7195,40.2667],[-6.7594,40.2413],[-6.8349,40.2491],[-6.8651,40.2707],[-6.8581,40.3009],[-6.7957,40.331],[-6.7853,40.3648],[-6.8334,40.4084],[-6.8475,40.4484],[-6.7979,40.5154],[-6.808,40.5532],[-6.8419,40.5699],[-6.7971,40.6587],[-6.8288,40.7449],[-6.8193,40.8063],[-6.8232,40.8402],[-6.8044,40.8471],[-6.8023,40.8575],[-6.8109,40.8795],[-6.8459,40.8991],[-6.8624,40.9501],[-6.9236,41.007],[-6.9307,41.0169],[-6.9299,41.0295],[-6.9236,41.0332],[-6.8529,41.0274],[-6.8118,41.0365],[-6.7581,41.1008],[-6.7663,41.1325],[-6.7054,41.1776],[-6.6898,41.2052],[-6.6468,41.2448],[-6.5908,41.2514],[-6.5786,41.2413],[-6.5599,41.2441],[-6.5236,41.2718],[-6.5044,41.2656],[-6.4851,41.2726],[-6.4879,41.2858],[-6.4797,41.2944],[-6.4442,41.3052],[-6.4173,41.3424],[-6.3867,41.3579],[-6.383,41.3856],[-6.3457,41.3816],[-6.3246,41.3883],[-6.3252,41.4118],[-6.3044,41.4284],[-6.2959,41.4593],[-6.1971,41.5704],[-6.2,41.5881],[-6.2634,41.6396],[-6.3096,41.6646],[-6.4429,41.6825],[-6.4603,41.6682],[-6.4955,41.6589],[-6.5461,41.6857],[-6.546,41.7061],[-6.5649,41.7463],[-6.5311,41.8207],[-6.5198,41.8704],[-6.5673,41.8841],[-6.56,41.9033],[-6.5475,41.9359],[-6.5781,41.9626],[-6.5883,41.9647],[-6.6214,41.9417],[-6.6322,41.9411],[-6.7173,41.9364],[-6.7494,41.9452],[-6.7732,41.9848],[-6.8057,41.9912],[-6.8257,41.9469],[-6.9236,41.9447],[-6.9432,41.9471],[-6.9634,41.9699],[-6.9858,41.9714],[-6.9881,41.9907],[-6.9643,42.0291],[-6.9769,42.0528],[-7.0121,42.0538],[-7.0313,42.0717],[-7.005,42.0868],[-6.9855,42.1217],[-6.9494,42.1371],[-6.9413,42.1714],[-6.9236,42.1847],[-6.9,42.1921],[-6.8833,42.2153],[-6.8642,42.2241],[-6.8396,42.2267],[-6.7932,42.2147],[-6.8001,42.2391],[-6.7843,42.2536],[-6.769,42.2599],[-6.7403,42.3037],[-6.7368,42.3566],[-6.7791,42.3792],[-6.8193,42.3871],[-6.8381,42.4017],[-6.8194,42.4239],[-6.8212,42.4489],[-6.8112,42.4657],[-6.8263,42.49],[-6.8575,42.4892],[-6.9236,42.5171],[-6.9583,42.5159],[-6.9782,42.4947],[-7.0768,42.5081],[-7.0647,42.5255],[-7.0617,42.5546],[-7.0393,42.5831],[-7.0447,42.627],[-7.0153,42.6475],[-7.0371,42.6989],[-7.0119,42.7205],[-6.9724,42.7296],[-6.9602,42.7476],[-6.9247,42.7489],[-6.8724,42.7865],[-6.8438,42.8279],[-6.8679,42.8711],[-6.8267,42.875],[-6.8407,42.9081],[-6.8242,42.915],[-6.7798,42.9017],[-6.7641,42.8835],[-6.7235,42.9143],[-6.6858,42.9224],[-6.6322,42.9188],[-6.5496,42.9133],[-6.5148,42.9265],[-6.4915,42.923],[-6.4399,42.9422],[-6.4379,42.9631],[-6.4711,42.9696],[-6.4753,42.988],[-6.4508,42.9843],[-6.4188,42.9931],[-6.408,43.015],[-6.3938,43.0223],[-6.3923,43.0375],[-6.3604,43.0561],[-6.3216,43.0321],[-6.2842,43.0327],[-6.2618,43.0172],[-6.2327,43.012],[-6.2109,43.044],[-6.1807,43.0467],[-6.1347,43.0233],[-6.1004,43.0311],[-6.0812,43.0729],[-6.02,43.0564],[-5.9789,43.0647],[-5.9575,43.0218],[-5.9119,42.994],[-5.8451,42.9669],[-5.8017,42.9641],[-5.7667,42.972],[-5.7281,43.0393],[-5.6911,43.0551],[-5.6348,43.0361],[-5.585,43.0334],[-5.5431,43.0198],[-5.4936,43.0244],[-5.4757,43.0514],[-5.3939,43.0498],[-5.3824,43.0847],[-5.3666,43.0938],[-5.3281,43.0811],[-5.2866,43.0793],[-5.2605,43.0878],[-5.2182,43.0859],[-5.1522,43.1122],[-5.1324,43.1022],[-5.1043,43.1031],[-5.0971,43.1208],[-5.0735,43.1787],[-5.0266,43.1841],[-4.9986,43.176],[-4.9626,43.2111],[-4.9069,43.2365],[-4.8692,43.2253],[-4.841,43.1807]],[[-4.3233,40.6574],[-4.3193,40.6476],[-4.2868,40.6527],[-4.2563,40.6521],[-4.2547,40.6621],[-4.268,40.6745],[-4.2742,40.6771],[-4.2882,40.6806],[-4.3147,40.6672],[-4.3233,40.6574]]],[[[-2.6922,42.7805],[-2.6442,42.7679],[-2.607,42.7683],[-2.5854,42.7554],[-2.5654,42.7575],[-2.5714,42.7317],[-2.6007,42.7098],[-2.6031,42.698],[-2.5696,42.671],[-2.5298,42.6821],[-2.5253,42.6499],[-2.5439,42.6403],[-2.6286,42.6499],[-2.6603,42.6683],[-2.6922,42.6721],[-2.7217,42.6636],[-2.7676,42.667],[-2.784,42.6959],[-2.8537,42.7291],[-2.8644,42.741],[-2.8351,42.7924],[-2.7394,42.7936],[-2.6922,42.7805]]],[[[-2.922,42.6006],[-2.9399,42.5939],[-2.9459,42.6039],[-2.9345,42.6147],[-2.922,42.6006]]],[[[-2.9781,42.6111],[-2.9938,42.6018],[-3.0003,42.6059],[-2.9959,42.6177],[-2.9781,42.6111]]]]}},{"type":"Feature","properties":{"tipo":"comunidad","id":"ES52","nombre":"Comunitat Valenciana"},"geometry":{"type":"MultiPolygon","coordinates":[[[[0.0127,40.7275],[0.0367,40.6928],[0.1026,40.7239],[0.1451,40.7195],[0.1708,40.7328],[0.1839,40.7321],[0.2228,40.7301],[0.2376,40.7041],[0.2644,40.7034],[0.2868,40.6901],[0.268,40.6525],[0.2798,40.6312],[0.3291,40.6116],[0.3751,40.6056],[0.3978,40.6026],[0.439,40.5774],[0.4423,40.5461],[0.5152,40.5229],[0.4176,40.3983],[0.4044,40.3581],[0.3751,40.328],[0.3289,40.2806],[0.2831,40.2471],[0.2602,40.2074],[0.1973,40.1761],[0.1839,40.1531],[0.1435,40.0835],[0.1177,40.0621],[0.0583,40.0412],[0.0395,40.0159],[-0.0108,39.9117],[-0.0838,39.8546],[-0.1885,39.722],[-0.2104,39.6571],[-0.2582,39.6147],[-0.2788,39.5693],[-0.3133,39.5239],[-0.3336,39.4222],[-0.2962,39.3177],[-0.2226,39.1884],[-0.2385,39.1707],[-0.2379,39.1463],[-0.1996,39.0594],[-0.1425,38.979],[-0.0376,38.8864],[-0.0023,38.8686],[0.0925,38.8541],[0.1839,38.8098],[0.1898,38.7806],[0.2196,38.7593],[0.2272,38.7389],[0.1839,38.7176],[0.173,38.7133],[0.1497,38.6842],[0.1298,38.6852],[0.0961,38.6693],[0.0753,38.638],[0.0465,38.6387],[-0.0256,38.6187],[-0.0571,38.585],[-0.0585,38.5584],[-0.0907,38.5308],[-0.1504,38.5326],[-0.1813,38.5155],[-0.297,38.4827],[-0.362,38.4481],[-0.4005,38.4066],[-0.4101,38.3564],[-0.4509,38.3578],[-0.504,38.3291],[-0.5188,38.2896],[-0.5139,38.2049],[-0.5353,38.1909],[-0.5901,38.1865],[-0.6183,38.1653],[-0.638,38.1254],[-0.6525,37.9954],[-0.6659,37.9795],[-0.6947,37.9668],[-0.7065,37.9451],[-0.7218,37.9169],[-0.7457,37.8996],[-0.7621,37.847],[-0.7838,37.847],[-0.8293,37.8655],[-0.8974,37.921],[-1.0274,38.09],[-1.0343,38.1382],[-0.9894,38.1996],[-0.9691,38.28],[-0.9949,38.323],[-1.0823,38.3481],[-1.0879,38.3797],[-1.0848,38.4396],[-1.0162,38.4976],[-1.0238,38.523],[-1.0034,38.5749],[-1.0269,38.6555],[-0.963,38.6583],[-0.9485,38.6693],[-0.9222,38.6893],[-0.9589,38.7711],[-0.9289,38.7838],[-0.9345,38.8527],[-0.9274,38.8901],[-0.9498,38.9114],[-0.9617,38.9424],[-0.9981,38.9477],[-1.0305,38.9357],[-1.1437,38.9303],[-1.2215,39.019],[-1.2645,39.0493],[-1.2538,39.1049],[-1.2402,39.1168],[-1.2258,39.151],[-1.1985,39.176],[-1.1806,39.2146],[-1.1665,39.3063],[-1.2087,39.323],[-1.2287,39.3186],[-1.3127,39.3417],[-1.3434,39.3375],[-1.4163,39.3783],[-1.4268,39.3673],[-1.4332,39.3732],[-1.4479,39.364],[-1.4596,39.3816],[-1.4564,39.3949],[-1.4859,39.4064],[-1.4876,39.4194],[-1.5051,39.418],[-1.5015,39.4295],[-1.5243,39.4524],[-1.5031,39.499],[-1.5016,39.5626],[-1.4625,39.5778],[-1.4198,39.6519],[-1.3739,39.6857],[-1.3118,39.6713],[-1.2745,39.6841],[-1.2645,39.6993],[-1.2722,39.7397],[-1.2184,39.8054],[-1.2004,39.861],[-1.1976,39.9103],[-1.2059,39.9436],[-1.1424,39.9719],[-1.1242,39.9655],[-1.0666,39.9792],[-0.9943,39.9811],[-0.9344,39.9593],[-0.9202,39.9611],[-0.905,39.9352],[-0.9115,39.9161],[-0.904,39.8908],[-0.9088,39.8704],[-0.8806,39.8512],[-0.8637,39.85],[-0.7976,39.8811],[-0.8354,39.9174],[-0.8432,39.9462],[-0.8384,39.9703],[-0.7872,39.9932],[-0.7669,40.0159],[-0.7573,40.0427],[-0.7065,40.0453],[-0.6787,40.0467],[-0.6391,40.0696],[-0.6166,40.0727],[-0.6256,40.1045],[-0.5807,40.1403],[-0.5443,40.247],[-0.4957,40.2305],[-0.4476,40.2376],[-0.3962,40.2586],[-0.3854,40.2743],[-0.3934,40.3012],[-0.3552,40.3167],[-0.3358,40.3414],[-0.283,40.3702],[-0.2871,40.3864],[-0.3445,40.4436],[-0.3302,40.4586],[-0.2764,40.4759],[-0.2787,40.4992],[-0.2997,40.5155],[-0.2922,40.544],[-0.2943,40.6068],[-0.3322,40.6049],[-0.3707,40.6165],[-0.3784,40.6617],[-0.3717,40.6699],[-0.3308,40.6789],[-0.307,40.6621],[-0.2397,40.6926],[-0.2251,40.749],[-0.1899,40.7847],[-0.1482,40.7844],[-0.1287,40.7558],[-0.0698,40.7297],[0.0127,40.7275]]],[[[-1.2467,40.1432],[-1.2451,40.1186],[-1.1509,40.1133],[-1.0756,40.0629],[-1.0746,40.0506],[-1.087,40.0361],[-1.1474,40.0159],[-1.1652,40.0101],[-1.2493,39.9962],[-1.3344,40.0159],[-1.3409,40.0159],[-1.3589,40.0124],[-1.3643,40.0122],[-1.3752,40.0159],[-1.4152,40.0861],[-1.4118,40.1027],[-1.4483,40.1247],[-1.4544,40.1356],[-1.4488,40.1454],[-1.3529,40.1315],[-1.3212,40.1484],[-1.3198,40.1913],[-1.2963,40.2046],[-1.2809,40.1677],[-1.2467,40.1432]]]]}},{"type":"Feature","properties":{"tipo":"comunidad","id":"ES13","nombre":"Cantabria"},"geometry":{"type":"MultiPolygon","coordinates":[[[[-4.0459,42.7666],[-4.0547,42.763],[-4.0603,42.7624],[-4.0717,42.7605],[-4.0814,42.7614],[-4.0959,42.7855],[-4.0909,42.8085],[-4.0979,42.8205],[-4.1082,42.8185],[-4.1176,42.7935],[-4.1477,42.7929],[-4.185,42.8099],[-4.1837,42.8194],[-4.1405,42.8353],[-4.1334,42.8562],[-4.1543,42.8651],[-4.1987,42.8483],[-4.2176,42.8542],[-4.2451,42.9551],[-4.347,42.9755],[-4.3983,43.0323],[-4.4431,43.0546],[-4.4617,43.0563],[-4.4859,43.0405],[-4.5227,43.0429],[-4.5601,43.0237],[-4.6035,43.0319],[-4.6402,43.0195],[-4.737,43.0209],[-4.7401,43.0511],[-4.7631,43.0579],[-4.7751,43.0787],[-4.8281,43.0998],[-4.8439,43.1208],[-4.841,43.1807],[-4.7406,43.1882],[-4.7219,43.235],[-4.7272,43.2567],[-4.7149,43.2611],[-4.7029,43.2655],[-4.636,43.2688],[-4.607,43.2976],[-4.5601,43.2874],[-4.5459,43.2721],[-4.5299,43.2752],[-4.5196,43.3063],[-4.5258,43.3367],[-4.5366,43.348],[-4.5317,43.3651],[-4.5139,43.3779],[-4.5123,43.3932],[-4.3784,43.3922],[-4.3478,43.4038],[-4.3208,43.3901],[-4.2201,43.3972],[-4.1193,43.4178],[-4.086,43.4341],[-3.9785,43.4439],[-3.9431,43.4682],[-3.9161,43.4724],[-3.8599,43.4809],[-3.7906,43.4915],[-3.7858,43.4809],[-3.7819,43.4724],[-3.7794,43.467],[-3.8324,43.4403],[-3.8106,43.4246],[-3.819,43.4122],[-3.8138,43.4058],[-3.7852,43.4209],[-3.773,43.4397],[-3.7689,43.4459],[-3.7498,43.4346],[-3.7473,43.4564],[-3.7203,43.4724],[-3.7155,43.4752],[-3.6843,43.4785],[-3.6777,43.4809],[-3.5898,43.5123],[-3.5487,43.5066],[-3.5084,43.4809],[-3.495,43.4724],[-3.436,43.4608],[-3.4301,43.448],[-3.4396,43.4291],[-3.4265,43.4171],[-3.339,43.415],[-3.313,43.405],[-3.2451,43.3993],[-3.1865,43.3629],[-3.1533,43.3532],[-3.1508,43.3148],[-3.1601,43.3021],[-3.2134,43.2849],[-3.3342,43.2983],[-3.3458,43.2767],[-3.3793,43.2707],[-3.3879,43.2611],[-3.3983,43.2495],[-3.4472,43.2341],[-3.4177,43.1334],[-3.4961,43.1347],[-3.6005,43.1522],[-3.6167,43.1699],[-3.6505,43.1787],[-3.7034,43.1208],[-3.7085,43.1152],[-3.7514,43.0994],[-3.7633,43.0834],[-3.8454,43.0821],[-3.8368,43.0622],[-3.8509,43.0432],[-3.8881,43.0399],[-3.9113,43.0167],[-3.9522,43.0003],[-3.9882,42.9319],[-3.9738,42.9136],[-3.9314,42.905],[-3.8945,42.9276],[-3.8834,42.9481],[-3.8638,42.9521],[-3.8424,42.9408],[-3.8381,42.9208],[-3.8658,42.9043],[-3.8981,42.9032],[-3.9087,42.865],[-3.882,42.8552],[-3.8625,42.8834],[-3.8368,42.8766],[-3.8174,42.832],[-3.8188,42.8078],[-3.8582,42.7878],[-3.894,42.8004],[-3.9134,42.7715],[-3.9362,42.7718],[-3.9538,42.7612],[-3.9997,42.7689],[-3.9968,42.7976],[-4.0012,42.8247],[-4.0072,42.8299],[-4.0175,42.8224],[-4.0174,42.8094],[-4.0303,42.8009],[-4.0316,42.7895],[-4.0474,42.7827],[-4.0459,42.7666]]],[[[-3.3032,43.2545],[-3.2868,43.2611],[-3.2802,43.2621],[-3.2669,43.2669],[-3.2528,43.2611],[-3.2695,43.2274],[-3.2694,43.2065],[-3.2832,43.1994],[-3.2942,43.207],[-3.3032,43.2545]]]]}},{"type":"Feature","properties":{"tipo":"comunidad","id":"ES21","nombre":"País Vasco"},"geometry":{"type":"MultiPolygon","coordinates":[[[[-2.7547,43.4508],[-2.6922,43.4066],[-2.645,43.4139],[-2.6197,43.394],[-2.5116,43.3752],[-2.4616,43.3391],[-2.4128,43.3211],[-2.3227,43.2976],[-2.2817,43.2956],[-2.2265,43.3093],[-2.1769,43.2891],[-2.1285,43.2901],[-2.1125,43.2991],[-2.0683,43.308],[-1.909,43.3401],[-1.8618,43.3727],[-1.7944,43.3919],[-1.786,43.3505],[-1.742,43.3294],[-1.7289,43.2961],[-1.7853,43.2836],[-1.7926,43.2611],[-1.7972,43.2472],[-1.8301,43.2278],[-1.8605,43.2166],[-1.8746,43.2273],[-1.8853,43.2091],[-1.9122,43.2195],[-1.9209,43.178],[-1.9063,43.1352],[-1.9227,43.1208],[-1.9477,43.099],[-2.018,43.0683],[-2.0231,43.0449],[-2.04,43.0258],[-2.0306,43.0006],[-2.0369,42.9855],[-2.0683,42.9781],[-2.0919,42.9725],[-2.1125,42.9451],[-2.1751,42.9363],[-2.2084,42.9483],[-2.2343,42.9268],[-2.2393,42.8989],[-2.2508,42.8957],[-2.2343,42.8415],[-2.2654,42.8128],[-2.2781,42.7853],[-2.266,42.7499],[-2.3143,42.737],[-2.3194,42.7291],[-2.3131,42.6797],[-2.2932,42.6722],[-2.2937,42.6533],[-2.3539,42.6352],[-2.3725,42.6387],[-2.3906,42.6582],[-2.4168,42.6605],[-2.4463,42.6482],[-2.4821,42.6151],[-2.4979,42.6131],[-2.4904,42.589],[-2.4655,42.5863],[-2.453,42.5705],[-2.4234,42.6024],[-2.3996,42.5949],[-2.3918,42.5557],[-2.399,42.5387],[-2.3949,42.5198],[-2.4198,42.5104],[-2.4207,42.4893],[-2.4983,42.491],[-2.5157,42.5041],[-2.5385,42.4889],[-2.588,42.4816],[-2.6088,42.4959],[-2.6465,42.4916],[-2.6975,42.5247],[-2.6891,42.563],[-2.6952,42.5978],[-2.7563,42.6176],[-2.7838,42.582],[-2.8224,42.5629],[-2.8333,42.5776],[-2.8265,42.6065],[-2.8581,42.6382],[-2.8915,42.6551],[-2.9076,42.6919],[-2.9251,42.7027],[-2.9825,42.7098],[-3.0178,42.7366],[-3.0407,42.7432],[-3.0569,42.7613],[-3.1367,42.7625],[-3.1291,42.7865],[-3.1525,42.8083],[-3.1124,42.8665],[-3.1153,42.8855],[-3.1276,42.8853],[-3.159,42.8601],[-3.1927,42.8632],[-3.2236,42.8356],[-3.2808,42.8805],[-3.2735,42.8995],[-3.2187,42.947],[-3.1576,42.9367],[-3.1427,42.9168],[-3.1169,42.9053],[-3.0832,42.9009],[-3.0249,42.9093],[-2.9884,42.9392],[-3.0339,42.9685],[-3.037,42.9822],[-3.0678,43.0051],[-3.089,43.0016],[-3.1651,43.0177],[-3.1459,43.0365],[-3.1435,43.0608],[-3.151,43.0762],[-3.1392,43.1008],[-3.1772,43.1208],[-3.1603,43.1507],[-3.1414,43.1615],[-3.1606,43.1767],[-3.2241,43.1752],[-3.26,43.1972],[-3.4177,43.1334],[-3.4472,43.2341],[-3.3983,43.2495],[-3.3879,43.2611],[-3.3793,43.2707],[-3.3458,43.2767],[-3.3342,43.2983],[-3.2134,43.2849],[-3.1601,43.3021],[-3.1508,43.3148],[-3.1533,43.3532],[-3.0925,43.3597],[-3.0203,43.329],[-3.0155,43.3425],[-3.0291,43.3762],[-2.9525,43.415],[-2.9369,43.4335],[-2.8133,43.432],[-2.7547,43.4508]],[[-2.7676,42.667],[-2.7217,42.6636],[-2.6922,42.6721],[-2.6603,42.6683],[-2.6286,42.6499],[-2.5439,42.6403],[-2.5253,42.6499],[-2.5298,42.6821],[-2.5696,42.671],[-2.6031,42.698],[-2.6007,42.7098],[-2.5714,42.7317],[-2.5654,42.7575],[-2.5854,42.7554],[-2.607,42.7683],[-2.6442,42.7679],[-2.6922,42.7805],[-2.7394,42.7936],[-2.8351,42.7924],[-2.8644,42.741],[-2.8537,42.7291],[-2.784,42.6959],[-2.7676,42.667]],[[-3.2942,43.207],[-3.2832,43.1994],[-3.2694,43.2065],[-3.2695,43.2274],[-3.2528,43.2611],[-3.2669,43.2669],[-3.2802,43.2621],[-3.2868,43.2611],[-3.3032,43.2545],[-3.2942,43.207]]]]}},{"type":"Feature","properties":{"tipo":"comunidad","id":"ES53","nombre":"Illes Balears"},"geometry":{"type":"MultiPolygon","coordinates":[[[[3.1349,39.925],[3.107,39.9064],[3.0884,39.9072],[3.0803,39.8934],[3.0881,39.8707],[3.105,39.8595],[3.1885,39.8862],[3.1871,39.8719],[3.1928,39.8585],[3.1809,39.8444],[3.1286,39.8376],[3.1207,39.8299],[3.1225,39.8013],[3.1439,39.7754],[3.2522,39.7308],[3.3247,39.7597],[3.3477,39.7861],[3.4557,39.7427],[3.4557,39.7244],[3.4731,39.7149],[3.4574,39.7013],[3.4539,39.6604],[3.435,39.6366],[3.4061,39.635],[3.3938,39.6208],[3.3865,39.5957],[3.3975,39.579],[3.3795,39.5733],[3.3699,39.5572],[3.2988,39.5008],[3.2726,39.4192],[3.2428,39.3776],[3.1766,39.3317],[3.1186,39.3109],[3.0649,39.2677],[3.0502,39.2687],[3.0117,39.3098],[2.9895,39.3184],[2.986,39.341],[2.9589,39.3606],[2.9308,39.3632],[2.9092,39.3553],[2.8832,39.3645],[2.8268,39.3583],[2.7858,39.3668],[2.7416,39.4108],[2.7453,39.4414],[2.7254,39.4747],[2.7467,39.5109],[2.6932,39.5476],[2.684,39.5539],[2.6363,39.567],[2.6218,39.5485],[2.6028,39.5497],[2.585,39.5347],[2.546,39.5249],[2.515,39.4601],[2.4812,39.4739],[2.4618,39.5008],[2.4682,39.5177],[2.4526,39.5346],[2.4248,39.5268],[2.4112,39.535],[2.39,39.5243],[2.382,39.5385],[2.3718,39.5274],[2.3578,39.528],[2.3662,39.541],[2.3763,39.5464],[2.3515,39.5632],[2.3477,39.5877],[2.364,39.6097],[2.4526,39.6492],[2.5264,39.6989],[2.5559,39.7015],[2.5812,39.7145],[2.6326,39.7606],[2.6583,39.7707],[2.6731,39.7935],[2.6932,39.8048],[2.7344,39.8279],[2.7586,39.8321],[2.7824,39.8545],[2.8437,39.8643],[2.9496,39.916],[2.9811,39.9102],[3.0285,39.9327],[3.0698,39.923],[3.1192,39.9331],[3.1702,39.9592],[3.2097,39.9574],[3.1994,39.9445],[3.1604,39.9272],[3.1349,39.925]]],[[[4.0936,40.0618],[4.1033,40.0464],[4.1114,40.0539],[4.1307,40.057],[4.1211,40.0355],[4.1264,40.028],[4.1398,40.0356],[4.1415,40.0488],[4.1386,40.0668],[4.1546,40.0674],[4.1704,40.0608],[4.1657,40.0565],[4.1613,40.0358],[4.1704,40.0352],[4.1705,40.0269],[4.1817,40.0234],[4.188,40.0323],[4.2012,40.0196],[4.199,40.0075],[4.2075,40.0083],[4.223,39.9984],[4.2473,40.0],[4.2607,39.9967],[4.2573,39.9905],[4.2617,39.9789],[4.2572,39.9646],[4.2663,39.954],[4.2771,39.9664],[4.2904,39.962],[4.2811,39.9524],[4.2765,39.9338],[4.2878,39.9137],[4.3068,39.894],[4.3171,39.8771],[4.3087,39.8727],[4.2994,39.8828],[4.2953,39.8792],[4.3058,39.867],[4.308,39.8494],[4.2999,39.8404],[4.3027,39.8336],[4.288,39.8155],[4.2727,39.8092],[4.2457,39.816],[4.2376,39.8151],[4.2201,39.8265],[4.2071,39.8258],[4.2026,39.8335],[4.1932,39.8338],[4.1564,39.8551],[4.1312,39.8672],[4.0987,39.8784],[4.0862,39.8857],[4.0767,39.8968],[4.0207,39.9218],[3.972,39.9332],[3.9625,39.9325],[3.9573,39.9386],[3.9473,39.934],[3.9149,39.9298],[3.8987,39.9227],[3.8933,39.9272],[3.8764,39.9223],[3.8537,39.9222],[3.8338,39.9254],[3.8231,39.923],[3.8203,39.928],[3.825,39.9523],[3.8334,39.9615],[3.8287,39.9936],[3.7968,39.9989],[3.7918,40.0175],[3.8086,40.0264],[3.822,40.0502],[3.8655,40.056],[3.8785,40.0536],[3.8859,40.0581],[3.9034,40.0571],[3.9089,40.0504],[3.9207,40.047],[3.9211,40.0562],[3.9348,40.0617],[3.9433,40.0573],[3.9596,40.0605],[3.9705,40.0538],[3.9841,40.0523],[3.9951,40.0583],[4.0179,40.0589],[4.0324,40.0644],[4.0509,40.0536],[4.073,40.0591],[4.0892,40.0785],[4.096,40.0827],[4.0936,40.0618]]],[[[1.5387,39.1078],[1.5572,39.0939],[1.5674,39.098],[1.5932,39.0961],[1.6021,39.0908],[1.6012,39.0778],[1.5926,39.0756],[1.5886,39.0631],[1.5915,39.0565],[1.6184,39.0332],[1.6159,39.0265],[1.6049,39.0278],[1.5936,39.0165],[1.5866,39.015],[1.5793,39.0011],[1.5787,38.9908],[1.5534,38.9916],[1.5335,38.9818],[1.5264,38.9461],[1.5119,38.9457],[1.5038,38.9342],[1.4887,38.9267],[1.4734,38.915],[1.4546,38.9165],[1.4523,38.9106],[1.438,38.9149],[1.4367,38.9031],[1.4227,38.9044],[1.41,38.8909],[1.4041,38.8768],[1.4061,38.8606],[1.4025,38.848],[1.4039,38.8346],[1.3866,38.8414],[1.3718,38.8338],[1.3653,38.8534],[1.353,38.866],[1.3439,38.8701],[1.3231,38.8626],[1.3125,38.8681],[1.3065,38.8651],[1.2967,38.8755],[1.2723,38.8786],[1.2652,38.8757],[1.2533,38.8594],[1.2479,38.8576],[1.238,38.8704],[1.2256,38.8741],[1.2239,38.8886],[1.2141,38.8989],[1.2219,38.9133],[1.2214,38.921],[1.235,38.9379],[1.2161,38.9582],[1.2302,38.9717],[1.2457,38.9671],[1.2666,38.9682],[1.2832,38.973],[1.3021,38.9695],[1.3067,38.9776],[1.2958,38.9803],[1.2845,38.9991],[1.2975,39.0097],[1.2922,39.0146],[1.2921,39.0288],[1.311,39.0437],[1.324,39.0473],[1.3262,39.0525],[1.3413,39.0539],[1.3451,39.0643],[1.3628,39.074],[1.3666,39.0645],[1.3805,39.0663],[1.3844,39.0756],[1.3965,39.0797],[1.4043,39.0755],[1.4157,39.0779],[1.4253,39.0918],[1.4395,39.0821],[1.4519,39.0892],[1.4519,39.0957],[1.4744,39.1047],[1.4834,39.1016],[1.4902,39.1098],[1.4964,39.0995],[1.5084,39.1041],[1.5075,39.1135],[1.5168,39.1159],[1.5411,39.1158],[1.5387,39.1078]]],[[[1.4581,38.7255],[1.4711,38.7229],[1.481,38.7013],[1.5142,38.6791],[1.531,38.674],[1.557,38.6888],[1.5688,38.6904],[1.5811,38.6783],[1.5822,38.6693],[1.583,38.6626],[1.5656,38.6506],[1.5251,38.6537],[1.5115,38.6646],[1.5029,38.6693],[1.4923,38.6751],[1.4706,38.6831],[1.4516,38.6846],[1.4395,38.6811],[1.4309,38.6693],[1.3906,38.644],[1.3847,38.6499],[1.3856,38.6693],[1.3816,38.6882],[1.3885,38.6991],[1.382,38.7192],[1.3955,38.732],[1.4073,38.7237],[1.4154,38.7235],[1.4134,38.7333],[1.4276,38.7391],[1.4373,38.7525],[1.448,38.7328],[1.4581,38.7255]]],[[[2.9572,39.1476],[2.9616,39.1419],[2.9554,39.1279],[2.9471,39.124],[2.9241,39.1316],[2.9248,39.1382],[2.9123,39.1428],[2.9233,39.1525],[2.9292,39.1431],[2.9362,39.1438],[2.9519,39.1568],[2.9507,39.1667],[2.9767,39.1569],[2.9708,39.1478],[2.9572,39.1476]]],[[[2.3347,39.589],[2.318,39.5757],[2.3083,39.5785],[2.3234,39.5933],[2.3374,39.5974],[2.3347,39.589]]],[[[1.6496,39.0458],[1.6488,39.0293],[1.6386,39.0297],[1.6345,39.0413],[1.6496,39.0458]]],[[[2.9717,39.1905],[2.9667,39.1734],[2.9553,39.1799],[2.9609,39.1919],[2.9717,39.1905]]],[[[1.2102,38.867],[1.2029,38.8602],[1.1871,38.8663],[1.1983,38.8757],[1.2102,38.867]]],[[[1.4326,38.7847],[1.4194,38.7782],[1.4155,38.7849],[1.4214,38.7994],[1.4326,38.7847]]],[[[1.4855,38.7974],[1.4722,38.791],[1.467,38.8001],[1.4732,38.8072],[1.4853,38.8026],[1.4855,38.7974]]],[[[1.2193,38.9813],[1.2147,38.9716],[1.2028,38.983],[1.2148,38.9937],[1.2193,38.9813]]]]}},{"type":"Feature","properties":{"tipo":"comunidad","id":"ES24","nombre":"Aragón"},"geometry":{"type":"MultiPolygon","coordinates":[[[[-0.573,42.8019],[-0.5574,42.7821],[-0.5301,42.7954],[-0.5083,42.8227],[-0.4459,42.8001],[-0.392,42.8025],[-0.3133,42.8494],[-0.2129,42.7988],[-0.1589,42.7886],[-0.1116,42.733],[-0.0442,42.6932],[-0.0179,42.6891],[0.046,42.6987],[0.1839,42.7337],[0.2545,42.7148],[0.2714,42.6914],[0.2955,42.6775],[0.3149,42.6838],[0.3533,42.718],[0.3751,42.715],[0.4308,42.6912],[0.4778,42.7],[0.5085,42.6921],[0.5197,42.6969],[0.5311,42.7017],[0.5806,42.6957],[0.5996,42.7031],[0.6601,42.691],[0.6931,42.6571],[0.704,42.6253],[0.7653,42.6077],[0.7609,42.5934],[0.7442,42.5397],[0.7235,42.5245],[0.7332,42.5031],[0.6947,42.4852],[0.7101,42.4402],[0.731,42.4198],[0.7302,42.4047],[0.7421,42.3892],[0.7281,42.3657],[0.7661,42.3521],[0.7433,42.3342],[0.7604,42.3183],[0.7457,42.298],[0.7351,42.2546],[0.7023,42.1845],[0.7095,42.1634],[0.6974,42.1482],[0.6997,42.1143],[0.6553,42.0335],[0.6589,42.0063],[0.6455,41.9935],[0.6234,41.9893],[0.6045,41.9649],[0.586,41.9631],[0.5654,41.9396],[0.567,41.9323],[0.596,41.9215],[0.5987,41.9033],[0.6033,41.872],[0.5769,41.8526],[0.5564,41.8513],[0.551,41.8403],[0.5423,41.8227],[0.5197,41.8208],[0.5135,41.8202],[0.4837,41.8],[0.4673,41.7671],[0.4057,41.7562],[0.3751,41.726],[0.3299,41.6812],[0.3285,41.6634],[0.3545,41.6316],[0.3513,41.6016],[0.3751,41.5976],[0.3974,41.5939],[0.427,41.5989],[0.4357,41.5699],[0.4436,41.5433],[0.3956,41.4909],[0.3751,41.488],[0.3453,41.4837],[0.3521,41.4499],[0.3359,41.4074],[0.325,41.3931],[0.3696,41.3562],[0.3522,41.3283],[0.3751,41.2945],[0.3857,41.2788],[0.3787,41.2418],[0.3751,41.2377],[0.322,41.2214],[0.2937,41.1592],[0.2568,41.1489],[0.2463,41.1327],[0.2057,41.1262],[0.2022,41.09],[0.2204,41.0714],[0.2224,41.0455],[0.2692,41.0247],[0.2642,41.0133],[0.2889,40.9704],[0.2434,40.8855],[0.2739,40.8222],[0.2282,40.7696],[0.1839,40.7537],[0.178,40.7516],[0.1708,40.7328],[0.1451,40.7195],[0.1026,40.7239],[0.0367,40.6928],[0.0127,40.7275],[-0.0698,40.7297],[-0.1287,40.7558],[-0.1482,40.7844],[-0.1899,40.7847],[-0.2251,40.749],[-0.2397,40.6926],[-0.307,40.6621],[-0.3308,40.6789],[-0.3717,40.6699],[-0.3784,40.6617],[-0.3707,40.6165],[-0.3322,40.6049],[-0.2943,40.6068],[-0.2922,40.544],[-0.2997,40.5155],[-0.2787,40.4992],[-0.2764,40.4759],[-0.3302,40.4586],[-0.3445,40.4436],[-0.2871,40.3864],[-0.283,40.3702],[-0.3358,40.3414],[-0.3552,40.3167],[-0.3934,40.3012],[-0.3854,40.2743],[-0.3962,40.2586],[-0.4476,40.2376],[-0.4957,40.2305],[-0.5443,40.247],[-0.5807,40.1403],[-0.6256,40.1045],[-0.6166,40.0727],[-0.6391,40.0696],[-0.6787,40.0467],[-0.7065,40.0453],[-0.7573,40.0427],[-0.7669,40.0159],[-0.7872,39.9932],[-0.8384,39.9703],[-0.8432,39.9462],[-0.8354,39.9174],[-0.7976,39.8811],[-0.8637,39.85],[-0.8806,39.8512],[-0.9088,39.8704],[-0.904,39.8908],[-0.9115,39.9161],[-0.905,39.9352],[-0.9202,39.9611],[-0.9344,39.9593],[-0.9943,39.9811],[-1.0666,39.9792],[-1.1242,39.9655],[-1.1424,39.9719],[-1.1473,39.9886],[-1.1633,39.9998],[-1.1652,40.0101],[-1.1474,40.0159],[-1.087,40.0361],[-1.0746,40.0506],[-1.0756,40.0629],[-1.1509,40.1133],[-1.2451,40.1186],[-1.2467,40.1432],[-1.2809,40.1677],[-1.2963,40.2046],[-1.3198,40.1913],[-1.3212,40.1484],[-1.3529,40.1315],[-1.4488,40.1454],[-1.4416,40.1944],[-1.4756,40.1874],[-1.5148,40.2021],[-1.5449,40.1945],[-1.6885,40.3067],[-1.7009,40.3042],[-1.7205,40.2807],[-1.7265,40.3057],[-1.7025,40.324],[-1.7723,40.3854],[-1.8063,40.3982],[-1.7463,40.4641],[-1.6955,40.4874],[-1.7001,40.5403],[-1.6908,40.576],[-1.6779,40.5877],[-1.5973,40.564],[-1.5489,40.5938],[-1.562,40.6171],[-1.5404,40.6585],[-1.5388,40.6848],[-1.5609,40.7357],[-1.542,40.7623],[-1.5411,40.8003],[-1.55,40.8208],[-1.5794,40.8379],[-1.6198,40.8807],[-1.6235,40.8973],[-1.6099,40.9246],[-1.6174,40.9437],[-1.7463,41.0353],[-1.7635,41.0596],[-1.8038,41.0883],[-1.865,41.1074],[-1.8919,41.132],[-1.9282,41.1374],[-1.9542,41.1694],[-2.0517,41.1469],[-2.0683,41.1585],[-2.0853,41.1706],[-2.1434,41.1888],[-2.1582,41.2619],[-2.1722,41.2899],[-2.162,41.3424],[-2.123,41.3774],[-2.1144,41.4242],[-2.1008,41.4411],[-2.0683,41.4339],[-2.043,41.4284],[-2.0386,41.3936],[-2.0301,41.3873],[-1.9436,41.41],[-1.9555,41.4603],[-1.9768,41.4902],[-1.9709,41.5463],[-1.9858,41.5699],[-1.9904,41.5773],[-1.99,41.5968],[-1.9238,41.6025],[-1.8806,41.6396],[-1.8607,41.6567],[-1.8129,41.6647],[-1.787,41.7075],[-1.7828,41.7263],[-1.8024,41.7381],[-1.8154,41.7637],[-1.8464,41.7926],[-1.8208,41.8446],[-1.8508,41.9033],[-1.8554,41.9122],[-1.8565,41.9664],[-1.8642,41.9772],[-1.8452,41.9871],[-1.8507,41.9975],[-1.8472,42.008],[-1.8319,41.9969],[-1.7666,41.993],[-1.7149,41.9577],[-1.651,41.9628],[-1.5571,41.9141],[-1.5216,41.9111],[-1.4916,41.9243],[-1.4325,41.914],[-1.413,41.9191],[-1.3841,41.9448],[-1.3422,42.0138],[-1.3052,42.0476],[-1.3137,42.0699],[-1.3513,42.075],[-1.3702,42.1076],[-1.3955,42.126],[-1.394,42.1843],[-1.4152,42.2173],[-1.3928,42.2721],[-1.3944,42.2939],[-1.332,42.3544],[-1.3364,42.3686],[-1.3562,42.3781],[-1.34,42.4235],[-1.2764,42.4763],[-1.2885,42.5186],[-1.2648,42.5531],[-1.2289,42.5445],[-1.2042,42.5534],[-1.1993,42.5777],[-1.1637,42.5989],[-1.176,42.6102],[-1.1583,42.6143],[-1.1501,42.6456],[-1.0521,42.6448],[-1.0389,42.6537],[-1.0333,42.6941],[-0.9698,42.7052],[-0.9364,42.7291],[-0.935,42.7343],[-0.9258,42.7384],[-0.923,42.744],[-0.9011,42.7427],[-0.8966,42.7597],[-0.872,42.7615],[-0.8529,42.7791],[-0.8551,42.8429],[-0.8205,42.871],[-0.8136,42.9014],[-0.7772,42.9216],[-0.7245,42.9202],[-0.7339,42.9094],[-0.7265,42.8932],[-0.7065,42.8833],[-0.6665,42.8742],[-0.6093,42.8339],[-0.5968,42.8081],[-0.573,42.8019]],[[-1.1294,42.4467],[-1.1068,42.4413],[-1.0586,42.4344],[-1.0517,42.4406],[-1.0544,42.4488],[-1.0644,42.4538],[-1.0699,42.4661],[-1.0868,42.4744],[-1.0851,42.4833],[-1.0959,42.4858],[-1.1021,42.4828],[-1.1249,42.4564],[-1.1294,42.4467]],[[-1.1455,42.4367],[-1.145,42.4418],[-1.1537,42.441],[-1.162,42.4333],[-1.1828,42.4239],[-1.1811,42.4165],[-1.1875,42.4045],[-1.1841,42.4015],[-1.157,42.4115],[-1.1523,42.4292],[-1.1455,42.4367]]]]}},{"type":"Feature","properties":{"tipo":"comunidad","id":"ES30","nombre":"Comunidad de Madrid"},"geometry":{"type":"MultiPolygon","coordinates":[[[[-4.1603,40.6899],[-4.0991,40.7487],[-4.07,40.7912],[-4.0264,40.782],[-3.9808,40.7878],[-3.9469,40.8666],[-3.9483,40.8971],[-3.9362,40.9244],[-3.8935,40.9659],[-3.784,41.0],[-3.7364,41.0552],[-3.6725,41.09],[-3.6193,41.1449],[-3.5396,41.165],[-3.5379,41.1486],[-3.5078,41.1327],[-3.4867,41.0971],[-3.4295,41.0804],[-3.4357,41.044],[-3.3971,41.0031],[-3.4154,40.9872],[-3.4573,40.9044],[-3.4429,40.8792],[-3.4675,40.8652],[-3.4795,40.8227],[-3.5005,40.7941],[-3.4598,40.7799],[-3.4465,40.7639],[-3.4481,40.7405],[-3.437,40.7266],[-3.4613,40.6905],[-3.4403,40.6757],[-3.4101,40.6723],[-3.3979,40.6897],[-3.385,40.6865],[-3.3603,40.6465],[-3.3265,40.6372],[-3.3266,40.5953],[-3.2865,40.5676],[-3.2919,40.5354],[-3.2499,40.5413],[-3.203,40.5146],[-3.1973,40.4452],[-3.1558,40.4367],[-3.1326,40.4025],[-3.1495,40.3698],[-3.145,40.3503],[-3.1781,40.3116],[-3.1928,40.2498],[-3.1739,40.2375],[-3.1523,40.2628],[-3.1217,40.2807],[-3.1063,40.281],[-3.0811,40.2255],[-3.0857,40.194],[-3.0677,40.1579],[-3.0895,40.1599],[-3.0956,40.1483],[-3.0576,40.1108],[-3.0604,40.0917],[-3.1133,40.0632],[-3.1614,40.0649],[-3.1711,40.0879],[-3.216,40.0604],[-3.2789,40.0498],[-3.302,40.0558],[-3.3252,40.0766],[-3.3496,40.079],[-3.3743,40.0729],[-3.3771,40.055],[-3.3984,40.0363],[-3.4199,40.0438],[-3.4396,40.0388],[-3.5006,40.0458],[-3.5146,40.0408],[-3.5246,40.0205],[-3.5632,40.0159],[-3.6331,39.9878],[-3.6362,39.9672],[-3.7384,39.9424],[-3.8073,39.8882],[-3.8718,39.9099],[-3.8712,39.9278],[-3.8558,39.9372],[-3.8329,39.9354],[-3.8125,39.9498],[-3.79,39.9471],[-3.7679,39.9616],[-3.7609,39.9527],[-3.7514,39.9635],[-3.732,39.9669],[-3.7415,39.9776],[-3.7043,40.0159],[-3.6792,40.0194],[-3.6221,40.0577],[-3.6245,40.077],[-3.6073,40.0898],[-3.6113,40.1089],[-3.6532,40.1254],[-3.669,40.1401],[-3.6882,40.1338],[-3.7224,40.1454],[-3.7522,40.1342],[-3.7701,40.1409],[-3.7988,40.1729],[-3.8364,40.164],[-3.8743,40.1892],[-3.9093,40.1908],[-3.9324,40.2023],[-3.9502,40.1955],[-3.956,40.211],[-3.9963,40.2133],[-4.0203,40.2314],[-4.0272,40.2479],[-4.0736,40.2646],[-4.1051,40.2432],[-4.1435,40.2469],[-4.148,40.2642],[-4.1869,40.2939],[-4.1997,40.2892],[-4.207,40.2713],[-4.2485,40.2708],[-4.2707,40.2372],[-4.2983,40.2214],[-4.346,40.2393],[-4.3579,40.3064],[-4.3776,40.3158],[-4.3877,40.2891],[-4.432,40.2576],[-4.4471,40.2353],[-4.5071,40.2188],[-4.5317,40.2007],[-4.5685,40.2061],[-4.5791,40.2172],[-4.5627,40.2281],[-4.5669,40.2573],[-4.5324,40.2939],[-4.5423,40.3412],[-4.5272,40.3424],[-4.5026,40.3176],[-4.4598,40.3203],[-4.4572,40.3405],[-4.4406,40.3542],[-4.44,40.3865],[-4.4232,40.4039],[-4.3278,40.4123],[-4.3387,40.4343],[-4.3193,40.4665],[-4.3252,40.5408],[-4.2878,40.5703],[-4.2807,40.5975],[-4.2885,40.6255],[-4.2741,40.6272],[-4.2617,40.608],[-4.2437,40.6031],[-4.1691,40.6199],[-4.1717,40.672],[-4.1603,40.6899]],[[-3.3834,40.6301],[-3.3715,40.6248],[-3.3627,40.6327],[-3.363,40.6385],[-3.3732,40.6393],[-3.3834,40.6301]]],[[[-4.3193,40.6476],[-4.3233,40.6574],[-4.3147,40.6672],[-4.2882,40.6806],[-4.2742,40.6771],[-4.268,40.6745],[-4.2547,40.6621],[-4.2563,40.6521],[-4.2868,40.6527],[-4.3193,40.6476]]]]}},{"type":"Feature","properties":{"tipo":"comunidad","id":"ES70","nombre":"Canarias"},"geometry":{"type":"MultiPolygon","coordinates":[[[[-16.1362,28.5801],[-16.1228,28.5563],[-16.1293,28.5347],[-16.2343,28.485],[-16.2522,28.4561],[-16.357,28.3804],[-16.368,28.3548],[-16.3613,28.3131],[-16.372,28.2955],[-16.4222,28.2067],[-16.431,28.1467],[-16.5436,28.0309],[-16.5969,28.0273],[-16.6435,28.006],[-16.6846,28.0001],[-16.7045,28.0091],[-16.71,28.0393],[-16.7336,28.0557],[-16.7396,28.0866],[-16.7758,28.1187],[-16.8322,28.2022],[-16.8435,28.2359],[-16.842,28.2621],[-16.9219,28.3501],[-16.9149,28.3601],[-16.8364,28.3904],[-16.8055,28.3774],[-16.7504,28.3744],[-16.6707,28.3997],[-16.6027,28.3951],[-16.5526,28.4172],[-16.5159,28.4204],[-16.4784,28.4426],[-16.4336,28.4858],[-16.4108,28.5269],[-16.372,28.5462],[-16.3391,28.5576],[-16.3228,28.5753],[-16.2213,28.567],[-16.1589,28.5874],[-16.1362,28.5801]]],[[[-13.8882,28.7564],[-13.8723,28.7445],[-13.8658,28.7449],[-13.8639,28.7321],[-13.8433,28.7259],[-13.8311,28.6926],[-13.8333,28.6739],[-13.8252,28.6141],[-13.8233,28.5913],[-13.8297,28.5761],[-13.8261,28.5534],[-13.8366,28.5416],[-13.8354,28.5259],[-13.8437,28.5044],[-13.8602,28.4966],[-13.8673,28.4807],[-13.8571,28.459],[-13.8573,28.4453],[-13.8623,28.4335],[-13.8507,28.4204],[-13.849,28.4108],[-13.853,28.3939],[-13.8594,28.3928],[-13.8668,28.3728],[-13.877,28.3557],[-13.8792,28.3396],[-13.8868,28.326],[-13.8946,28.3237],[-13.8942,28.3149],[-13.9025,28.3021],[-13.898,28.2898],[-13.9023,28.2757],[-13.9098,28.2735],[-13.9151,28.2578],[-13.9359,28.2346],[-13.9509,28.228],[-13.9855,28.2284],[-13.9955,28.2182],[-14.0116,28.2083],[-14.0204,28.2108],[-14.0429,28.2026],[-14.0742,28.2007],[-14.1108,28.1891],[-14.1207,28.1913],[-14.1522,28.1818],[-14.1658,28.175],[-14.198,28.1733],[-14.2214,28.163],[-14.2314,28.1488],[-14.2485,28.1326],[-14.2744,28.0977],[-14.3021,28.0729],[-14.3217,28.0503],[-14.3307,28.0452],[-14.3668,28.0533],[-14.3803,28.0527],[-14.4077,28.0583],[-14.4519,28.0731],[-14.4742,28.0771],[-14.5006,28.0714],[-14.5038,28.0736],[-14.4934,28.0854],[-14.4975,28.1011],[-14.4916,28.1087],[-14.4808,28.1019],[-14.4565,28.1042],[-14.4416,28.1014],[-14.4256,28.1034],[-14.3706,28.1181],[-14.3109,28.1472],[-14.2979,28.1588],[-14.2497,28.1919],[-14.2238,28.216],[-14.2156,28.2281],[-14.2095,28.258],[-14.2125,28.2873],[-14.2079,28.3149],[-14.2008,28.3311],[-14.1788,28.3462],[-14.164,28.3685],[-14.162,28.3891],[-14.1567,28.3956],[-14.1578,28.4115],[-14.1503,28.4225],[-14.1459,28.4385],[-14.1011,28.4753],[-14.0881,28.5023],[-14.0645,28.5434],[-14.0654,28.552],[-14.0445,28.5775],[-14.0337,28.5956],[-14.0386,28.6141],[-14.0096,28.6748],[-14.0178,28.6944],[-14.0162,28.7109],[-14.0061,28.7114],[-13.9964,28.7224],[-13.9779,28.7331],[-13.955,28.7366],[-13.9424,28.7448],[-13.9377,28.7418],[-13.9265,28.7511],[-13.9089,28.7472],[-13.8882,28.7564]]],[[[-15.4289,28.1292],[-15.415,28.1111],[-15.4118,28.1004],[-15.4188,28.0618],[-15.4148,28.0467],[-15.3881,28.0281],[-15.3843,28.0171],[-15.3752,28.0088],[-15.3691,27.9923],[-15.3826,27.9728],[-15.3801,27.9492],[-15.3698,27.944],[-15.3588,27.9325],[-15.3739,27.935],[-15.3826,27.9295],[-15.3865,27.9023],[-15.3933,27.8895],[-15.382,27.875],[-15.386,27.858],[-15.3978,27.855],[-15.4144,27.8452],[-15.4218,27.8314],[-15.4212,27.8157],[-15.4282,27.8053],[-15.4417,27.8],[-15.4903,27.7923],[-15.5076,27.7813],[-15.5222,27.7796],[-15.5346,27.77],[-15.5506,27.7663],[-15.5664,27.755],[-15.5695,27.7391],[-15.5797,27.7346],[-15.6003,27.7355],[-15.619,27.7481],[-15.6299,27.7458],[-15.6571,27.7564],[-15.673,27.7498],[-15.6913,27.7715],[-15.6991,27.772],[-15.7131,27.7842],[-15.7213,27.7862],[-15.7293,27.7969],[-15.7392,27.7996],[-15.7541,27.8144],[-15.7721,27.8212],[-15.788,27.8357],[-15.8171,27.8919],[-15.8335,27.9121],[-15.8281,27.9456],[-15.834,27.9715],[-15.823,27.9894],[-15.8182,28.0038],[-15.8213,28.0137],[-15.7906,28.0195],[-15.7724,28.0322],[-15.7658,28.0453],[-15.7459,28.0509],[-15.7337,28.0635],[-15.7214,28.0703],[-15.7092,28.0867],[-15.712,28.1037],[-15.7048,28.1176],[-15.7082,28.1221],[-15.6998,28.1335],[-15.7029,28.1431],[-15.697,28.1509],[-15.7084,28.1651],[-15.6975,28.1639],[-15.6837,28.17],[-15.6785,28.1622],[-15.6671,28.1587],[-15.6365,28.1707],[-15.6301,28.1675],[-15.613,28.1478],[-15.6004,28.1448],[-15.5887,28.147],[-15.5774,28.1438],[-15.5444,28.1471],[-15.5253,28.154],[-15.4775,28.1355],[-15.4676,28.1261],[-15.4451,28.1318],[-15.4322,28.146],[-15.4393,28.1684],[-15.4216,28.1801],[-15.4059,28.1757],[-15.4067,28.16],[-15.416,28.1477],[-15.4276,28.1456],[-15.4289,28.1292]]],[[[-13.4643,29.1281],[-13.4634,29.1158],[-13.4497,29.1004],[-13.4485,29.0895],[-13.4657,29.0549],[-13.4687,29.034],[-13.4654,29.0197],[-13.4756,29.014],[-13.4781,29.0043],[-13.4885,28.9962],[-13.5159,28.9812],[-13.5186,28.9763],[-13.5386,28.9681],[-13.542,28.9593],[-13.5977,28.9483],[-13.6149,28.9323],[-13.6336,28.9264],[-13.643,28.9198],[-13.6758,28.9213],[-13.701,28.9177],[-13.739,28.9043],[-13.749,28.8834],[-13.7499,28.8756],[-13.771,28.8571],[-13.7756,28.848],[-13.7871,28.8397],[-13.7918,28.8515],[-13.8011,28.8586],[-13.8108,28.8569],[-13.829,28.8622],[-13.8398,28.8569],[-13.8532,28.8619],[-13.8716,28.8557],[-13.8766,28.8604],[-13.8753,28.8755],[-13.8809,28.8873],[-13.8728,28.894],[-13.8589,28.8971],[-13.8471,28.9149],[-13.8301,28.9289],[-13.8339,28.9536],[-13.8337,28.9702],[-13.8299,28.9771],[-13.8334,28.9901],[-13.8292,29.0083],[-13.8164,29.0315],[-13.7933,29.0516],[-13.7756,29.0631],[-13.7632,29.0669],[-13.7522,29.0788],[-13.7229,29.0848],[-13.7077,29.0802],[-13.701,29.0894],[-13.6864,29.0931],[-13.68,29.1028],[-13.6582,29.1129],[-13.66,29.122],[-13.643,29.1242],[-13.6332,29.1166],[-13.6203,29.1276],[-13.6042,29.1352],[-13.5846,29.1332],[-13.5631,29.1177],[-13.557,29.1165],[-13.5411,29.1232],[-13.5242,29.1444],[-13.5218,29.1685],[-13.5129,29.1805],[-13.5054,29.2018],[-13.4975,29.2086],[-13.4962,29.2181],[-13.4809,29.2264],[-13.4702,29.2375],[-13.4645,29.2266],[-13.4544,29.2258],[-13.42,29.2014],[-13.4212,29.1815],[-13.4287,29.1554],[-13.4456,29.1471],[-13.4643,29.1281]]],[[[-17.8926,28.8415],[-17.8572,28.8331],[-17.8307,28.837],[-17.8087,28.8426],[-17.7893,28.8434],[-17.7781,28.8386],[-17.7706,28.8188],[-17.7607,28.8055],[-17.7579,28.7881],[-17.7426,28.7619],[-17.7351,28.7576],[-17.7247,28.7411],[-17.7346,28.719],[-17.7524,28.7051],[-17.7602,28.687],[-17.7703,28.676],[-17.7568,28.6492],[-17.7572,28.6401],[-17.7504,28.6212],[-17.7557,28.6117],[-17.755,28.5923],[-17.7596,28.5739],[-17.7719,28.5563],[-17.7873,28.5424],[-17.7968,28.5183],[-17.8167,28.4956],[-17.8338,28.4579],[-17.8437,28.4545],[-17.8558,28.4601],[-17.8665,28.4712],[-17.8749,28.4942],[-17.8762,28.5204],[-17.88,28.5374],[-17.8997,28.5711],[-17.9059,28.5739],[-17.9108,28.5859],[-17.9252,28.5965],[-17.9261,28.6166],[-17.9404,28.6425],[-17.9633,28.6677],[-17.9656,28.6851],[-17.9809,28.7255],[-18.0053,28.7551],[-18.0065,28.7751],[-18.0029,28.786],[-17.9797,28.8042],[-17.9662,28.8263],[-17.9525,28.8336],[-17.9467,28.842],[-17.9309,28.8446],[-17.9205,28.8564],[-17.9069,28.8548],[-17.9041,28.848],[-17.8926,28.8415]]],[[[-17.2507,28.205],[-17.2427,28.202],[-17.2106,28.2014],[-17.1958,28.1987],[-17.184,28.1811],[-17.1679,28.1796],[-17.1649,28.1727],[-17.1285,28.1529],[-17.119,28.1515],[-17.1117,28.142],[-17.1126,28.1336],[-17.1035,28.1271],[-17.1039,28.1044],[-17.0996,28.0949],[-17.1122,28.0863],[-17.1193,28.0742],[-17.1377,28.0664],[-17.1454,28.0543],[-17.1525,28.0538],[-17.1677,28.0411],[-17.1779,28.038],[-17.1862,28.0298],[-17.2011,28.024],[-17.2296,28.0261],[-17.2455,28.0204],[-17.2548,28.026],[-17.2714,28.0264],[-17.2751,28.0361],[-17.2895,28.0388],[-17.2923,28.0457],[-17.311,28.0528],[-17.3194,28.0598],[-17.3213,28.0759],[-17.339,28.0861],[-17.3485,28.0999],[-17.3478,28.1189],[-17.3421,28.1313],[-17.3465,28.1473],[-17.3355,28.1642],[-17.336,28.175],[-17.3223,28.1922],[-17.3173,28.2043],[-17.3072,28.2039],[-17.2823,28.2118],[-17.2764,28.2175],[-17.2607,28.2173],[-17.2507,28.205]]],[[[-17.9051,27.8417],[-17.8949,27.8316],[-17.8924,27.8223],[-17.8838,27.8122],[-17.8849,27.8021],[-17.8978,27.7876],[-17.9034,27.7847],[-17.9133,27.7708],[-17.9115,27.7651],[-17.9253,27.7437],[-17.9282,27.7321],[-17.9335,27.7285],[-17.9483,27.7286],[-17.957,27.7202],[-17.9604,27.6921],[-17.9657,27.6868],[-17.9718,27.6725],[-17.9715,27.6482],[-17.9779,27.6411],[-17.9893,27.6385],[-17.9993,27.6463],[-18.0116,27.6512],[-18.0302,27.6795],[-18.0509,27.6927],[-18.1223,27.7043],[-18.1458,27.7041],[-18.1584,27.7129],[-18.16,27.7247],[-18.1528,27.732],[-18.1518,27.7466],[-18.1546,27.7519],[-18.151,27.7597],[-18.1296,27.7711],[-18.1223,27.769],[-18.118,27.7625],[-18.1079,27.758],[-18.0812,27.7534],[-18.0687,27.7537],[-18.0373,27.7625],[-18.0202,27.7748],[-18.0135,27.7831],[-17.9961,27.7926],[-17.989,27.8008],[-17.9871,27.8104],[-17.992,27.8217],[-17.9731,27.8275],[-17.9581,27.8413],[-17.9472,27.841],[-17.9363,27.8481],[-17.9228,27.8492],[-17.9051,27.8417]]],[[[-13.4892,29.2452],[-13.5049,29.2246],[-13.5133,29.2262],[-13.5227,29.2184],[-13.5341,29.2164],[-13.5487,29.2258],[-13.5458,29.2322],[-13.5266,29.2429],[-13.5211,29.2582],[-13.5226,29.2687],[-13.5113,29.2913],[-13.4934,29.2797],[-13.4759,29.2745],[-13.4723,29.2646],[-13.4836,29.2598],[-13.4892,29.2452]]],[[[-13.5065,29.3852],[-13.5228,29.3829],[-13.5303,29.386],[-13.5323,29.3973],[-13.5226,29.412],[-13.5049,29.4165],[-13.4891,29.402],[-13.5065,29.3852]]],[[[-13.8136,28.7409],[-13.8194,28.7354],[-13.8285,28.7402],[-13.836,28.7516],[-13.8124,28.765],[-13.8136,28.7409]]],[[[-13.5314,29.2898],[-13.5419,29.2876],[-13.5415,29.3033],[-13.5302,29.3078],[-13.5314,29.2898]]]]}},{"type":"Feature","properties":{"tipo":"comunidad","id":"ES42","nombre":"Castilla-La Mancha"},"geometry":{"type":"MultiPolygon","coordinates":[[[[-2.8714,41.3132],[-2.8611,41.2752],[-2.8254,41.2604],[-2.7815,41.2541],[-2.7588,41.2711],[-2.7239,41.2721],[-2.7036,41.2519],[-2.6922,41.249],[-2.6485,41.2379],[-2.6297,41.2207],[-2.5944,41.2204],[-2.5945,41.2051],[-2.6104,41.1898],[-2.5854,41.1772],[-2.5849,41.148],[-2.5323,41.155],[-2.5083,41.1234],[-2.4808,41.109],[-2.4661,41.0817],[-2.4185,41.0622],[-2.3604,41.0821],[-2.321,41.0611],[-2.2678,41.069],[-2.2307,41.0925],[-2.1723,41.0913],[-2.1319,41.112],[-2.0683,41.079],[-2.0586,41.0739],[-2.0616,41.1032],[-2.0517,41.1469],[-1.9542,41.1694],[-1.9282,41.1374],[-1.8919,41.132],[-1.865,41.1074],[-1.8038,41.0883],[-1.7635,41.0596],[-1.7463,41.0353],[-1.6174,40.9437],[-1.6099,40.9246],[-1.6235,40.8973],[-1.6198,40.8807],[-1.5794,40.8379],[-1.55,40.8208],[-1.5411,40.8003],[-1.542,40.7623],[-1.5609,40.7357],[-1.5388,40.6848],[-1.5404,40.6585],[-1.562,40.6171],[-1.5489,40.5938],[-1.5973,40.564],[-1.6779,40.5877],[-1.6908,40.576],[-1.7001,40.5403],[-1.6955,40.4874],[-1.7463,40.4641],[-1.8063,40.3982],[-1.7723,40.3854],[-1.7025,40.324],[-1.7265,40.3057],[-1.7205,40.2807],[-1.7009,40.3042],[-1.6885,40.3067],[-1.5449,40.1945],[-1.5148,40.2021],[-1.4756,40.1874],[-1.4416,40.1944],[-1.4488,40.1454],[-1.4544,40.1356],[-1.4483,40.1247],[-1.4118,40.1027],[-1.4152,40.0861],[-1.3752,40.0159],[-1.3643,40.0122],[-1.3589,40.0124],[-1.3409,40.0159],[-1.3344,40.0159],[-1.2493,39.9962],[-1.1652,40.0101],[-1.1633,39.9998],[-1.1473,39.9886],[-1.1424,39.9719],[-1.2059,39.9436],[-1.1976,39.9103],[-1.2004,39.861],[-1.2184,39.8054],[-1.2722,39.7397],[-1.2645,39.6993],[-1.2745,39.6841],[-1.3118,39.6713],[-1.3739,39.6857],[-1.4198,39.6519],[-1.4625,39.5778],[-1.5016,39.5626],[-1.5031,39.499],[-1.5243,39.4524],[-1.5015,39.4295],[-1.5051,39.418],[-1.4876,39.4194],[-1.4859,39.4064],[-1.4564,39.3949],[-1.4596,39.3816],[-1.4479,39.364],[-1.4332,39.3732],[-1.4268,39.3673],[-1.4163,39.3783],[-1.3434,39.3375],[-1.3127,39.3417],[-1.2287,39.3186],[-1.2087,39.323],[-1.1665,39.3063],[-1.1806,39.2146],[-1.1985,39.176],[-1.2258,39.151],[-1.2402,39.1168],[-1.2538,39.1049],[-1.2645,39.0493],[-1.2215,39.019],[-1.1437,38.9303],[-1.0305,38.9357],[-0.9981,38.9477],[-0.9617,38.9424],[-0.9498,38.9114],[-0.9274,38.8901],[-0.9345,38.8527],[-0.9289,38.7838],[-0.9589,38.7711],[-0.9222,38.6893],[-0.9485,38.6693],[-0.963,38.6583],[-1.0269,38.6555],[-1.0488,38.6693],[-1.1092,38.7073],[-1.1228,38.7375],[-1.1808,38.7537],[-1.2498,38.7376],[-1.3364,38.6799],[-1.3671,38.7016],[-1.3917,38.6947],[-1.4233,38.6693],[-1.4439,38.6527],[-1.4527,38.5845],[-1.4858,38.5632],[-1.4961,38.539],[-1.4775,38.4553],[-1.4792,38.3795],[-1.5604,38.3248],[-1.5893,38.3116],[-1.665,38.3119],[-1.6896,38.3358],[-1.6836,38.3572],[-1.6946,38.3693],[-1.7186,38.3662],[-1.743,38.3781],[-1.7661,38.3763],[-1.7747,38.3674],[-1.7922,38.3683],[-1.7922,38.3562],[-1.8251,38.3368],[-1.9028,38.3008],[-1.9832,38.2827],[-2.0519,38.3033],[-2.0683,38.2864],[-2.1126,38.2404],[-2.1714,38.2254],[-2.1866,38.2149],[-2.2135,38.2018],[-2.2218,38.1845],[-2.223,38.176],[-2.2501,38.14],[-2.2529,38.1249],[-2.2621,38.1128],[-2.2942,38.0871],[-2.3117,38.0791],[-2.3281,38.0672],[-2.3434,38.0325],[-2.3416,38.026],[-2.357,38.023],[-2.372,38.0236],[-2.3957,38.0312],[-2.42,38.0334],[-2.4339,38.0433],[-2.4611,38.0504],[-2.4712,38.0552],[-2.4817,38.0553],[-2.505,38.0683],[-2.5219,38.0701],[-2.5393,38.0759],[-2.5513,38.0841],[-2.4471,38.1901],[-2.4512,38.218],[-2.4379,38.2724],[-2.4449,38.2855],[-2.4827,38.3001],[-2.48,38.3436],[-2.4903,38.3705],[-2.4842,38.3941],[-2.57,38.4148],[-2.5756,38.4267],[-2.5699,38.491],[-2.5922,38.5092],[-2.6862,38.4987],[-2.6922,38.5014],[-2.7621,38.5328],[-2.7898,38.5069],[-2.8809,38.4581],[-2.9345,38.4729],[-2.9647,38.468],[-2.9916,38.4477],[-3.0025,38.4121],[-3.0652,38.475],[-3.1382,38.4394],[-3.2742,38.4604],[-3.328,38.4815],[-3.3716,38.4747],[-3.3828,38.4369],[-3.4251,38.4093],[-3.4571,38.4],[-3.5252,38.4098],[-3.5416,38.4429],[-3.5735,38.451],[-3.584,38.4434],[-3.588,38.4073],[-3.6038,38.3977],[-3.6249,38.3959],[-3.725,38.4216],[-3.7427,38.4162],[-3.7857,38.4245],[-3.8263,38.4134],[-3.8333,38.3922],[-3.8527,38.3774],[-3.9195,38.3691],[-4.1612,38.3832],[-4.2594,38.3999],[-4.2769,38.3832],[-4.2689,38.3472],[-4.2895,38.3462],[-4.4513,38.4031],[-4.5122,38.4609],[-4.571,38.4905],[-4.6014,38.4916],[-4.6277,38.5251],[-4.6636,38.5453],[-4.6961,38.5513],[-4.7099,38.5702],[-4.7887,38.5957],[-4.8204,38.5979],[-4.857,38.6146],[-4.8758,38.6843],[-4.9491,38.6833],[-4.9946,38.6928],[-5.0152,38.7196],[-5.047,38.7291],[-4.9885,38.7493],[-4.9654,38.7831],[-4.9304,38.8653],[-4.9053,38.8846],[-4.8548,38.8912],[-4.8424,38.9136],[-4.8519,38.9435],[-4.9224,38.9708],[-4.9504,39.0497],[-4.8808,39.0372],[-4.841,39.0508],[-4.8377,39.0639],[-4.8594,39.0858],[-4.8657,39.1143],[-4.8468,39.1546],[-4.8072,39.1904],[-4.6831,39.185],[-4.7498,39.3069],[-4.701,39.3548],[-4.6777,39.4128],[-4.6877,39.4503],[-4.7554,39.4158],[-4.7757,39.399],[-4.8145,39.3949],[-4.8734,39.3708],[-4.9408,39.3952],[-4.9473,39.3933],[-4.9526,39.395],[-5.0092,39.4361],[-5.0544,39.4844],[-5.0822,39.491],[-5.122,39.5213],[-5.202,39.5939],[-5.1526,39.6654],[-5.1531,39.6891],[-5.1405,39.7136],[-5.1714,39.7504],[-5.1607,39.7635],[-5.1687,39.7975],[-5.2071,39.7959],[-5.2582,39.7533],[-5.3064,39.762],[-5.3152,39.7751],[-5.3118,39.8197],[-5.2873,39.8562],[-5.2932,39.8709],[-5.3245,39.891],[-5.4008,39.8827],[-5.394,39.9193],[-5.3661,39.9834],[-5.3629,40.0159],[-5.3727,40.0593],[-5.3672,40.099],[-5.336,40.1159],[-5.3138,40.108],[-5.2192,40.1064],[-5.2018,40.0855],[-5.1713,40.0867],[-5.1377,40.0957],[-5.0691,40.148],[-5.0248,40.1574],[-5.0093,40.1321],[-5.0094,40.112],[-4.9607,40.1206],[-4.9546,40.1305],[-4.9258,40.1387],[-4.9197,40.1711],[-4.8258,40.2205],[-4.8113,40.2368],[-4.8147,40.2546],[-4.8011,40.2733],[-4.7611,40.2629],[-4.6997,40.2794],[-4.6863,40.2159],[-4.6531,40.1991],[-4.6168,40.2014],[-4.5791,40.2172],[-4.5685,40.2061],[-4.5317,40.2007],[-4.5071,40.2188],[-4.4471,40.2353],[-4.432,40.2576],[-4.3877,40.2891],[-4.3776,40.3158],[-4.3579,40.3064],[-4.346,40.2393],[-4.2983,40.2214],[-4.2707,40.2372],[-4.2485,40.2708],[-4.207,40.2713],[-4.1997,40.2892],[-4.1869,40.2939],[-4.148,40.2642],[-4.1435,40.2469],[-4.1051,40.2432],[-4.0736,40.2646],[-4.0272,40.2479],[-4.0203,40.2314],[-3.9963,40.2133],[-3.956,40.211],[-3.9502,40.1955],[-3.9324,40.2023],[-3.9093,40.1908],[-3.8743,40.1892],[-3.8364,40.164],[-3.7988,40.1729],[-3.7701,40.1409],[-3.7522,40.1342],[-3.7224,40.1454],[-3.6882,40.1338],[-3.669,40.1401],[-3.6532,40.1254],[-3.6113,40.1089],[-3.6073,40.0898],[-3.6245,40.077],[-3.6221,40.0577],[-3.6792,40.0194],[-3.7043,40.0159],[-3.7415,39.9776],[-3.732,39.9669],[-3.7514,39.9635],[-3.7609,39.9527],[-3.7679,39.9616],[-3.79,39.9471],[-3.8125,39.9498],[-3.8329,39.9354],[-3.8558,39.9372],[-3.8712,39.9278],[-3.8718,39.9099],[-3.8073,39.8882],[-3.7384,39.9424],[-3.6362,39.9672],[-3.6331,39.9878],[-3.5632,40.0159],[-3.5246,40.0205],[-3.5146,40.0408],[-3.5006,40.0458],[-3.4396,40.0388],[-3.4199,40.0438],[-3.3984,40.0363],[-3.3771,40.055],[-3.3743,40.0729],[-3.3496,40.079],[-3.3252,40.0766],[-3.302,40.0558],[-3.2789,40.0498],[-3.216,40.0604],[-3.1711,40.0879],[-3.1614,40.0649],[-3.1133,40.0632],[-3.0604,40.0917],[-3.0576,40.1108],[-3.0956,40.1483],[-3.0895,40.1599],[-3.0677,40.1579],[-3.0857,40.194],[-3.0811,40.2255],[-3.1063,40.281],[-3.1217,40.2807],[-3.1523,40.2628],[-3.1739,40.2375],[-3.1928,40.2498],[-3.1781,40.3116],[-3.145,40.3503],[-3.1495,40.3698],[-3.1326,40.4025],[-3.1558,40.4367],[-3.1973,40.4452],[-3.203,40.5146],[-3.2499,40.5413],[-3.2919,40.5354],[-3.2865,40.5676],[-3.3266,40.5953],[-3.3265,40.6372],[-3.3603,40.6465],[-3.385,40.6865],[-3.3979,40.6897],[-3.4101,40.6723],[-3.4403,40.6757],[-3.4613,40.6905],[-3.437,40.7266],[-3.4481,40.7405],[-3.4465,40.7639],[-3.4598,40.7799],[-3.5005,40.7941],[-3.4795,40.8227],[-3.4675,40.8652],[-3.4429,40.8792],[-3.4573,40.9044],[-3.4154,40.9872],[-3.3971,41.0031],[-3.4357,41.044],[-3.4295,41.0804],[-3.4867,41.0971],[-3.5078,41.1327],[-3.5379,41.1486],[-3.5396,41.165],[-3.517,41.1641],[-3.4685,41.1855],[-3.4411,41.214],[-3.4057,41.2154],[-3.3929,41.2573],[-3.2946,41.2592],[-3.2772,41.2714],[-3.257,41.2601],[-3.2316,41.2935],[-3.2074,41.3042],[-3.0578,41.2758],[-2.9572,41.2934],[-2.934,41.3136],[-2.8946,41.3236],[-2.8714,41.3132]]],[[[-3.3627,40.6327],[-3.3715,40.6248],[-3.3834,40.6301],[-3.3732,40.6393],[-3.363,40.6385],[-3.3627,40.6327]]]]}},{"type":"Feature","properties":{"tipo":"provincia","id":"ES114","nombre":"Pontevedra"},"geometry":{"type":"MultiPolygon","coordinates":[[[[-7.9307,42.5786],[-7.9629,42.5675],[-7.9934,42.5694],[-8.0208,42.5452],[-8.0863,42.5559],[-8.1473,42.5513],[-8.1773,42.5685],[-8.2141,42.5381],[-8.2373,42.537],[-8.2644,42.5234],[-8.2993,42.494],[-8.3334,42.4923],[-8.3511,42.4803],[-8.3173,42.3868],[-8.3205,42.3463],[-8.2637,42.3123],[-8.271,42.2801],[-8.2634,42.2555],[-8.2284,42.235],[-8.1697,42.2429],[-8.1673,42.2239],[-8.1852,42.2122],[-8.1654,42.1789],[-8.1832,42.1591],[-8.199,42.1544],[-8.2181,42.1371],[-8.2498,42.1363],[-8.3362,42.0865],[-8.3636,42.0893],[-8.3841,42.0778],[-8.4231,42.0737],[-8.4502,42.0825],[-8.5182,42.0776],[-8.546,42.0556],[-8.6326,42.0479],[-8.655,42.0311],[-8.668,41.9998],[-8.7331,41.9709],[-8.7563,41.9352],[-8.8232,41.9033],[-8.8632,41.8721],[-8.8801,41.89],[-8.8802,41.9033],[-8.8815,42.0075],[-8.8942,42.1057],[-8.8564,42.1218],[-8.8285,42.1202],[-8.8232,42.1364],[-8.8368,42.1532],[-8.8229,42.1616],[-8.8096,42.1879],[-8.7666,42.2234],[-8.7103,42.2466],[-8.6572,42.2831],[-8.622,42.2906],[-8.6142,42.3358],[-8.6354,42.3424],[-8.659,42.2962],[-8.6839,42.2845],[-8.726,42.2848],[-8.7923,42.2523],[-8.864,42.2544],[-8.8556,42.2976],[-8.8228,42.2861],[-8.8286,42.337],[-8.7719,42.3341],[-8.6747,42.4211],[-8.6975,42.4325],[-8.7698,42.3942],[-8.8081,42.3979],[-8.8382,42.39],[-8.8735,42.4153],[-8.8858,42.4527],[-8.9288,42.4568],[-8.9372,42.4689],[-8.8754,42.4961],[-8.8458,42.494],[-8.843,42.4821],[-8.8587,42.4786],[-8.8662,42.4544],[-8.8253,42.4577],[-8.8271,42.484],[-8.8102,42.5015],[-8.8324,42.5474],[-8.8308,42.5659],[-8.7739,42.5988],[-8.77,42.6212],[-8.744,42.6502],[-8.7267,42.6883],[-8.714,42.7057],[-8.6494,42.7258],[-8.6115,42.7176],[-8.6061,42.7291],[-8.5973,42.7411],[-8.5646,42.7452],[-8.5513,42.7581],[-8.4671,42.7455],[-8.4122,42.755],[-8.4101,42.7691],[-8.39,42.7863],[-8.355,42.7821],[-8.3349,42.7956],[-8.3318,42.8221],[-8.3417,42.8338],[-8.3352,42.8393],[-8.3153,42.8404],[-8.2809,42.8145],[-8.256,42.8331],[-8.2125,42.8265],[-8.2154,42.8418],[-8.1831,42.8578],[-8.1396,42.8447],[-8.0787,42.8528],[-8.0499,42.8336],[-7.9997,42.8489],[-7.96,42.8406],[-7.9798,42.8092],[-7.9764,42.7787],[-7.9346,42.7401],[-7.8942,42.7291],[-7.8686,42.719],[-7.8644,42.7069],[-7.8896,42.6803],[-7.8937,42.6303],[-7.9307,42.5786]]],[[[-8.8892,42.5671],[-8.8769,42.5744],[-8.8729,42.5655],[-8.8559,42.5656],[-8.8616,42.5532],[-8.8572,42.5473],[-8.8663,42.5414],[-8.865,42.5274],[-8.8726,42.5251],[-8.881,42.532],[-8.8706,42.5588],[-8.8873,42.5619],[-8.8892,42.5671]]],[[[-8.9483,42.3607],[-8.9397,42.3705],[-8.9451,42.3807],[-8.9351,42.3882],[-8.9321,42.3974],[-8.9239,42.3927],[-8.939,42.3548],[-8.9483,42.3607]]],[[[-8.9194,42.2493],[-8.9148,42.2529],[-8.9021,42.2459],[-8.898,42.2155],[-8.9113,42.2129],[-8.9056,42.2243],[-8.9083,42.2408],[-8.9194,42.2493]]],[[[-8.7184,42.4112],[-8.7131,42.4185],[-8.7034,42.4178],[-8.6991,42.4116],[-8.7103,42.4027],[-8.7184,42.4112]]],[[[-8.7976,42.6158],[-8.7925,42.6245],[-8.7787,42.6224],[-8.7874,42.6071],[-8.7976,42.6158]]],[[[-8.9138,42.194],[-8.9106,42.2068],[-8.8934,42.1985],[-8.9087,42.1894],[-8.9138,42.194]]]]}},{"type":"Feature","properties":{"tipo":"provincia","id":"ES412","nombre":"Burgos"},"geometry":{"type":"MultiPolygon","coordinates":[[[[-3.5416,41.5776],[-3.5628,41.5789],[-3.5773,41.5669],[-3.6451,41.571],[-3.6712,41.56],[-3.6919,41.5365],[-3.7252,41.5171],[-3.7267,41.4792],[-3.7381,41.4538],[-3.769,41.4646],[-3.7694,41.5355],[-3.8003,41.518],[-3.7961,41.4871],[-3.8216,41.483],[-3.9002,41.5544],[-3.9657,41.5841],[-3.9807,41.5834],[-3.9895,41.6026],[-4.0088,41.6171],[-4.0323,41.6198],[-4.0308,41.6396],[-4.027,41.6901],[-4.0736,41.7279],[-4.0409,41.7683],[-4.0436,41.7951],[-4.0878,41.8319],[-4.0845,41.8695],[-4.0296,41.8754],[-3.9872,41.8979],[-3.9859,41.9033],[-3.9796,41.9287],[-3.9532,41.9368],[-3.9307,41.9579],[-3.8947,41.9596],[-3.8915,41.9922],[-3.9088,41.9958],[-3.9861,41.9624],[-4.0299,41.9574],[-4.0245,41.9832],[-3.9762,42.0271],[-3.9768,42.0414],[-4.0204,42.051],[-4.0842,42.0411],[-4.1023,42.0615],[-4.1021,42.0816],[-4.0716,42.0864],[-4.0604,42.1007],[-4.0955,42.1073],[-4.1173,42.123],[-4.2008,42.1341],[-4.2023,42.1532],[-4.191,42.1746],[-4.2294,42.2112],[-4.2312,42.2508],[-4.2791,42.3667],[-4.275,42.3841],[-4.3194,42.3817],[-4.3292,42.3935],[-4.3238,42.4109],[-4.3339,42.4278],[-4.3173,42.4552],[-4.246,42.4597],[-4.2496,42.4954],[-4.2717,42.5134],[-4.2792,42.5434],[-4.2997,42.5573],[-4.3,42.5694],[-4.2842,42.5808],[-4.2895,42.6055],[-4.2678,42.6234],[-4.2751,42.6674],[-4.2897,42.69],[-4.2727,42.7017],[-4.2571,42.6915],[-4.2272,42.7019],[-4.1916,42.7291],[-4.1403,42.7523],[-4.1103,42.736],[-4.0814,42.7614],[-4.0717,42.7605],[-4.0603,42.7624],[-4.0547,42.763],[-4.0459,42.7666],[-3.9997,42.7689],[-3.9538,42.7612],[-3.9362,42.7718],[-3.9134,42.7715],[-3.894,42.8004],[-3.8582,42.7878],[-3.8188,42.8078],[-3.8174,42.832],[-3.8368,42.8766],[-3.8625,42.8834],[-3.882,42.8552],[-3.9087,42.865],[-3.8981,42.9032],[-3.8658,42.9043],[-3.8381,42.9208],[-3.8424,42.9408],[-3.8638,42.9521],[-3.8834,42.9481],[-3.8945,42.9276],[-3.9314,42.905],[-3.9738,42.9136],[-3.9882,42.9319],[-3.9522,43.0003],[-3.9113,43.0167],[-3.8881,43.0399],[-3.8509,43.0432],[-3.8368,43.0622],[-3.8454,43.0821],[-3.7633,43.0834],[-3.7514,43.0994],[-3.7085,43.1152],[-3.7034,43.1208],[-3.6505,43.1787],[-3.6167,43.1699],[-3.6005,43.1522],[-3.4961,43.1347],[-3.4177,43.1334],[-3.26,43.1972],[-3.2241,43.1752],[-3.1606,43.1767],[-3.1414,43.1615],[-3.1603,43.1507],[-3.1772,43.1208],[-3.1392,43.1008],[-3.151,43.0762],[-3.1435,43.0608],[-3.1459,43.0365],[-3.1651,43.0177],[-3.089,43.0016],[-3.0678,43.0051],[-3.037,42.9822],[-3.0339,42.9685],[-2.9884,42.9392],[-3.0249,42.9093],[-3.0832,42.9009],[-3.1169,42.9053],[-3.1427,42.9168],[-3.1576,42.9367],[-3.2187,42.947],[-3.2735,42.8995],[-3.2808,42.8805],[-3.2236,42.8356],[-3.1927,42.8632],[-3.159,42.8601],[-3.1276,42.8853],[-3.1153,42.8855],[-3.1124,42.8665],[-3.1525,42.8083],[-3.1291,42.7865],[-3.1367,42.7625],[-3.0569,42.7613],[-3.0407,42.7432],[-3.0178,42.7366],[-2.9825,42.7098],[-2.9251,42.7027],[-2.9076,42.6919],[-2.8915,42.6551],[-2.8581,42.6382],[-2.904,42.6214],[-2.9559,42.6389],[-3.0772,42.6384],[-3.0813,42.6304],[-3.0673,42.6112],[-3.0663,42.5932],[-3.1272,42.5418],[-3.1164,42.5331],[-3.0787,42.5288],[-3.0767,42.5091],[-3.0878,42.4837],[-3.0658,42.4689],[-3.0512,42.4455],[-3.06,42.3829],[-3.0757,42.3924],[-3.0844,42.4146],[-3.0986,42.4083],[-3.0991,42.3887],[-3.0691,42.361],[-3.1061,42.3437],[-3.093,42.247],[-3.1212,42.1946],[-3.0843,42.1395],[-3.0605,42.1255],[-3.0337,42.0907],[-2.9378,42.0832],[-2.9136,42.0228],[-2.9322,42.0157],[-2.9512,41.9922],[-2.9708,41.9322],[-3.0009,41.9284],[-3.0126,41.9033],[-3.0194,41.8889],[-3.0565,41.8893],[-3.0979,41.8742],[-3.139,41.8116],[-3.1665,41.7961],[-3.1891,41.8045],[-3.2008,41.8308],[-3.2364,41.844],[-3.2491,41.8662],[-3.2848,41.8804],[-3.2808,41.7661],[-3.3493,41.7364],[-3.3607,41.6955],[-3.3865,41.6909],[-3.4046,41.6769],[-3.4284,41.6396],[-3.4571,41.5944],[-3.5061,41.5978],[-3.5318,41.6098],[-3.543,41.599],[-3.5416,41.5776]],[[-4.1129,42.1589],[-4.111,42.1429],[-4.1034,42.1367],[-4.0902,42.1417],[-4.0664,42.1371],[-4.0637,42.1413],[-4.0733,42.1546],[-4.0669,42.1626],[-4.0759,42.1685],[-4.0946,42.158],[-4.1129,42.1589]],[[-4.0438,42.1028],[-4.0315,42.093],[-4.0268,42.1032],[-4.0325,42.1144],[-4.0438,42.1028]],[[-4.0382,42.0728],[-4.0192,42.0789],[-4.0254,42.0918],[-4.0324,42.0876],[-4.0382,42.0728]]],[[[-2.8644,42.741],[-2.8351,42.7924],[-2.7394,42.7936],[-2.6922,42.7805],[-2.6442,42.7679],[-2.607,42.7683],[-2.5854,42.7554],[-2.5654,42.7575],[-2.5714,42.7317],[-2.6007,42.7098],[-2.6031,42.698],[-2.5696,42.671],[-2.5298,42.6821],[-2.5253,42.6499],[-2.5439,42.6403],[-2.6286,42.6499],[-2.6603,42.6683],[-2.6922,42.6721],[-2.7217,42.6636],[-2.7676,42.667],[-2.784,42.6959],[-2.8537,42.7291],[-2.8644,42.741]]],[[[-2.9459,42.6039],[-2.9345,42.6147],[-2.922,42.6006],[-2.9399,42.5939],[-2.9459,42.6039]]],[[[-3.0003,42.6059],[-2.9959,42.6177],[-2.9781,42.6111],[-2.9938,42.6018],[-3.0003,42.6059]]],[[[-4.2653,42.7296],[-4.2627,42.7396],[-4.2426,42.7362],[-4.2487,42.7276],[-4.2653,42.7296]]]]}},{"type":"Feature","properties":{"tipo":"provincia","id":"ES413","nombre":"León"},"geometry":{"type":"MultiPolygon","coordinates":[[[[-5.4216,42.0307],[-5.4271,42.0347],[-5.4422,42.0335],[-5.4762,42.0502],[-5.4973,42.0819],[-5.5209,42.0971],[-5.5407,42.0987],[-5.5517,42.0683],[-5.565,42.0583],[-5.5953,42.0782],[-5.6316,42.0865],[-5.6241,42.109],[-5.6451,42.1306],[-5.6693,42.1399],[-5.6833,42.1372],[-5.6812,42.1213],[-5.7188,42.1153],[-5.7432,42.1152],[-5.7661,42.1361],[-5.8473,42.1131],[-5.8706,42.1242],[-5.896,42.1533],[-5.9148,42.1418],[-5.9444,42.1404],[-5.9576,42.1258],[-6.0422,42.159],[-6.1598,42.1637],[-6.2099,42.1497],[-6.258,42.174],[-6.292,42.1797],[-6.3132,42.2046],[-6.4287,42.1998],[-6.4978,42.1845],[-6.5345,42.2038],[-6.611,42.2046],[-6.6322,42.2127],[-6.6414,42.2161],[-6.7115,42.2121],[-6.7395,42.2354],[-6.7843,42.2536],[-6.769,42.2599],[-6.7403,42.3037],[-6.7368,42.3566],[-6.7791,42.3792],[-6.8193,42.3871],[-6.8381,42.4017],[-6.8194,42.4239],[-6.8212,42.4489],[-6.8112,42.4657],[-6.8263,42.49],[-6.8575,42.4892],[-6.9236,42.5171],[-6.9583,42.5159],[-6.9782,42.4947],[-7.0768,42.5081],[-7.0647,42.5255],[-7.0617,42.5546],[-7.0393,42.5831],[-7.0447,42.627],[-7.0153,42.6475],[-7.0371,42.6989],[-7.0119,42.7205],[-6.9724,42.7296],[-6.9602,42.7476],[-6.9247,42.7489],[-6.8724,42.7865],[-6.8438,42.8279],[-6.8679,42.8711],[-6.8267,42.875],[-6.8407,42.9081],[-6.8242,42.915],[-6.7798,42.9017],[-6.7641,42.8835],[-6.7235,42.9143],[-6.6858,42.9224],[-6.6322,42.9188],[-6.5496,42.9133],[-6.5148,42.9265],[-6.4915,42.923],[-6.4399,42.9422],[-6.4379,42.9631],[-6.4711,42.9696],[-6.4753,42.988],[-6.4508,42.9843],[-6.4188,42.9931],[-6.408,43.015],[-6.3938,43.0223],[-6.3923,43.0375],[-6.3604,43.0561],[-6.3216,43.0321],[-6.2842,43.0327],[-6.2618,43.0172],[-6.2327,43.012],[-6.2109,43.044],[-6.1807,43.0467],[-6.1347,43.0233],[-6.1004,43.0311],[-6.0812,43.0729],[-6.02,43.0564],[-5.9789,43.0647],[-5.9575,43.0218],[-5.9119,42.994],[-5.8451,42.9669],[-5.8017,42.9641],[-5.7667,42.972],[-5.7281,43.0393],[-5.6911,43.0551],[-5.6348,43.0361],[-5.585,43.0334],[-5.5431,43.0198],[-5.4936,43.0244],[-5.4757,43.0514],[-5.3939,43.0498],[-5.3824,43.0847],[-5.3666,43.0938],[-5.3281,43.0811],[-5.2866,43.0793],[-5.2605,43.0878],[-5.2182,43.0859],[-5.1522,43.1122],[-5.1324,43.1022],[-5.1043,43.1031],[-5.0971,43.1208],[-5.0735,43.1787],[-5.0266,43.1841],[-4.9986,43.176],[-4.9626,43.2111],[-4.9069,43.2365],[-4.8692,43.2253],[-4.841,43.1807],[-4.8439,43.1208],[-4.8281,43.0998],[-4.7751,43.0787],[-4.7631,43.0579],[-4.7401,43.0511],[-4.737,43.0209],[-4.7916,42.9877],[-4.8101,42.932],[-4.8542,42.8905],[-4.8643,42.867],[-4.8975,42.8598],[-4.8909,42.839],[-4.9004,42.8115],[-4.8978,42.7882],[-4.9341,42.7482],[-4.917,42.7291],[-4.8753,42.7067],[-4.8981,42.6742],[-4.8958,42.6252],[-4.9146,42.5561],[-4.8899,42.5296],[-4.8964,42.4648],[-4.9135,42.4373],[-4.9074,42.3872],[-4.9695,42.3744],[-4.9765,42.3422],[-4.9452,42.3425],[-4.946,42.3206],[-4.9601,42.2952],[-5.0022,42.2891],[-5.0355,42.2949],[-5.0437,42.2674],[-5.059,42.2595],[-5.0933,42.3056],[-5.1107,42.3104],[-5.15,42.2785],[-5.1879,42.2635],[-5.216,42.2747],[-5.2365,42.2703],[-5.2501,42.2397],[-5.2306,42.2251],[-5.2442,42.2151],[-5.2668,42.213],[-5.291,42.2264],[-5.3135,42.2022],[-5.355,42.2224],[-5.3824,42.2224],[-5.3876,42.177],[-5.3732,42.1259],[-5.3865,42.0867],[-5.3733,42.0612],[-5.3763,42.0415],[-5.4216,42.0307]],[[-5.3459,42.2519],[-5.3411,42.2336],[-5.3171,42.2416],[-5.3153,42.2498],[-5.3045,42.2511],[-5.3018,42.2692],[-5.3201,42.2677],[-5.3295,42.2734],[-5.3449,42.2671],[-5.3459,42.2519]]]]}},{"type":"Feature","properties":{"tipo":"provincia","id":"ES514","nombre":"Tarragona"},"geometry":{"type":"MultiPolygon","coordinates":[[[[1.3929,41.5751],[1.4228,41.5793],[1.4486,41.5699],[1.4356,41.5565],[1.4464,41.5395],[1.4052,41.5312],[1.3994,41.5125],[1.4832,41.472],[1.4724,41.4433],[1.4869,41.405],[1.4818,41.3855],[1.5168,41.3912],[1.5728,41.3641],[1.562,41.3434],[1.5746,41.3189],[1.5914,41.3092],[1.5957,41.2929],[1.627,41.2868],[1.6188,41.2557],[1.5817,41.258],[1.5786,41.2456],[1.6208,41.2249],[1.6427,41.2311],[1.6453,41.1956],[1.522,41.1792],[1.3954,41.135],[1.3042,41.1277],[1.2314,41.1081],[1.1995,41.0923],[1.1675,41.0604],[1.1038,41.0711],[1.0472,41.062],[0.9758,41.0329],[0.8667,40.9479],[0.7912,40.8686],[0.7057,40.8028],[0.7113,40.7877],[0.7335,40.7702],[0.7657,40.7692],[0.7564,40.7854],[0.769,40.7883],[0.8344,40.7333],[0.877,40.7263],[0.8818,40.7159],[0.8737,40.7008],[0.8409,40.6762],[0.7536,40.6386],[0.6965,40.6368],[0.6015,40.6184],[0.5424,40.5693],[0.5197,40.5305],[0.5152,40.5229],[0.4423,40.5461],[0.439,40.5774],[0.3978,40.6026],[0.3751,40.6056],[0.3291,40.6116],[0.2798,40.6312],[0.268,40.6525],[0.2868,40.6901],[0.2644,40.7034],[0.2376,40.7041],[0.2228,40.7301],[0.1839,40.7321],[0.1708,40.7328],[0.178,40.7516],[0.1839,40.7537],[0.2282,40.7696],[0.2739,40.8222],[0.2434,40.8855],[0.2889,40.9704],[0.2642,41.0133],[0.2692,41.0247],[0.2224,41.0455],[0.2204,41.0714],[0.2022,41.09],[0.2057,41.1262],[0.2463,41.1327],[0.2568,41.1489],[0.2937,41.1592],[0.322,41.2214],[0.3751,41.2377],[0.3787,41.2418],[0.3857,41.2788],[0.4291,41.2775],[0.4373,41.3185],[0.4605,41.3324],[0.5076,41.2907],[0.5197,41.2928],[0.5273,41.2941],[0.5551,41.3249],[0.5975,41.2957],[0.6235,41.2924],[0.6768,41.3104],[0.7443,41.3168],[0.7676,41.3323],[0.8148,41.329],[0.8409,41.3598],[0.8669,41.3399],[0.9531,41.3527],[0.9817,41.3889],[1.0251,41.4097],[1.0711,41.4584],[1.0415,41.4782],[1.0478,41.4959],[1.1132,41.4697],[1.177,41.4881],[1.1676,41.5101],[1.1719,41.5371],[1.2068,41.548],[1.2227,41.5684],[1.2938,41.5699],[1.3098,41.5699],[1.3895,41.5578],[1.3999,41.5614],[1.3955,41.5699],[1.3929,41.5751]]],[[[0.5968,40.5737],[0.6151,40.5791],[0.6165,40.5867],[0.6313,40.5815],[0.654,40.5855],[0.6605,40.5921],[0.6726,40.5932],[0.6923,40.5893],[0.7097,40.5913],[0.7088,40.585],[0.6934,40.5714],[0.6749,40.5617],[0.6499,40.5549],[0.6285,40.5537],[0.6085,40.5589],[0.5968,40.5737]]]]}},{"type":"Feature","properties":{"tipo":"provincia","id":"ES521","nombre":"Alicante/Alacant"},"geometry":{"type":"MultiPolygon","coordinates":[[[[-1.0269,38.6555],[-0.963,38.6583],[-0.9485,38.6693],[-0.9222,38.6893],[-0.9589,38.7711],[-0.9289,38.7838],[-0.9067,38.769],[-0.8614,38.7682],[-0.8302,38.7349],[-0.7348,38.756],[-0.7065,38.7376],[-0.6507,38.7269],[-0.6363,38.7],[-0.6193,38.6917],[-0.5545,38.7176],[-0.5117,38.7463],[-0.5305,38.7624],[-0.559,38.7576],[-0.5732,38.7633],[-0.5892,38.7859],[-0.5801,38.7985],[-0.5348,38.8089],[-0.4652,38.8087],[-0.3733,38.8408],[-0.3069,38.879],[-0.2234,38.8557],[-0.1643,38.8809],[-0.1462,38.8622],[-0.0763,38.8812],[-0.0374,38.8615],[-0.0301,38.8698],[-0.0376,38.8864],[-0.0023,38.8686],[0.0925,38.8541],[0.1839,38.8098],[0.1898,38.7806],[0.2196,38.7593],[0.2272,38.7389],[0.1839,38.7176],[0.173,38.7133],[0.1497,38.6842],[0.1298,38.6852],[0.0961,38.6693],[0.0753,38.638],[0.0465,38.6387],[-0.0256,38.6187],[-0.0571,38.585],[-0.0585,38.5584],[-0.0907,38.5308],[-0.1504,38.5326],[-0.1813,38.5155],[-0.297,38.4827],[-0.362,38.4481],[-0.4005,38.4066],[-0.4101,38.3564],[-0.4509,38.3578],[-0.504,38.3291],[-0.5188,38.2896],[-0.5139,38.2049],[-0.5353,38.1909],[-0.5901,38.1865],[-0.6183,38.1653],[-0.638,38.1254],[-0.6525,37.9954],[-0.6659,37.9795],[-0.6947,37.9668],[-0.7065,37.9451],[-0.7218,37.9169],[-0.7457,37.8996],[-0.7621,37.847],[-0.7838,37.847],[-0.8293,37.8655],[-0.8974,37.921],[-1.0274,38.09],[-1.0343,38.1382],[-0.9894,38.1996],[-0.9691,38.28],[-0.9949,38.323],[-1.0823,38.3481],[-1.0879,38.3797],[-1.0848,38.4396],[-1.0162,38.4976],[-1.0238,38.523],[-1.0034,38.5749],[-1.0269,38.6555]]]]}},{"type":"Feature","properties":{"tipo":"provincia","id":"ES522","nombre":"Castellón/Castelló"},"geometry":{"type":"MultiPolygon","coordinates":[[[[-0.7976,39.8811],[-0.8354,39.9174],[-0.8432,39.9462],[-0.8384,39.9703],[-0.7872,39.9932],[-0.7669,40.0159],[-0.7573,40.0427],[-0.7065,40.0453],[-0.6787,40.0467],[-0.6391,40.0696],[-0.6166,40.0727],[-0.6256,40.1045],[-0.5807,40.1403],[-0.5443,40.247],[-0.4957,40.2305],[-0.4476,40.2376],[-0.3962,40.2586],[-0.3854,40.2743],[-0.3934,40.3012],[-0.3552,40.3167],[-0.3358,40.3414],[-0.283,40.3702],[-0.2871,40.3864],[-0.3445,40.4436],[-0.3302,40.4586],[-0.2764,40.4759],[-0.2787,40.4992],[-0.2997,40.5155],[-0.2922,40.544],[-0.2943,40.6068],[-0.3322,40.6049],[-0.3707,40.6165],[-0.3784,40.6617],[-0.3717,40.6699],[-0.3308,40.6789],[-0.307,40.6621],[-0.2397,40.6926],[-0.2251,40.749],[-0.1899,40.7847],[-0.1482,40.7844],[-0.1287,40.7558],[-0.0698,40.7297],[0.0127,40.7275],[0.0367,40.6928],[0.1026,40.7239],[0.1451,40.7195],[0.1708,40.7328],[0.1839,40.7321],[0.2228,40.7301],[0.2376,40.7041],[0.2644,40.7034],[0.2868,40.6901],[0.268,40.6525],[0.2798,40.6312],[0.3291,40.6116],[0.3751,40.6056],[0.3978,40.6026],[0.439,40.5774],[0.4423,40.5461],[0.5152,40.5229],[0.4176,40.3983],[0.4044,40.3581],[0.3751,40.328],[0.3289,40.2806],[0.2831,40.2471],[0.2602,40.2074],[0.1973,40.1761],[0.1839,40.1531],[0.1435,40.0835],[0.1177,40.0621],[0.0583,40.0412],[0.0395,40.0159],[-0.0108,39.9117],[-0.0838,39.8546],[-0.1885,39.722],[-0.2632,39.746],[-0.2816,39.7738],[-0.3093,39.796],[-0.3298,39.8011],[-0.3805,39.7967],[-0.4016,39.754],[-0.4339,39.7379],[-0.454,39.7171],[-0.4932,39.7435],[-0.5163,39.7813],[-0.5354,39.7955],[-0.5681,39.7815],[-0.5904,39.7435],[-0.632,39.7471],[-0.6506,39.7568],[-0.6463,39.7958],[-0.6597,39.8369],[-0.691,39.8498],[-0.7065,39.8285],[-0.7136,39.8186],[-0.7253,39.8161],[-0.7734,39.868],[-0.7976,39.8811]]]]}},{"type":"Feature","properties":{"tipo":"provincia","id":"ES523","nombre":"Valencia/València"},"geometry":{"type":"MultiPolygon","coordinates":[[[[-0.7065,39.8285],[-0.691,39.8498],[-0.6597,39.8369],[-0.6463,39.7958],[-0.6506,39.7568],[-0.632,39.7471],[-0.5904,39.7435],[-0.5681,39.7815],[-0.5354,39.7955],[-0.5163,39.7813],[-0.4932,39.7435],[-0.454,39.7171],[-0.4339,39.7379],[-0.4016,39.754],[-0.3805,39.7967],[-0.3298,39.8011],[-0.3093,39.796],[-0.2816,39.7738],[-0.2632,39.746],[-0.1885,39.722],[-0.2104,39.6571],[-0.2582,39.6147],[-0.2788,39.5693],[-0.3133,39.5239],[-0.3336,39.4222],[-0.2962,39.3177],[-0.2226,39.1884],[-0.2385,39.1707],[-0.2379,39.1463],[-0.1996,39.0594],[-0.1425,38.979],[-0.0376,38.8864],[-0.0301,38.8698],[-0.0374,38.8615],[-0.0763,38.8812],[-0.1462,38.8622],[-0.1643,38.8809],[-0.2234,38.8557],[-0.3069,38.879],[-0.3733,38.8408],[-0.4652,38.8087],[-0.5348,38.8089],[-0.5801,38.7985],[-0.5892,38.7859],[-0.5732,38.7633],[-0.559,38.7576],[-0.5305,38.7624],[-0.5117,38.7463],[-0.5545,38.7176],[-0.6193,38.6917],[-0.6363,38.7],[-0.6507,38.7269],[-0.7065,38.7376],[-0.7348,38.756],[-0.8302,38.7349],[-0.8614,38.7682],[-0.9067,38.769],[-0.9289,38.7838],[-0.9345,38.8527],[-0.9274,38.8901],[-0.9498,38.9114],[-0.9617,38.9424],[-0.9981,38.9477],[-1.0305,38.9357],[-1.1437,38.9303],[-1.2215,39.019],[-1.2645,39.0493],[-1.2538,39.1049],[-1.2402,39.1168],[-1.2258,39.151],[-1.1985,39.176],[-1.1806,39.2146],[-1.1665,39.3063],[-1.2087,39.323],[-1.2287,39.3186],[-1.3127,39.3417],[-1.3434,39.3375],[-1.4163,39.3783],[-1.4268,39.3673],[-1.4332,39.3732],[-1.4479,39.364],[-1.4596,39.3816],[-1.4564,39.3949],[-1.4859,39.4064],[-1.4876,39.4194],[-1.5051,39.418],[-1.5015,39.4295],[-1.5243,39.4524],[-1.5031,39.499],[-1.5016,39.5626],[-1.4625,39.5778],[-1.4198,39.6519],[-1.3739,39.6857],[-1.3118,39.6713],[-1.2745,39.6841],[-1.2645,39.6993],[-1.2722,39.7397],[-1.2184,39.8054],[-1.2004,39.861],[-1.1976,39.9103],[-1.2059,39.9436],[-1.1424,39.9719],[-1.1242,39.9655],[-1.0666,39.9792],[-0.9943,39.9811],[-0.9344,39.9593],[-0.9202,39.9611],[-0.905,39.9352],[-0.9115,39.9161],[-0.904,39.8908],[-0.9088,39.8704],[-0.8806,39.8512],[-0.8637,39.85],[-0.7976,39.8811],[-0.7734,39.868],[-0.7253,39.8161],[-0.7136,39.8186],[-0.7065,39.8285]]],[[[-1.1652,40.0101],[-1.2493,39.9962],[-1.3344,40.0159],[-1.3409,40.0159],[-1.3589,40.0124],[-1.3643,40.0122],[-1.3752,40.0159],[-1.4152,40.0861],[-1.4118,40.1027],[-1.4483,40.1247],[-1.4544,40.1356],[-1.4488,40.1454],[-1.3529,40.1315],[-1.3212,40.1484],[-1.3198,40.1913],[-1.2963,40.2046],[-1.2809,40.1677],[-1.2467,40.1432],[-1.2451,40.1186],[-1.1509,40.1133],[-1.0756,40.0629],[-1.0746,40.0506],[-1.087,40.0361],[-1.1474,40.0159],[-1.1652,40.0101]]]]}},{"type":"Feature","properties":{"tipo":"provincia","id":"ES531","nombre":"Eivissa y Formentera"},"geometry":{"type":"MultiPolygon","coordinates":[[[[1.2141,38.8989],[1.2219,38.9133],[1.2214,38.921],[1.235,38.9379],[1.2161,38.9582],[1.2302,38.9717],[1.2457,38.9671],[1.2666,38.9682],[1.2832,38.973],[1.3021,38.9695],[1.3067,38.9776],[1.2958,38.9803],[1.2845,38.9991],[1.2975,39.0097],[1.2922,39.0146],[1.2921,39.0288],[1.311,39.0437],[1.324,39.0473],[1.3262,39.0525],[1.3413,39.0539],[1.3451,39.0643],[1.3628,39.074],[1.3666,39.0645],[1.3805,39.0663],[1.3844,39.0756],[1.3965,39.0797],[1.4043,39.0755],[1.4157,39.0779],[1.4253,39.0918],[1.4395,39.0821],[1.4519,39.0892],[1.4519,39.0957],[1.4744,39.1047],[1.4834,39.1016],[1.4902,39.1098],[1.4964,39.0995],[1.5084,39.1041],[1.5075,39.1135],[1.5168,39.1159],[1.5411,39.1158],[1.5387,39.1078],[1.5572,39.0939],[1.5674,39.098],[1.5932,39.0961],[1.6021,39.0908],[1.6012,39.0778],[1.5926,39.0756],[1.5886,39.0631],[1.5915,39.0565],[1.6184,39.0332],[1.6159,39.0265],[1.6049,39.0278],[1.5936,39.0165],[1.5866,39.015],[1.5793,39.0011],[1.5787,38.9908],[1.5534,38.9916],[1.5335,38.9818],[1.5264,38.9461],[1.5119,38.9457],[1.5038,38.9342],[1.4887,38.9267],[1.4734,38.915],[1.4546,38.9165],[1.4523,38.9106],[1.438,38.9149],[1.4367,38.9031],[1.4227,38.9044],[1.41,38.8909],[1.4041,38.8768],[1.4061,38.8606],[1.4025,38.848],[1.4039,38.8346],[1.3866,38.8414],[1.3718,38.8338],[1.3653,38.8534],[1.353,38.866],[1.3439,38.8701],[1.3231,38.8626],[1.3125,38.8681],[1.3065,38.8651],[1.2967,38.8755],[1.2723,38.8786],[1.2652,38.8757],[1.2533,38.8594],[1.2479,38.8576],[1.238,38.8704],[1.2256,38.8741],[1.2239,38.8886],[1.2141,38.8989]]],[[[1.3816,38.6882],[1.3885,38.6991],[1.382,38.7192],[1.3955,38.732],[1.4073,38.7237],[1.4154,38.7235],[1.4134,38.7333],[1.4276,38.7391],[1.4373,38.7525],[1.448,38.7328],[1.4581,38.7255],[1.4711,38.7229],[1.481,38.7013],[1.5142,38.6791],[1.531,38.674],[1.557,38.6888],[1.5688,38.6904],[1.5811,38.6783],[1.5822,38.6693],[1.583,38.6626],[1.5656,38.6506],[1.5251,38.6537],[1.5115,38.6646],[1.5029,38.6693],[1.4923,38.6751],[1.4706,38.6831],[1.4516,38.6846],[1.4395,38.6811],[1.4309,38.6693],[1.3906,38.644],[1.3847,38.6499],[1.3856,38.6693],[1.3816,38.6882]]],[[[1.6345,39.0413],[1.6496,39.0458],[1.6488,39.0293],[1.6386,39.0297],[1.6345,39.0413]]],[[[1.1871,38.8663],[1.1983,38.8757],[1.2102,38.867],[1.2029,38.8602],[1.1871,38.8663]]],[[[1.4155,38.7849],[1.4214,38.7994],[1.4326,38.7847],[1.4194,38.7782],[1.4155,38.7849]]],[[[1.467,38.8001],[1.4732,38.8072],[1.4853,38.8026],[1.4855,38.7974],[1.4722,38.791],[1.467,38.8001]]],[[[1.2028,38.983],[1.2148,38.9937],[1.2193,38.9813],[1.2147,38.9716],[1.2028,38.983]]]]}},{"type":"Feature","properties":{"tipo":"provincia","id":"ES532","nombre":"Mallorca"},"geometry":{"type":"MultiPolygon","coordinates":[[[[2.3477,39.5877],[2.364,39.6097],[2.4526,39.6492],[2.5264,39.6989],[2.5559,39.7015],[2.5812,39.7145],[2.6326,39.7606],[2.6583,39.7707],[2.6731,39.7935],[2.6932,39.8048],[2.7344,39.8279],[2.7586,39.8321],[2.7824,39.8545],[2.8437,39.8643],[2.9496,39.916],[2.9811,39.9102],[3.0285,39.9327],[3.0698,39.923],[3.1192,39.9331],[3.1702,39.9592],[3.2097,39.9574],[3.1994,39.9445],[3.1604,39.9272],[3.1349,39.925],[3.107,39.9064],[3.0884,39.9072],[3.0803,39.8934],[3.0881,39.8707],[3.105,39.8595],[3.1885,39.8862],[3.1871,39.8719],[3.1928,39.8585],[3.1809,39.8444],[3.1286,39.8376],[3.1207,39.8299],[3.1225,39.8013],[3.1439,39.7754],[3.2522,39.7308],[3.3247,39.7597],[3.3477,39.7861],[3.4557,39.7427],[3.4557,39.7244],[3.4731,39.7149],[3.4574,39.7013],[3.4539,39.6604],[3.435,39.6366],[3.4061,39.635],[3.3938,39.6208],[3.3865,39.5957],[3.3975,39.579],[3.3795,39.5733],[3.3699,39.5572],[3.2988,39.5008],[3.2726,39.4192],[3.2428,39.3776],[3.1766,39.3317],[3.1186,39.3109],[3.0649,39.2677],[3.0502,39.2687],[3.0117,39.3098],[2.9895,39.3184],[2.986,39.341],[2.9589,39.3606],[2.9308,39.3632],[2.9092,39.3553],[2.8832,39.3645],[2.8268,39.3583],[2.7858,39.3668],[2.7416,39.4108],[2.7453,39.4414],[2.7254,39.4747],[2.7467,39.5109],[2.6932,39.5476],[2.684,39.5539],[2.6363,39.567],[2.6218,39.5485],[2.6028,39.5497],[2.585,39.5347],[2.546,39.5249],[2.515,39.4601],[2.4812,39.4739],[2.4618,39.5008],[2.4682,39.5177],[2.4526,39.5346],[2.4248,39.5268],[2.4112,39.535],[2.39,39.5243],[2.382,39.5385],[2.3718,39.5274],[2.3578,39.528],[2.3662,39.541],[2.3763,39.5464],[2.3515,39.5632],[2.3477,39.5877]]],[[[2.9123,39.1428],[2.9233,39.1525],[2.9292,39.1431],[2.9362,39.1438],[2.9519,39.1568],[2.9507,39.1667],[2.9767,39.1569],[2.9708,39.1478],[2.9572,39.1476],[2.9616,39.1419],[2.9554,39.1279],[2.9471,39.124],[2.9241,39.1316],[2.9248,39.1382],[2.9123,39.1428]]],[[[2.3083,39.5785],[2.3234,39.5933],[2.3374,39.5974],[2.3347,39.589],[2.318,39.5757],[2.3083,39.5785]]],[[[2.9553,39.1799],[2.9609,39.1919],[2.9717,39.1905],[2.9667,39.1734],[2.9553,39.1799]]]]}},{"type":"Feature","properties":{"tipo":"provincia","id":"ES533","nombre":"Menorca"},"geometry":{"type":"MultiPolygon","coordinates":[[[[3.7918,40.0175],[3.8086,40.0264],[3.822,40.0502],[3.8655,40.056],[3.8785,40.0536],[3.8859,40.0581],[3.9034,40.0571],[3.9089,40.0504],[3.9207,40.047],[3.9211,40.0562],[3.9348,40.0617],[3.9433,40.0573],[3.9596,40.0605],[3.9705,40.0538],[3.9841,40.0523],[3.9951,40.0583],[4.0179,40.0589],[4.0324,40.0644],[4.0509,40.0536],[4.073,40.0591],[4.0892,40.0785],[4.096,40.0827],[4.0936,40.0618],[4.1033,40.0464],[4.1114,40.0539],[4.1307,40.057],[4.1211,40.0355],[4.1264,40.028],[4.1398,40.0356],[4.1415,40.0488],[4.1386,40.0668],[4.1546,40.0674],[4.1704,40.0608],[4.1657,40.0565],[4.1613,40.0358],[4.1704,40.0352],[4.1705,40.0269],[4.1817,40.0234],[4.188,40.0323],[4.2012,40.0196],[4.199,40.0075],[4.2075,40.0083],[4.223,39.9984],[4.2473,40.0],[4.2607,39.9967],[4.2573,39.9905],[4.2617,39.9789],[4.2572,39.9646],[4.2663,39.954],[4.2771,39.9664],[4.2904,39.962],[4.2811,39.9524],[4.2765,39.9338],[4.2878,39.9137],[4.3068,39.894],[4.3171,39.8771],[4.3087,39.8727],[4.2994,39.8828],[4.2953,39.8792],[4.3058,39.867],[4.308,39.8494],[4.2999,39.8404],[4.3027,39.8336],[4.288,39.8155],[4.2727,39.8092],[4.2457,39.816],[4.2376,39.8151],[4.2201,39.8265],[4.2071,39.8258],[4.2026,39.8335],[4.1932,39.8338],[4.1564,39.8551],[4.1312,39.8672],[4.0987,39.8784],[4.0862,39.8857],[4.0767,39.8968],[4.0207,39.9218],[3.972,39.9332],[3.9625,39.9325],[3.9573,39.9386],[3.9473,39.934],[3.9149,39.9298],[3.8987,39.9227],[3.8933,39.9272],[3.8764,39.9223],[3.8537,39.9222],[3.8338,39.9254],[3.8231,39.923],[3.8203,39.928],[3.825,39.9523],[3.8334,39.9615],[3.8287,39.9936],[3.7968,39.9989],[3.7918,40.0175]]]]}},{"type":"Feature","properties":{"tipo":"provincia","id":"ES611","nombre":"Almería"},"geometry":{"type":"MultiPolygon","coordinates":[[[[-1.63,37.3752],[-1.6779,37.3503],[-1.709,37.3047],[-1.8034,37.2157],[-1.8536,37.0639],[-1.8972,36.9877],[-1.9021,36.9462],[-1.9406,36.9328],[-1.9901,36.8917],[-2.0012,36.876],[-2.0059,36.8417],[-2.0534,36.8114],[-2.0683,36.7755],[-2.1035,36.7604],[-2.13,36.7323],[-2.1939,36.7246],[-2.2899,36.8178],[-2.3218,36.8339],[-2.3605,36.8409],[-2.4268,36.8132],[-2.4734,36.8349],[-2.5624,36.8146],[-2.5963,36.7783],[-2.6337,36.7144],[-2.6922,36.6885],[-2.7029,36.6838],[-2.7687,36.6819],[-2.8123,36.7043],[-2.8527,36.698],[-2.9235,36.7504],[-2.9771,36.7398],[-3.1287,36.7509],[-3.1352,36.7895],[-3.031,36.8449],[-3.0355,36.8663],[-3.0638,36.8943],[-3.0671,36.909],[-3.0373,36.9226],[-3.0256,36.9492],[-2.9912,36.9599],[-2.979,36.9763],[-2.9831,37.0017],[-3.0017,37.0188],[-3.0147,37.0513],[-3.0266,37.111],[-2.9903,37.0945],[-2.9495,37.0992],[-2.9272,37.1542],[-2.8977,37.1679],[-2.8826,37.1886],[-2.8686,37.2442],[-2.8493,37.2744],[-2.8333,37.2789],[-2.7822,37.2613],[-2.7744,37.2442],[-2.7579,37.228],[-2.7316,37.2341],[-2.6922,37.2228],[-2.6625,37.2142],[-2.6587,37.227],[-2.6664,37.2442],[-2.6632,37.2901],[-2.6513,37.3379],[-2.6373,37.3506],[-2.6414,37.3804],[-2.6345,37.3938],[-2.5128,37.4783],[-2.4637,37.4894],[-2.4537,37.5081],[-2.4108,37.5214],[-2.397,37.5164],[-2.3624,37.5241],[-2.3581,37.5446],[-2.3695,37.558],[-2.3709,37.5975],[-2.3894,37.6283],[-2.3246,37.6229],[-2.3123,37.6311],[-2.3231,37.6908],[-2.2795,37.7724],[-2.2995,37.8076],[-2.2913,37.8332],[-2.2937,37.875],[-2.2076,37.9166],[-2.1714,37.8899],[-2.128,37.8993],[-2.0952,37.8783],[-2.0683,37.8792],[-2.0581,37.8796],[-2.0246,37.8701],[-1.9969,37.8787],[-1.9786,37.87],[-1.9939,37.8421],[-2.0065,37.7809],[-1.9984,37.7322],[-2.0115,37.6917],[-2.0079,37.6692],[-1.975,37.6176],[-1.8397,37.4517],[-1.8172,37.4394],[-1.8015,37.4518],[-1.7365,37.4413],[-1.63,37.3752]]]]}},{"type":"Feature","properties":{"tipo":"provincia","id":"ES612","nombre":"Cádiz"},"geometry":{"type":"MultiPolygon","coordinates":[[[[-5.3515,36.1526],[-5.3886,36.1783],[-5.4286,36.1723],[-5.4456,36.145],[-5.4366,36.1249],[-5.4409,36.0938],[-5.4297,36.0803],[-5.4334,36.0713],[-5.4597,36.0533],[-5.4874,36.052],[-5.6046,36.0105],[-5.6438,36.0467],[-5.6795,36.0632],[-5.7188,36.0601],[-5.7718,36.0847],[-5.8002,36.0825],[-5.8702,36.1536],[-5.9132,36.1826],[-5.9797,36.1784],[-6.0357,36.1853],[-6.1031,36.2835],[-6.148,36.3035],[-6.1771,36.3608],[-6.2157,36.3912],[-6.2529,36.4579],[-6.2515,36.4675],[-6.2172,36.4693],[-6.1754,36.5181],[-6.1934,36.5247],[-6.2143,36.5097],[-6.2423,36.5106],[-6.2526,36.5242],[-6.2318,36.5358],[-6.2255,36.5615],[-6.2314,36.5793],[-6.2641,36.5817],[-6.2986,36.6156],[-6.3391,36.6245],[-6.3609,36.6178],[-6.3867,36.629],[-6.4369,36.7163],[-6.4369,36.7416],[-6.3456,36.7988],[-6.3522,36.8592],[-6.3459,36.8851],[-6.3311,36.8988],[-6.2794,36.909],[-6.2553,36.8961],[-6.1638,36.8872],[-6.0939,36.8565],[-5.9815,36.8453],[-5.9292,36.8528],[-5.8956,36.8444],[-5.878,36.8889],[-5.8476,36.912],[-5.8017,36.9247],[-5.7133,36.9216],[-5.6988,36.9335],[-5.6913,36.9579],[-5.6702,36.9724],[-5.6182,36.9444],[-5.5924,36.9469],[-5.5806,36.9152],[-5.5422,36.8996],[-5.5463,36.925],[-5.4723,36.9839],[-5.5075,37.03],[-5.4951,37.0397],[-5.4405,37.0511],[-5.4297,37.0461],[-5.4227,37.0109],[-5.4576,36.9745],[-5.4342,36.9369],[-5.4164,36.9411],[-5.3953,36.9701],[-5.3054,37.0341],[-5.2966,37.0117],[-5.2331,36.9434],[-5.1651,36.9811],[-5.1424,37.0039],[-5.1014,36.9708],[-5.1072,36.9573],[-5.0897,36.9104],[-5.1342,36.841],[-5.1765,36.8258],[-5.2172,36.8425],[-5.2696,36.881],[-5.2985,36.8696],[-5.3384,36.822],[-5.3188,36.7886],[-5.2945,36.7727],[-5.3243,36.7211],[-5.3278,36.6737],[-5.3798,36.6336],[-5.4545,36.6167],[-5.4644,36.5869],[-5.5248,36.5317],[-5.5813,36.5485],[-5.6006,36.5487],[-5.6091,36.5404],[-5.602,36.5112],[-5.5291,36.5017],[-5.5166,36.5045],[-5.4886,36.535],[-5.4328,36.5324],[-5.4152,36.5194],[-5.394,36.4701],[-5.3437,36.411],[-5.3199,36.3292],[-5.281,36.3358],[-5.2524,36.3113],[-5.3145,36.2313],[-5.3392,36.152],[-5.3515,36.1526]]],[[[-6.3045,36.5325],[-6.2942,36.5377],[-6.2794,36.5298],[-6.2699,36.5112],[-6.2609,36.5036],[-6.2634,36.4879],[-6.2684,36.4876],[-6.2895,36.5227],[-6.3045,36.5325]]]]}},{"type":"Feature","properties":{"tipo":"provincia","id":"ES613","nombre":"Córdoba"},"geometry":{"type":"MultiPolygon","coordinates":[[[[-4.2689,38.3472],[-4.2399,38.3379],[-4.2329,38.3106],[-4.2127,38.2978],[-4.2138,38.2508],[-4.1977,38.2349],[-4.1978,38.2127],[-4.1701,38.1804],[-4.1647,38.1492],[-4.2154,38.1069],[-4.2188,38.0876],[-4.2496,38.0621],[-4.2453,38.0452],[-4.264,38.0369],[-4.2637,38.0235],[-4.282,38.0167],[-4.2587,37.9399],[-4.2783,37.8832],[-4.2852,37.8006],[-4.2131,37.781],[-4.2106,37.7714],[-4.2272,37.7554],[-4.2368,37.7229],[-4.1847,37.7058],[-4.1677,37.6847],[-4.2224,37.6414],[-4.2169,37.6202],[-4.175,37.6094],[-4.1582,37.5764],[-4.1221,37.5526],[-4.0965,37.5155],[-4.0641,37.5058],[-4.0833,37.4837],[-4.0462,37.4637],[-4.0008,37.4021],[-4.0179,37.4018],[-4.034,37.4061],[-4.0546,37.4028],[-4.0854,37.4034],[-4.0982,37.4001],[-4.104,37.389],[-4.1264,37.3786],[-4.1329,37.3729],[-4.1446,37.3629],[-4.1562,37.3442],[-4.162,37.342],[-4.1742,37.3486],[-4.2078,37.3525],[-4.2256,37.3391],[-4.2366,37.3351],[-4.2391,37.3277],[-4.2355,37.3124],[-4.2367,37.2977],[-4.2481,37.2699],[-4.2625,37.2601],[-4.2587,37.2516],[-4.2579,37.2442],[-4.2563,37.2297],[-4.2653,37.2259],[-4.2947,37.2001],[-4.3214,37.191],[-4.3276,37.1844],[-4.3279,37.2049],[-4.373,37.219],[-4.3823,37.235],[-4.3783,37.2442],[-4.3807,37.2701],[-4.4191,37.2801],[-4.446,37.274],[-4.4611,37.2576],[-4.4806,37.2523],[-4.4794,37.2442],[-4.496,37.227],[-4.5275,37.2148],[-4.5916,37.2095],[-4.5993,37.2113],[-4.5998,37.2287],[-4.6138,37.2442],[-4.6196,37.2539],[-4.6423,37.2495],[-4.6534,37.2559],[-4.6713,37.2886],[-4.6739,37.3212],[-4.6918,37.3403],[-4.7165,37.3484],[-4.7408,37.3356],[-4.7762,37.3332],[-4.8146,37.3574],[-4.8473,37.4306],[-4.8789,37.443],[-4.9367,37.5212],[-4.936,37.6072],[-4.9574,37.6199],[-4.9645,37.659],[-5.0106,37.7059],[-5.0396,37.7143],[-5.0619,37.7098],[-5.0893,37.6761],[-5.1144,37.694],[-5.1236,37.6674],[-5.1883,37.673],[-5.3479,37.5923],[-5.3902,37.6222],[-5.4054,37.6437],[-5.4066,37.682],[-5.3143,37.7047],[-5.3078,37.7259],[-5.3133,37.7646],[-5.3441,37.7981],[-5.3514,37.8385],[-5.4122,37.8774],[-5.4241,37.9449],[-5.4784,37.985],[-5.5025,38.047],[-5.5848,38.1318],[-5.5782,38.1463],[-5.5418,38.1631],[-5.5397,38.194],[-5.5226,38.2116],[-5.5297,38.2654],[-5.5729,38.3313],[-5.5668,38.3708],[-5.5841,38.3944],[-5.567,38.4329],[-5.5213,38.4604],[-5.4894,38.4638],[-5.4774,38.4827],[-5.419,38.5165],[-5.403,38.5431],[-5.3867,38.5437],[-5.3858,38.5626],[-5.3684,38.5826],[-5.3127,38.5795],[-5.2934,38.6079],[-5.2073,38.6628],[-5.1872,38.6636],[-5.1705,38.6801],[-5.1813,38.7172],[-5.0971,38.7095],[-5.047,38.7291],[-5.0152,38.7196],[-4.9946,38.6928],[-4.9491,38.6833],[-4.8758,38.6843],[-4.857,38.6146],[-4.8204,38.5979],[-4.7887,38.5957],[-4.7099,38.5702],[-4.6961,38.5513],[-4.6636,38.5453],[-4.6277,38.5251],[-4.6014,38.4916],[-4.571,38.4905],[-4.5122,38.4609],[-4.4513,38.4031],[-4.2895,38.3462],[-4.2689,38.3472]]],[[[-5.048,37.6081],[-5.0401,37.6257],[-5.0437,37.6333],[-5.0314,37.6397],[-5.0265,37.6353],[-5.0336,37.6207],[-5.0293,37.611],[-5.048,37.6081]]],[[[-5.0722,37.6437],[-5.069,37.6461],[-5.0514,37.643],[-5.0494,37.6303],[-5.0707,37.6408],[-5.0722,37.6437]]]]}},{"type":"Feature","properties":{"tipo":"provincia","id":"ES220","nombre":"Navarra"},"geometry":{"type":"MultiPolygon","coordinates":[[[[-1.7289,43.2961],[-1.6701,43.3128],[-1.6287,43.3055],[-1.625,43.2711],[-1.6146,43.2611],[-1.607,43.2538],[-1.5744,43.2528],[-1.5708,43.2611],[-1.5589,43.2886],[-1.5323,43.294],[-1.5075,43.2923],[-1.462,43.2726],[-1.4119,43.2712],[-1.3937,43.2611],[-1.381,43.2354],[-1.3848,43.1931],[-1.4195,43.1267],[-1.4665,43.0853],[-1.4339,43.0464],[-1.3577,43.0321],[-1.3455,43.0518],[-1.3365,43.1001],[-1.319,43.1112],[-1.2881,43.1149],[-1.303,43.0742],[-1.2633,43.0473],[-1.2129,43.0501],[-1.1561,43.0282],[-1.1388,43.0124],[-1.1095,43.0182],[-1.0732,43.0],[-1.0131,42.9902],[-0.9464,42.9563],[-0.9079,42.9617],[-0.8211,42.9525],[-0.759,42.9653],[-0.7366,42.9459],[-0.7245,42.9202],[-0.7772,42.9216],[-0.8136,42.9014],[-0.8205,42.871],[-0.8551,42.8429],[-0.8529,42.7791],[-0.872,42.7615],[-0.8966,42.7597],[-0.9011,42.7427],[-0.923,42.744],[-0.9258,42.7384],[-0.935,42.7343],[-0.9364,42.7291],[-0.9698,42.7052],[-1.0333,42.6941],[-1.0389,42.6537],[-1.0521,42.6448],[-1.1501,42.6456],[-1.1583,42.6143],[-1.176,42.6102],[-1.1637,42.5989],[-1.1993,42.5777],[-1.2042,42.5534],[-1.2289,42.5445],[-1.2648,42.5531],[-1.2885,42.5186],[-1.2764,42.4763],[-1.34,42.4235],[-1.3562,42.3781],[-1.3364,42.3686],[-1.332,42.3544],[-1.3944,42.2939],[-1.3928,42.2721],[-1.4152,42.2173],[-1.394,42.1843],[-1.3955,42.126],[-1.3702,42.1076],[-1.3513,42.075],[-1.3137,42.0699],[-1.3052,42.0476],[-1.3422,42.0138],[-1.3841,41.9448],[-1.413,41.9191],[-1.4325,41.914],[-1.4916,41.9243],[-1.5216,41.9111],[-1.5571,41.9141],[-1.651,41.9628],[-1.7149,41.9577],[-1.7666,41.993],[-1.8319,41.9969],[-1.8472,42.008],[-1.9,42.0361],[-1.9053,42.0597],[-1.8929,42.0827],[-1.8249,42.1481],[-1.7858,42.1405],[-1.7458,42.148],[-1.7183,42.1377],[-1.6937,42.1463],[-1.6876,42.154],[-1.6958,42.1729],[-1.6862,42.1891],[-1.7241,42.2125],[-1.8017,42.2258],[-1.8303,42.248],[-1.8668,42.2551],[-1.8749,42.2857],[-1.9051,42.2983],[-1.9228,42.3237],[-1.9631,42.3374],[-1.9965,42.361],[-2.0206,42.3652],[-2.0683,42.3454],[-2.0859,42.3471],[-2.0829,42.3678],[-2.1109,42.397],[-2.1118,42.4182],[-2.1413,42.4197],[-2.1714,42.4084],[-2.2322,42.4271],[-2.2431,42.4411],[-2.2755,42.4495],[-2.2907,42.466],[-2.3031,42.4602],[-2.3292,42.4657],[-2.3417,42.4534],[-2.4207,42.4893],[-2.4198,42.5104],[-2.3949,42.5198],[-2.399,42.5387],[-2.3918,42.5557],[-2.3996,42.5949],[-2.4234,42.6024],[-2.453,42.5705],[-2.4655,42.5863],[-2.4904,42.589],[-2.4979,42.6131],[-2.4821,42.6151],[-2.4463,42.6482],[-2.4168,42.6605],[-2.3906,42.6582],[-2.3725,42.6387],[-2.3539,42.6352],[-2.2937,42.6533],[-2.2932,42.6722],[-2.3131,42.6797],[-2.3194,42.7291],[-2.3143,42.737],[-2.266,42.7499],[-2.2781,42.7853],[-2.2654,42.8128],[-2.2343,42.8415],[-2.2508,42.8957],[-2.2393,42.8989],[-2.2343,42.9268],[-2.2084,42.9483],[-2.1751,42.9363],[-2.1125,42.9451],[-2.0919,42.9725],[-2.0683,42.9781],[-2.0369,42.9855],[-2.0306,43.0006],[-2.04,43.0258],[-2.0231,43.0449],[-2.018,43.0683],[-1.9477,43.099],[-1.9227,43.1208],[-1.9063,43.1352],[-1.9209,43.178],[-1.9122,43.2195],[-1.8853,43.2091],[-1.8746,43.2273],[-1.8605,43.2166],[-1.8301,43.2278],[-1.7972,43.2472],[-1.7926,43.2611],[-1.7853,43.2836],[-1.7289,43.2961]]],[[[-1.1294,42.4467],[-1.1249,42.4564],[-1.1021,42.4828],[-1.0959,42.4858],[-1.0851,42.4833],[-1.0868,42.4744],[-1.0699,42.4661],[-1.0644,42.4538],[-1.0544,42.4488],[-1.0517,42.4406],[-1.0586,42.4344],[-1.1068,42.4413],[-1.1294,42.4467]]],[[[-1.1875,42.4045],[-1.1811,42.4165],[-1.1828,42.4239],[-1.162,42.4333],[-1.1537,42.441],[-1.145,42.4418],[-1.1455,42.4367],[-1.1523,42.4292],[-1.157,42.4115],[-1.1841,42.4015],[-1.1875,42.4045]]]]}},{"type":"Feature","properties":{"tipo":"provincia","id":"ES422","nombre":"Ciudad Real"},"geometry":{"type":"MultiPolygon","coordinates":[[[[-2.7422,39.3182],[-2.7289,39.2605],[-2.8369,39.1347],[-2.8288,39.1047],[-2.8087,39.0785],[-2.8108,39.0329],[-2.8336,39.0161],[-2.8793,38.9401],[-2.866,38.9237],[-2.8336,38.9085],[-2.7984,38.9047],[-2.7696,38.8838],[-2.7561,38.8613],[-2.7421,38.7997],[-2.7291,38.786],[-2.6922,38.7783],[-2.6401,38.7377],[-2.6537,38.678],[-2.6587,38.6693],[-2.6688,38.652],[-2.6922,38.6338],[-2.7016,38.6265],[-2.7294,38.6187],[-2.7542,38.623],[-2.7629,38.5728],[-2.7503,38.5476],[-2.7621,38.5328],[-2.7898,38.5069],[-2.8809,38.4581],[-2.9345,38.4729],[-2.9647,38.468],[-2.9916,38.4477],[-3.0025,38.4121],[-3.0652,38.475],[-3.1382,38.4394],[-3.2742,38.4604],[-3.328,38.4815],[-3.3716,38.4747],[-3.3828,38.4369],[-3.4251,38.4093],[-3.4571,38.4],[-3.5252,38.4098],[-3.5416,38.4429],[-3.5735,38.451],[-3.584,38.4434],[-3.588,38.4073],[-3.6038,38.3977],[-3.6249,38.3959],[-3.725,38.4216],[-3.7427,38.4162],[-3.7857,38.4245],[-3.8263,38.4134],[-3.8333,38.3922],[-3.8527,38.3774],[-3.9195,38.3691],[-4.1612,38.3832],[-4.2594,38.3999],[-4.2769,38.3832],[-4.2689,38.3472],[-4.2895,38.3462],[-4.4513,38.4031],[-4.5122,38.4609],[-4.571,38.4905],[-4.6014,38.4916],[-4.6277,38.5251],[-4.6636,38.5453],[-4.6961,38.5513],[-4.7099,38.5702],[-4.7887,38.5957],[-4.8204,38.5979],[-4.857,38.6146],[-4.8758,38.6843],[-4.9491,38.6833],[-4.9946,38.6928],[-5.0152,38.7196],[-5.047,38.7291],[-4.9885,38.7493],[-4.9654,38.7831],[-4.9304,38.8653],[-4.9053,38.8846],[-4.8548,38.8912],[-4.8424,38.9136],[-4.8519,38.9435],[-4.9224,38.9708],[-4.9504,39.0497],[-4.8808,39.0372],[-4.841,39.0508],[-4.8377,39.0639],[-4.8594,39.0858],[-4.8657,39.1143],[-4.8468,39.1546],[-4.8072,39.1904],[-4.6831,39.185],[-4.7498,39.3069],[-4.701,39.3548],[-4.6777,39.4128],[-4.6877,39.4503],[-4.6213,39.4548],[-4.6112,39.4858],[-4.5638,39.5029],[-4.5581,39.5329],[-4.5341,39.5387],[-4.5246,39.5582],[-4.4932,39.5421],[-4.5056,39.5228],[-4.4671,39.4813],[-4.4527,39.5142],[-4.4403,39.5209],[-4.417,39.5074],[-4.325,39.4853],[-4.243,39.4794],[-4.1951,39.4959],[-4.1592,39.5737],[-4.1235,39.5645],[-4.0459,39.574],[-4.0326,39.5245],[-4.0618,39.5157],[-4.0673,39.4956],[-4.0619,39.4708],[-4.0696,39.458],[-4.1162,39.4547],[-4.145,39.3668],[-4.1242,39.3619],[-4.1034,39.344],[-4.0686,39.3634],[-3.9776,39.351],[-3.9602,39.2968],[-3.8544,39.2592],[-3.792,39.2919],[-3.7637,39.2915],[-3.7213,39.2718],[-3.6724,39.2972],[-3.5375,39.3035],[-3.4788,39.3444],[-3.4654,39.3752],[-3.4133,39.4023],[-3.3124,39.4024],[-3.314,39.4352],[-3.2887,39.4704],[-3.191,39.475],[-3.1785,39.4894],[-3.1493,39.4956],[-3.0678,39.4516],[-3.0263,39.4554],[-3.0044,39.4434],[-2.9612,39.4481],[-2.9314,39.4715],[-2.9294,39.455],[-2.9013,39.4313],[-2.873,39.3911],[-2.8928,39.3713],[-2.885,39.355],[-2.8379,39.3532],[-2.7825,39.3949],[-2.7422,39.3182]]],[[[-4.7554,39.4158],[-4.7757,39.399],[-4.8145,39.3949],[-4.8734,39.3708],[-4.9408,39.3952],[-4.905,39.4995],[-4.8617,39.5542],[-4.7719,39.5181],[-4.7525,39.5005],[-4.7442,39.4566],[-4.7656,39.43],[-4.7554,39.4158]]]]}},{"type":"Feature","properties":{"tipo":"provincia","id":"ES300","nombre":"Madrid"},"geometry":{"type":"MultiPolygon","coordinates":[[[[-4.1603,40.6899],[-4.0991,40.7487],[-4.07,40.7912],[-4.0264,40.782],[-3.9808,40.7878],[-3.9469,40.8666],[-3.9483,40.8971],[-3.9362,40.9244],[-3.8935,40.9659],[-3.784,41.0],[-3.7364,41.0552],[-3.6725,41.09],[-3.6193,41.1449],[-3.5396,41.165],[-3.5379,41.1486],[-3.5078,41.1327],[-3.4867,41.0971],[-3.4295,41.0804],[-3.4357,41.044],[-3.3971,41.0031],[-3.4154,40.9872],[-3.4573,40.9044],[-3.4429,40.8792],[-3.4675,40.8652],[-3.4795,40.8227],[-3.5005,40.7941],[-3.4598,40.7799],[-3.4465,40.7639],[-3.4481,40.7405],[-3.437,40.7266],[-3.4613,40.6905],[-3.4403,40.6757],[-3.4101,40.6723],[-3.3979,40.6897],[-3.385,40.6865],[-3.3603,40.6465],[-3.3265,40.6372],[-3.3266,40.5953],[-3.2865,40.5676],[-3.2919,40.5354],[-3.2499,40.5413],[-3.203,40.5146],[-3.1973,40.4452],[-3.1558,40.4367],[-3.1326,40.4025],[-3.1495,40.3698],[-3.145,40.3503],[-3.1781,40.3116],[-3.1928,40.2498],[-3.1739,40.2375],[-3.1523,40.2628],[-3.1217,40.2807],[-3.1063,40.281],[-3.0811,40.2255],[-3.0857,40.194],[-3.0677,40.1579],[-3.0895,40.1599],[-3.0956,40.1483],[-3.0576,40.1108],[-3.0604,40.0917],[-3.1133,40.0632],[-3.1614,40.0649],[-3.1711,40.0879],[-3.216,40.0604],[-3.2789,40.0498],[-3.302,40.0558],[-3.3252,40.0766],[-3.3496,40.079],[-3.3743,40.0729],[-3.3771,40.055],[-3.3984,40.0363],[-3.4199,40.0438],[-3.4396,40.0388],[-3.5006,40.0458],[-3.5146,40.0408],[-3.5246,40.0205],[-3.5632,40.0159],[-3.6331,39.9878],[-3.6362,39.9672],[-3.7384,39.9424],[-3.8073,39.8882],[-3.8718,39.9099],[-3.8712,39.9278],[-3.8558,39.9372],[-3.8329,39.9354],[-3.8125,39.9498],[-3.79,39.9471],[-3.7679,39.9616],[-3.7609,39.9527],[-3.7514,39.9635],[-3.732,39.9669],[-3.7415,39.9776],[-3.7043,40.0159],[-3.6792,40.0194],[-3.6221,40.0577],[-3.6245,40.077],[-3.6073,40.0898],[-3.6113,40.1089],[-3.6532,40.1254],[-3.669,40.1401],[-3.6882,40.1338],[-3.7224,40.1454],[-3.7522,40.1342],[-3.7701,40.1409],[-3.7988,40.1729],[-3.8364,40.164],[-3.8743,40.1892],[-3.9093,40.1908],[-3.9324,40.2023],[-3.9502,40.1955],[-3.956,40.211],[-3.9963,40.2133],[-4.0203,40.2314],[-4.0272,40.2479],[-4.0736,40.2646],[-4.1051,40.2432],[-4.1435,40.2469],[-4.148,40.2642],[-4.1869,40.2939],[-4.1997,40.2892],[-4.207,40.2713],[-4.2485,40.2708],[-4.2707,40.2372],[-4.2983,40.2214],[-4.346,40.2393],[-4.3579,40.3064],[-4.3776,40.3158],[-4.3877,40.2891],[-4.432,40.2576],[-4.4471,40.2353],[-4.5071,40.2188],[-4.5317,40.2007],[-4.5685,40.2061],[-4.5791,40.2172],[-4.5627,40.2281],[-4.5669,40.2573],[-4.5324,40.2939],[-4.5423,40.3412],[-4.5272,40.3424],[-4.5026,40.3176],[-4.4598,40.3203],[-4.4572,40.3405],[-4.4406,40.3542],[-4.44,40.3865],[-4.4232,40.4039],[-4.3278,40.4123],[-4.3387,40.4343],[-4.3193,40.4665],[-4.3252,40.5408],[-4.2878,40.5703],[-4.2807,40.5975],[-4.2885,40.6255],[-4.2741,40.6272],[-4.2617,40.608],[-4.2437,40.6031],[-4.1691,40.6199],[-4.1717,40.672],[-4.1603,40.6899]],[[-3.3834,40.6301],[-3.3715,40.6248],[-3.3627,40.6327],[-3.363,40.6385],[-3.3732,40.6393],[-3.3834,40.6301]]],[[[-4.3193,40.6476],[-4.3233,40.6574],[-4.3147,40.6672],[-4.2882,40.6806],[-4.2742,40.6771],[-4.268,40.6745],[-4.2547,40.6621],[-4.2563,40.6521],[-4.2868,40.6527],[-4.3193,40.6476]]]]}},{"type":"Feature","properties":{"tipo":"provincia","id":"ES411","nombre":"Ávila"},"geometry":{"type":"MultiPolygon","coordinates":[[[[-4.1603,40.6899],[-4.1717,40.672],[-4.1691,40.6199],[-4.2437,40.6031],[-4.2617,40.608],[-4.2741,40.6272],[-4.2885,40.6255],[-4.2807,40.5975],[-4.2878,40.5703],[-4.3252,40.5408],[-4.3193,40.4665],[-4.3387,40.4343],[-4.3278,40.4123],[-4.4232,40.4039],[-4.44,40.3865],[-4.4406,40.3542],[-4.4572,40.3405],[-4.4598,40.3203],[-4.5026,40.3176],[-4.5272,40.3424],[-4.5423,40.3412],[-4.5324,40.2939],[-4.5669,40.2573],[-4.5627,40.2281],[-4.5791,40.2172],[-4.6168,40.2014],[-4.6531,40.1991],[-4.6863,40.2159],[-4.6997,40.2794],[-4.7611,40.2629],[-4.8011,40.2733],[-4.8147,40.2546],[-4.8113,40.2368],[-4.8258,40.2205],[-4.9197,40.1711],[-4.9258,40.1387],[-4.9546,40.1305],[-4.9607,40.1206],[-5.0094,40.112],[-5.0093,40.1321],[-5.0248,40.1574],[-5.0691,40.148],[-5.1377,40.0957],[-5.1713,40.0867],[-5.2018,40.0855],[-5.2192,40.1064],[-5.3138,40.108],[-5.336,40.1159],[-5.3664,40.167],[-5.3675,40.2159],[-5.347,40.2627],[-5.4254,40.2524],[-5.4764,40.2067],[-5.5331,40.1959],[-5.6109,40.218],[-5.6215,40.2429],[-5.6526,40.2533],[-5.6622,40.2722],[-5.6892,40.2887],[-5.7376,40.2942],[-5.7191,40.3203],[-5.6813,40.347],[-5.6883,40.4216],[-5.6328,40.4598],[-5.5646,40.4758],[-5.5708,40.4447],[-5.5449,40.425],[-5.5241,40.4236],[-5.5122,40.4301],[-5.5167,40.45],[-5.5105,40.4589],[-5.4809,40.4592],[-5.4648,40.4689],[-5.4283,40.5601],[-5.4374,40.565],[-5.5235,40.5438],[-5.5127,40.5858],[-5.5024,40.5915],[-5.4935,40.5829],[-5.4536,40.5801],[-5.3901,40.6177],[-5.3698,40.649],[-5.3835,40.6638],[-5.3795,40.6743],[-5.3432,40.6877],[-5.3292,40.7029],[-5.292,40.7119],[-5.2212,40.7556],[-5.2157,40.7731],[-5.1868,40.7889],[-5.1626,40.8161],[-5.1625,40.866],[-5.1153,40.9063],[-5.1263,40.9509],[-5.1049,40.9644],[-5.0924,40.9985],[-5.1078,41.0281],[-5.1419,41.0417],[-5.1511,41.0597],[-5.1507,41.0842],[-5.1303,41.107],[-5.125,41.1321],[-5.099,41.145],[-5.0612,41.1394],[-5.013,41.1617],[-4.9935,41.1598],[-4.8626,41.0968],[-4.8197,41.1027],[-4.8125,41.1275],[-4.787,41.1417],[-4.7221,41.1493],[-4.709,41.0609],[-4.6387,41.0281],[-4.6068,40.9733],[-4.5719,40.9577],[-4.5603,40.9394],[-4.5571,40.8868],[-4.5352,40.8637],[-4.5536,40.847],[-4.5521,40.8341],[-4.5398,40.8265],[-4.4939,40.8294],[-4.4763,40.8021],[-4.4735,40.7759],[-4.4322,40.7413],[-4.4182,40.6364],[-4.3387,40.6378],[-4.3193,40.6476],[-4.2868,40.6527],[-4.2563,40.6521],[-4.2547,40.6621],[-4.268,40.6745],[-4.2742,40.6771],[-4.2552,40.6876],[-4.1896,40.6961],[-4.1603,40.6899]]]]}},{"type":"Feature","properties":{"tipo":"provincia","id":"ES620","nombre":"Murcia"},"geometry":{"type":"MultiPolygon","coordinates":[[[[-2.2076,37.9166],[-2.2447,37.9344],[-2.2809,37.9656],[-2.301,38.002],[-2.3416,38.026],[-2.3434,38.0325],[-2.3281,38.0672],[-2.3117,38.0791],[-2.2942,38.0871],[-2.2621,38.1128],[-2.2529,38.1249],[-2.2501,38.14],[-2.223,38.176],[-2.2218,38.1845],[-2.2135,38.2018],[-2.1866,38.2149],[-2.1714,38.2254],[-2.1126,38.2404],[-2.0683,38.2864],[-2.0519,38.3033],[-1.9832,38.2827],[-1.9028,38.3008],[-1.8251,38.3368],[-1.7922,38.3562],[-1.7922,38.3683],[-1.7747,38.3674],[-1.7661,38.3763],[-1.743,38.3781],[-1.7186,38.3662],[-1.6946,38.3693],[-1.6836,38.3572],[-1.6896,38.3358],[-1.665,38.3119],[-1.5893,38.3116],[-1.5604,38.3248],[-1.4792,38.3795],[-1.4775,38.4553],[-1.4961,38.539],[-1.4858,38.5632],[-1.4527,38.5845],[-1.4439,38.6527],[-1.4233,38.6693],[-1.3917,38.6947],[-1.3671,38.7016],[-1.3364,38.6799],[-1.2498,38.7376],[-1.1808,38.7537],[-1.1228,38.7375],[-1.1092,38.7073],[-1.0488,38.6693],[-1.0269,38.6555],[-1.0034,38.5749],[-1.0238,38.523],[-1.0162,38.4976],[-1.0848,38.4396],[-1.0879,38.3797],[-1.0823,38.3481],[-0.9949,38.323],[-0.9691,38.28],[-0.9894,38.1996],[-1.0343,38.1382],[-1.0274,38.09],[-0.8974,37.921],[-0.8293,37.8655],[-0.7838,37.847],[-0.7621,37.847],[-0.7592,37.8078],[-0.7892,37.8095],[-0.8081,37.7775],[-0.8445,37.7433],[-0.8533,37.7191],[-0.8242,37.6772],[-0.7951,37.6565],[-0.7448,37.6381],[-0.7147,37.6436],[-0.7097,37.6262],[-0.7285,37.6059],[-0.8124,37.5801],[-0.8584,37.5813],[-0.9245,37.5594],[-0.9505,37.5636],[-0.9834,37.5917],[-1.0208,37.5783],[-1.0726,37.5795],[-1.1084,37.5641],[-1.1302,37.5401],[-1.1597,37.5449],[-1.1826,37.5638],[-1.215,37.5734],[-1.2416,37.5731],[-1.2706,37.5606],[-1.3277,37.5586],[-1.4563,37.4849],[-1.4886,37.4291],[-1.5301,37.4246],[-1.63,37.3752],[-1.7365,37.4413],[-1.8015,37.4518],[-1.8172,37.4394],[-1.8397,37.4517],[-1.975,37.6176],[-2.0079,37.6692],[-2.0115,37.6917],[-1.9984,37.7322],[-2.0065,37.7809],[-1.9939,37.8421],[-1.9786,37.87],[-1.9969,37.8787],[-2.0246,37.8701],[-2.0581,37.8796],[-2.0683,37.8792],[-2.0952,37.8783],[-2.128,37.8993],[-2.1714,37.8899],[-2.2076,37.9166]]],[[[-0.7362,37.6745],[-0.7289,37.6763],[-0.7208,37.663],[-0.7227,37.6572],[-0.7352,37.6628],[-0.7362,37.6745]]],[[[-0.7795,37.6964],[-0.7716,37.7073],[-0.7623,37.6973],[-0.7683,37.6864],[-0.7795,37.6964]]],[[[-0.7454,37.7428],[-0.7395,37.7545],[-0.7325,37.7501],[-0.7323,37.7363],[-0.7388,37.7338],[-0.7454,37.7428]]]]}},{"type":"Feature","properties":{"tipo":"provincia","id":"ES630","nombre":"Ceuta"},"geometry":{"type":"MultiPolygon","coordinates":[[[[-5.3819,35.913],[-5.3631,35.9147],[-5.3201,35.8943],[-5.3434,35.8709],[-5.3503,35.8746],[-5.3557,35.8736],[-5.372,35.8831],[-5.3778,35.9069],[-5.3819,35.913]]],[[[-5.3115,35.8882],[-5.2872,35.907],[-5.2777,35.9004],[-5.2873,35.8907],[-5.3071,35.8841],[-5.3115,35.8882]]]]}},{"type":"Feature","properties":{"tipo":"provincia","id":"ES640","nombre":"Melilla"},"geometry":{"type":"MultiPolygon","coordinates":[[[[-2.9281,35.2731],[-2.9514,35.269],[-2.9701,35.2894],[-2.9525,35.3198],[-2.9281,35.2731],[-2.9281,35.2731]]]]}},{"type":"Feature","properties":{"tipo":"provincia","id":"ES703","nombre":"El Hierro"},"geometry":{"type":"MultiPolygon","coordinates":[[[[-18.16,27.7247],[-18.1528,27.732],[-18.1518,27.7466],[-18.1546,27.7519],[-18.151,27.7597],[-18.1296,27.7711],[-18.1223,27.769],[-18.118,27.7625],[-18.1079,27.758],[-18.0812,27.7534],[-18.0687,27.7537],[-18.0373,27.7625],[-18.0202,27.7748],[-18.0135,27.7831],[-17.9961,27.7926],[-17.989,27.8008],[-17.9871,27.8104],[-17.992,27.8217],[-17.9731,27.8275],[-17.9581,27.8413],[-17.9472,27.841],[-17.9363,27.8481],[-17.9228,27.8492],[-17.9051,27.8417],[-17.8949,27.8316],[-17.8924,27.8223],[-17.8838,27.8122],[-17.8849,27.8021],[-17.8978,27.7876],[-17.9034,27.7847],[-17.9133,27.7708],[-17.9115,27.7651],[-17.9253,27.7437],[-17.9282,27.7321],[-17.9335,27.7285],[-17.9483,27.7286],[-17.957,27.7202],[-17.9604,27.6921],[-17.9657,27.6868],[-17.9718,27.6725],[-17.9715,27.6482],[-17.9779,27.6411],[-17.9893,27.6385],[-17.9993,27.6463],[-18.0116,27.6512],[-18.0302,27.6795],[-18.0509,27.6927],[-18.1223,27.7043],[-18.1458,27.7041],[-18.1584,27.7129],[-18.16,27.7247]]]]}},{"type":"Feature","properties":{"tipo":"provincia","id":"ES704","nombre":"Fuerteventura"},"geometry":{"type":"MultiPolygon","coordinates":[[[[-14.5038,28.0736],[-14.4934,28.0854],[-14.4975,28.1011],[-14.4916,28.1087],[-14.4808,28.1019],[-14.4565,28.1042],[-14.4416,28.1014],[-14.4256,28.1034],[-14.3706,28.1181],[-14.3109,28.1472],[-14.2979,28.1588],[-14.2497,28.1919],[-14.2238,28.216],[-14.2156,28.2281],[-14.2095,28.258],[-14.2125,28.2873],[-14.2079,28.3149],[-14.2008,28.3311],[-14.1788,28.3462],[-14.164,28.3685],[-14.162,28.3891],[-14.1567,28.3956],[-14.1578,28.4115],[-14.1503,28.4225],[-14.1459,28.4385],[-14.1011,28.4753],[-14.0881,28.5023],[-14.0645,28.5434],[-14.0654,28.552],[-14.0445,28.5775],[-14.0337,28.5956],[-14.0386,28.6141],[-14.0096,28.6748],[-14.0178,28.6944],[-14.0162,28.7109],[-14.0061,28.7114],[-13.9964,28.7224],[-13.9779,28.7331],[-13.955,28.7366],[-13.9424,28.7448],[-13.9377,28.7418],[-13.9265,28.7511],[-13.9089,28.7472],[-13.8882,28.7564],[-13.8723,28.7445],[-13.8658,28.7449],[-13.8639,28.7321],[-13.8433,28.7259],[-13.8311,28.6926],[-13.8333,28.6739],[-13.8252,28.6141],[-13.8233,28.5913],[-13.8297,28.5761],[-13.8261,28.5534],[-13.8366,28.5416],[-13.8354,28.5259],[-13.8437,28.5044],[-13.8602,28.4966],[-13.8673,28.4807],[-13.8571,28.459],[-13.8573,28.4453],[-13.8623,28.4335],[-13.8507,28.4204],[-13.849,28.4108],[-13.853,28.3939],[-13.8594,28.3928],[-13.8668,28.3728],[-13.877,28.3557],[-13.8792,28.3396],[-13.8868,28.326],[-13.8946,28.3237],[-13.8942,28.3149],[-13.9025,28.3021],[-13.898,28.2898],[-13.9023,28.2757],[-13.9098,28.2735],[-13.9151,28.2578],[-13.9359,28.2346],[-13.9509,28.228],[-13.9855,28.2284],[-13.9955,28.2182],[-14.0116,28.2083],[-14.0204,28.2108],[-14.0429,28.2026],[-14.0742,28.2007],[-14.1108,28.1891],[-14.1207,28.1913],[-14.1522,28.1818],[-14.1658,28.175],[-14.198,28.1733],[-14.2214,28.163],[-14.2314,28.1488],[-14.2485,28.1326],[-14.2744,28.0977],[-14.3021,28.0729],[-14.3217,28.0503],[-14.3307,28.0452],[-14.3668,28.0533],[-14.3803,28.0527],[-14.4077,28.0583],[-14.4519,28.0731],[-14.4742,28.0771],[-14.5006,28.0714],[-14.5038,28.0736]]],[[[-13.836,28.7516],[-13.8124,28.765],[-13.8136,28.7409],[-13.8194,28.7354],[-13.8285,28.7402],[-13.836,28.7516]]]]}},{"type":"Feature","properties":{"tipo":"provincia","id":"ES705","nombre":"Gran Canaria"},"geometry":{"type":"MultiPolygon","coordinates":[[[[-15.834,27.9715],[-15.823,27.9894],[-15.8182,28.0038],[-15.8213,28.0137],[-15.7906,28.0195],[-15.7724,28.0322],[-15.7658,28.0453],[-15.7459,28.0509],[-15.7337,28.0635],[-15.7214,28.0703],[-15.7092,28.0867],[-15.712,28.1037],[-15.7048,28.1176],[-15.7082,28.1221],[-15.6998,28.1335],[-15.7029,28.1431],[-15.697,28.1509],[-15.7084,28.1651],[-15.6975,28.1639],[-15.6837,28.17],[-15.6785,28.1622],[-15.6671,28.1587],[-15.6365,28.1707],[-15.6301,28.1675],[-15.613,28.1478],[-15.6004,28.1448],[-15.5887,28.147],[-15.5774,28.1438],[-15.5444,28.1471],[-15.5253,28.154],[-15.4775,28.1355],[-15.4676,28.1261],[-15.4451,28.1318],[-15.4322,28.146],[-15.4393,28.1684],[-15.4216,28.1801],[-15.4059,28.1757],[-15.4067,28.16],[-15.416,28.1477],[-15.4276,28.1456],[-15.4289,28.1292],[-15.415,28.1111],[-15.4118,28.1004],[-15.4188,28.0618],[-15.4148,28.0467],[-15.3881,28.0281],[-15.3843,28.0171],[-15.3752,28.0088],[-15.3691,27.9923],[-15.3826,27.9728],[-15.3801,27.9492],[-15.3698,27.944],[-15.3588,27.9325],[-15.3739,27.935],[-15.3826,27.9295],[-15.3865,27.9023],[-15.3933,27.8895],[-15.382,27.875],[-15.386,27.858],[-15.3978,27.855],[-15.4144,27.8452],[-15.4218,27.8314],[-15.4212,27.8157],[-15.4282,27.8053],[-15.4417,27.8],[-15.4903,27.7923],[-15.5076,27.7813],[-15.5222,27.7796],[-15.5346,27.77],[-15.5506,27.7663],[-15.5664,27.755],[-15.5695,27.7391],[-15.5797,27.7346],[-15.6003,27.7355],[-15.619,27.7481],[-15.6299,27.7458],[-15.6571,27.7564],[-15.673,27.7498],[-15.6913,27.7715],[-15.6991,27.772],[-15.7131,27.7842],[-15.7213,27.7862],[-15.7293,27.7969],[-15.7392,27.7996],[-15.7541,27.8144],[-15.7721,27.8212],[-15.788,27.8357],[-15.8171,27.8919],[-15.8335,27.9121],[-15.8281,27.9456],[-15.834,27.9715]]]]}},{"type":"Feature","properties":{"tipo":"provincia","id":"ES706","nombre":"La Gomera"},"geometry":{"type":"MultiPolygon","coordinates":[[[[-17.3485,28.0999],[-17.3478,28.1189],[-17.3421,28.1313],[-17.3465,28.1473],[-17.3355,28.1642],[-17.336,28.175],[-17.3223,28.1922],[-17.3173,28.2043],[-17.3072,28.2039],[-17.2823,28.2118],[-17.2764,28.2175],[-17.2607,28.2173],[-17.2507,28.205],[-17.2427,28.202],[-17.2106,28.2014],[-17.1958,28.1987],[-17.184,28.1811],[-17.1679,28.1796],[-17.1649,28.1727],[-17.1285,28.1529],[-17.119,28.1515],[-17.1117,28.142],[-17.1126,28.1336],[-17.1035,28.1271],[-17.1039,28.1044],[-17.0996,28.0949],[-17.1122,28.0863],[-17.1193,28.0742],[-17.1377,28.0664],[-17.1454,28.0543],[-17.1525,28.0538],[-17.1677,28.0411],[-17.1779,28.038],[-17.1862,28.0298],[-17.2011,28.024],[-17.2296,28.0261],[-17.2455,28.0204],[-17.2548,28.026],[-17.2714,28.0264],[-17.2751,28.0361],[-17.2895,28.0388],[-17.2923,28.0457],[-17.311,28.0528],[-17.3194,28.0598],[-17.3213,28.0759],[-17.339,28.0861],[-17.3485,28.0999]]]]}},{"type":"Feature","properties":{"tipo":"provincia","id":"ES707","nombre":"La Palma"},"geometry":{"type":"MultiPolygon","coordinates":[[[[-18.0065,28.7751],[-18.0029,28.786],[-17.9797,28.8042],[-17.9662,28.8263],[-17.9525,28.8336],[-17.9467,28.842],[-17.9309,28.8446],[-17.9205,28.8564],[-17.9069,28.8548],[-17.9041,28.848],[-17.8926,28.8415],[-17.8572,28.8331],[-17.8307,28.837],[-17.8087,28.8426],[-17.7893,28.8434],[-17.7781,28.8386],[-17.7706,28.8188],[-17.7607,28.8055],[-17.7579,28.7881],[-17.7426,28.7619],[-17.7351,28.7576],[-17.7247,28.7411],[-17.7346,28.719],[-17.7524,28.7051],[-17.7602,28.687],[-17.7703,28.676],[-17.7568,28.6492],[-17.7572,28.6401],[-17.7504,28.6212],[-17.7557,28.6117],[-17.755,28.5923],[-17.7596,28.5739],[-17.7719,28.5563],[-17.7873,28.5424],[-17.7968,28.5183],[-17.8167,28.4956],[-17.8338,28.4579],[-17.8437,28.4545],[-17.8558,28.4601],[-17.8665,28.4712],[-17.8749,28.4942],[-17.8762,28.5204],[-17.88,28.5374],[-17.8997,28.5711],[-17.9059,28.5739],[-17.9108,28.5859],[-17.9252,28.5965],[-17.9261,28.6166],[-17.9404,28.6425],[-17.9633,28.6677],[-17.9656,28.6851],[-17.9809,28.7255],[-18.0053,28.7551],[-18.0065,28.7751]]]]}},{"type":"Feature","properties":{"tipo":"provincia","id":"ES708","nombre":"Lanzarote"},"geometry":{"type":"MultiPolygon","coordinates":[[[[-13.8809,28.8873],[-13.8728,28.894],[-13.8589,28.8971],[-13.8471,28.9149],[-13.8301,28.9289],[-13.8339,28.9536],[-13.8337,28.9702],[-13.8299,28.9771],[-13.8334,28.9901],[-13.8292,29.0083],[-13.8164,29.0315],[-13.7933,29.0516],[-13.7756,29.0631],[-13.7632,29.0669],[-13.7522,29.0788],[-13.7229,29.0848],[-13.7077,29.0802],[-13.701,29.0894],[-13.6864,29.0931],[-13.68,29.1028],[-13.6582,29.1129],[-13.66,29.122],[-13.643,29.1242],[-13.6332,29.1166],[-13.6203,29.1276],[-13.6042,29.1352],[-13.5846,29.1332],[-13.5631,29.1177],[-13.557,29.1165],[-13.5411,29.1232],[-13.5242,29.1444],[-13.5218,29.1685],[-13.5129,29.1805],[-13.5054,29.2018],[-13.4975,29.2086],[-13.4962,29.2181],[-13.4809,29.2264],[-13.4702,29.2375],[-13.4645,29.2266],[-13.4544,29.2258],[-13.42,29.2014],[-13.4212,29.1815],[-13.4287,29.1554],[-13.4456,29.1471],[-13.4643,29.1281],[-13.4634,29.1158],[-13.4497,29.1004],[-13.4485,29.0895],[-13.4657,29.0549],[-13.4687,29.034],[-13.4654,29.0197],[-13.4756,29.014],[-13.4781,29.0043],[-13.4885,28.9962],[-13.5159,28.9812],[-13.5186,28.9763],[-13.5386,28.9681],[-13.542,28.9593],[-13.5977,28.9483],[-13.6149,28.9323],[-13.6336,28.9264],[-13.643,28.9198],[-13.6758,28.9213],[-13.701,28.9177],[-13.739,28.9043],[-13.749,28.8834],[-13.7499,28.8756],[-13.771,28.8571],[-13.7756,28.848],[-13.7871,28.8397],[-13.7918,28.8515],[-13.8011,28.8586],[-13.8108,28.8569],[-13.829,28.8622],[-13.8398,28.8569],[-13.8532,28.8619],[-13.8716,28.8557],[-13.8766,28.8604],[-13.8753,28.8755],[-13.8809,28.8873]]],[[[-13.5487,29.2258],[-13.5458,29.2322],[-13.5266,29.2429],[-13.5211,29.2582],[-13.5226,29.2687],[-13.5113,29.2913],[-13.4934,29.2797],[-13.4759,29.2745],[-13.4723,29.2646],[-13.4836,29.2598],[-13.4892,29.2452],[-13.5049,29.2246],[-13.5133,29.2262],[-13.5227,29.2184],[-13.5341,29.2164],[-13.5487,29.2258]]],[[[-13.5323,29.3973],[-13.5226,29.412],[-13.5049,29.4165],[-13.4891,29.402],[-13.5065,29.3852],[-13.5228,29.3829],[-13.5303,29.386],[-13.5323,29.3973]]],[[[-13.5419,29.2876],[-13.5415,29.3033],[-13.5302,29.3078],[-13.5314,29.2898],[-13.5419,29.2876]]]]}},{"type":"Feature","properties":{"tipo":"provincia","id":"ES709","nombre":"Tenerife"},"geometry":{"type":"MultiPolygon","coordinates":[[[[-16.9219,28.3501],[-16.9149,28.3601],[-16.8364,28.3904],[-16.8055,28.3774],[-16.7504,28.3744],[-16.6707,28.3997],[-16.6027,28.3951],[-16.5526,28.4172],[-16.5159,28.4204],[-16.4784,28.4426],[-16.4336,28.4858],[-16.4108,28.5269],[-16.372,28.5462],[-16.3391,28.5576],[-16.3228,28.5753],[-16.2213,28.567],[-16.1589,28.5874],[-16.1362,28.5801],[-16.1228,28.5563],[-16.1293,28.5347],[-16.2343,28.485],[-16.2522,28.4561],[-16.357,28.3804],[-16.368,28.3548],[-16.3613,28.3131],[-16.372,28.2955],[-16.4222,28.2067],[-16.431,28.1467],[-16.5436,28.0309],[-16.5969,28.0273],[-16.6435,28.006],[-16.6846,28.0001],[-16.7045,28.0091],[-16.71,28.0393],[-16.7336,28.0557],[-16.7396,28.0866],[-16.7758,28.1187],[-16.8322,28.2022],[-16.8435,28.2359],[-16.842,28.2621],[-16.9219,28.3501]]]]}},{"type":"Feature","properties":{"tipo":"provincia","id":"ES423","nombre":"Cuenca"},"geometry":{"type":"MultiPolygon","coordinates":[[[[-1.5051,39.418],[-1.7402,39.3195],[-1.7731,39.2821],[-1.8456,39.2869],[-1.8935,39.3047],[-1.9868,39.2958],[-2.0246,39.3332],[-2.0244,39.352],[-2.047,39.3583],[-2.0683,39.3576],[-2.0929,39.3568],[-2.0683,39.2891],[-2.0604,39.2675],[-2.0683,39.2684],[-2.1714,39.2803],[-2.2861,39.2291],[-2.3061,39.2677],[-2.3278,39.2843],[-2.3487,39.2774],[-2.3642,39.2447],[-2.3771,39.2367],[-2.5101,39.3392],[-2.5454,39.3245],[-2.6103,39.3401],[-2.6574,39.323],[-2.6922,39.321],[-2.7422,39.3182],[-2.7825,39.3949],[-2.8379,39.3532],[-2.885,39.355],[-2.8928,39.3713],[-2.873,39.3911],[-2.9013,39.4313],[-2.9294,39.455],[-2.9314,39.4715],[-2.9326,39.5251],[-2.9115,39.6418],[-2.9968,39.7194],[-3.0673,39.8458],[-3.0952,39.868],[-3.1244,39.877],[-3.0987,39.933],[-3.098,39.9824],[-3.1415,39.9873],[-3.1542,40.0159],[-3.1685,40.0417],[-3.1614,40.0649],[-3.1133,40.0632],[-3.0604,40.0917],[-3.0576,40.1108],[-3.0956,40.1483],[-3.0895,40.1599],[-3.0677,40.1579],[-3.0546,40.1644],[-3.0203,40.1579],[-3.0177,40.1887],[-3.0031,40.2043],[-2.9432,40.1693],[-2.9108,40.1602],[-2.8811,40.1709],[-2.8593,40.1979],[-2.8266,40.2077],[-2.8046,40.2674],[-2.8145,40.3688],[-2.802,40.4135],[-2.7794,40.4404],[-2.7676,40.4394],[-2.7581,40.4149],[-2.7321,40.402],[-2.7118,40.4128],[-2.6952,40.4097],[-2.6972,40.4245],[-2.6922,40.4284],[-2.6748,40.442],[-2.6334,40.4477],[-2.5869,40.4475],[-2.5204,40.4273],[-2.5099,40.4503],[-2.5391,40.4774],[-2.5346,40.4996],[-2.5419,40.5202],[-2.5332,40.5358],[-2.4957,40.5126],[-2.4321,40.5347],[-2.4046,40.5316],[-2.3856,40.5461],[-2.412,40.5815],[-2.4048,40.6063],[-2.3755,40.6052],[-2.3502,40.5768],[-2.3219,40.5713],[-2.2932,40.5827],[-2.2911,40.6213],[-2.2735,40.6392],[-2.2158,40.6212],[-2.1756,40.6296],[-2.1554,40.6542],[-2.1368,40.6557],[-2.0951,40.6458],[-2.0683,40.6267],[-2.0367,40.6042],[-1.9998,40.5907],[-1.9756,40.5921],[-1.9602,40.606],[-1.9344,40.5958],[-1.8873,40.5229],[-1.8545,40.4316],[-1.8063,40.3982],[-1.7723,40.3854],[-1.7025,40.324],[-1.7265,40.3057],[-1.7205,40.2807],[-1.7009,40.3042],[-1.6885,40.3067],[-1.5449,40.1945],[-1.5148,40.2021],[-1.4756,40.1874],[-1.4416,40.1944],[-1.4488,40.1454],[-1.4544,40.1356],[-1.4483,40.1247],[-1.4118,40.1027],[-1.4152,40.0861],[-1.3752,40.0159],[-1.3643,40.0122],[-1.3589,40.0124],[-1.3409,40.0159],[-1.3344,40.0159],[-1.2493,39.9962],[-1.1652,40.0101],[-1.1633,39.9998],[-1.1473,39.9886],[-1.1424,39.9719],[-1.2059,39.9436],[-1.1976,39.9103],[-1.2004,39.861],[-1.2184,39.8054],[-1.2722,39.7397],[-1.2645,39.6993],[-1.2745,39.6841],[-1.3118,39.6713],[-1.3739,39.6857],[-1.4198,39.6519],[-1.4625,39.5778],[-1.5016,39.5626],[-1.5031,39.499],[-1.5243,39.4524],[-1.5015,39.4295],[-1.5051,39.418]]]]}},{"type":"Feature","properties":{"tipo":"provincia","id":"ES424","nombre":"Guadalajara"},"geometry":{"type":"MultiPolygon","coordinates":[[[[-3.0677,40.1579],[-3.0857,40.194],[-3.0811,40.2255],[-3.1063,40.281],[-3.1217,40.2807],[-3.1523,40.2628],[-3.1739,40.2375],[-3.1928,40.2498],[-3.1781,40.3116],[-3.145,40.3503],[-3.1495,40.3698],[-3.1326,40.4025],[-3.1558,40.4367],[-3.1973,40.4452],[-3.203,40.5146],[-3.2499,40.5413],[-3.2919,40.5354],[-3.2865,40.5676],[-3.3266,40.5953],[-3.3265,40.6372],[-3.3603,40.6465],[-3.385,40.6865],[-3.3979,40.6897],[-3.4101,40.6723],[-3.4403,40.6757],[-3.4613,40.6905],[-3.437,40.7266],[-3.4481,40.7405],[-3.4465,40.7639],[-3.4598,40.7799],[-3.5005,40.7941],[-3.4795,40.8227],[-3.4675,40.8652],[-3.4429,40.8792],[-3.4573,40.9044],[-3.4154,40.9872],[-3.3971,41.0031],[-3.4357,41.044],[-3.4295,41.0804],[-3.4867,41.0971],[-3.5078,41.1327],[-3.5379,41.1486],[-3.5396,41.165],[-3.517,41.1641],[-3.4685,41.1855],[-3.4411,41.214],[-3.4057,41.2154],[-3.3929,41.2573],[-3.2946,41.2592],[-3.2772,41.2714],[-3.257,41.2601],[-3.2316,41.2935],[-3.2074,41.3042],[-3.0578,41.2758],[-2.9572,41.2934],[-2.934,41.3136],[-2.8946,41.3236],[-2.8714,41.3132],[-2.8611,41.2752],[-2.8254,41.2604],[-2.7815,41.2541],[-2.7588,41.2711],[-2.7239,41.2721],[-2.7036,41.2519],[-2.6922,41.249],[-2.6485,41.2379],[-2.6297,41.2207],[-2.5944,41.2204],[-2.5945,41.2051],[-2.6104,41.1898],[-2.5854,41.1772],[-2.5849,41.148],[-2.5323,41.155],[-2.5083,41.1234],[-2.4808,41.109],[-2.4661,41.0817],[-2.4185,41.0622],[-2.3604,41.0821],[-2.321,41.0611],[-2.2678,41.069],[-2.2307,41.0925],[-2.1723,41.0913],[-2.1319,41.112],[-2.0683,41.079],[-2.0586,41.0739],[-2.0616,41.1032],[-2.0517,41.1469],[-1.9542,41.1694],[-1.9282,41.1374],[-1.8919,41.132],[-1.865,41.1074],[-1.8038,41.0883],[-1.7635,41.0596],[-1.7463,41.0353],[-1.6174,40.9437],[-1.6099,40.9246],[-1.6235,40.8973],[-1.6198,40.8807],[-1.5794,40.8379],[-1.55,40.8208],[-1.5411,40.8003],[-1.542,40.7623],[-1.5609,40.7357],[-1.5388,40.6848],[-1.5404,40.6585],[-1.562,40.6171],[-1.5489,40.5938],[-1.5973,40.564],[-1.6779,40.5877],[-1.6908,40.576],[-1.7001,40.5403],[-1.6955,40.4874],[-1.7463,40.4641],[-1.8063,40.3982],[-1.8545,40.4316],[-1.8873,40.5229],[-1.9344,40.5958],[-1.9602,40.606],[-1.9756,40.5921],[-1.9998,40.5907],[-2.0367,40.6042],[-2.0683,40.6267],[-2.0951,40.6458],[-2.1368,40.6557],[-2.1554,40.6542],[-2.1756,40.6296],[-2.2158,40.6212],[-2.2735,40.6392],[-2.2911,40.6213],[-2.2932,40.5827],[-2.3219,40.5713],[-2.3502,40.5768],[-2.3755,40.6052],[-2.4048,40.6063],[-2.412,40.5815],[-2.3856,40.5461],[-2.4046,40.5316],[-2.4321,40.5347],[-2.4957,40.5126],[-2.5332,40.5358],[-2.5419,40.5202],[-2.5346,40.4996],[-2.5391,40.4774],[-2.5099,40.4503],[-2.5204,40.4273],[-2.5869,40.4475],[-2.6334,40.4477],[-2.6748,40.442],[-2.6922,40.4284],[-2.6972,40.4245],[-2.6952,40.4097],[-2.7118,40.4128],[-2.7321,40.402],[-2.7581,40.4149],[-2.7676,40.4394],[-2.7794,40.4404],[-2.802,40.4135],[-2.8145,40.3688],[-2.8046,40.2674],[-2.8266,40.2077],[-2.8593,40.1979],[-2.8811,40.1709],[-2.9108,40.1602],[-2.9432,40.1693],[-3.0031,40.2043],[-3.0177,40.1887],[-3.0203,40.1579],[-3.0546,40.1644],[-3.0677,40.1579]]],[[[-3.3834,40.6301],[-3.3732,40.6393],[-3.363,40.6385],[-3.3627,40.6327],[-3.3715,40.6248],[-3.3834,40.6301]]]]}},{"type":"Feature","properties":{"tipo":"provincia","id":"ES425","nombre":"Toledo"},"geometry":{"type":"MultiPolygon","coordinates":[[[[-3.1614,40.0649],[-3.1685,40.0417],[-3.1542,40.0159],[-3.1415,39.9873],[-3.098,39.9824],[-3.0987,39.933],[-3.1244,39.877],[-3.0952,39.868],[-3.0673,39.8458],[-2.9968,39.7194],[-2.9115,39.6418],[-2.9326,39.5251],[-2.9314,39.4715],[-2.9612,39.4481],[-3.0044,39.4434],[-3.0263,39.4554],[-3.0678,39.4516],[-3.1493,39.4956],[-3.1785,39.4894],[-3.191,39.475],[-3.2887,39.4704],[-3.314,39.4352],[-3.3124,39.4024],[-3.4133,39.4023],[-3.4654,39.3752],[-3.4788,39.3444],[-3.5375,39.3035],[-3.6724,39.2972],[-3.7213,39.2718],[-3.7637,39.2915],[-3.792,39.2919],[-3.8544,39.2592],[-3.9602,39.2968],[-3.9776,39.351],[-4.0686,39.3634],[-4.1034,39.344],[-4.1242,39.3619],[-4.145,39.3668],[-4.1162,39.4547],[-4.0696,39.458],[-4.0619,39.4708],[-4.0673,39.4956],[-4.0618,39.5157],[-4.0326,39.5245],[-4.0459,39.574],[-4.1235,39.5645],[-4.1592,39.5737],[-4.1951,39.4959],[-4.243,39.4794],[-4.325,39.4853],[-4.417,39.5074],[-4.4403,39.5209],[-4.4527,39.5142],[-4.4671,39.4813],[-4.5056,39.5228],[-4.4932,39.5421],[-4.5246,39.5582],[-4.5341,39.5387],[-4.5581,39.5329],[-4.5638,39.5029],[-4.6112,39.4858],[-4.6213,39.4548],[-4.6877,39.4503],[-4.7554,39.4158],[-4.7656,39.43],[-4.7442,39.4566],[-4.7525,39.5005],[-4.7719,39.5181],[-4.8617,39.5542],[-4.905,39.4995],[-4.9408,39.3952],[-4.9473,39.3933],[-4.9526,39.395],[-5.0092,39.4361],[-5.0544,39.4844],[-5.0822,39.491],[-5.122,39.5213],[-5.202,39.5939],[-5.1526,39.6654],[-5.1531,39.6891],[-5.1405,39.7136],[-5.1714,39.7504],[-5.1607,39.7635],[-5.1687,39.7975],[-5.2071,39.7959],[-5.2582,39.7533],[-5.3064,39.762],[-5.3152,39.7751],[-5.3118,39.8197],[-5.2873,39.8562],[-5.2932,39.8709],[-5.3245,39.891],[-5.4008,39.8827],[-5.394,39.9193],[-5.3661,39.9834],[-5.3629,40.0159],[-5.3727,40.0593],[-5.3672,40.099],[-5.336,40.1159],[-5.3138,40.108],[-5.2192,40.1064],[-5.2018,40.0855],[-5.1713,40.0867],[-5.1377,40.0957],[-5.0691,40.148],[-5.0248,40.1574],[-5.0093,40.1321],[-5.0094,40.112],[-4.9607,40.1206],[-4.9546,40.1305],[-4.9258,40.1387],[-4.9197,40.1711],[-4.8258,40.2205],[-4.8113,40.2368],[-4.8147,40.2546],[-4.8011,40.2733],[-4.7611,40.2629],[-4.6997,40.2794],[-4.6863,40.2159],[-4.6531,40.1991],[-4.6168,40.2014],[-4.5791,40.2172],[-4.5685,40.2061],[-4.5317,40.2007],[-4.5071,40.2188],[-4.4471,40.2353],[-4.432,40.2576],[-4.3877,40.2891],[-4.3776,40.3158],[-4.3579,40.3064],[-4.346,40.2393],[-4.2983,40.2214],[-4.2707,40.2372],[-4.2485,40.2708],[-4.207,40.2713],[-4.1997,40.2892],[-4.1869,40.2939],[-4.148,40.2642],[-4.1435,40.2469],[-4.1051,40.2432],[-4.0736,40.2646],[-4.0272,40.2479],[-4.0203,40.2314],[-3.9963,40.2133],[-3.956,40.211],[-3.9502,40.1955],[-3.9324,40.2023],[-3.9093,40.1908],[-3.8743,40.1892],[-3.8364,40.164],[-3.7988,40.1729],[-3.7701,40.1409],[-3.7522,40.1342],[-3.7224,40.1454],[-3.6882,40.1338],[-3.669,40.1401],[-3.6532,40.1254],[-3.6113,40.1089],[-3.6073,40.0898],[-3.6245,40.077],[-3.6221,40.0577],[-3.6792,40.0194],[-3.7043,40.0159],[-3.7415,39.9776],[-3.732,39.9669],[-3.7514,39.9635],[-3.7609,39.9527],[-3.7679,39.9616],[-3.79,39.9471],[-3.8125,39.9498],[-3.8329,39.9354],[-3.8558,39.9372],[-3.8712,39.9278],[-3.8718,39.9099],[-3.8073,39.8882],[-3.7384,39.9424],[-3.6362,39.9672],[-3.6331,39.9878],[-3.5632,40.0159],[-3.5246,40.0205],[-3.5146,40.0408],[-3.5006,40.0458],[-3.4396,40.0388],[-3.4199,40.0438],[-3.3984,40.0363],[-3.3771,40.055],[-3.3743,40.0729],[-3.3496,40.079],[-3.3252,40.0766],[-3.302,40.0558],[-3.2789,40.0498],[-3.216,40.0604],[-3.1711,40.0879],[-3.1614,40.0649]]]]}},{"type":"Feature","properties":{"tipo":"provincia","id":"ES230","nombre":"La Rioja"},"geometry":{"type":"MultiPolygon","coordinates":[[[[-2.9136,42.0228],[-2.9378,42.0832],[-3.0337,42.0907],[-3.0605,42.1255],[-3.0843,42.1395],[-3.1212,42.1946],[-3.093,42.247],[-3.1061,42.3437],[-3.0691,42.361],[-3.0991,42.3887],[-3.0986,42.4083],[-3.0844,42.4146],[-3.0757,42.3924],[-3.06,42.3829],[-3.0512,42.4455],[-3.0658,42.4689],[-3.0878,42.4837],[-3.0767,42.5091],[-3.0787,42.5288],[-3.1164,42.5331],[-3.1272,42.5418],[-3.0663,42.5932],[-3.0673,42.6112],[-3.0813,42.6304],[-3.0772,42.6384],[-2.9559,42.6389],[-2.904,42.6214],[-2.8581,42.6382],[-2.8265,42.6065],[-2.8333,42.5776],[-2.8224,42.5629],[-2.7838,42.582],[-2.7563,42.6176],[-2.6952,42.5978],[-2.6891,42.563],[-2.6975,42.5247],[-2.6465,42.4916],[-2.6088,42.4959],[-2.588,42.4816],[-2.5385,42.4889],[-2.5157,42.5041],[-2.4983,42.491],[-2.4207,42.4893],[-2.3417,42.4534],[-2.3292,42.4657],[-2.3031,42.4602],[-2.2907,42.466],[-2.2755,42.4495],[-2.2431,42.4411],[-2.2322,42.4271],[-2.1714,42.4084],[-2.1413,42.4197],[-2.1118,42.4182],[-2.1109,42.397],[-2.0829,42.3678],[-2.0859,42.3471],[-2.0683,42.3454],[-2.0206,42.3652],[-1.9965,42.361],[-1.9631,42.3374],[-1.9228,42.3237],[-1.9051,42.2983],[-1.8749,42.2857],[-1.8668,42.2551],[-1.8303,42.248],[-1.8017,42.2258],[-1.7241,42.2125],[-1.6862,42.1891],[-1.6958,42.1729],[-1.6876,42.154],[-1.6937,42.1463],[-1.7183,42.1377],[-1.7458,42.148],[-1.7858,42.1405],[-1.8249,42.1481],[-1.8929,42.0827],[-1.9053,42.0597],[-1.9,42.0361],[-1.8472,42.008],[-1.8507,41.9975],[-1.8452,41.9871],[-1.8642,41.9772],[-1.8565,41.9664],[-1.9168,41.9341],[-1.9747,41.9199],[-2.0254,41.9493],[-2.0375,41.9428],[-2.0683,41.9499],[-2.1074,41.9589],[-2.1214,41.9895],[-2.1122,42.0112],[-2.1477,42.0419],[-2.1583,42.0617],[-2.1315,42.079],[-2.1291,42.0941],[-2.1714,42.1047],[-2.2366,42.1003],[-2.2648,42.089],[-2.2779,42.1033],[-2.2843,42.1308],[-2.3135,42.1431],[-2.4346,42.1366],[-2.4797,42.1098],[-2.5133,42.1117],[-2.5183,42.0677],[-2.5484,42.0486],[-2.5802,41.9993],[-2.626,42.0058],[-2.676,41.9996],[-2.6922,42.0069],[-2.7075,42.0138],[-2.7481,42.0138],[-2.7547,42.0336],[-2.7119,42.085],[-2.7086,42.1013],[-2.7306,42.1219],[-2.7703,42.1225],[-2.79,42.1076],[-2.8045,42.0428],[-2.8491,42.0315],[-2.8795,42.0121],[-2.9136,42.0228]],[[-2.9459,42.6039],[-2.9399,42.5939],[-2.922,42.6006],[-2.9345,42.6147],[-2.9459,42.6039]],[[-3.0003,42.6059],[-2.9938,42.6018],[-2.9781,42.6111],[-2.9959,42.6177],[-3.0003,42.6059]]]]}},{"type":"Feature","properties":{"tipo":"provincia","id":"ES241","nombre":"Huesca"},"geometry":{"type":"MultiPolygon","coordinates":[[[[0.551,41.8403],[0.5423,41.8227],[0.5197,41.8208],[0.5135,41.8202],[0.4837,41.8],[0.4673,41.7671],[0.4057,41.7562],[0.3751,41.726],[0.3299,41.6812],[0.3285,41.6634],[0.3545,41.6316],[0.3513,41.6016],[0.3751,41.5976],[0.3974,41.5939],[0.427,41.5989],[0.4357,41.5699],[0.4436,41.5433],[0.3956,41.4909],[0.3751,41.488],[0.3453,41.4837],[0.3521,41.4499],[0.3359,41.4074],[0.2457,41.4276],[0.2161,41.405],[0.1839,41.3972],[0.1637,41.402],[0.1409,41.3924],[0.098,41.3522],[0.0181,41.3606],[-0.0186,41.3908],[-0.0225,41.3586],[-0.0505,41.3643],[-0.0728,41.3839],[-0.1071,41.4857],[-0.1541,41.537],[-0.16,41.5699],[-0.1634,41.5895],[-0.2038,41.599],[-0.2505,41.5794],[-0.3097,41.6195],[-0.3561,41.6368],[-0.379,41.6867],[-0.5118,41.7319],[-0.5039,41.7656],[-0.5222,41.8403],[-0.5547,41.8676],[-0.5937,41.884],[-0.6591,41.9515],[-0.7065,41.9558],[-0.7785,41.9589],[-0.872,42.0019],[-0.8537,42.028],[-0.8484,42.0565],[-0.8169,42.0879],[-0.805,42.0881],[-0.7904,42.0584],[-0.7652,42.0718],[-0.7515,42.1546],[-0.7586,42.2524],[-0.7324,42.3013],[-0.7419,42.3686],[-0.7716,42.3848],[-0.7758,42.3372],[-0.8071,42.2737],[-0.8708,42.2779],[-0.8932,42.2477],[-0.9113,42.2569],[-0.8573,42.3407],[-0.8421,42.3787],[-0.8225,42.393],[-0.8969,42.4326],[-0.8992,42.4513],[-0.8836,42.4655],[-0.8947,42.5025],[-0.9283,42.511],[-0.9003,42.5475],[-0.927,42.5763],[-0.9078,42.6018],[-0.9215,42.6524],[-0.8955,42.6652],[-0.885,42.6845],[-0.9072,42.706],[-0.9011,42.7427],[-0.8966,42.7597],[-0.872,42.7615],[-0.8529,42.7791],[-0.8551,42.8429],[-0.8205,42.871],[-0.8136,42.9014],[-0.7772,42.9216],[-0.7245,42.9202],[-0.7339,42.9094],[-0.7265,42.8932],[-0.7065,42.8833],[-0.6665,42.8742],[-0.6093,42.8339],[-0.5968,42.8081],[-0.573,42.8019],[-0.5574,42.7821],[-0.5301,42.7954],[-0.5083,42.8227],[-0.4459,42.8001],[-0.392,42.8025],[-0.3133,42.8494],[-0.2129,42.7988],[-0.1589,42.7886],[-0.1116,42.733],[-0.0442,42.6932],[-0.0179,42.6891],[0.046,42.6987],[0.1839,42.7337],[0.2545,42.7148],[0.2714,42.6914],[0.2955,42.6775],[0.3149,42.6838],[0.3533,42.718],[0.3751,42.715],[0.4308,42.6912],[0.4778,42.7],[0.5085,42.6921],[0.5197,42.6969],[0.5311,42.7017],[0.5806,42.6957],[0.5996,42.7031],[0.6601,42.691],[0.6931,42.6571],[0.704,42.6253],[0.7653,42.6077],[0.7609,42.5934],[0.7442,42.5397],[0.7235,42.5245],[0.7332,42.5031],[0.6947,42.4852],[0.7101,42.4402],[0.731,42.4198],[0.7302,42.4047],[0.7421,42.3892],[0.7281,42.3657],[0.7661,42.3521],[0.7433,42.3342],[0.7604,42.3183],[0.7457,42.298],[0.7351,42.2546],[0.7023,42.1845],[0.7095,42.1634],[0.6974,42.1482],[0.6997,42.1143],[0.6553,42.0335],[0.6589,42.0063],[0.6455,41.9935],[0.6234,41.9893],[0.6045,41.9649],[0.586,41.9631],[0.5654,41.9396],[0.567,41.9323],[0.596,41.9215],[0.5987,41.9033],[0.6033,41.872],[0.5769,41.8526],[0.5564,41.8513],[0.551,41.8403]]]]}},{"type":"Feature","properties":{"tipo":"provincia","id":"ES414","nombre":"Palencia"},"geometry":{"type":"MultiPolygon","coordinates":[[[[-4.0409,41.7683],[-4.0989,41.7778],[-4.1234,41.8049],[-4.1552,41.798],[-4.2356,41.8091],[-4.2603,41.8029],[-4.2872,41.7772],[-4.3184,41.766],[-4.3897,41.7855],[-4.4535,41.7597],[-4.4976,41.773],[-4.4873,41.8144],[-4.4753,41.8218],[-4.4759,41.8388],[-4.5153,41.825],[-4.545,41.8286],[-4.5698,41.8157],[-4.6273,41.8592],[-4.6397,41.887],[-4.6653,41.8985],[-4.7092,41.8816],[-4.7582,41.8279],[-4.7861,41.8199],[-4.8396,41.898],[-4.845,41.9033],[-4.8732,41.9308],[-4.8917,41.9311],[-4.9204,41.9165],[-4.9505,41.9318],[-4.9841,41.9141],[-5.0029,41.9487],[-4.9765,41.9764],[-4.9684,42.0021],[-4.9392,42.0186],[-4.9466,42.0528],[-4.9126,42.0836],[-4.9304,42.149],[-4.9698,42.1528],[-4.9943,42.1463],[-5.0261,42.1583],[-5.0289,42.1728],[-5.0147,42.1934],[-5.022,42.2187],[-5.0101,42.2346],[-5.0157,42.2538],[-5.0022,42.2891],[-4.9601,42.2952],[-4.946,42.3206],[-4.9452,42.3425],[-4.9765,42.3422],[-4.9695,42.3744],[-4.9074,42.3872],[-4.9135,42.4373],[-4.8964,42.4648],[-4.8899,42.5296],[-4.9146,42.5561],[-4.8958,42.6252],[-4.8981,42.6742],[-4.8753,42.7067],[-4.917,42.7291],[-4.9341,42.7482],[-4.8978,42.7882],[-4.9004,42.8115],[-4.8909,42.839],[-4.8975,42.8598],[-4.8643,42.867],[-4.8542,42.8905],[-4.8101,42.932],[-4.7916,42.9877],[-4.737,43.0209],[-4.6402,43.0195],[-4.6035,43.0319],[-4.5601,43.0237],[-4.5227,43.0429],[-4.4859,43.0405],[-4.4617,43.0563],[-4.4431,43.0546],[-4.3983,43.0323],[-4.347,42.9755],[-4.2451,42.9551],[-4.2176,42.8542],[-4.1987,42.8483],[-4.1543,42.8651],[-4.1334,42.8562],[-4.1405,42.8353],[-4.1837,42.8194],[-4.185,42.8099],[-4.1477,42.7929],[-4.1176,42.7935],[-4.1082,42.8185],[-4.0979,42.8205],[-4.0909,42.8085],[-4.0959,42.7855],[-4.0814,42.7614],[-4.1103,42.736],[-4.1403,42.7523],[-4.1916,42.7291],[-4.2272,42.7019],[-4.2571,42.6915],[-4.2727,42.7017],[-4.2897,42.69],[-4.2751,42.6674],[-4.2678,42.6234],[-4.2895,42.6055],[-4.2842,42.5808],[-4.3,42.5694],[-4.2997,42.5573],[-4.2792,42.5434],[-4.2717,42.5134],[-4.2496,42.4954],[-4.246,42.4597],[-4.3173,42.4552],[-4.3339,42.4278],[-4.3238,42.4109],[-4.3292,42.3935],[-4.3194,42.3817],[-4.275,42.3841],[-4.2791,42.3667],[-4.2312,42.2508],[-4.2294,42.2112],[-4.191,42.1746],[-4.2023,42.1532],[-4.2008,42.1341],[-4.1173,42.123],[-4.0955,42.1073],[-4.0604,42.1007],[-4.0716,42.0864],[-4.1021,42.0816],[-4.1023,42.0615],[-4.0842,42.0411],[-4.0204,42.051],[-3.9768,42.0414],[-3.9762,42.0271],[-4.0245,41.9832],[-4.0299,41.9574],[-3.9861,41.9624],[-3.9088,41.9958],[-3.8915,41.9922],[-3.8947,41.9596],[-3.9307,41.9579],[-3.9532,41.9368],[-3.9796,41.9287],[-3.9859,41.9033],[-3.9872,41.8979],[-4.0296,41.8754],[-4.0845,41.8695],[-4.0878,41.8319],[-4.0436,41.7951],[-4.0409,41.7683]],[[-4.2653,42.7296],[-4.2487,42.7276],[-4.2426,42.7362],[-4.2627,42.7396],[-4.2653,42.7296]]],[[[-4.0459,42.7666],[-4.0474,42.7827],[-4.0316,42.7895],[-4.0303,42.8009],[-4.0174,42.8094],[-4.0175,42.8224],[-4.0072,42.8299],[-4.0012,42.8247],[-3.9968,42.7976],[-3.9997,42.7689],[-4.0459,42.7666]]],[[[-4.1129,42.1589],[-4.0946,42.158],[-4.0759,42.1685],[-4.0669,42.1626],[-4.0733,42.1546],[-4.0637,42.1413],[-4.0664,42.1371],[-4.0902,42.1417],[-4.1034,42.1367],[-4.111,42.1429],[-4.1129,42.1589]]],[[[-4.0438,42.1028],[-4.0325,42.1144],[-4.0268,42.1032],[-4.0315,42.093],[-4.0438,42.1028]]],[[[-4.0382,42.0728],[-4.0324,42.0876],[-4.0254,42.0918],[-4.0192,42.0789],[-4.0382,42.0728]]]]}},{"type":"Feature","properties":{"tipo":"provincia","id":"ES242","nombre":"Teruel"},"geometry":{"type":"MultiPolygon","coordinates":[[[[-1.6174,40.9437],[-1.5578,40.9414],[-1.5042,40.9603],[-1.4744,40.9543],[-1.4507,40.9805],[-1.4688,41.0138],[-1.421,41.0313],[-1.3976,41.0673],[-1.3626,41.0825],[-1.3464,41.0591],[-1.2866,41.0531],[-1.2594,41.0739],[-1.2664,41.1026],[-1.2523,41.1212],[-1.2137,41.1347],[-1.1701,41.1269],[-1.1314,41.1338],[-1.1017,41.163],[-1.0398,41.1377],[-0.9916,41.1363],[-0.9946,41.0984],[-0.9545,41.0785],[-0.9176,41.0937],[-0.8872,41.1356],[-0.8423,41.1023],[-0.799,41.1061],[-0.7788,41.1455],[-0.7595,41.1638],[-0.7129,41.1248],[-0.7065,41.1228],[-0.6909,41.1179],[-0.6186,41.1878],[-0.6618,41.2348],[-0.6299,41.2507],[-0.63,41.2978],[-0.6213,41.3141],[-0.607,41.3192],[-0.5937,41.3121],[-0.5531,41.2714],[-0.5329,41.2349],[-0.5121,41.243],[-0.5117,41.2594],[-0.5262,41.2837],[-0.5774,41.3201],[-0.5785,41.3435],[-0.561,41.3515],[-0.4899,41.3479],[-0.4683,41.3213],[-0.4305,41.3086],[-0.4204,41.2876],[-0.3963,41.2694],[-0.342,41.2462],[-0.3109,41.2511],[-0.2233,41.1924],[-0.1793,41.1859],[-0.1198,41.1567],[-0.0263,41.1269],[0.0359,41.0531],[0.0776,41.0788],[0.1489,41.0654],[0.1839,41.0683],[0.2204,41.0714],[0.2224,41.0455],[0.2692,41.0247],[0.2642,41.0133],[0.2889,40.9704],[0.2434,40.8855],[0.2739,40.8222],[0.2282,40.7696],[0.1839,40.7537],[0.178,40.7516],[0.1708,40.7328],[0.1451,40.7195],[0.1026,40.7239],[0.0367,40.6928],[0.0127,40.7275],[-0.0698,40.7297],[-0.1287,40.7558],[-0.1482,40.7844],[-0.1899,40.7847],[-0.2251,40.749],[-0.2397,40.6926],[-0.307,40.6621],[-0.3308,40.6789],[-0.3717,40.6699],[-0.3784,40.6617],[-0.3707,40.6165],[-0.3322,40.6049],[-0.2943,40.6068],[-0.2922,40.544],[-0.2997,40.5155],[-0.2787,40.4992],[-0.2764,40.4759],[-0.3302,40.4586],[-0.3445,40.4436],[-0.2871,40.3864],[-0.283,40.3702],[-0.3358,40.3414],[-0.3552,40.3167],[-0.3934,40.3012],[-0.3854,40.2743],[-0.3962,40.2586],[-0.4476,40.2376],[-0.4957,40.2305],[-0.5443,40.247],[-0.5807,40.1403],[-0.6256,40.1045],[-0.6166,40.0727],[-0.6391,40.0696],[-0.6787,40.0467],[-0.7065,40.0453],[-0.7573,40.0427],[-0.7669,40.0159],[-0.7872,39.9932],[-0.8384,39.9703],[-0.8432,39.9462],[-0.8354,39.9174],[-0.7976,39.8811],[-0.8637,39.85],[-0.8806,39.8512],[-0.9088,39.8704],[-0.904,39.8908],[-0.9115,39.9161],[-0.905,39.9352],[-0.9202,39.9611],[-0.9344,39.9593],[-0.9943,39.9811],[-1.0666,39.9792],[-1.1242,39.9655],[-1.1424,39.9719],[-1.1473,39.9886],[-1.1633,39.9998],[-1.1652,40.0101],[-1.1474,40.0159],[-1.087,40.0361],[-1.0746,40.0506],[-1.0756,40.0629],[-1.1509,40.1133],[-1.2451,40.1186],[-1.2467,40.1432],[-1.2809,40.1677],[-1.2963,40.2046],[-1.3198,40.1913],[-1.3212,40.1484],[-1.3529,40.1315],[-1.4488,40.1454],[-1.4416,40.1944],[-1.4756,40.1874],[-1.5148,40.2021],[-1.5449,40.1945],[-1.6885,40.3067],[-1.7009,40.3042],[-1.7205,40.2807],[-1.7265,40.3057],[-1.7025,40.324],[-1.7723,40.3854],[-1.8063,40.3982],[-1.7463,40.4641],[-1.6955,40.4874],[-1.7001,40.5403],[-1.6908,40.576],[-1.6779,40.5877],[-1.5973,40.564],[-1.5489,40.5938],[-1.562,40.6171],[-1.5404,40.6585],[-1.5388,40.6848],[-1.5609,40.7357],[-1.542,40.7623],[-1.5411,40.8003],[-1.55,40.8208],[-1.5794,40.8379],[-1.6198,40.8807],[-1.6235,40.8973],[-1.6099,40.9246],[-1.6174,40.9437]]]]}},{"type":"Feature","properties":{"tipo":"provincia","id":"ES243","nombre":"Zaragoza"},"geometry":{"type":"MultiPolygon","coordinates":[[[[0.3359,41.4074],[0.325,41.3931],[0.3696,41.3562],[0.3522,41.3283],[0.3751,41.2945],[0.3857,41.2788],[0.3787,41.2418],[0.3751,41.2377],[0.322,41.2214],[0.2937,41.1592],[0.2568,41.1489],[0.2463,41.1327],[0.2057,41.1262],[0.2022,41.09],[0.2204,41.0714],[0.1839,41.0683],[0.1489,41.0654],[0.0776,41.0788],[0.0359,41.0531],[-0.0263,41.1269],[-0.1198,41.1567],[-0.1793,41.1859],[-0.2233,41.1924],[-0.3109,41.2511],[-0.342,41.2462],[-0.3963,41.2694],[-0.4204,41.2876],[-0.4305,41.3086],[-0.4683,41.3213],[-0.4899,41.3479],[-0.561,41.3515],[-0.5785,41.3435],[-0.5774,41.3201],[-0.5262,41.2837],[-0.5117,41.2594],[-0.5121,41.243],[-0.5329,41.2349],[-0.5531,41.2714],[-0.5937,41.3121],[-0.607,41.3192],[-0.6213,41.3141],[-0.63,41.2978],[-0.6299,41.2507],[-0.6618,41.2348],[-0.6186,41.1878],[-0.6909,41.1179],[-0.7065,41.1228],[-0.7129,41.1248],[-0.7595,41.1638],[-0.7788,41.1455],[-0.799,41.1061],[-0.8423,41.1023],[-0.8872,41.1356],[-0.9176,41.0937],[-0.9545,41.0785],[-0.9946,41.0984],[-0.9916,41.1363],[-1.0398,41.1377],[-1.1017,41.163],[-1.1314,41.1338],[-1.1701,41.1269],[-1.2137,41.1347],[-1.2523,41.1212],[-1.2664,41.1026],[-1.2594,41.0739],[-1.2866,41.0531],[-1.3464,41.0591],[-1.3626,41.0825],[-1.3976,41.0673],[-1.421,41.0313],[-1.4688,41.0138],[-1.4507,40.9805],[-1.4744,40.9543],[-1.5042,40.9603],[-1.5578,40.9414],[-1.6174,40.9437],[-1.7463,41.0353],[-1.7635,41.0596],[-1.8038,41.0883],[-1.865,41.1074],[-1.8919,41.132],[-1.9282,41.1374],[-1.9542,41.1694],[-2.0517,41.1469],[-2.0683,41.1585],[-2.0853,41.1706],[-2.1434,41.1888],[-2.1582,41.2619],[-2.1722,41.2899],[-2.162,41.3424],[-2.123,41.3774],[-2.1144,41.4242],[-2.1008,41.4411],[-2.0683,41.4339],[-2.043,41.4284],[-2.0386,41.3936],[-2.0301,41.3873],[-1.9436,41.41],[-1.9555,41.4603],[-1.9768,41.4902],[-1.9709,41.5463],[-1.9858,41.5699],[-1.9904,41.5773],[-1.99,41.5968],[-1.9238,41.6025],[-1.8806,41.6396],[-1.8607,41.6567],[-1.8129,41.6647],[-1.787,41.7075],[-1.7828,41.7263],[-1.8024,41.7381],[-1.8154,41.7637],[-1.8464,41.7926],[-1.8208,41.8446],[-1.8508,41.9033],[-1.8554,41.9122],[-1.8565,41.9664],[-1.8642,41.9772],[-1.8452,41.9871],[-1.8507,41.9975],[-1.8472,42.008],[-1.8319,41.9969],[-1.7666,41.993],[-1.7149,41.9577],[-1.651,41.9628],[-1.5571,41.9141],[-1.5216,41.9111],[-1.4916,41.9243],[-1.4325,41.914],[-1.413,41.9191],[-1.3841,41.9448],[-1.3422,42.0138],[-1.3052,42.0476],[-1.3137,42.0699],[-1.3513,42.075],[-1.3702,42.1076],[-1.3955,42.126],[-1.394,42.1843],[-1.4152,42.2173],[-1.3928,42.2721],[-1.3944,42.2939],[-1.332,42.3544],[-1.3364,42.3686],[-1.3562,42.3781],[-1.34,42.4235],[-1.2764,42.4763],[-1.2885,42.5186],[-1.2648,42.5531],[-1.2289,42.5445],[-1.2042,42.5534],[-1.1993,42.5777],[-1.1637,42.5989],[-1.176,42.6102],[-1.1583,42.6143],[-1.1501,42.6456],[-1.0521,42.6448],[-1.0389,42.6537],[-1.0333,42.6941],[-0.9698,42.7052],[-0.9364,42.7291],[-0.935,42.7343],[-0.9258,42.7384],[-0.923,42.744],[-0.9011,42.7427],[-0.9072,42.706],[-0.885,42.6845],[-0.8955,42.6652],[-0.9215,42.6524],[-0.9078,42.6018],[-0.927,42.5763],[-0.9003,42.5475],[-0.9283,42.511],[-0.8947,42.5025],[-0.8836,42.4655],[-0.8992,42.4513],[-0.8969,42.4326],[-0.8225,42.393],[-0.8421,42.3787],[-0.8573,42.3407],[-0.9113,42.2569],[-0.8932,42.2477],[-0.8708,42.2779],[-0.8071,42.2737],[-0.7758,42.3372],[-0.7716,42.3848],[-0.7419,42.3686],[-0.7324,42.3013],[-0.7586,42.2524],[-0.7515,42.1546],[-0.7652,42.0718],[-0.7904,42.0584],[-0.805,42.0881],[-0.8169,42.0879],[-0.8484,42.0565],[-0.8537,42.028],[-0.872,42.0019],[-0.7785,41.9589],[-0.7065,41.9558],[-0.6591,41.9515],[-0.5937,41.884],[-0.5547,41.8676],[-0.5222,41.8403],[-0.5039,41.7656],[-0.5118,41.7319],[-0.379,41.6867],[-0.3561,41.6368],[-0.3097,41.6195],[-0.2505,41.5794],[-0.2038,41.599],[-0.1634,41.5895],[-0.16,41.5699],[-0.1541,41.537],[-0.1071,41.4857],[-0.0728,41.3839],[-0.0505,41.3643],[-0.0225,41.3586],[-0.0186,41.3908],[0.0181,41.3606],[0.098,41.3522],[0.1409,41.3924],[0.1637,41.402],[0.1839,41.3972],[0.2161,41.405],[0.2457,41.4276],[0.3359,41.4074]],[[-1.1294,42.4467],[-1.1068,42.4413],[-1.0586,42.4344],[-1.0517,42.4406],[-1.0544,42.4488],[-1.0644,42.4538],[-1.0699,42.4661],[-1.0868,42.4744],[-1.0851,42.4833],[-1.0959,42.4858],[-1.1021,42.4828],[-1.1249,42.4564],[-1.1294,42.4467]],[[-1.1875,42.4045],[-1.1841,42.4015],[-1.157,42.4115],[-1.1523,42.4292],[-1.1455,42.4367],[-1.145,42.4418],[-1.1537,42.441],[-1.162,42.4333],[-1.1828,42.4239],[-1.1811,42.4165],[-1.1875,42.4045]]]]}},{"type":"Feature","properties":{"tipo":"provincia","id":"ES415","nombre":"Salamanca"},"geometry":{"type":"MultiPolygon","coordinates":[[[[-5.2888,41.182],[-5.2827,41.1952],[-5.2478,41.1973],[-5.2293,41.1878],[-5.2169,41.1631],[-5.1756,41.1641],[-5.125,41.1321],[-5.1303,41.107],[-5.1507,41.0842],[-5.1511,41.0597],[-5.1419,41.0417],[-5.1078,41.0281],[-5.0924,40.9985],[-5.1049,40.9644],[-5.1263,40.9509],[-5.1153,40.9063],[-5.1625,40.866],[-5.1626,40.8161],[-5.1868,40.7889],[-5.2157,40.7731],[-5.2212,40.7556],[-5.292,40.7119],[-5.3292,40.7029],[-5.3432,40.6877],[-5.3795,40.6743],[-5.3835,40.6638],[-5.3698,40.649],[-5.3901,40.6177],[-5.4536,40.5801],[-5.4935,40.5829],[-5.5024,40.5915],[-5.5127,40.5858],[-5.5235,40.5438],[-5.4374,40.565],[-5.4283,40.5601],[-5.4648,40.4689],[-5.4809,40.4592],[-5.5105,40.4589],[-5.5167,40.45],[-5.5122,40.4301],[-5.5241,40.4236],[-5.5449,40.425],[-5.5708,40.4447],[-5.5646,40.4758],[-5.6328,40.4598],[-5.6883,40.4216],[-5.6813,40.347],[-5.7191,40.3203],[-5.7376,40.2942],[-5.7663,40.2821],[-5.7946,40.2896],[-5.7984,40.2967],[-5.7847,40.3184],[-5.8034,40.3519],[-5.8448,40.3311],[-5.886,40.3242],[-5.9232,40.282],[-5.9979,40.3031],[-6.0159,40.3191],[-6.0198,40.3393],[-6.0921,40.3546],[-6.0736,40.3984],[-6.1239,40.4198],[-6.1216,40.4395],[-6.1456,40.4387],[-6.1989,40.4799],[-6.232,40.485],[-6.2811,40.4573],[-6.3413,40.4428],[-6.3618,40.4244],[-6.3705,40.4034],[-6.4156,40.3992],[-6.4434,40.3731],[-6.5383,40.3454],[-6.5615,40.3243],[-6.5583,40.2914],[-6.5855,40.2727],[-6.6646,40.2644],[-6.6903,40.2451],[-6.7195,40.2667],[-6.7594,40.2413],[-6.8349,40.2491],[-6.8651,40.2707],[-6.8581,40.3009],[-6.7957,40.331],[-6.7853,40.3648],[-6.8334,40.4084],[-6.8475,40.4484],[-6.7979,40.5154],[-6.808,40.5532],[-6.8419,40.5699],[-6.7971,40.6587],[-6.8288,40.7449],[-6.8193,40.8063],[-6.8232,40.8402],[-6.8044,40.8471],[-6.8023,40.8575],[-6.8109,40.8795],[-6.8459,40.8991],[-6.8624,40.9501],[-6.9236,41.007],[-6.9307,41.0169],[-6.9299,41.0295],[-6.9236,41.0332],[-6.8529,41.0274],[-6.8118,41.0365],[-6.7581,41.1008],[-6.7663,41.1325],[-6.7054,41.1776],[-6.6898,41.2052],[-6.6468,41.2448],[-6.5908,41.2514],[-6.5786,41.2413],[-6.5599,41.2441],[-6.5236,41.2718],[-6.5044,41.2656],[-6.4851,41.2726],[-6.4879,41.2858],[-6.4797,41.2944],[-6.4152,41.2775],[-6.367,41.2839],[-6.271,41.2542],[-6.1371,41.1932],[-6.1096,41.2111],[-6.0599,41.218],[-6.0128,41.2001],[-6.0264,41.1724],[-6.0195,41.1565],[-6.005,41.1548],[-5.979,41.1706],[-5.9544,41.1431],[-5.9156,41.1798],[-5.9186,41.2201],[-5.8946,41.2378],[-5.8442,41.2225],[-5.7762,41.2167],[-5.6574,41.2438],[-5.6262,41.2167],[-5.5935,41.2055],[-5.5683,41.215],[-5.5466,41.2089],[-5.4896,41.1757],[-5.4833,41.1498],[-5.4733,41.1579],[-5.4703,41.1787],[-5.4112,41.1849],[-5.3928,41.1412],[-5.357,41.1386],[-5.3273,41.1187],[-5.2977,41.1297],[-5.2888,41.182]]]]}},{"type":"Feature","properties":{"tipo":"provincia","id":"ES416","nombre":"Segovia"},"geometry":{"type":"MultiPolygon","coordinates":[[[[-4.1603,40.6899],[-4.1896,40.6961],[-4.2552,40.6876],[-4.2742,40.6771],[-4.2882,40.6806],[-4.3147,40.6672],[-4.3233,40.6574],[-4.3193,40.6476],[-4.3387,40.6378],[-4.4182,40.6364],[-4.4322,40.7413],[-4.4735,40.7759],[-4.4763,40.8021],[-4.4939,40.8294],[-4.5398,40.8265],[-4.5521,40.8341],[-4.5536,40.847],[-4.5352,40.8637],[-4.5571,40.8868],[-4.5603,40.9394],[-4.5719,40.9577],[-4.6068,40.9733],[-4.6387,41.0281],[-4.709,41.0609],[-4.7221,41.1493],[-4.685,41.1808],[-4.6373,41.1767],[-4.6461,41.2189],[-4.5797,41.276],[-4.5982,41.3029],[-4.5966,41.3145],[-4.5606,41.3059],[-4.5237,41.3169],[-4.4723,41.299],[-4.476,41.3191],[-4.4974,41.341],[-4.4901,41.368],[-4.5105,41.3929],[-4.5072,41.4088],[-4.471,41.414],[-4.412,41.4395],[-4.2318,41.4583],[-4.0673,41.4962],[-3.9991,41.5226],[-3.9807,41.5834],[-3.9657,41.5841],[-3.9002,41.5544],[-3.8216,41.483],[-3.7961,41.4871],[-3.8003,41.518],[-3.7694,41.5355],[-3.769,41.4646],[-3.7381,41.4538],[-3.7267,41.4792],[-3.7252,41.5171],[-3.6919,41.5365],[-3.6712,41.56],[-3.6451,41.571],[-3.5773,41.5669],[-3.5628,41.5789],[-3.5416,41.5776],[-3.536,41.5526],[-3.5116,41.5354],[-3.4804,41.5232],[-3.4547,41.5333],[-3.4247,41.5135],[-3.4184,41.4797],[-3.3403,41.4557],[-3.3477,41.4029],[-3.337,41.3853],[-3.2074,41.3042],[-3.2316,41.2935],[-3.257,41.2601],[-3.2772,41.2714],[-3.2946,41.2592],[-3.3929,41.2573],[-3.4057,41.2154],[-3.4411,41.214],[-3.4685,41.1855],[-3.517,41.1641],[-3.5396,41.165],[-3.6193,41.1449],[-3.6725,41.09],[-3.7364,41.0552],[-3.784,41.0],[-3.8935,40.9659],[-3.9362,40.9244],[-3.9483,40.8971],[-3.9469,40.8666],[-3.9808,40.7878],[-4.0264,40.782],[-4.07,40.7912],[-4.0991,40.7487],[-4.1603,40.6899]]]]}},{"type":"Feature","properties":{"tipo":"provincia","id":"ES417","nombre":"Soria"},"geometry":{"type":"MultiPolygon","coordinates":[[[[-3.5416,41.5776],[-3.543,41.599],[-3.5318,41.6098],[-3.5061,41.5978],[-3.4571,41.5944],[-3.4284,41.6396],[-3.4046,41.6769],[-3.3865,41.6909],[-3.3607,41.6955],[-3.3493,41.7364],[-3.2808,41.7661],[-3.2848,41.8804],[-3.2491,41.8662],[-3.2364,41.844],[-3.2008,41.8308],[-3.1891,41.8045],[-3.1665,41.7961],[-3.139,41.8116],[-3.0979,41.8742],[-3.0565,41.8893],[-3.0194,41.8889],[-3.0126,41.9033],[-3.0009,41.9284],[-2.9708,41.9322],[-2.9512,41.9922],[-2.9322,42.0157],[-2.9136,42.0228],[-2.8795,42.0121],[-2.8491,42.0315],[-2.8045,42.0428],[-2.79,42.1076],[-2.7703,42.1225],[-2.7306,42.1219],[-2.7086,42.1013],[-2.7119,42.085],[-2.7547,42.0336],[-2.7481,42.0138],[-2.7075,42.0138],[-2.6922,42.0069],[-2.676,41.9996],[-2.626,42.0058],[-2.5802,41.9993],[-2.5484,42.0486],[-2.5183,42.0677],[-2.5133,42.1117],[-2.4797,42.1098],[-2.4346,42.1366],[-2.3135,42.1431],[-2.2843,42.1308],[-2.2779,42.1033],[-2.2648,42.089],[-2.2366,42.1003],[-2.1714,42.1047],[-2.1291,42.0941],[-2.1315,42.079],[-2.1583,42.0617],[-2.1477,42.0419],[-2.1122,42.0112],[-2.1214,41.9895],[-2.1074,41.9589],[-2.0683,41.9499],[-2.0375,41.9428],[-2.0254,41.9493],[-1.9747,41.9199],[-1.9168,41.9341],[-1.8565,41.9664],[-1.8554,41.9122],[-1.8508,41.9033],[-1.8208,41.8446],[-1.8464,41.7926],[-1.8154,41.7637],[-1.8024,41.7381],[-1.7828,41.7263],[-1.787,41.7075],[-1.8129,41.6647],[-1.8607,41.6567],[-1.8806,41.6396],[-1.9238,41.6025],[-1.99,41.5968],[-1.9904,41.5773],[-1.9858,41.5699],[-1.9709,41.5463],[-1.9768,41.4902],[-1.9555,41.4603],[-1.9436,41.41],[-2.0301,41.3873],[-2.0386,41.3936],[-2.043,41.4284],[-2.0683,41.4339],[-2.1008,41.4411],[-2.1144,41.4242],[-2.123,41.3774],[-2.162,41.3424],[-2.1722,41.2899],[-2.1582,41.2619],[-2.1434,41.1888],[-2.0853,41.1706],[-2.0683,41.1585],[-2.0517,41.1469],[-2.0616,41.1032],[-2.0586,41.0739],[-2.0683,41.079],[-2.1319,41.112],[-2.1723,41.0913],[-2.2307,41.0925],[-2.2678,41.069],[-2.321,41.0611],[-2.3604,41.0821],[-2.4185,41.0622],[-2.4661,41.0817],[-2.4808,41.109],[-2.5083,41.1234],[-2.5323,41.155],[-2.5849,41.148],[-2.5854,41.1772],[-2.6104,41.1898],[-2.5945,41.2051],[-2.5944,41.2204],[-2.6297,41.2207],[-2.6485,41.2379],[-2.6922,41.249],[-2.7036,41.2519],[-2.7239,41.2721],[-2.7588,41.2711],[-2.7815,41.2541],[-2.8254,41.2604],[-2.8611,41.2752],[-2.8714,41.3132],[-2.8946,41.3236],[-2.934,41.3136],[-2.9572,41.2934],[-3.0578,41.2758],[-3.2074,41.3042],[-3.337,41.3853],[-3.3477,41.4029],[-3.3403,41.4557],[-3.4184,41.4797],[-3.4247,41.5135],[-3.4547,41.5333],[-3.4804,41.5232],[-3.5116,41.5354],[-3.536,41.5526],[-3.5416,41.5776]]]]}},{"type":"Feature","properties":{"tipo":"provincia","id":"ES418","nombre":"Valladolid"},"geometry":{"type":"MultiPolygon","coordinates":[[[[-4.0308,41.6396],[-4.0323,41.6198],[-4.0088,41.6171],[-3.9895,41.6026],[-3.9807,41.5834],[-3.9991,41.5226],[-4.0673,41.4962],[-4.2318,41.4583],[-4.412,41.4395],[-4.471,41.414],[-4.5072,41.4088],[-4.5105,41.3929],[-4.4901,41.368],[-4.4974,41.341],[-4.476,41.3191],[-4.4723,41.299],[-4.5237,41.3169],[-4.5606,41.3059],[-4.5966,41.3145],[-4.5982,41.3029],[-4.5797,41.276],[-4.6461,41.2189],[-4.6373,41.1767],[-4.685,41.1808],[-4.7221,41.1493],[-4.787,41.1417],[-4.8125,41.1275],[-4.8197,41.1027],[-4.8626,41.0968],[-4.9935,41.1598],[-5.013,41.1617],[-5.0612,41.1394],[-5.099,41.145],[-5.125,41.1321],[-5.1756,41.1641],[-5.2169,41.1631],[-5.2293,41.1878],[-5.2478,41.1973],[-5.2827,41.1952],[-5.2888,41.182],[-5.3279,41.1805],[-5.337,41.1935],[-5.2976,41.2298],[-5.2957,41.2773],[-5.3065,41.3158],[-5.3225,41.3299],[-5.332,41.3604],[-5.3313,41.383],[-5.3109,41.4137],[-5.3359,41.4281],[-5.3283,41.4548],[-5.3417,41.4753],[-5.2956,41.5006],[-5.2596,41.5069],[-5.2321,41.527],[-5.2892,41.5726],[-5.2711,41.5901],[-5.273,41.6007],[-5.3256,41.6156],[-5.3262,41.6396],[-5.3271,41.6772],[-5.3554,41.7026],[-5.3608,41.7239],[-5.3749,41.7238],[-5.3884,41.7509],[-5.3731,41.7746],[-5.3174,41.7915],[-5.2793,41.8197],[-5.3261,41.8325],[-5.3076,41.8596],[-5.3102,41.8901],[-5.303,41.9033],[-5.2957,41.9169],[-5.3317,41.9393],[-5.3012,41.9581],[-5.2848,41.9793],[-5.3244,42.0173],[-5.3763,42.0415],[-5.3733,42.0612],[-5.3865,42.0867],[-5.3732,42.1259],[-5.3876,42.177],[-5.3824,42.2224],[-5.355,42.2224],[-5.3135,42.2022],[-5.291,42.2264],[-5.2668,42.213],[-5.2442,42.2151],[-5.2306,42.2251],[-5.2501,42.2397],[-5.2365,42.2703],[-5.216,42.2747],[-5.1879,42.2635],[-5.15,42.2785],[-5.1107,42.3104],[-5.0933,42.3056],[-5.059,42.2595],[-5.0437,42.2674],[-5.0355,42.2949],[-5.0022,42.2891],[-5.0157,42.2538],[-5.0101,42.2346],[-5.022,42.2187],[-5.0147,42.1934],[-5.0289,42.1728],[-5.0261,42.1583],[-4.9943,42.1463],[-4.9698,42.1528],[-4.9304,42.149],[-4.9126,42.0836],[-4.9466,42.0528],[-4.9392,42.0186],[-4.9684,42.0021],[-4.9765,41.9764],[-5.0029,41.9487],[-4.9841,41.9141],[-4.9505,41.9318],[-4.9204,41.9165],[-4.8917,41.9311],[-4.8732,41.9308],[-4.845,41.9033],[-4.8396,41.898],[-4.7861,41.8199],[-4.7582,41.8279],[-4.7092,41.8816],[-4.6653,41.8985],[-4.6397,41.887],[-4.6273,41.8592],[-4.5698,41.8157],[-4.545,41.8286],[-4.5153,41.825],[-4.4759,41.8388],[-4.4753,41.8218],[-4.4873,41.8144],[-4.4976,41.773],[-4.4535,41.7597],[-4.3897,41.7855],[-4.3184,41.766],[-4.2872,41.7772],[-4.2603,41.8029],[-4.2356,41.8091],[-4.1552,41.798],[-4.1234,41.8049],[-4.0989,41.7778],[-4.0409,41.7683],[-4.0736,41.7279],[-4.027,41.6901],[-4.0308,41.6396]]],[[[-5.4216,42.0307],[-5.44,42.0165],[-5.4326,41.9983],[-5.4393,41.9707],[-5.4804,41.984],[-5.4859,41.9943],[-5.474,42.0123],[-5.5044,42.056],[-5.5209,42.0971],[-5.4973,42.0819],[-5.4762,42.0502],[-5.4422,42.0335],[-5.4271,42.0347],[-5.4216,42.0307]]],[[[-5.3459,42.2519],[-5.3449,42.2671],[-5.3295,42.2734],[-5.3201,42.2677],[-5.3018,42.2692],[-5.3045,42.2511],[-5.3153,42.2498],[-5.3171,42.2416],[-5.3411,42.2336],[-5.3459,42.2519]]]]}},{"type":"Feature","properties":{"tipo":"provincia","id":"ES419","nombre":"Zamora"},"geometry":{"type":"MultiPolygon","coordinates":[[[[-5.2888,41.182],[-5.2977,41.1297],[-5.3273,41.1187],[-5.357,41.1386],[-5.3928,41.1412],[-5.4112,41.1849],[-5.4703,41.1787],[-5.4733,41.1579],[-5.4833,41.1498],[-5.4896,41.1757],[-5.5466,41.2089],[-5.5683,41.215],[-5.5935,41.2055],[-5.6262,41.2167],[-5.6574,41.2438],[-5.7762,41.2167],[-5.8442,41.2225],[-5.8946,41.2378],[-5.9186,41.2201],[-5.9156,41.1798],[-5.9544,41.1431],[-5.979,41.1706],[-6.005,41.1548],[-6.0195,41.1565],[-6.0264,41.1724],[-6.0128,41.2001],[-6.0599,41.218],[-6.1096,41.2111],[-6.1371,41.1932],[-6.271,41.2542],[-6.367,41.2839],[-6.4152,41.2775],[-6.4797,41.2944],[-6.4442,41.3052],[-6.4173,41.3424],[-6.3867,41.3579],[-6.383,41.3856],[-6.3457,41.3816],[-6.3246,41.3883],[-6.3252,41.4118],[-6.3044,41.4284],[-6.2959,41.4593],[-6.1971,41.5704],[-6.2,41.5881],[-6.2634,41.6396],[-6.3096,41.6646],[-6.4429,41.6825],[-6.4603,41.6682],[-6.4955,41.6589],[-6.5461,41.6857],[-6.546,41.7061],[-6.5649,41.7463],[-6.5311,41.8207],[-6.5198,41.8704],[-6.5673,41.8841],[-6.56,41.9033],[-6.5475,41.9359],[-6.5781,41.9626],[-6.5883,41.9647],[-6.6214,41.9417],[-6.6322,41.9411],[-6.7173,41.9364],[-6.7494,41.9452],[-6.7732,41.9848],[-6.8057,41.9912],[-6.8257,41.9469],[-6.9236,41.9447],[-6.9432,41.9471],[-6.9634,41.9699],[-6.9858,41.9714],[-6.9881,41.9907],[-6.9643,42.0291],[-6.9769,42.0528],[-7.0121,42.0538],[-7.0313,42.0717],[-7.005,42.0868],[-6.9855,42.1217],[-6.9494,42.1371],[-6.9413,42.1714],[-6.9236,42.1847],[-6.9,42.1921],[-6.8833,42.2153],[-6.8642,42.2241],[-6.8396,42.2267],[-6.7932,42.2147],[-6.8001,42.2391],[-6.7843,42.2536],[-6.7395,42.2354],[-6.7115,42.2121],[-6.6414,42.2161],[-6.6322,42.2127],[-6.611,42.2046],[-6.5345,42.2038],[-6.4978,42.1845],[-6.4287,42.1998],[-6.3132,42.2046],[-6.292,42.1797],[-6.258,42.174],[-6.2099,42.1497],[-6.1598,42.1637],[-6.0422,42.159],[-5.9576,42.1258],[-5.9444,42.1404],[-5.9148,42.1418],[-5.896,42.1533],[-5.8706,42.1242],[-5.8473,42.1131],[-5.7661,42.1361],[-5.7432,42.1152],[-5.7188,42.1153],[-5.6812,42.1213],[-5.6833,42.1372],[-5.6693,42.1399],[-5.6451,42.1306],[-5.6241,42.109],[-5.6316,42.0865],[-5.5953,42.0782],[-5.565,42.0583],[-5.5517,42.0683],[-5.5407,42.0987],[-5.5209,42.0971],[-5.5044,42.056],[-5.474,42.0123],[-5.4859,41.9943],[-5.4804,41.984],[-5.4393,41.9707],[-5.4326,41.9983],[-5.44,42.0165],[-5.4216,42.0307],[-5.3763,42.0415],[-5.3244,42.0173],[-5.2848,41.9793],[-5.3012,41.9581],[-5.3317,41.9393],[-5.2957,41.9169],[-5.303,41.9033],[-5.3102,41.8901],[-5.3076,41.8596],[-5.3261,41.8325],[-5.2793,41.8197],[-5.3174,41.7915],[-5.3731,41.7746],[-5.3884,41.7509],[-5.3749,41.7238],[-5.3608,41.7239],[-5.3554,41.7026],[-5.3271,41.6772],[-5.3262,41.6396],[-5.3256,41.6156],[-5.273,41.6007],[-5.2711,41.5901],[-5.2892,41.5726],[-5.2321,41.527],[-5.2596,41.5069],[-5.2956,41.5006],[-5.3417,41.4753],[-5.3283,41.4548],[-5.3359,41.4281],[-5.3109,41.4137],[-5.3313,41.383],[-5.332,41.3604],[-5.3225,41.3299],[-5.3065,41.3158],[-5.2957,41.2773],[-5.2976,41.2298],[-5.337,41.1935],[-5.3279,41.1805],[-5.2888,41.182]]]]}},{"type":"Feature","properties":{"tipo":"provincia","id":"ES421","nombre":"Albacete"},"geometry":{"type":"MultiPolygon","coordinates":[[[[-0.9289,38.7838],[-0.9589,38.7711],[-0.9222,38.6893],[-0.9485,38.6693],[-0.963,38.6583],[-1.0269,38.6555],[-1.0488,38.6693],[-1.1092,38.7073],[-1.1228,38.7375],[-1.1808,38.7537],[-1.2498,38.7376],[-1.3364,38.6799],[-1.3671,38.7016],[-1.3917,38.6947],[-1.4233,38.6693],[-1.4439,38.6527],[-1.4527,38.5845],[-1.4858,38.5632],[-1.4961,38.539],[-1.4775,38.4553],[-1.4792,38.3795],[-1.5604,38.3248],[-1.5893,38.3116],[-1.665,38.3119],[-1.6896,38.3358],[-1.6836,38.3572],[-1.6946,38.3693],[-1.7186,38.3662],[-1.743,38.3781],[-1.7661,38.3763],[-1.7747,38.3674],[-1.7922,38.3683],[-1.7922,38.3562],[-1.8251,38.3368],[-1.9028,38.3008],[-1.9832,38.2827],[-2.0519,38.3033],[-2.0683,38.2864],[-2.1126,38.2404],[-2.1714,38.2254],[-2.1866,38.2149],[-2.2135,38.2018],[-2.2218,38.1845],[-2.223,38.176],[-2.2501,38.14],[-2.2529,38.1249],[-2.2621,38.1128],[-2.2942,38.0871],[-2.3117,38.0791],[-2.3281,38.0672],[-2.3434,38.0325],[-2.3416,38.026],[-2.357,38.023],[-2.372,38.0236],[-2.3957,38.0312],[-2.42,38.0334],[-2.4339,38.0433],[-2.4611,38.0504],[-2.4712,38.0552],[-2.4817,38.0553],[-2.505,38.0683],[-2.5219,38.0701],[-2.5393,38.0759],[-2.5513,38.0841],[-2.4471,38.1901],[-2.4512,38.218],[-2.4379,38.2724],[-2.4449,38.2855],[-2.4827,38.3001],[-2.48,38.3436],[-2.4903,38.3705],[-2.4842,38.3941],[-2.57,38.4148],[-2.5756,38.4267],[-2.5699,38.491],[-2.5922,38.5092],[-2.6862,38.4987],[-2.6922,38.5014],[-2.7621,38.5328],[-2.7503,38.5476],[-2.7629,38.5728],[-2.7542,38.623],[-2.7294,38.6187],[-2.7016,38.6265],[-2.6922,38.6338],[-2.6688,38.652],[-2.6587,38.6693],[-2.6537,38.678],[-2.6401,38.7377],[-2.6922,38.7783],[-2.7291,38.786],[-2.7421,38.7997],[-2.7561,38.8613],[-2.7696,38.8838],[-2.7984,38.9047],[-2.8336,38.9085],[-2.866,38.9237],[-2.8793,38.9401],[-2.8336,39.0161],[-2.8108,39.0329],[-2.8087,39.0785],[-2.8288,39.1047],[-2.8369,39.1347],[-2.7289,39.2605],[-2.7422,39.3182],[-2.6922,39.321],[-2.6574,39.323],[-2.6103,39.3401],[-2.5454,39.3245],[-2.5101,39.3392],[-2.3771,39.2367],[-2.3642,39.2447],[-2.3487,39.2774],[-2.3278,39.2843],[-2.3061,39.2677],[-2.2861,39.2291],[-2.1714,39.2803],[-2.0683,39.2684],[-2.0604,39.2675],[-2.0683,39.2891],[-2.0929,39.3568],[-2.0683,39.3576],[-2.047,39.3583],[-2.0244,39.352],[-2.0246,39.3332],[-1.9868,39.2958],[-1.8935,39.3047],[-1.8456,39.2869],[-1.7731,39.2821],[-1.7402,39.3195],[-1.5051,39.418],[-1.4876,39.4194],[-1.4859,39.4064],[-1.4564,39.3949],[-1.4596,39.3816],[-1.4479,39.364],[-1.4332,39.3732],[-1.4268,39.3673],[-1.4163,39.3783],[-1.3434,39.3375],[-1.3127,39.3417],[-1.2287,39.3186],[-1.2087,39.323],[-1.1665,39.3063],[-1.1806,39.2146],[-1.1985,39.176],[-1.2258,39.151],[-1.2402,39.1168],[-1.2538,39.1049],[-1.2645,39.0493],[-1.2215,39.019],[-1.1437,38.9303],[-1.0305,38.9357],[-0.9981,38.9477],[-0.9617,38.9424],[-0.9498,38.9114],[-0.9274,38.8901],[-0.9345,38.8527],[-0.9289,38.7838]]]]}},{"type":"Feature","properties":{"tipo":"provincia","id":"ES512","nombre":"Girona"},"geometry":{"type":"MultiPolygon","coordinates":[[[[2.7785,41.6488],[2.765,41.6752],[2.7714,41.7074],[2.7635,41.734],[2.6932,41.7412],[2.6642,41.7441],[2.5498,41.724],[2.4665,41.786],[2.3483,41.8211],[2.3382,41.8403],[2.331,41.854],[2.3376,41.8809],[2.3805,41.8783],[2.4109,41.892],[2.4445,41.8939],[2.4572,41.9033],[2.4709,41.915],[2.4714,41.9278],[2.4384,41.9636],[2.4707,41.9803],[2.4956,42.0103],[2.4974,42.0345],[2.481,42.067],[2.419,42.072],[2.3736,42.1114],[2.3102,42.1134],[2.2669,42.1403],[2.1262,42.1205],[2.0884,42.1387],[2.0195,42.15],[1.9846,42.1828],[1.9944,42.1857],[2.0155,42.1701],[2.0503,42.1822],[2.0492,42.2092],[2.0291,42.2355],[2.0518,42.2944],[2.0279,42.3044],[1.9779,42.3031],[1.9097,42.3181],[1.8427,42.3064],[1.8371,42.3514],[1.8518,42.3704],[1.828,42.3781],[1.8064,42.3735],[1.8016,42.4232],[1.7356,42.4398],[1.7285,42.4591],[1.731,42.4924],[1.8256,42.4841],[1.8897,42.4506],[1.9347,42.4516],[1.956,42.4216],[1.9683,42.3796],[2.0145,42.3506],[2.0829,42.3643],[2.1492,42.4205],[2.2012,42.4179],[2.259,42.4365],[2.3104,42.4261],[2.3607,42.4037],[2.4283,42.3925],[2.4526,42.3693],[2.4828,42.3425],[2.5269,42.3341],[2.5438,42.3364],[2.5684,42.3569],[2.6679,42.3424],[2.6735,42.3527],[2.6573,42.3834],[2.6776,42.4041],[2.6932,42.409],[2.7427,42.4244],[2.7726,42.4137],[2.7897,42.4169],[2.8405,42.4564],[2.8719,42.4648],[2.9181,42.459],[2.9453,42.4796],[2.9705,42.4672],[3.0371,42.4726],[3.0895,42.4265],[3.1191,42.437],[3.1748,42.4354],[3.1752,42.435],[3.1652,42.4231],[3.1595,42.3825],[3.1795,42.3505],[3.194,42.3421],[3.2298,42.3479],[3.2464,42.3363],[3.2719,42.3362],[3.313,42.3185],[3.2954,42.3033],[3.2799,42.261],[3.2537,42.2449],[3.2353,42.2476],[3.2142,42.2385],[3.1615,42.2606],[3.1333,42.2429],[3.1144,42.2088],[3.1136,42.1696],[3.1241,42.1338],[3.1746,42.1081],[3.2076,42.0669],[3.1972,42.0344],[3.1998,42.0024],[3.2302,41.9569],[3.2087,41.9043],[3.1697,41.8652],[3.0996,41.8403],[3.0546,41.7916],[2.98,41.7565],[2.9342,41.7193],[2.8191,41.6854],[2.7785,41.6488]]],[[[1.9572,42.4588],[1.9626,42.4779],[1.977,42.486],[1.9806,42.4946],[1.9895,42.4934],[1.9983,42.4849],[1.9865,42.4728],[1.9926,42.4626],[2.0131,42.4521],[2.0092,42.4482],[1.9809,42.4479],[1.9602,42.4536],[1.9572,42.4588]]],[[[2.0004,42.1263],[2.0221,42.127],[2.0179,42.108],[2.0066,42.1046],[2.0004,42.1263]]]]}},{"type":"Feature","properties":{"tipo":"provincia","id":"ES431","nombre":"Badajoz"},"geometry":{"type":"MultiPolygon","coordinates":[[[[-5.047,38.7291],[-5.0971,38.7095],[-5.1813,38.7172],[-5.1705,38.6801],[-5.1872,38.6636],[-5.2073,38.6628],[-5.2934,38.6079],[-5.3127,38.5795],[-5.3684,38.5826],[-5.3858,38.5626],[-5.3867,38.5437],[-5.403,38.5431],[-5.419,38.5165],[-5.4774,38.4827],[-5.4894,38.4638],[-5.5213,38.4604],[-5.567,38.4329],[-5.5841,38.3944],[-5.5668,38.3708],[-5.5729,38.3313],[-5.5297,38.2654],[-5.5226,38.2116],[-5.5397,38.194],[-5.5418,38.1631],[-5.5782,38.1463],[-5.5848,38.1318],[-5.6336,38.1358],[-5.6896,38.0874],[-5.7168,38.0826],[-5.7333,38.0888],[-5.7379,38.1271],[-5.7013,38.146],[-5.7017,38.1637],[-5.6891,38.174],[-5.6932,38.183],[-5.732,38.1954],[-5.7584,38.183],[-5.8467,38.1723],[-5.8746,38.155],[-5.883,38.1343],[-5.9229,38.1083],[-5.9263,38.0905],[-5.911,38.0656],[-5.9317,38.0449],[-5.953,37.9991],[-6.0113,37.9922],[-6.0459,37.9968],[-6.115,37.9806],[-6.1803,37.9411],[-6.2055,37.9603],[-6.2351,37.9593],[-6.3032,37.9798],[-6.3516,38.0085],[-6.3694,38.0465],[-6.4164,38.0581],[-6.447,38.0566],[-6.4757,38.0095],[-6.5445,38.0269],[-6.5793,38.0237],[-6.5846,38.0558],[-6.6226,38.0953],[-6.757,38.0944],[-6.775,38.1105],[-6.8129,38.1188],[-6.7955,38.1588],[-6.7977,38.1766],[-6.8461,38.1774],[-6.9236,38.2032],[-6.9317,38.2084],[-6.9522,38.2149],[-7.0044,38.2037],[-7.0264,38.1856],[-7.0649,38.1829],[-7.0821,38.1732],[-7.108,38.1881],[-7.1409,38.2406],[-7.1507,38.2717],[-7.1712,38.2837],[-7.2043,38.3301],[-7.2627,38.3858],[-7.2826,38.4192],[-7.3287,38.4414],[-7.2991,38.4739],[-7.3005,38.4804],[-7.3201,38.4821],[-7.3016,38.5427],[-7.248,38.6225],[-7.2684,38.6392],[-7.2625,38.7047],[-7.2492,38.729],[-7.2031,38.751],[-7.1313,38.8113],[-7.0909,38.8196],[-7.0706,38.8505],[-7.0402,38.8673],[-7.0358,38.8812],[-7.0475,38.9072],[-6.9556,39.0235],[-6.9647,39.0398],[-6.963,39.0592],[-6.9784,39.083],[-7.0209,39.1118],[-7.0522,39.1172],[-7.1094,39.1011],[-7.1426,39.1108],[-7.1385,39.1697],[-7.2128,39.1899],[-7.2408,39.2107],[-7.2455,39.2531],[-7.2315,39.2784],[-7.2006,39.2707],[-7.1579,39.3159],[-7.1584,39.3264],[-7.176,39.3327],[-7.1635,39.357],[-7.1179,39.3833],[-7.0678,39.3736],[-7.0783,39.3555],[-7.0998,39.3525],[-7.0781,39.3139],[-7.0492,39.3236],[-7.0143,39.3876],[-7.0613,39.4117],[-7.0486,39.4343],[-6.999,39.4246],[-6.9236,39.3944],[-6.8774,39.3832],[-6.8041,39.388],[-6.7931,39.3694],[-6.7926,39.3433],[-6.7501,39.3228],[-6.7612,39.2797],[-6.799,39.2358],[-6.7913,39.211],[-6.771,39.1917],[-6.6834,39.179],[-6.6585,39.1961],[-6.6336,39.195],[-6.5862,39.1811],[-6.572,39.16],[-6.5487,39.1567],[-6.539,39.1599],[-6.5331,39.179],[-6.4937,39.1694],[-6.4405,39.1747],[-6.3796,39.1636],[-6.3257,39.1848],[-6.3099,39.153],[-6.3114,39.1183],[-6.3021,39.1046],[-6.2336,39.0893],[-6.206,39.0603],[-6.1629,39.0563],[-6.1401,39.0347],[-6.0765,39.0946],[-6.0194,39.1265],[-6.0055,39.0586],[-5.9415,39.1054],[-5.9293,39.1004],[-5.9252,39.0845],[-5.8299,39.1132],[-5.8064,39.1432],[-5.7563,39.1322],[-5.6863,39.0835],[-5.671,39.0835],[-5.6448,39.1006],[-5.6079,39.1012],[-5.5884,39.1147],[-5.5971,39.1294],[-5.5795,39.1489],[-5.6094,39.1875],[-5.558,39.2112],[-5.5302,39.1957],[-5.5149,39.2039],[-5.4603,39.1609],[-5.4121,39.1593],[-5.3835,39.1764],[-5.3505,39.2322],[-5.3532,39.281],[-5.3374,39.3316],[-5.2418,39.3036],[-5.1613,39.3185],[-5.1306,39.3328],[-5.1162,39.3478],[-5.1072,39.3873],[-5.0888,39.388],[-5.0489,39.3641],[-4.9841,39.3741],[-4.9701,39.3932],[-4.9526,39.395],[-4.9473,39.3933],[-4.9408,39.3952],[-4.8734,39.3708],[-4.8145,39.3949],[-4.7757,39.399],[-4.7554,39.4158],[-4.6877,39.4503],[-4.6777,39.4128],[-4.701,39.3548],[-4.7498,39.3069],[-4.6831,39.185],[-4.8072,39.1904],[-4.8468,39.1546],[-4.8657,39.1143],[-4.8594,39.0858],[-4.8377,39.0639],[-4.841,39.0508],[-4.8808,39.0372],[-4.9504,39.0497],[-4.9224,38.9708],[-4.8519,38.9435],[-4.8424,38.9136],[-4.8548,38.8912],[-4.9053,38.8846],[-4.9304,38.8653],[-4.9654,38.7831],[-4.9885,38.7493],[-5.047,38.7291]]]]}},{"type":"Feature","properties":{"tipo":"provincia","id":"ES432","nombre":"Cáceres"},"geometry":{"type":"MultiPolygon","coordinates":[[[[-5.7376,40.2942],[-5.6892,40.2887],[-5.6622,40.2722],[-5.6526,40.2533],[-5.6215,40.2429],[-5.6109,40.218],[-5.5331,40.1959],[-5.4764,40.2067],[-5.4254,40.2524],[-5.347,40.2627],[-5.3675,40.2159],[-5.3664,40.167],[-5.336,40.1159],[-5.3672,40.099],[-5.3727,40.0593],[-5.3629,40.0159],[-5.3661,39.9834],[-5.394,39.9193],[-5.4008,39.8827],[-5.3245,39.891],[-5.2932,39.8709],[-5.2873,39.8562],[-5.3118,39.8197],[-5.3152,39.7751],[-5.3064,39.762],[-5.2582,39.7533],[-5.2071,39.7959],[-5.1687,39.7975],[-5.1607,39.7635],[-5.1714,39.7504],[-5.1405,39.7136],[-5.1531,39.6891],[-5.1526,39.6654],[-5.202,39.5939],[-5.122,39.5213],[-5.0822,39.491],[-5.0544,39.4844],[-5.0092,39.4361],[-4.9526,39.395],[-4.9701,39.3932],[-4.9841,39.3741],[-5.0489,39.3641],[-5.0888,39.388],[-5.1072,39.3873],[-5.1162,39.3478],[-5.1306,39.3328],[-5.1613,39.3185],[-5.2418,39.3036],[-5.3374,39.3316],[-5.3532,39.281],[-5.3505,39.2322],[-5.3835,39.1764],[-5.4121,39.1593],[-5.4603,39.1609],[-5.5149,39.2039],[-5.5302,39.1957],[-5.558,39.2112],[-5.6094,39.1875],[-5.5795,39.1489],[-5.5971,39.1294],[-5.5884,39.1147],[-5.6079,39.1012],[-5.6448,39.1006],[-5.671,39.0835],[-5.6863,39.0835],[-5.7563,39.1322],[-5.8064,39.1432],[-5.8299,39.1132],[-5.9252,39.0845],[-5.9293,39.1004],[-5.9415,39.1054],[-6.0055,39.0586],[-6.0194,39.1265],[-6.0765,39.0946],[-6.1401,39.0347],[-6.1629,39.0563],[-6.206,39.0603],[-6.2336,39.0893],[-6.3021,39.1046],[-6.3114,39.1183],[-6.3099,39.153],[-6.3257,39.1848],[-6.3796,39.1636],[-6.4405,39.1747],[-6.4937,39.1694],[-6.5331,39.179],[-6.539,39.1599],[-6.5487,39.1567],[-6.572,39.16],[-6.5862,39.1811],[-6.6336,39.195],[-6.6585,39.1961],[-6.6834,39.179],[-6.771,39.1917],[-6.7913,39.211],[-6.799,39.2358],[-6.7612,39.2797],[-6.7501,39.3228],[-6.7926,39.3433],[-6.7931,39.3694],[-6.8041,39.388],[-6.8774,39.3832],[-6.9236,39.3944],[-6.999,39.4246],[-7.0486,39.4343],[-7.0613,39.4117],[-7.0143,39.3876],[-7.0492,39.3236],[-7.0781,39.3139],[-7.0998,39.3525],[-7.0783,39.3555],[-7.0678,39.3736],[-7.1179,39.3833],[-7.1635,39.357],[-7.176,39.3327],[-7.1584,39.3264],[-7.1579,39.3159],[-7.2006,39.2707],[-7.2315,39.2784],[-7.3068,39.339],[-7.3205,39.383],[-7.3044,39.4133],[-7.2996,39.4598],[-7.3761,39.4911],[-7.3879,39.5036],[-7.394,39.5297],[-7.4307,39.5366],[-7.4628,39.5718],[-7.4958,39.589],[-7.5429,39.6628],[-7.4602,39.6636],[-7.4089,39.6487],[-7.3351,39.6429],[-7.2609,39.666],[-7.1493,39.6541],[-7.1229,39.6633],[-7.0644,39.659],[-7.0246,39.6693],[-7.0114,39.6793],[-6.9908,39.7257],[-6.9798,39.7739],[-6.9872,39.7958],[-6.9827,39.8143],[-6.9448,39.8324],[-6.9236,39.8567],[-6.9058,39.873],[-6.9047,39.922],[-6.888,39.9429],[-6.8709,40.0159],[-6.8956,40.0587],[-6.9147,40.0669],[-6.9236,40.0876],[-6.9438,40.1111],[-7.0063,40.1248],[-7.0247,40.1866],[-7.0068,40.2286],[-6.9641,40.2412],[-6.9513,40.2574],[-6.9236,40.258],[-6.8783,40.2618],[-6.8651,40.2707],[-6.8349,40.2491],[-6.7594,40.2413],[-6.7195,40.2667],[-6.6903,40.2451],[-6.6646,40.2644],[-6.5855,40.2727],[-6.5583,40.2914],[-6.5615,40.3243],[-6.5383,40.3454],[-6.4434,40.3731],[-6.4156,40.3992],[-6.3705,40.4034],[-6.3618,40.4244],[-6.3413,40.4428],[-6.2811,40.4573],[-6.232,40.485],[-6.1989,40.4799],[-6.1456,40.4387],[-6.1216,40.4395],[-6.1239,40.4198],[-6.0736,40.3984],[-6.0921,40.3546],[-6.0198,40.3393],[-6.0159,40.3191],[-5.9979,40.3031],[-5.9232,40.282],[-5.886,40.3242],[-5.8448,40.3311],[-5.8034,40.3519],[-5.7847,40.3184],[-5.7984,40.2967],[-5.7946,40.2896],[-5.7663,40.2821],[-5.7376,40.2942]]]]}},{"type":"Feature","properties":{"tipo":"provincia","id":"ES511","nombre":"Barcelona"},"geometry":{"type":"MultiPolygon","coordinates":[[[[1.3929,41.5751],[1.4025,41.5958],[1.3779,41.6084],[1.3744,41.6202],[1.4417,41.6445],[1.3957,41.7069],[1.4141,41.7315],[1.4076,41.7521],[1.4226,41.7916],[1.4637,41.7979],[1.4692,41.7753],[1.4976,41.7872],[1.5351,41.7578],[1.5889,41.781],[1.5947,41.8079],[1.6123,41.8242],[1.6195,41.8403],[1.6271,41.8572],[1.6145,41.8769],[1.5838,41.8773],[1.5766,41.8859],[1.604,41.9033],[1.6444,41.9291],[1.6548,41.977],[1.6864,41.9718],[1.7151,41.9889],[1.7029,42.007],[1.6903,41.9909],[1.6534,42.0036],[1.6575,42.0139],[1.6937,42.0312],[1.6753,42.0539],[1.692,42.0808],[1.7168,42.0933],[1.7035,42.134],[1.7367,42.1743],[1.7314,42.1892],[1.7029,42.1948],[1.6851,42.2082],[1.6848,42.221],[1.6984,42.2382],[1.6872,42.2815],[1.8427,42.3064],[1.9097,42.3181],[1.9779,42.3031],[2.0279,42.3044],[2.0518,42.2944],[2.0291,42.2355],[2.0492,42.2092],[2.0503,42.1822],[2.0155,42.1701],[1.9944,42.1857],[1.9846,42.1828],[2.0195,42.15],[2.0884,42.1387],[2.1262,42.1205],[2.2669,42.1403],[2.3102,42.1134],[2.3736,42.1114],[2.419,42.072],[2.481,42.067],[2.4974,42.0345],[2.4956,42.0103],[2.4707,41.9803],[2.4384,41.9636],[2.4714,41.9278],[2.4709,41.915],[2.4572,41.9033],[2.4445,41.8939],[2.4109,41.892],[2.3805,41.8783],[2.3376,41.8809],[2.331,41.854],[2.3382,41.8403],[2.3483,41.8211],[2.4665,41.786],[2.5498,41.724],[2.6642,41.7441],[2.6932,41.7412],[2.7635,41.734],[2.7714,41.7074],[2.765,41.6752],[2.7785,41.6488],[2.533,41.5699],[2.4526,41.5368],[2.3824,41.497],[2.2612,41.4541],[2.1564,41.3458],[2.1413,41.3095],[2.1154,41.2909],[2.0235,41.2667],[1.9286,41.261],[1.8543,41.2357],[1.8134,41.2347],[1.6453,41.1956],[1.6427,41.2311],[1.6208,41.2249],[1.5786,41.2456],[1.5817,41.258],[1.6188,41.2557],[1.627,41.2868],[1.5957,41.2929],[1.5914,41.3092],[1.5746,41.3189],[1.562,41.3434],[1.5728,41.3641],[1.5168,41.3912],[1.4818,41.3855],[1.4869,41.405],[1.4724,41.4433],[1.4832,41.472],[1.3994,41.5125],[1.4052,41.5312],[1.4464,41.5395],[1.4356,41.5565],[1.4486,41.5699],[1.4228,41.5793],[1.3929,41.5751]],[[2.0004,42.1263],[2.0066,42.1046],[2.0179,42.108],[2.0221,42.127],[2.0004,42.1263]],[[1.7032,41.8893],[1.7198,41.8815],[1.7265,41.8927],[1.7095,41.8956],[1.7032,41.8893]]],[[[1.6546,42.1116],[1.6575,42.1147],[1.693,42.1122],[1.6909,42.1044],[1.6646,42.1049],[1.6546,42.1116]]]]}},{"type":"Feature","properties":{"tipo":"provincia","id":"ES513","nombre":"Lleida"},"geometry":{"type":"MultiPolygon","coordinates":[[[[0.3359,41.4074],[0.3521,41.4499],[0.3453,41.4837],[0.3751,41.488],[0.3956,41.4909],[0.4436,41.5433],[0.4357,41.5699],[0.427,41.5989],[0.3974,41.5939],[0.3751,41.5976],[0.3513,41.6016],[0.3545,41.6316],[0.3285,41.6634],[0.3299,41.6812],[0.3751,41.726],[0.4057,41.7562],[0.4673,41.7671],[0.4837,41.8],[0.5135,41.8202],[0.5197,41.8208],[0.5423,41.8227],[0.551,41.8403],[0.5564,41.8513],[0.5769,41.8526],[0.6033,41.872],[0.5987,41.9033],[0.596,41.9215],[0.567,41.9323],[0.5654,41.9396],[0.586,41.9631],[0.6045,41.9649],[0.6234,41.9893],[0.6455,41.9935],[0.6589,42.0063],[0.6553,42.0335],[0.6997,42.1143],[0.6974,42.1482],[0.7095,42.1634],[0.7023,42.1845],[0.7351,42.2546],[0.7457,42.298],[0.7604,42.3183],[0.7433,42.3342],[0.7661,42.3521],[0.7281,42.3657],[0.7421,42.3892],[0.7302,42.4047],[0.731,42.4198],[0.7101,42.4402],[0.6947,42.4852],[0.7332,42.5031],[0.7235,42.5245],[0.7442,42.5397],[0.7609,42.5934],[0.7653,42.6077],[0.704,42.6253],[0.6931,42.6571],[0.6601,42.691],[0.6695,42.6896],[0.6763,42.691],[0.6744,42.6997],[0.6818,42.7083],[0.6739,42.7177],[0.6802,42.7232],[0.6727,42.7291],[0.6629,42.7475],[0.6459,42.7566],[0.6522,42.7635],[0.6621,42.7742],[0.6484,42.784],[0.6675,42.8035],[0.662,42.837],[0.6812,42.854],[0.713,42.8596],[0.7718,42.8385],[0.8582,42.8257],[0.9255,42.7911],[0.9606,42.8034],[0.9866,42.7887],[1.0798,42.7852],[1.113,42.7635],[1.1275,42.7539],[1.1339,42.7291],[1.1706,42.7101],[1.2296,42.726],[1.258,42.7163],[1.3532,42.7183],[1.3555,42.7015],[1.3855,42.6868],[1.3894,42.6707],[1.4122,42.6531],[1.4212,42.627],[1.4426,42.6037],[1.4358,42.5934],[1.4304,42.5851],[1.4401,42.5667],[1.4189,42.5422],[1.4467,42.5398],[1.4642,42.5145],[1.4228,42.486],[1.4383,42.4746],[1.4535,42.4385],[1.5454,42.4329],[1.563,42.456],[1.5794,42.4529],[1.5973,42.465],[1.6564,42.4703],[1.6687,42.4996],[1.7016,42.4916],[1.7258,42.5044],[1.731,42.4924],[1.7285,42.4591],[1.7356,42.4398],[1.8016,42.4232],[1.8064,42.3735],[1.828,42.3781],[1.8518,42.3704],[1.8371,42.3514],[1.8427,42.3064],[1.6872,42.2815],[1.6984,42.2382],[1.6848,42.221],[1.6851,42.2082],[1.7029,42.1948],[1.7314,42.1892],[1.7367,42.1743],[1.7035,42.134],[1.7168,42.0933],[1.692,42.0808],[1.6753,42.0539],[1.6937,42.0312],[1.6575,42.0139],[1.6534,42.0036],[1.6903,41.9909],[1.7029,42.007],[1.7151,41.9889],[1.6864,41.9718],[1.6548,41.977],[1.6444,41.9291],[1.604,41.9033],[1.5766,41.8859],[1.5838,41.8773],[1.6145,41.8769],[1.6271,41.8572],[1.6195,41.8403],[1.6123,41.8242],[1.5947,41.8079],[1.5889,41.781],[1.5351,41.7578],[1.4976,41.7872],[1.4692,41.7753],[1.4637,41.7979],[1.4226,41.7916],[1.4076,41.7521],[1.4141,41.7315],[1.3957,41.7069],[1.4417,41.6445],[1.3744,41.6202],[1.3779,41.6084],[1.4025,41.5958],[1.3929,41.5751],[1.3955,41.5699],[1.3999,41.5614],[1.3895,41.5578],[1.3098,41.5699],[1.2938,41.5699],[1.2227,41.5684],[1.2068,41.548],[1.1719,41.5371],[1.1676,41.5101],[1.177,41.4881],[1.1132,41.4697],[1.0478,41.4959],[1.0415,41.4782],[1.0711,41.4584],[1.0251,41.4097],[0.9817,41.3889],[0.9531,41.3527],[0.8669,41.3399],[0.8409,41.3598],[0.8148,41.329],[0.7676,41.3323],[0.7443,41.3168],[0.6768,41.3104],[0.6235,41.2924],[0.5975,41.2957],[0.5551,41.3249],[0.5273,41.2941],[0.5197,41.2928],[0.5076,41.2907],[0.4605,41.3324],[0.4373,41.3185],[0.4291,41.2775],[0.3857,41.2788],[0.3751,41.2945],[0.3522,41.3283],[0.3696,41.3562],[0.325,41.3931],[0.3359,41.4074]],[[1.6546,42.1116],[1.6646,42.1049],[1.6909,42.1044],[1.693,42.1122],[1.6575,42.1147],[1.6546,42.1116]]],[[[1.7032,41.8893],[1.7095,41.8956],[1.7265,41.8927],[1.7198,41.8815],[1.7032,41.8893]]]]}},{"type":"Feature","properties":{"tipo":"provincia","id":"ES614","nombre":"Granada"},"geometry":{"type":"MultiPolygon","coordinates":[[[[-3.1287,36.7509],[-3.1601,36.7453],[-3.2493,36.7534],[-3.3307,36.7396],[-3.3652,36.7159],[-3.4281,36.695],[-3.4781,36.6977],[-3.5227,36.7225],[-3.5583,36.7174],[-3.6054,36.7427],[-3.6567,36.7448],[-3.6804,36.7311],[-3.7314,36.7233],[-3.7496,36.7348],[-3.7775,36.7379],[-3.7803,36.7626],[-3.7694,36.7993],[-3.8246,36.8529],[-3.8709,36.8534],[-3.9365,36.884],[-4.0455,36.906],[-4.1017,36.9496],[-4.1672,36.9593],[-4.2122,36.9911],[-4.2291,37.0142],[-4.2701,37.0178],[-4.2891,37.123],[-4.3276,37.1844],[-4.3214,37.191],[-4.2947,37.2001],[-4.2653,37.2259],[-4.2563,37.2297],[-4.2579,37.2442],[-4.2587,37.2516],[-4.2625,37.2601],[-4.2481,37.2699],[-4.2367,37.2977],[-4.2355,37.3124],[-4.2391,37.3277],[-4.2366,37.3351],[-4.2256,37.3391],[-4.2078,37.3525],[-4.1742,37.3486],[-4.162,37.342],[-4.1562,37.3442],[-4.1446,37.3629],[-4.1329,37.3729],[-4.1264,37.3786],[-4.104,37.389],[-4.0982,37.4001],[-4.0854,37.4034],[-4.0546,37.4028],[-4.034,37.4061],[-4.0179,37.4018],[-4.0008,37.4021],[-3.9474,37.3792],[-3.8433,37.3877],[-3.8284,37.4016],[-3.786,37.4874],[-3.7694,37.4803],[-3.7334,37.4886],[-3.6891,37.515],[-3.6251,37.5305],[-3.5402,37.5809],[-3.5321,37.5989],[-3.5075,37.6148],[-3.4626,37.5974],[-3.4341,37.5738],[-3.3942,37.5645],[-3.3007,37.588],[-3.2595,37.6369],[-3.2115,37.6438],[-3.1726,37.6416],[-3.1307,37.6142],[-3.0877,37.5985],[-3.0431,37.6178],[-2.9826,37.6038],[-2.9711,37.6357],[-2.8885,37.6786],[-2.9019,37.6962],[-2.9029,37.7484],[-2.8802,37.7641],[-2.8705,37.7937],[-2.8242,37.847],[-2.8175,37.8736],[-2.7851,37.9159],[-2.7552,37.9276],[-2.7014,37.9709],[-2.6922,37.9692],[-2.6642,37.9643],[-2.6143,37.9931],[-2.5995,38.0092],[-2.5976,38.0612],[-2.5513,38.0841],[-2.5393,38.0759],[-2.5219,38.0701],[-2.505,38.0683],[-2.4817,38.0553],[-2.4712,38.0552],[-2.4611,38.0504],[-2.4339,38.0433],[-2.42,38.0334],[-2.3957,38.0312],[-2.372,38.0236],[-2.357,38.023],[-2.3416,38.026],[-2.301,38.002],[-2.2809,37.9656],[-2.2447,37.9344],[-2.2076,37.9166],[-2.2937,37.875],[-2.2913,37.8332],[-2.2995,37.8076],[-2.2795,37.7724],[-2.3231,37.6908],[-2.3123,37.6311],[-2.3246,37.6229],[-2.3894,37.6283],[-2.3709,37.5975],[-2.3695,37.558],[-2.3581,37.5446],[-2.3624,37.5241],[-2.397,37.5164],[-2.4108,37.5214],[-2.4537,37.5081],[-2.4637,37.4894],[-2.5128,37.4783],[-2.6345,37.3938],[-2.6414,37.3804],[-2.6373,37.3506],[-2.6513,37.3379],[-2.6632,37.2901],[-2.6664,37.2442],[-2.6587,37.227],[-2.6625,37.2142],[-2.6922,37.2228],[-2.7316,37.2341],[-2.7579,37.228],[-2.7744,37.2442],[-2.7822,37.2613],[-2.8333,37.2789],[-2.8493,37.2744],[-2.8686,37.2442],[-2.8826,37.1886],[-2.8977,37.1679],[-2.9272,37.1542],[-2.9495,37.0992],[-2.9903,37.0945],[-3.0266,37.111],[-3.0147,37.0513],[-3.0017,37.0188],[-2.9831,37.0017],[-2.979,36.9763],[-2.9912,36.9599],[-3.0256,36.9492],[-3.0373,36.9226],[-3.0671,36.909],[-3.0638,36.8943],[-3.0355,36.8663],[-3.031,36.8449],[-3.1352,36.7895],[-3.1287,36.7509]]]]}},{"type":"Feature","properties":{"tipo":"provincia","id":"ES615","nombre":"Huelva"},"geometry":{"type":"MultiPolygon","coordinates":[[[[-6.9317,38.2084],[-6.9236,38.2032],[-6.8461,38.1774],[-6.7977,38.1766],[-6.7955,38.1588],[-6.8129,38.1188],[-6.775,38.1105],[-6.757,38.0944],[-6.6226,38.0953],[-6.5846,38.0558],[-6.5793,38.0237],[-6.5445,38.0269],[-6.4757,38.0095],[-6.447,38.0566],[-6.4164,38.0581],[-6.3694,38.0465],[-6.3516,38.0085],[-6.3032,37.9798],[-6.2351,37.9593],[-6.2055,37.9603],[-6.1803,37.9411],[-6.1726,37.9148],[-6.1473,37.9179],[-6.1289,37.9035],[-6.1618,37.8637],[-6.1415,37.8513],[-6.1251,37.8201],[-6.1256,37.8033],[-6.1365,37.7907],[-6.2004,37.805],[-6.2135,37.7901],[-6.2098,37.7644],[-6.2319,37.7401],[-6.2444,37.7425],[-6.2558,37.7608],[-6.3153,37.7637],[-6.3923,37.7465],[-6.4475,37.7215],[-6.4764,37.7228],[-6.5029,37.6706],[-6.5339,37.6512],[-6.5293,37.6201],[-6.4505,37.6219],[-6.3994,37.6118],[-6.3942,37.5601],[-6.3708,37.5398],[-6.358,37.502],[-6.3099,37.4383],[-6.3155,37.4198],[-6.3579,37.4069],[-6.3599,37.3782],[-6.35,37.3643],[-6.3814,37.3402],[-6.3362,37.2999],[-6.355,37.2442],[-6.3475,37.2168],[-6.3513,37.188],[-6.3392,37.168],[-6.3562,37.1414],[-6.3459,37.1237],[-6.3846,37.0799],[-6.3556,36.9911],[-6.3627,36.9516],[-6.3754,36.9343],[-6.3311,36.8988],[-6.3459,36.8851],[-6.3522,36.8592],[-6.3456,36.7988],[-6.3722,36.7967],[-6.3943,36.807],[-6.463,36.924],[-6.5103,36.968],[-6.586,37.0163],[-6.7916,37.1192],[-6.8896,37.1582],[-6.9236,37.1609],[-7.0524,37.2077],[-7.2802,37.2007],[-7.324,37.1925],[-7.365,37.1728],[-7.4019,37.1748],[-7.4154,37.2278],[-7.4281,37.2442],[-7.4249,37.275],[-7.4409,37.3151],[-7.4404,37.3838],[-7.4587,37.4084],[-7.4497,37.4207],[-7.468,37.488],[-7.4946,37.5205],[-7.5127,37.5263],[-7.5198,37.5546],[-7.5007,37.5829],[-7.4998,37.6024],[-7.4706,37.6292],[-7.4482,37.6666],[-7.4448,37.6964],[-7.4179,37.7581],[-7.3265,37.8158],[-7.284,37.8709],[-7.2805,37.8942],[-7.2513,37.951],[-7.2581,37.9814],[-7.199,38.0024],[-7.1659,37.9944],[-7.13,38.0024],[-7.1259,38.0276],[-7.099,38.0412],[-7.0496,38.0169],[-7.0071,38.0244],[-6.9902,38.0615],[-6.9875,38.0997],[-6.9729,38.1109],[-6.9571,38.1446],[-6.9651,38.1698],[-6.9317,38.2084]]]]}},{"type":"Feature","properties":{"tipo":"provincia","id":"ES616","nombre":"Jaén"},"geometry":{"type":"MultiPolygon","coordinates":[[[[-4.2689,38.3472],[-4.2769,38.3832],[-4.2594,38.3999],[-4.1612,38.3832],[-3.9195,38.3691],[-3.8527,38.3774],[-3.8333,38.3922],[-3.8263,38.4134],[-3.7857,38.4245],[-3.7427,38.4162],[-3.725,38.4216],[-3.6249,38.3959],[-3.6038,38.3977],[-3.588,38.4073],[-3.584,38.4434],[-3.5735,38.451],[-3.5416,38.4429],[-3.5252,38.4098],[-3.4571,38.4],[-3.4251,38.4093],[-3.3828,38.4369],[-3.3716,38.4747],[-3.328,38.4815],[-3.2742,38.4604],[-3.1382,38.4394],[-3.0652,38.475],[-3.0025,38.4121],[-2.9916,38.4477],[-2.9647,38.468],[-2.9345,38.4729],[-2.8809,38.4581],[-2.7898,38.5069],[-2.7621,38.5328],[-2.6922,38.5014],[-2.6862,38.4987],[-2.5922,38.5092],[-2.5699,38.491],[-2.5756,38.4267],[-2.57,38.4148],[-2.4842,38.3941],[-2.4903,38.3705],[-2.48,38.3436],[-2.4827,38.3001],[-2.4449,38.2855],[-2.4379,38.2724],[-2.4512,38.218],[-2.4471,38.1901],[-2.5513,38.0841],[-2.5976,38.0612],[-2.5995,38.0092],[-2.6143,37.9931],[-2.6642,37.9643],[-2.6922,37.9692],[-2.7014,37.9709],[-2.7552,37.9276],[-2.7851,37.9159],[-2.8175,37.8736],[-2.8242,37.847],[-2.8705,37.7937],[-2.8802,37.7641],[-2.9029,37.7484],[-2.9019,37.6962],[-2.8885,37.6786],[-2.9711,37.6357],[-2.9826,37.6038],[-3.0431,37.6178],[-3.0877,37.5985],[-3.1307,37.6142],[-3.1726,37.6416],[-3.2115,37.6438],[-3.2595,37.6369],[-3.3007,37.588],[-3.3942,37.5645],[-3.4341,37.5738],[-3.4626,37.5974],[-3.5075,37.6148],[-3.5321,37.5989],[-3.5402,37.5809],[-3.6251,37.5305],[-3.6891,37.515],[-3.7334,37.4886],[-3.7694,37.4803],[-3.786,37.4874],[-3.8284,37.4016],[-3.8433,37.3877],[-3.9474,37.3792],[-4.0008,37.4021],[-4.0462,37.4637],[-4.0833,37.4837],[-4.0641,37.5058],[-4.0965,37.5155],[-4.1221,37.5526],[-4.1582,37.5764],[-4.175,37.6094],[-4.2169,37.6202],[-4.2224,37.6414],[-4.1677,37.6847],[-4.1847,37.7058],[-4.2368,37.7229],[-4.2272,37.7554],[-4.2106,37.7714],[-4.2131,37.781],[-4.2852,37.8006],[-4.2783,37.8832],[-4.2587,37.9399],[-4.282,38.0167],[-4.2637,38.0235],[-4.264,38.0369],[-4.2453,38.0452],[-4.2496,38.0621],[-4.2188,38.0876],[-4.2154,38.1069],[-4.1647,38.1492],[-4.1701,38.1804],[-4.1978,38.2127],[-4.1977,38.2349],[-4.2138,38.2508],[-4.2127,38.2978],[-4.2329,38.3106],[-4.2399,38.3379],[-4.2689,38.3472]]]]}},{"type":"Feature","properties":{"tipo":"provincia","id":"ES617","nombre":"Málaga"},"geometry":{"type":"MultiPolygon","coordinates":[[[[-4.6534,37.2559],[-4.6423,37.2495],[-4.6196,37.2539],[-4.6138,37.2442],[-4.5998,37.2287],[-4.5993,37.2113],[-4.5916,37.2095],[-4.5275,37.2148],[-4.496,37.227],[-4.4794,37.2442],[-4.4806,37.2523],[-4.4611,37.2576],[-4.446,37.274],[-4.4191,37.2801],[-4.3807,37.2701],[-4.3783,37.2442],[-4.3823,37.235],[-4.373,37.219],[-4.3279,37.2049],[-4.3276,37.1844],[-4.2891,37.123],[-4.2701,37.0178],[-4.2291,37.0142],[-4.2122,36.9911],[-4.1672,36.9593],[-4.1017,36.9496],[-4.0455,36.906],[-3.9365,36.884],[-3.8709,36.8534],[-3.8246,36.8529],[-3.7694,36.7993],[-3.7803,36.7626],[-3.7775,36.7379],[-3.843,36.7529],[-3.9583,36.7276],[-4.0683,36.7472],[-4.1097,36.7258],[-4.1841,36.7148],[-4.3346,36.7131],[-4.3874,36.7213],[-4.4181,36.7145],[-4.511,36.5991],[-4.5395,36.581],[-4.5941,36.5678],[-4.6404,36.5084],[-4.7378,36.4864],[-4.8561,36.5062],[-4.929,36.5008],[-5.0046,36.4612],[-5.079,36.4498],[-5.1771,36.4125],[-5.2194,36.3742],[-5.2524,36.3113],[-5.281,36.3358],[-5.3199,36.3292],[-5.3437,36.411],[-5.394,36.4701],[-5.4152,36.5194],[-5.4328,36.5324],[-5.4886,36.535],[-5.5166,36.5045],[-5.5291,36.5017],[-5.602,36.5112],[-5.6091,36.5404],[-5.6006,36.5487],[-5.5813,36.5485],[-5.5248,36.5317],[-5.4644,36.5869],[-5.4545,36.6167],[-5.3798,36.6336],[-5.3278,36.6737],[-5.3243,36.7211],[-5.2945,36.7727],[-5.3188,36.7886],[-5.3384,36.822],[-5.2985,36.8696],[-5.2696,36.881],[-5.2172,36.8425],[-5.1765,36.8258],[-5.1342,36.841],[-5.0897,36.9104],[-5.1072,36.9573],[-5.1014,36.9708],[-5.1424,37.0039],[-5.1227,37.0246],[-5.0533,37.0324],[-4.914,37.1109],[-4.9061,37.1371],[-4.9393,37.1572],[-4.9364,37.1728],[-4.9056,37.1774],[-4.8949,37.1588],[-4.8744,37.1614],[-4.8602,37.1726],[-4.8537,37.1963],[-4.8341,37.2002],[-4.7915,37.1568],[-4.7163,37.1939],[-4.7119,37.2029],[-4.7297,37.2229],[-4.7227,37.2386],[-4.734,37.2442],[-4.7217,37.2569],[-4.6534,37.2559]]]]}},{"type":"Feature","properties":{"tipo":"provincia","id":"ES120","nombre":"Asturias"},"geometry":{"type":"MultiPolygon","coordinates":[[[[-7.0318,43.5445],[-7.0218,43.5576],[-6.9891,43.5561],[-6.9432,43.572],[-6.8523,43.5664],[-6.8009,43.5567],[-6.7699,43.5666],[-6.7224,43.5583],[-6.6322,43.5694],[-6.5363,43.549],[-6.4827,43.5518],[-6.463,43.5653],[-6.4313,43.5557],[-6.3587,43.5527],[-6.2386,43.5892],[-6.1831,43.5661],[-6.1047,43.5579],[-6.0293,43.5838],[-5.9971,43.5768],[-5.9564,43.5817],[-5.9217,43.6036],[-5.909,43.6213],[-5.8768,43.6286],[-5.8451,43.6537],[-5.7913,43.6308],[-5.7838,43.612],[-5.7585,43.5894],[-5.7033,43.5695],[-5.6845,43.5447],[-5.6174,43.5541],[-5.4919,43.5476],[-5.4115,43.5536],[-5.3805,43.5379],[-5.2914,43.5314],[-5.2173,43.4809],[-5.2106,43.4764],[-5.1351,43.4809],[-5.1201,43.4809],[-5.0837,43.4724],[-5.0411,43.4624],[-4.9245,43.4576],[-4.6214,43.3977],[-4.5123,43.3932],[-4.5139,43.3779],[-4.5317,43.3651],[-4.5366,43.348],[-4.5258,43.3367],[-4.5196,43.3063],[-4.5299,43.2752],[-4.5459,43.2721],[-4.5601,43.2874],[-4.607,43.2976],[-4.636,43.2688],[-4.7029,43.2655],[-4.7149,43.2611],[-4.7272,43.2567],[-4.7219,43.235],[-4.7406,43.1882],[-4.841,43.1807],[-4.8692,43.2253],[-4.9069,43.2365],[-4.9626,43.2111],[-4.9986,43.176],[-5.0266,43.1841],[-5.0735,43.1787],[-5.0971,43.1208],[-5.1043,43.1031],[-5.1324,43.1022],[-5.1522,43.1122],[-5.2182,43.0859],[-5.2605,43.0878],[-5.2866,43.0793],[-5.3281,43.0811],[-5.3666,43.0938],[-5.3824,43.0847],[-5.3939,43.0498],[-5.4757,43.0514],[-5.4936,43.0244],[-5.5431,43.0198],[-5.585,43.0334],[-5.6348,43.0361],[-5.6911,43.0551],[-5.7281,43.0393],[-5.7667,42.972],[-5.8017,42.9641],[-5.8451,42.9669],[-5.9119,42.994],[-5.9575,43.0218],[-5.9789,43.0647],[-6.02,43.0564],[-6.0812,43.0729],[-6.1004,43.0311],[-6.1347,43.0233],[-6.1807,43.0467],[-6.2109,43.044],[-6.2327,43.012],[-6.2618,43.0172],[-6.2842,43.0327],[-6.3216,43.0321],[-6.3604,43.0561],[-6.3923,43.0375],[-6.3938,43.0223],[-6.408,43.015],[-6.4188,42.9931],[-6.4508,42.9843],[-6.4753,42.988],[-6.4711,42.9696],[-6.4379,42.9631],[-6.4399,42.9422],[-6.4915,42.923],[-6.5148,42.9265],[-6.5496,42.9133],[-6.6322,42.9188],[-6.6858,42.9224],[-6.7235,42.9143],[-6.7641,42.8835],[-6.7798,42.9017],[-6.8242,42.915],[-6.8387,42.9243],[-6.8395,42.959],[-6.8694,42.984],[-6.9121,42.9946],[-6.9509,43.0296],[-6.9606,43.0239],[-6.9661,42.998],[-6.9918,43.0231],[-6.9691,43.0384],[-6.9481,43.0741],[-6.9086,43.0799],[-6.8361,43.1189],[-6.8277,43.1393],[-6.832,43.1532],[-6.8683,43.1751],[-6.9302,43.1406],[-6.9588,43.1428],[-6.9738,43.1617],[-6.9756,43.1991],[-7.0523,43.2398],[-7.067,43.2658],[-7.0688,43.3009],[-7.1075,43.3136],[-7.1267,43.3344],[-7.1357,43.3715],[-7.1727,43.3907],[-7.1659,43.4245],[-7.1072,43.4308],[-7.061,43.4724],[-7.0515,43.4809],[-7.0318,43.5445]]]]}},{"type":"Feature","properties":{"tipo":"provincia","id":"ES111","nombre":"A Coruña"},"geometry":{"type":"MultiPolygon","coordinates":[[[[-7.6997,43.7351],[-7.7087,43.6804],[-7.6976,43.6533],[-7.7288,43.6217],[-7.7233,43.5883],[-7.7427,43.576],[-7.7509,43.5588],[-7.7518,43.5055],[-7.7649,43.4809],[-7.7695,43.4724],[-7.7771,43.4581],[-7.8057,43.4345],[-7.8251,43.4031],[-7.8734,43.4068],[-7.8896,43.3977],[-7.8827,43.3573],[-7.8885,43.3391],[-7.9096,43.3194],[-7.9439,43.2873],[-7.9245,43.2665],[-7.9269,43.2611],[-7.9581,43.1912],[-7.9392,43.1208],[-7.9378,43.1154],[-7.9199,43.0905],[-7.9394,43.0649],[-7.9073,42.9882],[-7.908,42.9562],[-7.9171,42.9337],[-7.94,42.9194],[-7.9406,42.8997],[-7.9797,42.874],[-7.9997,42.8489],[-8.0499,42.8336],[-8.0787,42.8528],[-8.1396,42.8447],[-8.1831,42.8578],[-8.2154,42.8418],[-8.2125,42.8265],[-8.256,42.8331],[-8.2809,42.8145],[-8.3153,42.8404],[-8.3352,42.8393],[-8.3417,42.8338],[-8.3318,42.8221],[-8.3349,42.7956],[-8.355,42.7821],[-8.39,42.7863],[-8.4101,42.7691],[-8.4122,42.755],[-8.4671,42.7455],[-8.5513,42.7581],[-8.5646,42.7452],[-8.5973,42.7411],[-8.6061,42.7291],[-8.6115,42.7176],[-8.6494,42.7258],[-8.714,42.7057],[-8.7267,42.6883],[-8.7544,42.6556],[-8.7896,42.6434],[-8.8102,42.6465],[-8.841,42.6681],[-8.8573,42.6198],[-8.8717,42.6176],[-8.8894,42.632],[-8.9042,42.6308],[-8.9253,42.6123],[-8.936,42.5859],[-8.9773,42.5655],[-8.9994,42.5363],[-9.0338,42.5284],[-9.0451,42.5609],[-9.0785,42.582],[-9.0447,42.6371],[-9.0264,42.6951],[-8.9328,42.7754],[-8.901,42.7887],[-8.8983,42.8104],[-8.9648,42.7846],[-9.0393,42.7887],[-9.0704,42.7562],[-9.0973,42.751],[-9.1367,42.7932],[-9.1137,42.8289],[-9.1408,42.8665],[-9.1443,42.9116],[-9.1765,42.9331],[-9.1993,42.9233],[-9.2286,42.9332],[-9.2794,42.9029],[-9.2875,42.9305],[-9.2632,42.9931],[-9.285,43.0466],[-9.2649,43.0566],[-9.2495,43.0822],[-9.229,43.096],[-9.1883,43.0998],[-9.1719,43.1123],[-9.1705,43.1299],[-9.1927,43.1353],[-9.2018,43.1481],[-9.1777,43.1767],[-9.1302,43.1918],[-9.0642,43.1898],[-9.0138,43.2228],[-8.9579,43.2288],[-8.9541,43.2482],[-8.9692,43.2796],[-8.9277,43.2921],[-8.9001,43.3142],[-8.8415,43.3323],[-8.7733,43.3042],[-8.6951,43.2956],[-8.6022,43.3163],[-8.5363,43.3203],[-8.4862,43.3547],[-8.433,43.3758],[-8.4068,43.3758],[-8.3842,43.3522],[-8.3681,43.3489],[-8.3379,43.39],[-8.3188,43.397],[-8.2771,43.3821],[-8.2447,43.3516],[-8.2197,43.3432],[-8.2033,43.4148],[-8.28,43.4323],[-8.3322,43.4724],[-8.3304,43.4809],[-8.3244,43.5101],[-8.307,43.536],[-8.3082,43.5591],[-8.2568,43.5631],[-8.1882,43.6115],[-8.1505,43.6223],[-8.1012,43.6514],[-8.0709,43.6524],[-8.0514,43.7029],[-7.9887,43.7132],[-7.8999,43.7634],[-7.8695,43.7625],[-7.8588,43.7279],[-7.8601,43.7151],[-7.8872,43.6809],[-7.8843,43.6685],[-7.8563,43.673],[-7.8511,43.6968],[-7.8258,43.7011],[-7.8057,43.7227],[-7.7303,43.7488],[-7.674,43.7815],[-7.6703,43.771],[-7.6997,43.7351]]],[[[-9.0207,42.4746],[-9.0178,42.4844],[-9.0075,42.4812],[-9.0024,42.469],[-9.009,42.4629],[-9.0207,42.4746]]],[[[-8.8531,43.3637],[-8.8374,43.3653],[-8.8309,43.3559],[-8.8467,43.3523],[-8.8531,43.3637]]]]}},{"type":"Feature","properties":{"tipo":"provincia","id":"ES112","nombre":"Lugo"},"geometry":{"type":"MultiPolygon","coordinates":[[[[-7.0318,43.5445],[-7.0515,43.4809],[-7.061,43.4724],[-7.1072,43.4308],[-7.1659,43.4245],[-7.1727,43.3907],[-7.1357,43.3715],[-7.1267,43.3344],[-7.1075,43.3136],[-7.0688,43.3009],[-7.067,43.2658],[-7.0523,43.2398],[-6.9756,43.1991],[-6.9738,43.1617],[-6.9588,43.1428],[-6.9302,43.1406],[-6.8683,43.1751],[-6.832,43.1532],[-6.8277,43.1393],[-6.8361,43.1189],[-6.9086,43.0799],[-6.9481,43.0741],[-6.9691,43.0384],[-6.9918,43.0231],[-6.9661,42.998],[-6.9606,43.0239],[-6.9509,43.0296],[-6.9121,42.9946],[-6.8694,42.984],[-6.8395,42.959],[-6.8387,42.9243],[-6.8242,42.915],[-6.8407,42.9081],[-6.8267,42.875],[-6.8679,42.8711],[-6.8438,42.8279],[-6.8724,42.7865],[-6.9247,42.7489],[-6.9602,42.7476],[-6.9724,42.7296],[-7.0119,42.7205],[-7.0371,42.6989],[-7.0153,42.6475],[-7.0447,42.627],[-7.0393,42.5831],[-7.0617,42.5546],[-7.0647,42.5255],[-7.0768,42.5081],[-7.0998,42.4622],[-7.1468,42.4343],[-7.2045,42.3288],[-7.2276,42.3548],[-7.2284,42.3866],[-7.3076,42.4274],[-7.3686,42.4231],[-7.399,42.4336],[-7.5076,42.3877],[-7.5429,42.3865],[-7.5751,42.4029],[-7.6175,42.3869],[-7.6349,42.4069],[-7.6929,42.428],[-7.7156,42.451],[-7.7746,42.4613],[-7.7781,42.4723],[-7.753,42.4798],[-7.7651,42.4918],[-7.8004,42.4826],[-7.8812,42.5093],[-7.9035,42.5096],[-7.9082,42.527],[-7.8936,42.5474],[-7.9307,42.5786],[-7.8937,42.6303],[-7.8896,42.6803],[-7.8644,42.7069],[-7.8686,42.719],[-7.8942,42.7291],[-7.9346,42.7401],[-7.9764,42.7787],[-7.9798,42.8092],[-7.96,42.8406],[-7.9997,42.8489],[-7.9797,42.874],[-7.9406,42.8997],[-7.94,42.9194],[-7.9171,42.9337],[-7.908,42.9562],[-7.9073,42.9882],[-7.9394,43.0649],[-7.9199,43.0905],[-7.9378,43.1154],[-7.9392,43.1208],[-7.9581,43.1912],[-7.9269,43.2611],[-7.9245,43.2665],[-7.9439,43.2873],[-7.9096,43.3194],[-7.8885,43.3391],[-7.8827,43.3573],[-7.8896,43.3977],[-7.8734,43.4068],[-7.8251,43.4031],[-7.8057,43.4345],[-7.7771,43.4581],[-7.7695,43.4724],[-7.7649,43.4809],[-7.7518,43.5055],[-7.7509,43.5588],[-7.7427,43.576],[-7.7233,43.5883],[-7.7288,43.6217],[-7.6976,43.6533],[-7.7087,43.6804],[-7.6997,43.7351],[-7.6826,43.7325],[-7.6684,43.7453],[-7.6356,43.7495],[-7.629,43.7254],[-7.6077,43.7009],[-7.6113,43.6834],[-7.6042,43.6757],[-7.5819,43.6928],[-7.5822,43.7084],[-7.5582,43.7133],[-7.5486,43.7289],[-7.4771,43.7249],[-7.47,43.7048],[-7.3602,43.6702],[-7.2956,43.5948],[-7.2509,43.5749],[-7.2589,43.5602],[-7.2524,43.5504],[-7.2344,43.5667],[-7.1578,43.5551],[-7.0548,43.5574],[-7.0318,43.5445]]]]}},{"type":"Feature","properties":{"tipo":"provincia","id":"ES113","nombre":"Ourense"},"geometry":{"type":"MultiPolygon","coordinates":[[[[-6.9858,41.9714],[-7.0116,41.9512],[-7.0611,41.95],[-7.0756,41.954],[-7.0914,41.9744],[-7.1228,41.9869],[-7.1771,41.9776],[-7.1855,41.9625],[-7.1772,41.9197],[-7.1868,41.9033],[-7.2005,41.8797],[-7.3147,41.8448],[-7.3704,41.8496],[-7.4247,41.8101],[-7.4297,41.8325],[-7.4548,41.8636],[-7.4984,41.8697],[-7.5226,41.842],[-7.6079,41.8314],[-7.6107,41.8456],[-7.5916,41.8786],[-7.6523,41.8826],[-7.696,41.9033],[-7.7024,41.9064],[-7.7184,41.9033],[-7.8397,41.8803],[-7.8482,41.8654],[-7.8785,41.8534],[-7.8892,41.8613],[-7.8869,41.9033],[-7.8859,41.9213],[-7.8995,41.9268],[-7.9121,41.9033],[-7.9249,41.8794],[-7.9793,41.8717],[-8.0139,41.8322],[-8.0519,41.8206],[-8.0579,41.8172],[-8.0948,41.8099],[-8.1087,41.812],[-8.1291,41.8091],[-8.1526,41.8175],[-8.1651,41.8183],[-8.1664,41.8692],[-8.1988,41.8781],[-8.2094,41.9033],[-8.2142,41.9148],[-8.1607,41.9813],[-8.0904,42.0157],[-8.0844,42.0339],[-8.0941,42.0659],[-8.1141,42.0795],[-8.1815,42.0705],[-8.199,42.1544],[-8.1832,42.1591],[-8.1654,42.1789],[-8.1852,42.2122],[-8.1673,42.2239],[-8.1697,42.2429],[-8.2284,42.235],[-8.2634,42.2555],[-8.271,42.2801],[-8.2637,42.3123],[-8.3205,42.3463],[-8.3173,42.3868],[-8.3511,42.4803],[-8.3334,42.4923],[-8.2993,42.494],[-8.2644,42.5234],[-8.2373,42.537],[-8.2141,42.5381],[-8.1773,42.5685],[-8.1473,42.5513],[-8.0863,42.5559],[-8.0208,42.5452],[-7.9934,42.5694],[-7.9629,42.5675],[-7.9307,42.5786],[-7.8936,42.5474],[-7.9082,42.527],[-7.9035,42.5096],[-7.8812,42.5093],[-7.8004,42.4826],[-7.7651,42.4918],[-7.753,42.4798],[-7.7781,42.4723],[-7.7746,42.4613],[-7.7156,42.451],[-7.6929,42.428],[-7.6349,42.4069],[-7.6175,42.3869],[-7.5751,42.4029],[-7.5429,42.3865],[-7.5076,42.3877],[-7.399,42.4336],[-7.3686,42.4231],[-7.3076,42.4274],[-7.2284,42.3866],[-7.2276,42.3548],[-7.2045,42.3288],[-7.1468,42.4343],[-7.0998,42.4622],[-7.0768,42.5081],[-6.9782,42.4947],[-6.9583,42.5159],[-6.9236,42.5171],[-6.8575,42.4892],[-6.8263,42.49],[-6.8112,42.4657],[-6.8212,42.4489],[-6.8194,42.4239],[-6.8381,42.4017],[-6.8193,42.3871],[-6.7791,42.3792],[-6.7368,42.3566],[-6.7403,42.3037],[-6.769,42.2599],[-6.7843,42.2536],[-6.8001,42.2391],[-6.7932,42.2147],[-6.8396,42.2267],[-6.8642,42.2241],[-6.8833,42.2153],[-6.9,42.1921],[-6.9236,42.1847],[-6.9413,42.1714],[-6.9494,42.1371],[-6.9855,42.1217],[-7.005,42.0868],[-7.0313,42.0717],[-7.0121,42.0538],[-6.9769,42.0528],[-6.9643,42.0291],[-6.9881,41.9907],[-6.9858,41.9714]]]]}},{"type":"Feature","properties":{"tipo":"provincia","id":"ES618","nombre":"Sevilla"},"geometry":{"type":"MultiPolygon","coordinates":[[[[-5.1424,37.0039],[-5.1651,36.9811],[-5.2331,36.9434],[-5.2966,37.0117],[-5.3054,37.0341],[-5.3953,36.9701],[-5.4164,36.9411],[-5.4342,36.9369],[-5.4576,36.9745],[-5.4227,37.0109],[-5.4297,37.0461],[-5.4405,37.0511],[-5.4951,37.0397],[-5.5075,37.03],[-5.4723,36.9839],[-5.5463,36.925],[-5.5422,36.8996],[-5.5806,36.9152],[-5.5924,36.9469],[-5.6182,36.9444],[-5.6702,36.9724],[-5.6913,36.9579],[-5.6988,36.9335],[-5.7133,36.9216],[-5.8017,36.9247],[-5.8476,36.912],[-5.878,36.8889],[-5.8956,36.8444],[-5.9292,36.8528],[-5.9815,36.8453],[-6.0939,36.8565],[-6.1638,36.8872],[-6.2553,36.8961],[-6.2794,36.909],[-6.3311,36.8988],[-6.3754,36.9343],[-6.3627,36.9516],[-6.3556,36.9911],[-6.3846,37.0799],[-6.3459,37.1237],[-6.3562,37.1414],[-6.3392,37.168],[-6.3513,37.188],[-6.3475,37.2168],[-6.355,37.2442],[-6.3362,37.2999],[-6.3814,37.3402],[-6.35,37.3643],[-6.3599,37.3782],[-6.3579,37.4069],[-6.3155,37.4198],[-6.3099,37.4383],[-6.358,37.502],[-6.3708,37.5398],[-6.3942,37.5601],[-6.3994,37.6118],[-6.4505,37.6219],[-6.5293,37.6201],[-6.5339,37.6512],[-6.5029,37.6706],[-6.4764,37.7228],[-6.4475,37.7215],[-6.3923,37.7465],[-6.3153,37.7637],[-6.2558,37.7608],[-6.2444,37.7425],[-6.2319,37.7401],[-6.2098,37.7644],[-6.2135,37.7901],[-6.2004,37.805],[-6.1365,37.7907],[-6.1256,37.8033],[-6.1251,37.8201],[-6.1415,37.8513],[-6.1618,37.8637],[-6.1289,37.9035],[-6.1473,37.9179],[-6.1726,37.9148],[-6.1803,37.9411],[-6.115,37.9806],[-6.0459,37.9968],[-6.0113,37.9922],[-5.953,37.9991],[-5.9317,38.0449],[-5.911,38.0656],[-5.9263,38.0905],[-5.9229,38.1083],[-5.883,38.1343],[-5.8746,38.155],[-5.8467,38.1723],[-5.7584,38.183],[-5.732,38.1954],[-5.6932,38.183],[-5.6891,38.174],[-5.7017,38.1637],[-5.7013,38.146],[-5.7379,38.1271],[-5.7333,38.0888],[-5.7168,38.0826],[-5.6896,38.0874],[-5.6336,38.1358],[-5.5848,38.1318],[-5.5025,38.047],[-5.4784,37.985],[-5.4241,37.9449],[-5.4122,37.8774],[-5.3514,37.8385],[-5.3441,37.7981],[-5.3133,37.7646],[-5.3078,37.7259],[-5.3143,37.7047],[-5.4066,37.682],[-5.4054,37.6437],[-5.3902,37.6222],[-5.3479,37.5923],[-5.1883,37.673],[-5.1236,37.6674],[-5.1144,37.694],[-5.0893,37.6761],[-5.0619,37.7098],[-5.0396,37.7143],[-5.0106,37.7059],[-4.9645,37.659],[-4.9574,37.6199],[-4.936,37.6072],[-4.9367,37.5212],[-4.8789,37.443],[-4.8473,37.4306],[-4.8146,37.3574],[-4.7762,37.3332],[-4.7408,37.3356],[-4.7165,37.3484],[-4.6918,37.3403],[-4.6739,37.3212],[-4.6713,37.2886],[-4.6534,37.2559],[-4.7217,37.2569],[-4.734,37.2442],[-4.7227,37.2386],[-4.7297,37.2229],[-4.7119,37.2029],[-4.7163,37.1939],[-4.7915,37.1568],[-4.8341,37.2002],[-4.8537,37.1963],[-4.8602,37.1726],[-4.8744,37.1614],[-4.8949,37.1588],[-4.9056,37.1774],[-4.9364,37.1728],[-4.9393,37.1572],[-4.9061,37.1371],[-4.914,37.1109],[-5.0533,37.0324],[-5.1227,37.0246],[-5.1424,37.0039]],[[-5.048,37.6081],[-5.0293,37.611],[-5.0336,37.6207],[-5.0265,37.6353],[-5.0314,37.6397],[-5.0437,37.6333],[-5.0401,37.6257],[-5.048,37.6081]],[[-5.0722,37.6437],[-5.0707,37.6408],[-5.0494,37.6303],[-5.0514,37.643],[-5.069,37.6461],[-5.0722,37.6437]]]]}},{"type":"Feature","properties":{"tipo":"provincia","id":"ES130","nombre":"Cantabria"},"geometry":{"type":"MultiPolygon","coordinates":[[[[-4.0459,42.7666],[-4.0547,42.763],[-4.0603,42.7624],[-4.0717,42.7605],[-4.0814,42.7614],[-4.0959,42.7855],[-4.0909,42.8085],[-4.0979,42.8205],[-4.1082,42.8185],[-4.1176,42.7935],[-4.1477,42.7929],[-4.185,42.8099],[-4.1837,42.8194],[-4.1405,42.8353],[-4.1334,42.8562],[-4.1543,42.8651],[-4.1987,42.8483],[-4.2176,42.8542],[-4.2451,42.9551],[-4.347,42.9755],[-4.3983,43.0323],[-4.4431,43.0546],[-4.4617,43.0563],[-4.4859,43.0405],[-4.5227,43.0429],[-4.5601,43.0237],[-4.6035,43.0319],[-4.6402,43.0195],[-4.737,43.0209],[-4.7401,43.0511],[-4.7631,43.0579],[-4.7751,43.0787],[-4.8281,43.0998],[-4.8439,43.1208],[-4.841,43.1807],[-4.7406,43.1882],[-4.7219,43.235],[-4.7272,43.2567],[-4.7149,43.2611],[-4.7029,43.2655],[-4.636,43.2688],[-4.607,43.2976],[-4.5601,43.2874],[-4.5459,43.2721],[-4.5299,43.2752],[-4.5196,43.3063],[-4.5258,43.3367],[-4.5366,43.348],[-4.5317,43.3651],[-4.5139,43.3779],[-4.5123,43.3932],[-4.3784,43.3922],[-4.3478,43.4038],[-4.3208,43.3901],[-4.2201,43.3972],[-4.1193,43.4178],[-4.086,43.4341],[-3.9785,43.4439],[-3.9431,43.4682],[-3.9161,43.4724],[-3.8599,43.4809],[-3.7906,43.4915],[-3.7858,43.4809],[-3.7819,43.4724],[-3.7794,43.467],[-3.8324,43.4403],[-3.8106,43.4246],[-3.819,43.4122],[-3.8138,43.4058],[-3.7852,43.4209],[-3.773,43.4397],[-3.7689,43.4459],[-3.7498,43.4346],[-3.7473,43.4564],[-3.7203,43.4724],[-3.7155,43.4752],[-3.6843,43.4785],[-3.6777,43.4809],[-3.5898,43.5123],[-3.5487,43.5066],[-3.5084,43.4809],[-3.495,43.4724],[-3.436,43.4608],[-3.4301,43.448],[-3.4396,43.4291],[-3.4265,43.4171],[-3.339,43.415],[-3.313,43.405],[-3.2451,43.3993],[-3.1865,43.3629],[-3.1533,43.3532],[-3.1508,43.3148],[-3.1601,43.3021],[-3.2134,43.2849],[-3.3342,43.2983],[-3.3458,43.2767],[-3.3793,43.2707],[-3.3879,43.2611],[-3.3983,43.2495],[-3.4472,43.2341],[-3.4177,43.1334],[-3.4961,43.1347],[-3.6005,43.1522],[-3.6167,43.1699],[-3.6505,43.1787],[-3.7034,43.1208],[-3.7085,43.1152],[-3.7514,43.0994],[-3.7633,43.0834],[-3.8454,43.0821],[-3.8368,43.0622],[-3.8509,43.0432],[-3.8881,43.0399],[-3.9113,43.0167],[-3.9522,43.0003],[-3.9882,42.9319],[-3.9738,42.9136],[-3.9314,42.905],[-3.8945,42.9276],[-3.8834,42.9481],[-3.8638,42.9521],[-3.8424,42.9408],[-3.8381,42.9208],[-3.8658,42.9043],[-3.8981,42.9032],[-3.9087,42.865],[-3.882,42.8552],[-3.8625,42.8834],[-3.8368,42.8766],[-3.8174,42.832],[-3.8188,42.8078],[-3.8582,42.7878],[-3.894,42.8004],[-3.9134,42.7715],[-3.9362,42.7718],[-3.9538,42.7612],[-3.9997,42.7689],[-3.9968,42.7976],[-4.0012,42.8247],[-4.0072,42.8299],[-4.0175,42.8224],[-4.0174,42.8094],[-4.0303,42.8009],[-4.0316,42.7895],[-4.0474,42.7827],[-4.0459,42.7666]]],[[[-3.3032,43.2545],[-3.2868,43.2611],[-3.2802,43.2621],[-3.2669,43.2669],[-3.2528,43.2611],[-3.2695,43.2274],[-3.2694,43.2065],[-3.2832,43.1994],[-3.2942,43.207],[-3.3032,43.2545]]]]}},{"type":"Feature","properties":{"tipo":"provincia","id":"ES211","nombre":"Araba/Álava"},"geometry":{"type":"MultiPolygon","coordinates":[[[[-2.4207,42.4893],[-2.4983,42.491],[-2.5157,42.5041],[-2.5385,42.4889],[-2.588,42.4816],[-2.6088,42.4959],[-2.6465,42.4916],[-2.6975,42.5247],[-2.6891,42.563],[-2.6952,42.5978],[-2.7563,42.6176],[-2.7838,42.582],[-2.8224,42.5629],[-2.8333,42.5776],[-2.8265,42.6065],[-2.8581,42.6382],[-2.8915,42.6551],[-2.9076,42.6919],[-2.9251,42.7027],[-2.9825,42.7098],[-3.0178,42.7366],[-3.0407,42.7432],[-3.0569,42.7613],[-3.1367,42.7625],[-3.1291,42.7865],[-3.1525,42.8083],[-3.1124,42.8665],[-3.1153,42.8855],[-3.1276,42.8853],[-3.159,42.8601],[-3.1927,42.8632],[-3.2236,42.8356],[-3.2808,42.8805],[-3.2735,42.8995],[-3.2187,42.947],[-3.1576,42.9367],[-3.1427,42.9168],[-3.1169,42.9053],[-3.0832,42.9009],[-3.0249,42.9093],[-2.9884,42.9392],[-3.0339,42.9685],[-3.037,42.9822],[-2.9926,42.9897],[-2.989,43.0074],[-3.0272,43.0204],[-3.0255,43.036],[-3.0333,43.0452],[-3.0546,43.0421],[-3.089,43.0016],[-3.1651,43.0177],[-3.1459,43.0365],[-3.1435,43.0608],[-3.151,43.0762],[-3.1392,43.1008],[-3.1772,43.1208],[-3.1603,43.1507],[-3.1414,43.1615],[-3.1088,43.147],[-3.0734,43.1495],[-3.0304,43.1656],[-3.0183,43.2039],[-2.9868,43.1992],[-2.9477,43.1623],[-2.9407,43.1409],[-2.9528,43.1208],[-2.9701,43.0973],[-2.8946,43.0485],[-2.8642,43.051],[-2.7648,43.0274],[-2.6922,43.0286],[-2.6654,43.0291],[-2.6358,43.0223],[-2.6341,43.0412],[-2.6585,43.0654],[-2.6557,43.0759],[-2.6314,43.0858],[-2.5464,43.088],[-2.5283,43.0457],[-2.5488,43.0221],[-2.5969,43.0049],[-2.5989,42.9806],[-2.5839,42.9678],[-2.5446,42.9552],[-2.5316,42.9709],[-2.5039,42.9614],[-2.4779,42.9646],[-2.357,42.9478],[-2.304,42.9243],[-2.2869,42.9035],[-2.2508,42.8957],[-2.2343,42.8415],[-2.2654,42.8128],[-2.2781,42.7853],[-2.266,42.7499],[-2.3143,42.737],[-2.3194,42.7291],[-2.3131,42.6797],[-2.2932,42.6722],[-2.2937,42.6533],[-2.3539,42.6352],[-2.3725,42.6387],[-2.3906,42.6582],[-2.4168,42.6605],[-2.4463,42.6482],[-2.4821,42.6151],[-2.4979,42.6131],[-2.4904,42.589],[-2.4655,42.5863],[-2.453,42.5705],[-2.4234,42.6024],[-2.3996,42.5949],[-2.3918,42.5557],[-2.399,42.5387],[-2.3949,42.5198],[-2.4198,42.5104],[-2.4207,42.4893]],[[-2.8644,42.741],[-2.8537,42.7291],[-2.784,42.6959],[-2.7676,42.667],[-2.7217,42.6636],[-2.6922,42.6721],[-2.6603,42.6683],[-2.6286,42.6499],[-2.5439,42.6403],[-2.5253,42.6499],[-2.5298,42.6821],[-2.5696,42.671],[-2.6031,42.698],[-2.6007,42.7098],[-2.5714,42.7317],[-2.5654,42.7575],[-2.5854,42.7554],[-2.607,42.7683],[-2.6442,42.7679],[-2.6922,42.7805],[-2.7394,42.7936],[-2.8351,42.7924],[-2.8644,42.741]],[[-2.9822,42.9915],[-2.9765,42.9885],[-2.9575,42.9944],[-2.9549,42.9991],[-2.9661,43.002],[-2.9822,42.9915]]]]}},{"type":"Feature","properties":{"tipo":"provincia","id":"ES212","nombre":"Gipuzkoa"},"geometry":{"type":"MultiPolygon","coordinates":[[[[-1.7289,43.2961],[-1.7853,43.2836],[-1.7926,43.2611],[-1.7972,43.2472],[-1.8301,43.2278],[-1.8605,43.2166],[-1.8746,43.2273],[-1.8853,43.2091],[-1.9122,43.2195],[-1.9209,43.178],[-1.9063,43.1352],[-1.9227,43.1208],[-1.9477,43.099],[-2.018,43.0683],[-2.0231,43.0449],[-2.04,43.0258],[-2.0306,43.0006],[-2.0369,42.9855],[-2.0683,42.9781],[-2.0919,42.9725],[-2.1125,42.9451],[-2.1751,42.9363],[-2.2084,42.9483],[-2.2343,42.9268],[-2.2393,42.8989],[-2.2508,42.8957],[-2.2869,42.9035],[-2.304,42.9243],[-2.357,42.9478],[-2.4779,42.9646],[-2.5039,42.9614],[-2.5316,42.9709],[-2.5446,42.9552],[-2.5839,42.9678],[-2.5989,42.9806],[-2.5969,43.0049],[-2.5488,43.0221],[-2.5283,43.0457],[-2.5464,43.088],[-2.5045,43.1049],[-2.4917,43.2156],[-2.457,43.2309],[-2.4282,43.2611],[-2.435,43.2943],[-2.4128,43.3211],[-2.3227,43.2976],[-2.2817,43.2956],[-2.2265,43.3093],[-2.1769,43.2891],[-2.1285,43.2901],[-2.1125,43.2991],[-2.0683,43.308],[-1.909,43.3401],[-1.8618,43.3727],[-1.7944,43.3919],[-1.786,43.3505],[-1.742,43.3294],[-1.7289,43.2961]]]]}},{"type":"Feature","properties":{"tipo":"provincia","id":"ES213","nombre":"Bizkaia"},"geometry":{"type":"MultiPolygon","coordinates":[[[[-2.4128,43.3211],[-2.435,43.2943],[-2.4282,43.2611],[-2.457,43.2309],[-2.4917,43.2156],[-2.5045,43.1049],[-2.5464,43.088],[-2.6314,43.0858],[-2.6557,43.0759],[-2.6585,43.0654],[-2.6341,43.0412],[-2.6358,43.0223],[-2.6654,43.0291],[-2.6922,43.0286],[-2.7648,43.0274],[-2.8642,43.051],[-2.8946,43.0485],[-2.9701,43.0973],[-2.9528,43.1208],[-2.9407,43.1409],[-2.9477,43.1623],[-2.9868,43.1992],[-3.0183,43.2039],[-3.0304,43.1656],[-3.0734,43.1495],[-3.1088,43.147],[-3.1414,43.1615],[-3.1606,43.1767],[-3.2241,43.1752],[-3.26,43.1972],[-3.4177,43.1334],[-3.4472,43.2341],[-3.3983,43.2495],[-3.3879,43.2611],[-3.3793,43.2707],[-3.3458,43.2767],[-3.3342,43.2983],[-3.2134,43.2849],[-3.1601,43.3021],[-3.1508,43.3148],[-3.1533,43.3532],[-3.0925,43.3597],[-3.0203,43.329],[-3.0155,43.3425],[-3.0291,43.3762],[-2.9525,43.415],[-2.9369,43.4335],[-2.8133,43.432],[-2.7547,43.4508],[-2.6922,43.4066],[-2.645,43.4139],[-2.6197,43.394],[-2.5116,43.3752],[-2.4616,43.3391],[-2.4128,43.3211]],[[-3.3032,43.2545],[-3.2942,43.207],[-3.2832,43.1994],[-3.2694,43.2065],[-3.2695,43.2274],[-3.2528,43.2611],[-3.2669,43.2669],[-3.2802,43.2621],[-3.2868,43.2611],[-3.3032,43.2545]]],[[[-3.089,43.0016],[-3.0546,43.0421],[-3.0333,43.0452],[-3.0255,43.036],[-3.0272,43.0204],[-2.989,43.0074],[-2.9926,42.9897],[-3.037,42.9822],[-3.0678,43.0051],[-3.089,43.0016]]],[[[-2.9822,42.9915],[-2.9661,43.002],[-2.9549,42.9991],[-2.9575,42.9944],[-2.9765,42.9885],[-2.9822,42.9915]]]]}}]}