{"type":"FeatureCollection","name":"viento","features":[{"type":"Feature","geometry":{"type":"Point","coordinates":[0.871385,40.95806]},"properties":{"fuente":"AEMET","id":"0002I","nombre":"VANDELLÓS","fecha_utc":"2026-10-07T16:00:00+00:00","velocidad_kmh":11.2,"racha_kmh":36.0,"direccion_grados":205.0,"direccion_cardinal":"SSO","hacia_grados":25.0,"antiguedad_min":41,"temperatura_c":26.1,"humedad_pct":42.0,"regla_30":false,"tipo_dato":"observación"}},{"type":"Feature","geometry":{"type":"Point","coordinates":[0.963335,41.213892]},"properties":{"fuente":"AEMET","id":"0009X","nombre":"ALFORJA","fecha_utc":"2026-10-07T15:00:00+00:00","velocidad_kmh":12.2,"racha_kmh":29.9,"direccion_grados":272.0,"direccion_cardinal":"O","hacia_grados":92.0,"antiguedad_min":101,"temperatura_c":24.5,"humedad_pct":50.0,"regla_30":false,"tipo_dato":"observación"}},{"type":"Feature","geometry":{"type":"Point","coordinates":[1.163611,41.145]},"properties":{"fuente":"AEMET","id":"0016A","nombre":"REUS · AEROPUERTO","fecha_utc":"2026-10-07T16:00:00+00:00","velocidad_kmh":23.0,"racha_kmh":37.1,"direccion_grados":270.0,"direccion_cardinal":"O","hacia_grados":90.0,"antiguedad_min":41,"temperatura_c":27.1,"humedad_pct":41.0,"regla_30":false,"tipo_dato":"observación"}},{"type":"Feature","geometry":{"type":"Point","coordinates":[1.260838,41.293053]},"properties":{"fuente":"AEMET","id":"0034X","nombre":"VALLS","fecha_utc":"2026-10-07T16:00:00+00:00","velocidad_kmh":null,"racha_kmh":null,"direccion_grados":null,"direccion_cardinal":null,"hacia_grados":null,"antiguedad_min":41,"temperatura_c":24.5,"humedad_pct":53.0,"regla_30":null,"tipo_dato":"observación"}},{"type":"Feature","geometry":{"type":"Point","coordinates":[1.249167,41.123892]},"properties":{"fuente":"AEMET","id":"0042Y","nombre":"TARRAGONA · FAC. GEOGRAFIA","fecha_utc":"2026-10-07T14:00:00+00:00","velocidad_kmh":7.2,"racha_kmh":23.4,"direccion_grados":273.0,"direccion_cardinal":"O","hacia_grados":93.0,"antiguedad_min":161,"temperatura_c":28.4,"humedad_pct":49.0,"regla_30":false,"tipo_dato":"observación"}},{"type":"Feature","geometry":{"type":"Point","coordinates":[1.519269,41.417052]},"properties":{"fuente":"AEMET","id":"0061X","nombre":"PONTONS","fecha_utc":"2026-10-07T15:00:00+00:00","velocidad_kmh":21.6,"racha_kmh":34.9,"direccion_grados":291.0,"direccion_cardinal":"ONO","hacia_grados":111.0,"antiguedad_min":101,"temperatura_c":20.8,"humedad_pct":51.0,"regla_30":false,"tipo_dato":"observación"}},{"type":"Feature","geometry":{"type":"Point","coordinates":[1.676942,41.330279]},"properties":{"fuente":"AEMET","id":"0066X","nombre":"VILAFRANCA DEL PENEDÈS","fecha_utc":"2026-10-07T15:00:00+00:00","velocidad_kmh":9.0,"racha_kmh":25.2,"direccion_grados":229.0,"direccion_cardinal":"SO","hacia_grados":49.0,"antiguedad_min":101,"temperatura_c":26.3,"humedad_pct":53.0,"regla_30":false,"tipo_dato":"observación"}},{"type":"Feature","geometry":{"type":"Point","coordinates":[1.852626,41.243784]},"properties":{"fuente":"AEMET","id":"0073X","nombre":"SITGES · VALLCARCA","fecha_utc":"2026-10-07T13:00:00+00:00","velocidad_kmh":3.6,"racha_kmh":13.0,"direccion_grados":332.0,"direccion_cardinal":"NNO","hacia_grados":152.0,"antiguedad_min":221,"temperatura_c":25.7,"humedad_pct":61.0,"regla_30":false,"tipo_dato":"observación"}},{"type":"Feature","geometry":{"type":"Point","coordinates":[2.060599,41.291575]},"properties":{"fuente":"AEMET","id":"0076","nombre":"BARCELONA · AEROPUERTO","fecha_utc":"2026-10-07T16:00:00+00:00","velocidad_kmh":23.0,"racha_kmh":37.1,"direccion_grados":240.0,"direccion_cardinal":"OSO","hacia_grados":60.0,"antiguedad_min":41,"temperatura_c":24.8,"humedad_pct":57.0,"regla_30":false,"tipo_dato":"observación"}},{"type":"Feature","geometry":{"type":"Point","coordinates":[1.857494,42.101388]},"properties":{"fuente":"AEMET","id":"0092X","nombre":"BERGA · INSTITUTO","fecha_utc":"2026-10-07T15:00:00+00:00","velocidad_kmh":20.2,"racha_kmh":36.7,"direccion_grados":255.0,"direccion_cardinal":"OSO","hacia_grados":75.0,"antiguedad_min":101,"temperatura_c":20.7,"humedad_pct":72.0,"regla_30":false,"tipo_dato":"observación"}},{"type":"Feature","geometry":{"type":"Point","coordinates":[1.872504,41.866387]},"properties":{"fuente":"AEMET","id":"0106X","nombre":"BALSARENY","fecha_utc":"2026-10-07T15:00:00+00:00","velocidad_kmh":18.7,"racha_kmh":null,"direccion_grados":null,"direccion_cardinal":null,"hacia_grados":null,"antiguedad_min":101,"temperatura_c":23.4,"humedad_pct":57.0,"regla_30":false,"tipo_dato":"observación"}},{"type":"Feature","geometry":{"type":"Point","coordinates":[2.026561,42.007057]},"properties":{"fuente":"AEMET","id":"0114X","nombre":"PRATS DE LLUÇANÈS","fecha_utc":"2026-10-07T16:00:00+00:00","velocidad_kmh":12.6,"racha_kmh":28.8,"direccion_grados":251.0,"direccion_cardinal":"OSO","hacia_grados":71.0,"antiguedad_min":41,"temperatura_c":20.0,"humedad_pct":67.0,"regla_30":false,"tipo_dato":"observación"}},{"type":"Feature","geometry":{"type":"Point","coordinates":[2.09539,41.813278]},"properties":{"fuente":"AEMET","id":"0120X","nombre":"MOIÀ","fecha_utc":"2026-10-07T16:00:00+00:00","velocidad_kmh":11.2,"racha_kmh":29.9,"direccion_grados":261.0,"direccion_cardinal":"O","hacia_grados":81.0,"antiguedad_min":41,"temperatura_c":19.3,"humedad_pct":70.0,"regla_30":false,"tipo_dato":"observación"}},{"type":"Feature","geometry":{"type":"Point","coordinates":[1.601584,41.947979]},"properties":{"fuente":"AEMET","id":"0131X","nombre":"RINER - XIXONS","fecha_utc":"2026-10-07T16:00:00+00:00","velocidad_kmh":7.2,"racha_kmh":34.6,"direccion_grados":291.0,"direccion_cardinal":"ONO","hacia_grados":111.0,"antiguedad_min":41,"temperatura_c":19.0,"humedad_pct":63.0,"regla_30":false,"tipo_dato":"observación"}},{"type":"Feature","geometry":{"type":"Point","coordinates":[1.84028,41.719881]},"properties":{"fuente":"AEMET","id":"0149X","nombre":"MANRESA","fecha_utc":"2026-10-07T16:00:00+00:00","velocidad_kmh":12.2,"racha_kmh":30.2,"direccion_grados":262.0,"direccion_cardinal":"O","hacia_grados":82.0,"antiguedad_min":41,"temperatura_c":24.0,"humedad_pct":53.0,"regla_30":false,"tipo_dato":"observación"}},{"type":"Feature","geometry":{"type":"Point","coordinates":[1.599167,41.5875]},"properties":{"fuente":"AEMET","id":"0171F","nombre":"IGUALADA - MUNTANYETA","fecha_utc":"2026-10-07T16:00:00+00:00","velocidad_kmh":8.6,"racha_kmh":23.0,"direccion_grados":252.0,"direccion_cardinal":"OSO","hacia_grados":72.0,"antiguedad_min":41,"temperatura_c":24.0,"humedad_pct":49.0,"regla_30":false,"tipo_dato":"observación"}},{"type":"Feature","geometry":{"type":"Point","coordinates":[1.885,41.408192]},"properties":{"fuente":"AEMET","id":"0194D","nombre":"CORBERA · PUIG D?AGULLES","fecha_utc":"2026-10-07T16:00:00+00:00","velocidad_kmh":null,"racha_kmh":null,"direccion_grados":null,"direccion_cardinal":null,"hacia_grados":null,"antiguedad_min":41,"temperatura_c":19.7,"humedad_pct":68.0,"regla_30":null,"tipo_dato":"observación"}},{"type":"Feature","geometry":{"type":"Point","coordinates":[2.200001,41.390555]},"properties":{"fuente":"AEMET","id":"0201D","nombre":"BARCELONA · PORT OLÍMPIC","fecha_utc":"2026-10-07T16:00:00+00:00","velocidad_kmh":19.4,"racha_kmh":31.7,"direccion_grados":236.0,"direccion_cardinal":"SO","hacia_grados":56.0,"antiguedad_min":41,"temperatura_c":25.4,"humedad_pct":55.0,"regla_30":false,"tipo_dato":"observación"}},{"type":"Feature","geometry":{"type":"Point","coordinates":[2.173886,41.374998]},"properties":{"fuente":"AEMET","id":"0201X","nombre":"BARCELONA · DRASSANES","fecha_utc":"2026-10-07T15:00:00+00:00","velocidad_kmh":12.6,"racha_kmh":27.7,"direccion_grados":304.0,"direccion_cardinal":"NO","hacia_grados":124.0,"antiguedad_min":101,"temperatura_c":25.7,"humedad_pct":57.0,"regla_30":false,"tipo_dato":"observación"}},{"type":"Feature","geometry":{"type":"Point","coordinates":[2.168412,41.612663]},"properties":{"fuente":"AEMET","id":"0222X","nombre":"CALDES DE MONTBUI","fecha_utc":"2026-10-07T15:00:00+00:00","velocidad_kmh":14.0,"racha_kmh":26.3,"direccion_grados":209.0,"direccion_cardinal":"SSO","hacia_grados":29.0,"antiguedad_min":101,"temperatura_c":25.1,"humedad_pct":56.0,"regla_30":false,"tipo_dato":"observación"}},{"type":"Feature","geometry":{"type":"Point","coordinates":[2.362637,41.504893]},"properties":{"fuente":"AEMET","id":"0244X","nombre":"VILASSAR DE DALT","fecha_utc":"2026-10-07T16:00:00+00:00","velocidad_kmh":13.0,"racha_kmh":28.8,"direccion_grados":240.0,"direccion_cardinal":"OSO","hacia_grados":60.0,"antiguedad_min":41,"temperatura_c":25.4,"humedad_pct":63.0,"regla_30":false,"tipo_dato":"observación"}},{"type":"Feature","geometry":{"type":"Point","coordinates":[2.54,41.587222]},"properties":{"fuente":"AEMET","id":"0252D","nombre":"ARENYS DE MAR","fecha_utc":"2026-10-07T16:00:00+00:00","velocidad_kmh":16.2,"racha_kmh":27.0,"direccion_grados":217.0,"direccion_cardinal":"SO","hacia_grados":37.0,"antiguedad_min":41,"temperatura_c":24.0,"humedad_pct":66.0,"regla_30":false,"tipo_dato":"observación"}},{"type":"Feature","geometry":{"type":"Point","coordinates":[2.431023,41.760064]},"properties":{"fuente":"AEMET","id":"0260X","nombre":"FONTMARTINA","fecha_utc":"2026-10-07T16:00:00+00:00","velocidad_kmh":null,"racha_kmh":null,"direccion_grados":null,"direccion_cardinal":null,"hacia_grados":null,"antiguedad_min":41,"temperatura_c":18.0,"humedad_pct":74.0,"regla_30":null,"tipo_dato":"observación"}},{"type":"Feature","geometry":{"type":"Point","coordinates":[2.805112,41.677054]},"properties":{"fuente":"AEMET","id":"0281Y","nombre":"BLANES · JARDIN BOTANICO","fecha_utc":"2026-10-07T15:00:00+00:00","velocidad_kmh":21.6,"racha_kmh":39.6,"direccion_grados":203.0,"direccion_cardinal":"SSO","hacia_grados":23.0,"antiguedad_min":101,"temperatura_c":24.2,"humedad_pct":66.0,"regla_30":false,"tipo_dato":"observación"}},{"type":"Feature","geometry":{"type":"Point","coordinates":[3.030933,41.807814]},"properties":{"fuente":"AEMET","id":"0284X","nombre":"CASTELL D?ARO","fecha_utc":"2026-10-07T15:00:00+00:00","velocidad_kmh":13.3,"racha_kmh":33.8,"direccion_grados":199.0,"direccion_cardinal":"SSO","hacia_grados":19.0,"antiguedad_min":101,"temperatura_c":24.3,"humedad_pct":73.0,"regla_30":false,"tipo_dato":"observación"}},{"type":"Feature","geometry":{"type":"Point","coordinates":[2.364353,42.258444]},"properties":{"fuente":"AEMET","id":"0312X","nombre":"SANT PAU DE SEGURIES","fecha_utc":"2026-10-07T15:00:00+00:00","velocidad_kmh":9.4,"racha_kmh":29.5,"direccion_grados":234.0,"direccion_cardinal":"SO","hacia_grados":54.0,"antiguedad_min":101,"temperatura_c":20.6,"humedad_pct":59.0,"regla_30":false,"tipo_dato":"observación"}},{"type":"Feature","geometry":{"type":"Point","coordinates":[2.102774,42.316878]},"properties":{"fuente":"AEMET","id":"0320I","nombre":"PLANOLES","fecha_utc":"2026-10-07T16:00:00+00:00","velocidad_kmh":6.8,"racha_kmh":33.1,"direccion_grados":296.0,"direccion_cardinal":"ONO","hacia_grados":116.0,"antiguedad_min":41,"temperatura_c":15.9,"humedad_pct":71.0,"regla_30":false,"tipo_dato":"observación"}},{"type":"Feature","geometry":{"type":"Point","coordinates":[2.196187,42.191387]},"properties":{"fuente":"AEMET","id":"0324A","nombre":"RIPOLL","fecha_utc":"2026-10-07T15:00:00+00:00","velocidad_kmh":9.7,"racha_kmh":24.1,"direccion_grados":151.0,"direccion_cardinal":"SSE","hacia_grados":331.0,"antiguedad_min":101,"temperatura_c":22.0,"humedad_pct":58.0,"regla_30":false,"tipo_dato":"observación"}},{"type":"Feature","geometry":{"type":"Point","coordinates":[2.551007,42.052837]},"properties":{"fuente":"AEMET","id":"0360X","nombre":"LES PLANES D?HOSTOLES","fecha_utc":"2026-10-07T16:00:00+00:00","velocidad_kmh":1.8,"racha_kmh":17.6,"direccion_grados":20.0,"direccion_cardinal":"NNE","hacia_grados":200.0,"antiguedad_min":41,"temperatura_c":23.6,"humedad_pct":63.0,"regla_30":false,"tipo_dato":"observación"}},{"type":"Feature","geometry":{"type":"Point","coordinates":[2.513329,41.880833]},"properties":{"fuente":"AEMET","id":"0363X","nombre":"SANT HILARI","fecha_utc":"2026-10-07T15:00:00+00:00","velocidad_kmh":16.9,"racha_kmh":33.8,"direccion_grados":305.0,"direccion_cardinal":"NO","hacia_grados":125.0,"antiguedad_min":101,"temperatura_c":20.6,"humedad_pct":57.0,"regla_30":false,"tipo_dato":"observación"}},{"type":"Feature","geometry":{"type":"Point","coordinates":[2.763329,41.911665]},"properties":{"fuente":"AEMET","id":"0367","nombre":"GIRONA · AEROPUERTO","fecha_utc":"2026-10-07T16:00:00+00:00","velocidad_kmh":20.9,"racha_kmh":38.9,"direccion_grados":190.0,"direccion_cardinal":"S","hacia_grados":10.0,"antiguedad_min":41,"temperatura_c":25.0,"humedad_pct":61.0,"regla_30":false,"tipo_dato":"observación"}},{"type":"Feature","geometry":{"type":"Point","coordinates":[2.819442,41.972333]},"properties":{"fuente":"AEMET","id":"0370E","nombre":"GIRONA · PARC DEL MIGDIA","fecha_utc":"2026-10-07T16:00:00+00:00","velocidad_kmh":8.6,"racha_kmh":25.2,"direccion_grados":159.0,"direccion_cardinal":"SSE","hacia_grados":339.0,"antiguedad_min":41,"temperatura_c":null,"humedad_pct":null,"regla_30":null,"tipo_dato":"observación"}},{"type":"Feature","geometry":{"type":"Point","coordinates":[2.763611,42.104444]},"properties":{"fuente":"AEMET","id":"0372C","nombre":"PORQUERES","fecha_utc":"2026-10-07T16:00:00+00:00","velocidad_kmh":6.5,"racha_kmh":18.4,"direccion_grados":227.0,"direccion_cardinal":"SO","hacia_grados":47.0,"antiguedad_min":41,"temperatura_c":25.7,"humedad_pct":61.0,"regla_30":false,"tipo_dato":"observación"}},{"type":"Feature","geometry":{"type":"Point","coordinates":[3.201389,42.053888]},"properties":{"fuente":"AEMET","id":"0385X","nombre":"L?ESTARTIT","fecha_utc":"2026-10-07T16:00:00+00:00","velocidad_kmh":14.8,"racha_kmh":24.8,"direccion_grados":181.0,"direccion_cardinal":"S","hacia_grados":1.0,"antiguedad_min":41,"temperatura_c":24.0,"humedad_pct":75.0,"regla_30":false,"tipo_dato":"observación"}},{"type":"Feature","geometry":{"type":"Point","coordinates":[2.471827,42.210555]},"properties":{"fuente":"AEMET","id":"0394X","nombre":"VALL DE BIANYA","fecha_utc":"2026-10-07T16:00:00+00:00","velocidad_kmh":2.5,"racha_kmh":17.6,"direccion_grados":169.0,"direccion_cardinal":"S","hacia_grados":349.0,"antiguedad_min":41,"temperatura_c":23.1,"humedad_pct":57.0,"regla_30":false,"tipo_dato":"observación"}},{"type":"Feature","geometry":{"type":"Point","coordinates":[2.75558,42.386925]},"properties":{"fuente":"AEMET","id":"0413A","nombre":"MAÇANET DE CABRENYS","fecha_utc":"2026-10-07T15:00:00+00:00","velocidad_kmh":4.3,"racha_kmh":10.1,"direccion_grados":102.0,"direccion_cardinal":"ESE","hacia_grados":282.0,"antiguedad_min":101,"temperatura_c":23.1,"humedad_pct":69.0,"regla_30":false,"tipo_dato":"observación"}},{"type":"Feature","geometry":{"type":"Point","coordinates":[3.006114,42.389881]},"properties":{"fuente":"AEMET","id":"0421X","nombre":"ESPOLLA · LES ALBERES","fecha_utc":"2026-10-07T15:00:00+00:00","velocidad_kmh":9.7,"racha_kmh":16.6,"direccion_grados":57.0,"direccion_cardinal":"ENE","hacia_grados":237.0,"antiguedad_min":101,"temperatura_c":24.7,"humedad_pct":69.0,"regla_30":false,"tipo_dato":"observación"}},{"type":"Feature","geometry":{"type":"Point","coordinates":[2.960328,42.259082]},"properties":{"fuente":"AEMET","id":"0429X","nombre":"FIGUERES · ELS ASPRES","fecha_utc":"2026-10-07T16:00:00+00:00","velocidad_kmh":9.4,"racha_kmh":25.6,"direccion_grados":41.0,"direccion_cardinal":"NE","hacia_grados":221.0,"antiguedad_min":41,"temperatura_c":24.4,"humedad_pct":68.0,"regla_30":false,"tipo_dato":"observación"}},{"type":"Feature","geometry":{"type":"Point","coordinates":[3.206944,42.328889]},"properties":{"fuente":"AEMET","id":"0433X","nombre":"EL PORT DE LA SELVA","fecha_utc":"2026-10-07T16:00:00+00:00","velocidad_kmh":7.6,"racha_kmh":21.2,"direccion_grados":34.0,"direccion_cardinal":"NE","hacia_grados":214.0,"antiguedad_min":41,"temperatura_c":21.9,"humedad_pct":82.0,"regla_30":false,"tipo_dato":"observación"}},{"type":"Feature","geometry":{"type":"Point","coordinates":[-1.542961,43.135722]},"properties":{"fuente":"AEMET","id":"1002Y","nombre":"BAZTÁN · IRURITA","fecha_utc":"2026-10-07T16:00:00+00:00","velocidad_kmh":2.9,"racha_kmh":5.8,"direccion_grados":301.0,"direccion_cardinal":"ONO","hacia_grados":121.0,"antiguedad_min":41,"temperatura_c":18.7,"humedad_pct":92.0,"regla_30":false,"tipo_dato":"observación"}},{"type":"Feature","geometry":{"type":"Point","coordinates":[-1.675786,43.278691]},"properties":{"fuente":"AEMET","id":"1010X","nombre":"BERA","fecha_utc":"2026-10-07T16:00:00+00:00","velocidad_kmh":1.1,"racha_kmh":4.0,"direccion_grados":35.0,"direccion_cardinal":"NE","hacia_grados":215.0,"antiguedad_min":41,"temperatura_c":20.8,"humedad_pct":80.0,"regla_30":false,"tipo_dato":"observación"}},{"type":"Feature","geometry":{"type":"Point","coordinates":[-1.796536,43.326407]},"properties":{"fuente":"AEMET","id":"1012P","nombre":"IRUN","fecha_utc":"2026-10-07T15:00:00+00:00","velocidad_kmh":1.8,"racha_kmh":7.6,"direccion_grados":278.0,"direccion_cardinal":"O","hacia_grados":98.0,"antiguedad_min":101,"temperatura_c":21.2,"humedad_pct":72.0,"regla_30":false,"tipo_dato":"observación"}},{"type":"Feature","geometry":{"type":"Point","coordinates":[-1.792116,43.357075]},"properties":{"fuente":"AEMET","id":"1014A","nombre":"DONOSTIA/SAN SEBASTIÁN AEROPUERTO","fecha_utc":"2026-10-07T16:00:00+00:00","velocidad_kmh":11.9,"racha_kmh":16.6,"direccion_grados":300.0,"direccion_cardinal":"ONO","hacia_grados":120.0,"antiguedad_min":41,"temperatura_c":21.0,"humedad_pct":71.0,"regla_30":false,"tipo_dato":"observación"}},{"type":"Feature","geometry":{"type":"Point","coordinates":[-1.878823,43.213834]},"properties":{"fuente":"AEMET","id":"1021X","nombre":"ERRENTERIA · AÑARBE","fecha_utc":"2026-10-07T16:00:00+00:00","velocidad_kmh":7.9,"racha_kmh":25.9,"direccion_grados":7.0,"direccion_cardinal":"N","hacia_grados":187.0,"antiguedad_min":41,"temperatura_c":17.8,"humedad_pct":93.0,"regla_30":false,"tipo_dato":"observación"}},{"type":"Feature","geometry":{"type":"Point","coordinates":[-2.041111,43.306389]},"properties":{"fuente":"AEMET","id":"1024X","nombre":"IGELDO","fecha_utc":"2026-10-07T16:00:00+00:00","velocidad_kmh":11.2,"racha_kmh":29.5,"direccion_grados":302.0,"direccion_cardinal":"ONO","hacia_grados":122.0,"antiguedad_min":41,"temperatura_c":16.9,"humedad_pct":94.0,"regla_30":false,"tipo_dato":"observación"}},{"type":"Feature","geometry":{"type":"Point","coordinates":[-2.256663,43.015553]},"properties":{"fuente":"AEMET","id":"1025A","nombre":"SEGURA","fecha_utc":"2026-10-07T16:00:00+00:00","velocidad_kmh":1.4,"racha_kmh":10.1,"direccion_grados":236.0,"direccion_cardinal":"SO","hacia_grados":56.0,"antiguedad_min":41,"temperatura_c":17.6,"humedad_pct":90.0,"regla_30":false,"tipo_dato":"observación"}},{"type":"Feature","geometry":{"type":"Point","coordinates":[-2.232037,43.054634]},"properties":{"fuente":"AEMET","id":"1025X","nombre":"BEASAIN · ARRIARAN","fecha_utc":"2026-10-07T16:00:00+00:00","velocidad_kmh":3.6,"racha_kmh":13.0,"direccion_grados":339.0,"direccion_cardinal":"NNO","hacia_grados":159.0,"antiguedad_min":41,"temperatura_c":16.5,"humedad_pct":94.0,"regla_30":false,"tipo_dato":"observación"}},{"type":"Feature","geometry":{"type":"Point","coordinates":[-2.184273,43.058158]},"properties":{"fuente":"AEMET","id":"1026X","nombre":"ORDIZIA","fecha_utc":"2026-10-07T16:00:00+00:00","velocidad_kmh":9.7,"racha_kmh":24.1,"direccion_grados":262.0,"direccion_cardinal":"O","hacia_grados":82.0,"antiguedad_min":41,"temperatura_c":16.3,"humedad_pct":95.0,"regla_30":false,"tipo_dato":"observación"}},{"type":"Feature","geometry":{"type":"Point","coordinates":[-1.950836,43.084999]},"properties":{"fuente":"AEMET","id":"1033X","nombre":"ARESO","fecha_utc":"2026-10-07T16:00:00+00:00","velocidad_kmh":3.2,"racha_kmh":18.4,"direccion_grados":195.0,"direccion_cardinal":"SSO","hacia_grados":15.0,"antiguedad_min":41,"temperatura_c":15.7,"humedad_pct":91.0,"regla_30":false,"tipo_dato":"observación"}},{"type":"Feature","geometry":{"type":"Point","coordinates":[-2.337095,43.051797]},"properties":{"fuente":"AEMET","id":"1037X","nombre":"LEGAZPI","fecha_utc":"2026-10-07T16:00:00+00:00","velocidad_kmh":7.9,"racha_kmh":24.5,"direccion_grados":286.0,"direccion_cardinal":"ONO","hacia_grados":106.0,"antiguedad_min":41,"temperatura_c":15.7,"humedad_pct":91.0,"regla_30":false,"tipo_dato":"observación"}},{"type":"Feature","geometry":{"type":"Point","coordinates":[-2.3175,43.079917]},"properties":{"fuente":"AEMET","id":"1037Y","nombre":"ZUMARRAGA","fecha_utc":"2026-10-07T16:00:00+00:00","velocidad_kmh":19.8,"racha_kmh":28.4,"direccion_grados":290.0,"direccion_cardinal":"ONO","hacia_grados":110.0,"antiguedad_min":41,"temperatura_c":15.6,"humedad_pct":95.0,"regla_30":false,"tipo_dato":"observación"}},{"type":"Feature","geometry":{"type":"Point","coordinates":[-2.267175,43.172576]},"properties":{"fuente":"AEMET","id":"1038X","nombre":"AZPEITIA","fecha_utc":"2026-10-07T16:00:00+00:00","velocidad_kmh":9.4,"racha_kmh":21.2,"direccion_grados":278.0,"direccion_cardinal":"O","hacia_grados":98.0,"antiguedad_min":41,"temperatura_c":16.4,"humedad_pct":96.0,"regla_30":false,"tipo_dato":"observación"}},{"type":"Feature","geometry":{"type":"Point","coordinates":[-2.251035,43.302139]},"properties":{"fuente":"AEMET","id":"1041A","nombre":"ZUMAIA","fecha_utc":"2026-10-07T16:00:00+00:00","velocidad_kmh":36.7,"racha_kmh":55.8,"direccion_grados":248.0,"direccion_cardinal":"OSO","hacia_grados":68.0,"antiguedad_min":41,"temperatura_c":18.8,"humedad_pct":96.0,"regla_30":false,"tipo_dato":"observación"}},{"type":"Feature","geometry":{"type":"Point","coordinates":[-2.589645,43.057835]},"properties":{"fuente":"AEMET","id":"1044X","nombre":"ARAMAIO · ETXAGUEN","fecha_utc":"2026-10-07T16:00:00+00:00","velocidad_kmh":null,"racha_kmh":null,"direccion_grados":null,"direccion_cardinal":null,"hacia_grados":null,"antiguedad_min":41,"temperatura_c":14.3,"humedad_pct":96.0,"regla_30":null,"tipo_dato":"observación"}},{"type":"Feature","geometry":{"type":"Point","coordinates":[-2.465715,43.02505]},"properties":{"fuente":"AEMET","id":"1048X","nombre":"ARETXABALETA","fecha_utc":"2026-10-07T16:00:00+00:00","velocidad_kmh":null,"racha_kmh":null,"direccion_grados":null,"direccion_cardinal":null,"hacia_grados":null,"antiguedad_min":41,"temperatura_c":16.5,"humedad_pct":94.0,"regla_30":null,"tipo_dato":"observación"}},{"type":"Feature","geometry":{"type":"Point","coordinates":[-2.495827,43.138333]},"properties":{"fuente":"AEMET","id":"1049N","nombre":"ELGETA","fecha_utc":"2026-10-07T16:00:00+00:00","velocidad_kmh":6.5,"racha_kmh":20.5,"direccion_grados":305.0,"direccion_cardinal":"NO","hacia_grados":125.0,"antiguedad_min":41,"temperatura_c":14.8,"humedad_pct":98.0,"regla_30":false,"tipo_dato":"observación"}},{"type":"Feature","geometry":{"type":"Point","coordinates":[-2.413218,43.209293]},"properties":{"fuente":"AEMET","id":"1050J","nombre":"ELGOIBAR","fecha_utc":"2026-10-07T16:00:00+00:00","velocidad_kmh":5.0,"racha_kmh":37.1,"direccion_grados":298.0,"direccion_cardinal":"ONO","hacia_grados":118.0,"antiguedad_min":41,"temperatura_c":16.7,"humedad_pct":96.0,"regla_30":false,"tipo_dato":"observación"}},{"type":"Feature","geometry":{"type":"Point","coordinates":[-2.397148,43.31722]},"properties":{"fuente":"AEMET","id":"1052A","nombre":"MUTRIKU","fecha_utc":"2026-10-07T16:00:00+00:00","velocidad_kmh":7.9,"racha_kmh":36.4,"direccion_grados":320.0,"direccion_cardinal":"NO","hacia_grados":140.0,"antiguedad_min":41,"temperatura_c":17.1,"humedad_pct":98.0,"regla_30":false,"tipo_dato":"observación"}},{"type":"Feature","geometry":{"type":"Point","coordinates":[-2.671184,43.342388]},"properties":{"fuente":"AEMET","id":"1056K","nombre":"FORUA","fecha_utc":"2026-10-07T16:00:00+00:00","velocidad_kmh":15.5,"racha_kmh":32.0,"direccion_grados":315.0,"direccion_cardinal":"NO","hacia_grados":135.0,"antiguedad_min":41,"temperatura_c":18.4,"humedad_pct":93.0,"regla_30":false,"tipo_dato":"observación"}},{"type":"Feature","geometry":{"type":"Point","coordinates":[-2.752762,43.453906]},"properties":{"fuente":"AEMET","id":"1057B","nombre":"MATXITXAKO","fecha_utc":"2026-10-07T16:00:00+00:00","velocidad_kmh":44.6,"racha_kmh":56.9,"direccion_grados":297.0,"direccion_cardinal":"ONO","hacia_grados":117.0,"antiguedad_min":41,"temperatura_c":20.4,"humedad_pct":84.0,"regla_30":false,"tipo_dato":"observación"}},{"type":"Feature","geometry":{"type":"Point","coordinates":[-3.021602,43.375086]},"properties":{"fuente":"AEMET","id":"1059X","nombre":"PUNTA GALEA","fecha_utc":"2026-10-07T16:00:00+00:00","velocidad_kmh":31.3,"racha_kmh":53.3,"direccion_grados":311.0,"direccion_cardinal":"NO","hacia_grados":131.0,"antiguedad_min":41,"temperatura_c":17.7,"humedad_pct":90.0,"regla_30":false,"tipo_dato":"observación"}},{"type":"Feature","geometry":{"type":"Point","coordinates":[-3.005452,43.050241]},"properties":{"fuente":"AEMET","id":"1060X","nombre":"AMURRIO","fecha_utc":"2026-10-07T16:00:00+00:00","velocidad_kmh":6.1,"racha_kmh":13.0,"direccion_grados":320.0,"direccion_cardinal":"NO","hacia_grados":140.0,"antiguedad_min":41,"temperatura_c":null,"humedad_pct":null,"regla_30":null,"tipo_dato":"observación"}},{"type":"Feature","geometry":{"type":"Point","coordinates":[-2.860274,43.096333]},"properties":{"fuente":"AEMET","id":"1064L","nombre":"OROZKO · IBARRA","fecha_utc":"2026-10-07T16:00:00+00:00","velocidad_kmh":0.4,"racha_kmh":7.6,"direccion_grados":314.0,"direccion_cardinal":"NO","hacia_grados":134.0,"antiguedad_min":41,"temperatura_c":16.0,"humedad_pct":99.0,"regla_30":false,"tipo_dato":"observación"}},{"type":"Feature","geometry":{"type":"Point","coordinates":[-2.644187,43.099233]},"properties":{"fuente":"AEMET","id":"1069Y","nombre":"ABADIÑO · URKIOLA","fecha_utc":"2026-10-07T15:00:00+00:00","velocidad_kmh":null,"racha_kmh":null,"direccion_grados":null,"direccion_cardinal":null,"hacia_grados":null,"antiguedad_min":101,"temperatura_c":14.2,"humedad_pct":90.0,"regla_30":null,"tipo_dato":"observación"}},{"type":"Feature","geometry":{"type":"Point","coordinates":[-2.706153,43.202893]},"properties":{"fuente":"AEMET","id":"1074C","nombre":"AMOREBIETA-ETXANO","fecha_utc":"2026-10-07T16:00:00+00:00","velocidad_kmh":12.6,"racha_kmh":33.1,"direccion_grados":289.0,"direccion_cardinal":"ONO","hacia_grados":109.0,"antiguedad_min":41,"temperatura_c":17.2,"humedad_pct":95.0,"regla_30":false,"tipo_dato":"observación"}},{"type":"Feature","geometry":{"type":"Point","coordinates":[-3.209649,43.180575]},"properties":{"fuente":"AEMET","id":"1078C","nombre":"BALMASEDA","fecha_utc":"2026-10-07T16:00:00+00:00","velocidad_kmh":null,"racha_kmh":null,"direccion_grados":null,"direccion_cardinal":null,"hacia_grados":null,"antiguedad_min":41,"temperatura_c":16.2,"humedad_pct":94.0,"regla_30":null,"tipo_dato":"observación"}},{"type":"Feature","geometry":{"type":"Point","coordinates":[-3.104777,43.203384]},"properties":{"fuente":"AEMET","id":"1078I","nombre":"GÜEÑES","fecha_utc":"2026-10-07T16:00:00+00:00","velocidad_kmh":13.3,"racha_kmh":23.8,"direccion_grados":293.0,"direccion_cardinal":"ONO","hacia_grados":113.0,"antiguedad_min":41,"temperatura_c":16.4,"humedad_pct":98.0,"regla_30":false,"tipo_dato":"observación"}},{"type":"Feature","geometry":{"type":"Point","coordinates":[-2.906304,43.297952]},"properties":{"fuente":"AEMET","id":"1082","nombre":"BILBAO AEROPUERTO","fecha_utc":"2026-10-07T16:00:00+00:00","velocidad_kmh":18.7,"racha_kmh":35.3,"direccion_grados":300.0,"direccion_cardinal":"ONO","hacia_grados":120.0,"antiguedad_min":41,"temperatura_c":18.6,"humedad_pct":89.0,"regla_30":false,"tipo_dato":"observación"}},{"type":"Feature","geometry":{"type":"Point","coordinates":[-3.168615,43.279722]},"properties":{"fuente":"AEMET","id":"1083B","nombre":"SOPUERTA","fecha_utc":"2026-10-07T16:00:00+00:00","velocidad_kmh":7.9,"racha_kmh":28.4,"direccion_grados":284.0,"direccion_cardinal":"ONO","hacia_grados":104.0,"antiguedad_min":41,"temperatura_c":17.3,"humedad_pct":95.0,"regla_30":false,"tipo_dato":"observación"}},{"type":"Feature","geometry":{"type":"Point","coordinates":[-3.233884,43.39473]},"properties":{"fuente":"AEMET","id":"1083L","nombre":"CASTRO URDIALES-EDAR","fecha_utc":"2026-10-07T16:00:00+00:00","velocidad_kmh":33.8,"racha_kmh":52.6,"direccion_grados":303.0,"direccion_cardinal":"ONO","hacia_grados":123.0,"antiguedad_min":41,"temperatura_c":18.3,"humedad_pct":85.0,"regla_30":false,"tipo_dato":"observación"}},{"type":"Feature","geometry":{"type":"Point","coordinates":[-3.47083,43.255834]},"properties":{"fuente":"AEMET","id":"1089U","nombre":"RAMALES DE LA VICTORIA-ETAP","fecha_utc":"2026-10-07T15:00:00+00:00","velocidad_kmh":5.8,"racha_kmh":14.4,"direccion_grados":331.0,"direccion_cardinal":"NNO","hacia_grados":151.0,"antiguedad_min":101,"temperatura_c":16.8,"humedad_pct":94.0,"regla_30":false,"tipo_dato":"observación"}},{"type":"Feature","geometry":{"type":"Point","coordinates":[-3.469721,43.39667]},"properties":{"fuente":"AEMET","id":"1096X","nombre":"TRETO","fecha_utc":"2026-10-07T15:00:00+00:00","velocidad_kmh":9.0,"racha_kmh":22.0,"direccion_grados":268.0,"direccion_cardinal":"O","hacia_grados":88.0,"antiguedad_min":101,"temperatura_c":18.7,"humedad_pct":95.0,"regla_30":false,"tipo_dato":"observación"}},{"type":"Feature","geometry":{"type":"Point","coordinates":[-3.721084,43.227556]},"properties":{"fuente":"AEMET","id":"1103X","nombre":"SAN ROQUE DE RIOMERA-CARACOL","fecha_utc":"2026-10-07T12:00:00+00:00","velocidad_kmh":19.8,"racha_kmh":41.4,"direccion_grados":281.0,"direccion_cardinal":"O","hacia_grados":101.0,"antiguedad_min":281,"temperatura_c":12.3,"humedad_pct":100.0,"regla_30":false,"tipo_dato":"observación"}},{"type":"Feature","geometry":{"type":"Point","coordinates":[-3.831385,43.428613]},"properties":{"fuente":"AEMET","id":"1109X","nombre":"SANTANDER AEROPUERTO","fecha_utc":"2026-10-07T16:00:00+00:00","velocidad_kmh":27.4,"racha_kmh":46.4,"direccion_grados":320.0,"direccion_cardinal":"NO","hacia_grados":140.0,"antiguedad_min":41,"temperatura_c":17.8,"humedad_pct":95.0,"regla_30":false,"tipo_dato":"observación"}},{"type":"Feature","geometry":{"type":"Point","coordinates":[-3.800431,43.491054]},"properties":{"fuente":"AEMET","id":"1111X","nombre":"SANTANDER CMT","fecha_utc":"2026-10-07T16:00:00+00:00","velocidad_kmh":42.5,"racha_kmh":69.8,"direccion_grados":344.0,"direccion_cardinal":"NNO","hacia_grados":164.0,"antiguedad_min":41,"temperatura_c":16.7,"humedad_pct":95.0,"regla_30":false,"tipo_dato":"observación"}},{"type":"Feature","geometry":{"type":"Point","coordinates":[-3.849351,43.2456]},"properties":{"fuente":"AEMET","id":"1124E","nombre":"VILLACARRIEDO - SANTIBAÑEZ","fecha_utc":"2026-10-07T16:00:00+00:00","velocidad_kmh":11.9,"racha_kmh":23.4,"direccion_grados":299.0,"direccion_cardinal":"ONO","hacia_grados":119.0,"antiguedad_min":41,"temperatura_c":15.2,"humedad_pct":96.0,"regla_30":false,"tipo_dato":"observación"}},{"type":"Feature","geometry":{"type":"Point","coordinates":[-4.214141,43.146941]},"properties":{"fuente":"AEMET","id":"1135C","nombre":"BÁRCENA MAYOR-TORIZ","fecha_utc":"2026-10-07T16:00:00+00:00","velocidad_kmh":7.6,"racha_kmh":23.4,"direccion_grados":267.0,"direccion_cardinal":"O","hacia_grados":87.0,"antiguedad_min":41,"temperatura_c":13.2,"humedad_pct":97.0,"regla_30":false,"tipo_dato":"observación"}},{"type":"Feature","geometry":{"type":"Point","coordinates":[-4.048612,43.271942]},"properties":{"fuente":"AEMET","id":"1152C","nombre":"SAN FELICES DE BUELNA-TARRIBA","fecha_utc":"2026-10-07T15:00:00+00:00","velocidad_kmh":10.1,"racha_kmh":34.2,"direccion_grados":263.0,"direccion_cardinal":"O","hacia_grados":83.0,"antiguedad_min":101,"temperatura_c":15.9,"humedad_pct":93.0,"regla_30":false,"tipo_dato":"observación"}},{"type":"Feature","geometry":{"type":"Point","coordinates":[-4.027419,43.358515]},"properties":{"fuente":"AEMET","id":"1154H","nombre":"TORRELAVEGA-SIERRAPANDO","fecha_utc":"2026-10-07T16:00:00+00:00","velocidad_kmh":28.4,"racha_kmh":44.6,"direccion_grados":307.0,"direccion_cardinal":"NO","hacia_grados":127.0,"antiguedad_min":41,"temperatura_c":17.6,"humedad_pct":83.0,"regla_30":false,"tipo_dato":"observación"}},{"type":"Feature","geometry":{"type":"Point","coordinates":[-4.392103,43.393456]},"properties":{"fuente":"AEMET","id":"1159","nombre":"SAN VICENTE-FARO","fecha_utc":"2026-10-07T16:00:00+00:00","velocidad_kmh":27.4,"racha_kmh":53.3,"direccion_grados":287.0,"direccion_cardinal":"ONO","hacia_grados":107.0,"antiguedad_min":41,"temperatura_c":16.9,"humedad_pct":89.0,"regla_30":false,"tipo_dato":"observación"}},{"type":"Feature","geometry":{"type":"Point","coordinates":[-4.812779,43.143893]},"properties":{"fuente":"AEMET","id":"1167B","nombre":"FUENTE DÉ-TELEFÉRICO","fecha_utc":"2026-10-07T16:00:00+00:00","velocidad_kmh":4.7,"racha_kmh":16.9,"direccion_grados":292.0,"direccion_cardinal":"ONO","hacia_grados":112.0,"antiguedad_min":41,"temperatura_c":10.3,"humedad_pct":92.0,"regla_30":false,"tipo_dato":"observación"}},{"type":"Feature","geometry":{"type":"Point","coordinates":[-4.802929,43.154869]},"properties":{"fuente":"AEMET","id":"1167G","nombre":"MIRADOR DEL CABLE · PARQUE NACIONAL PICOS DE EUROPA","fecha_utc":"2026-10-07T16:00:00+00:00","velocidad_kmh":8.3,"racha_kmh":30.2,"direccion_grados":334.0,"direccion_cardinal":"NNO","hacia_grados":154.0,"antiguedad_min":41,"temperatura_c":5.0,"humedad_pct":100.0,"regla_30":false,"tipo_dato":"observación"}},{"type":"Feature","geometry":{"type":"Point","coordinates":[-4.834772,43.176187]},"properties":{"fuente":"AEMET","id":"1167H","nombre":"CABAÑA VERÓNICA · PARQUE NACIONAL PICOS DE EUROPA","fecha_utc":"2026-10-07T15:00:00+00:00","velocidad_kmh":33.8,"racha_kmh":59.4,"direccion_grados":28.0,"direccion_cardinal":"NNE","hacia_grados":208.0,"antiguedad_min":101,"temperatura_c":2.5,"humedad_pct":99.0,"regla_30":false,"tipo_dato":"observación"}},{"type":"Feature","geometry":{"type":"Point","coordinates":[-4.773842,43.089184]},"properties":{"fuente":"AEMET","id":"1167J","nombre":"CORISCAO · PARQUE NACIONAL PICOS DE EUROPA","fecha_utc":"2026-10-07T16:00:00+00:00","velocidad_kmh":5.0,"racha_kmh":31.3,"direccion_grados":120.0,"direccion_cardinal":"ESE","hacia_grados":300.0,"antiguedad_min":41,"temperatura_c":6.5,"humedad_pct":90.0,"regla_30":false,"tipo_dato":"observación"}},{"type":"Feature","geometry":{"type":"Point","coordinates":[-4.601783,43.182862]},"properties":{"fuente":"AEMET","id":"1174I","nombre":"TAMA","fecha_utc":"2026-10-07T15:00:00+00:00","velocidad_kmh":1.8,"racha_kmh":4.3,"direccion_grados":190.0,"direccion_cardinal":"S","hacia_grados":10.0,"antiguedad_min":101,"temperatura_c":15.9,"humedad_pct":96.0,"regla_30":false,"tipo_dato":"observación"}},{"type":"Feature","geometry":{"type":"Point","coordinates":[-4.668234,43.255713]},"properties":{"fuente":"AEMET","id":"1176A","nombre":"TRESVISO","fecha_utc":"2026-10-07T15:00:00+00:00","velocidad_kmh":31.7,"racha_kmh":55.4,"direccion_grados":243.0,"direccion_cardinal":"OSO","hacia_grados":63.0,"antiguedad_min":101,"temperatura_c":11.3,"humedad_pct":90.0,"regla_30":false,"tipo_dato":"observación"}},{"type":"Feature","geometry":{"type":"Point","coordinates":[-4.902024,43.176023]},"properties":{"fuente":"AEMET","id":"1178E","nombre":"CORDIÑANES · PARQUE NACIONAL PICOS DE EUROPA","fecha_utc":"2026-10-07T16:00:00+00:00","velocidad_kmh":0.0,"racha_kmh":3.6,"direccion_grados":0.0,"direccion_cardinal":"N","hacia_grados":180.0,"antiguedad_min":41,"temperatura_c":13.0,"humedad_pct":98.0,"regla_30":false,"tipo_dato":"observación"}},{"type":"Feature","geometry":{"type":"Point","coordinates":[-4.820994,43.202495]},"properties":{"fuente":"AEMET","id":"1178I","nombre":"VEGA DE URRIELLU · PARQUE NACIONAL PICOS DE EUROPA","fecha_utc":"2026-10-07T16:00:00+00:00","velocidad_kmh":18.4,"racha_kmh":51.8,"direccion_grados":86.0,"direccion_cardinal":"E","hacia_grados":266.0,"antiguedad_min":41,"temperatura_c":4.9,"humedad_pct":92.0,"regla_30":false,"tipo_dato":"observación"}},{"type":"Feature","geometry":{"type":"Point","coordinates":[-4.921692,43.243922]},"properties":{"fuente":"AEMET","id":"1178M","nombre":"VEGA DE ARIO · PARQUE NACIONAL PICOS DE EUROPA","fecha_utc":"2026-10-07T16:00:00+00:00","velocidad_kmh":38.2,"racha_kmh":57.6,"direccion_grados":315.0,"direccion_cardinal":"NO","hacia_grados":135.0,"antiguedad_min":41,"temperatura_c":6.5,"humedad_pct":100.0,"regla_30":false,"tipo_dato":"observación"}},{"type":"Feature","geometry":{"type":"Point","coordinates":[-4.736775,43.237387]},"properties":{"fuente":"AEMET","id":"1178R","nombre":"SOTRES · PARQUE NACIONAL PICOS DE EUROPA","fecha_utc":"2026-10-07T16:00:00+00:00","velocidad_kmh":16.9,"racha_kmh":31.7,"direccion_grados":261.0,"direccion_cardinal":"O","hacia_grados":81.0,"antiguedad_min":41,"temperatura_c":8.2,"humedad_pct":93.0,"regla_30":false,"tipo_dato":"observación"}},{"type":"Feature","geometry":{"type":"Point","coordinates":[-4.931762,43.145376]},"properties":{"fuente":"AEMET","id":"1178Y","nombre":"SOTO DE VALDEÓN (AUTOMATICA)","fecha_utc":"2026-10-07T16:00:00+00:00","velocidad_kmh":null,"racha_kmh":null,"direccion_grados":null,"direccion_cardinal":null,"hacia_grados":null,"antiguedad_min":41,"temperatura_c":11.2,"humedad_pct":98.0,"regla_30":null,"tipo_dato":"observación"}},{"type":"Feature","geometry":{"type":"Point","coordinates":[-4.852774,43.311112]},"properties":{"fuente":"AEMET","id":"1179B","nombre":"CARREÑA DE CABRALES","fecha_utc":"2026-10-07T16:00:00+00:00","velocidad_kmh":4.3,"racha_kmh":25.2,"direccion_grados":272.0,"direccion_cardinal":"O","hacia_grados":92.0,"antiguedad_min":41,"temperatura_c":13.0,"humedad_pct":100.0,"regla_30":false,"tipo_dato":"observación"}},{"type":"Feature","geometry":{"type":"Point","coordinates":[-4.849722,43.439167]},"properties":{"fuente":"AEMET","id":"1183J","nombre":"EVC_NIEMBRU-LLANES","fecha_utc":"2026-10-07T16:00:00+00:00","velocidad_kmh":16.6,"racha_kmh":28.1,"direccion_grados":243.0,"direccion_cardinal":"OSO","hacia_grados":63.0,"antiguedad_min":41,"temperatura_c":16.3,"humedad_pct":87.0,"regla_30":false,"tipo_dato":"observación"}},{"type":"Feature","geometry":{"type":"Point","coordinates":[-4.748056,43.420278]},"properties":{"fuente":"AEMET","id":"1183X","nombre":"LLANES","fecha_utc":"2026-10-07T16:00:00+00:00","velocidad_kmh":7.9,"racha_kmh":26.3,"direccion_grados":232.0,"direccion_cardinal":"SO","hacia_grados":52.0,"antiguedad_min":41,"temperatura_c":17.9,"humedad_pct":86.0,"regla_30":false,"tipo_dato":"observación"}},{"type":"Feature","geometry":{"type":"Point","coordinates":[-5.119247,43.266631]},"properties":{"fuente":"AEMET","id":"1186P","nombre":"AMIEVA · PANIZALES","fecha_utc":"2026-10-07T15:00:00+00:00","velocidad_kmh":1.4,"racha_kmh":12.6,"direccion_grados":349.0,"direccion_cardinal":"N","hacia_grados":169.0,"antiguedad_min":101,"temperatura_c":14.1,"humedad_pct":100.0,"regla_30":false,"tipo_dato":"observación"}},{"type":"Feature","geometry":{"type":"Point","coordinates":[-5.00172,43.177372]},"properties":{"fuente":"AEMET","id":"1191D","nombre":"PICO COTORRA · PARQUE NACIONAL PICOS DE EUROPA","fecha_utc":"2026-10-07T16:00:00+00:00","velocidad_kmh":34.6,"racha_kmh":51.8,"direccion_grados":359.0,"direccion_cardinal":"N","hacia_grados":179.0,"antiguedad_min":41,"temperatura_c":7.2,"humedad_pct":100.0,"regla_30":false,"tipo_dato":"observación"}},{"type":"Feature","geometry":{"type":"Point","coordinates":[-5.396674,43.377836]},"properties":{"fuente":"AEMET","id":"1199X","nombre":"BARGAÉU PILOÑA","fecha_utc":"2026-10-07T15:00:00+00:00","velocidad_kmh":4.7,"racha_kmh":16.6,"direccion_grados":284.0,"direccion_cardinal":"ONO","hacia_grados":104.0,"antiguedad_min":101,"temperatura_c":16.8,"humedad_pct":89.0,"regla_30":false,"tipo_dato":"observación"}},{"type":"Feature","geometry":{"type":"Point","coordinates":[-5.282222,43.513889]},"properties":{"fuente":"AEMET","id":"1204X","nombre":"COLUNGA-LLUCES-ASPO","fecha_utc":"2026-10-07T16:00:00+00:00","velocidad_kmh":14.0,"racha_kmh":27.7,"direccion_grados":284.0,"direccion_cardinal":"ONO","hacia_grados":104.0,"antiguedad_min":41,"temperatura_c":17.1,"humedad_pct":92.0,"regla_30":false,"tipo_dato":"observación"}},{"type":"Feature","geometry":{"type":"Point","coordinates":[-5.621111,43.523056]},"properties":{"fuente":"AEMET","id":"1207U","nombre":"GIJÓN-CAMPUS","fecha_utc":"2026-10-07T16:00:00+00:00","velocidad_kmh":7.2,"racha_kmh":27.0,"direccion_grados":308.0,"direccion_cardinal":"NO","hacia_grados":128.0,"antiguedad_min":41,"temperatura_c":17.6,"humedad_pct":92.0,"regla_30":false,"tipo_dato":"observación"}},{"type":"Feature","geometry":{"type":"Point","coordinates":[-5.700833,43.559722]},"properties":{"fuente":"AEMET","id":"1208H","nombre":"GIJÓN · MUSEL","fecha_utc":"2026-10-07T16:00:00+00:00","velocidad_kmh":8.6,"racha_kmh":25.2,"direccion_grados":226.0,"direccion_cardinal":"SO","hacia_grados":46.0,"antiguedad_min":41,"temperatura_c":17.9,"humedad_pct":95.0,"regla_30":false,"tipo_dato":"observación"}},{"type":"Feature","geometry":{"type":"Point","coordinates":[-5.848572,43.655927]},"properties":{"fuente":"AEMET","id":"1210X","nombre":"CABO PEÑAS","fecha_utc":"2026-10-07T16:00:00+00:00","velocidad_kmh":10.1,"racha_kmh":40.3,"direccion_grados":305.0,"direccion_cardinal":"NO","hacia_grados":125.0,"antiguedad_min":41,"temperatura_c":16.8,"humedad_pct":91.0,"regla_30":false,"tipo_dato":"observación"}},{"type":"Feature","geometry":{"type":"Point","coordinates":[-6.044173,43.566941]},"properties":{"fuente":"AEMET","id":"1212E","nombre":"ASTURIAS/AVILÉS","fecha_utc":"2026-10-07T16:00:00+00:00","velocidad_kmh":16.6,"racha_kmh":31.7,"direccion_grados":270.0,"direccion_cardinal":"O","hacia_grados":90.0,"antiguedad_min":41,"temperatura_c":16.8,"humedad_pct":90.0,"regla_30":false,"tipo_dato":"observación"}},{"type":"Feature","geometry":{"type":"Point","coordinates":[-5.776392,42.978608]},"properties":{"fuente":"AEMET","id":"1221D","nombre":"PAJARES - VALGRANDE","fecha_utc":"2026-10-07T16:00:00+00:00","velocidad_kmh":16.9,"racha_kmh":30.2,"direccion_grados":349.0,"direccion_cardinal":"N","hacia_grados":169.0,"antiguedad_min":41,"temperatura_c":6.8,"humedad_pct":100.0,"regla_30":false,"tipo_dato":"observación"}},{"type":"Feature","geometry":{"type":"Point","coordinates":[-5.822748,43.132706]},"properties":{"fuente":"AEMET","id":"1223P","nombre":"RONZÓN","fecha_utc":"2026-10-07T15:00:00+00:00","velocidad_kmh":2.5,"racha_kmh":7.6,"direccion_grados":223.0,"direccion_cardinal":"SO","hacia_grados":43.0,"antiguedad_min":101,"temperatura_c":16.5,"humedad_pct":91.0,"regla_30":false,"tipo_dato":"observación"}},{"type":"Feature","geometry":{"type":"Point","coordinates":[-5.476919,43.095177]},"properties":{"fuente":"AEMET","id":"1226X","nombre":"CUEVAS DE FELECHOSA","fecha_utc":"2026-10-07T15:00:00+00:00","velocidad_kmh":0.4,"racha_kmh":7.6,"direccion_grados":289.0,"direccion_cardinal":"ONO","hacia_grados":109.0,"antiguedad_min":101,"temperatura_c":12.4,"humedad_pct":96.0,"regla_30":false,"tipo_dato":"observación"}},{"type":"Feature","geometry":{"type":"Point","coordinates":[-5.819274,43.274885]},"properties":{"fuente":"AEMET","id":"1234P","nombre":"MIERES-BAÍÑA","fecha_utc":"2026-10-07T16:00:00+00:00","velocidad_kmh":1.8,"racha_kmh":13.0,"direccion_grados":48.0,"direccion_cardinal":"NE","hacia_grados":228.0,"antiguedad_min":41,"temperatura_c":16.4,"humedad_pct":94.0,"regla_30":false,"tipo_dato":"observación"}},{"type":"Feature","geometry":{"type":"Point","coordinates":[-5.873889,43.353333]},"properties":{"fuente":"AEMET","id":"1249X","nombre":"OVIEDO","fecha_utc":"2026-10-07T16:00:00+00:00","velocidad_kmh":10.1,"racha_kmh":19.4,"direccion_grados":271.0,"direccion_cardinal":"O","hacia_grados":91.0,"antiguedad_min":41,"temperatura_c":15.3,"humedad_pct":96.0,"regla_30":false,"tipo_dato":"observación"}},{"type":"Feature","geometry":{"type":"Point","coordinates":[-6.473611,43.237222]},"properties":{"fuente":"AEMET","id":"1263X","nombre":"CANGAS DEL NARCEA-SAN PEDRU CULIEMA","fecha_utc":"2026-10-07T16:00:00+00:00","velocidad_kmh":3.6,"racha_kmh":9.4,"direccion_grados":113.0,"direccion_cardinal":"ESE","hacia_grados":293.0,"antiguedad_min":41,"temperatura_c":13.6,"humedad_pct":99.0,"regla_30":false,"tipo_dato":"observación"}},{"type":"Feature","geometry":{"type":"Point","coordinates":[-6.386539,43.290276]},"properties":{"fuente":"AEMET","id":"1272B","nombre":"SOUTU · LA BARCA","fecha_utc":"2026-10-07T16:00:00+00:00","velocidad_kmh":2.5,"racha_kmh":5.8,"direccion_grados":99.0,"direccion_cardinal":"E","hacia_grados":279.0,"antiguedad_min":41,"temperatura_c":15.0,"humedad_pct":97.0,"regla_30":false,"tipo_dato":"observación"}},{"type":"Feature","geometry":{"type":"Point","coordinates":[-6.256944,43.1]},"properties":{"fuente":"AEMET","id":"1276F","nombre":"POLA DE SOMIEDO-DEPURADORA","fecha_utc":"2026-10-07T16:00:00+00:00","velocidad_kmh":0.4,"racha_kmh":3.6,"direccion_grados":339.0,"direccion_cardinal":"NNO","hacia_grados":159.0,"antiguedad_min":41,"temperatura_c":13.1,"humedad_pct":99.0,"regla_30":false,"tipo_dato":"observación"}},{"type":"Feature","geometry":{"type":"Point","coordinates":[-6.230729,43.424999]},"properties":{"fuente":"AEMET","id":"1279X","nombre":"CAMUÑO","fecha_utc":"2026-10-07T15:00:00+00:00","velocidad_kmh":4.7,"racha_kmh":9.0,"direccion_grados":197.0,"direccion_cardinal":"SSO","hacia_grados":17.0,"antiguedad_min":101,"temperatura_c":17.1,"humedad_pct":92.0,"regla_30":false,"tipo_dato":"observación"}},{"type":"Feature","geometry":{"type":"Point","coordinates":[-6.469998,43.569166]},"properties":{"fuente":"AEMET","id":"1283U","nombre":"CABO BUSTO","fecha_utc":"2026-10-07T16:00:00+00:00","velocidad_kmh":18.4,"racha_kmh":25.9,"direccion_grados":280.0,"direccion_cardinal":"O","hacia_grados":100.0,"antiguedad_min":41,"temperatura_c":17.4,"humedad_pct":94.0,"regla_30":false,"tipo_dato":"observación"}},{"type":"Feature","geometry":{"type":"Point","coordinates":[-7.017618,42.768579]},"properties":{"fuente":"AEMET","id":"1297E","nombre":"CERVANTES-BAZAL","fecha_utc":"2026-10-07T12:00:00+00:00","velocidad_kmh":7.2,"racha_kmh":20.9,"direccion_grados":348.0,"direccion_cardinal":"NNO","hacia_grados":168.0,"antiguedad_min":281,"temperatura_c":12.9,"humedad_pct":88.0,"regla_30":false,"tipo_dato":"observación"}},{"type":"Feature","geometry":{"type":"Point","coordinates":[-6.884876,43.027413]},"properties":{"fuente":"AEMET","id":"1309C","nombre":"SAN ANTOLIN DE IBIAS-LINARES","fecha_utc":"2026-10-07T15:00:00+00:00","velocidad_kmh":5.8,"racha_kmh":16.2,"direccion_grados":299.0,"direccion_cardinal":"ONO","hacia_grados":119.0,"antiguedad_min":101,"temperatura_c":13.3,"humedad_pct":96.0,"regla_30":false,"tipo_dato":"observación"}},{"type":"Feature","geometry":{"type":"Point","coordinates":[-6.673332,43.465552]},"properties":{"fuente":"AEMET","id":"1327A","nombre":"ONETA","fecha_utc":"2026-10-07T16:00:00+00:00","velocidad_kmh":19.8,"racha_kmh":31.7,"direccion_grados":313.0,"direccion_cardinal":"NO","hacia_grados":133.0,"antiguedad_min":41,"temperatura_c":14.9,"humedad_pct":100.0,"regla_30":false,"tipo_dato":"observación"}},{"type":"Feature","geometry":{"type":"Point","coordinates":[-7.030833,43.524444]},"properties":{"fuente":"AEMET","id":"1331A","nombre":"CASTROPOL","fecha_utc":"2026-10-07T16:00:00+00:00","velocidad_kmh":7.2,"racha_kmh":29.5,"direccion_grados":350.0,"direccion_cardinal":"N","hacia_grados":170.0,"antiguedad_min":41,"temperatura_c":17.0,"humedad_pct":94.0,"regla_30":false,"tipo_dato":"observación"}},{"type":"Feature","geometry":{"type":"Point","coordinates":[-7.06098,43.415546]},"properties":{"fuente":"AEMET","id":"1341B","nombre":"OURIA DE TARAMUNDI","fecha_utc":"2026-10-07T08:00:00+00:00","velocidad_kmh":5.0,"racha_kmh":10.1,"direccion_grados":174.0,"direccion_cardinal":"S","hacia_grados":354.0,"antiguedad_min":521,"temperatura_c":null,"humedad_pct":null,"regla_30":null,"tipo_dato":"observación"}},{"type":"Feature","geometry":{"type":"Point","coordinates":[-7.361736,43.431333]},"properties":{"fuente":"AEMET","id":"1344X","nombre":"MONDOÑEDO","fecha_utc":"2026-10-07T13:00:00+00:00","velocidad_kmh":0.0,"racha_kmh":1.8,"direccion_grados":3.0,"direccion_cardinal":"N","hacia_grados":183.0,"antiguedad_min":221,"temperatura_c":20.0,"humedad_pct":81.0,"regla_30":false,"tipo_dato":"observación"}},{"type":"Feature","geometry":{"type":"Point","coordinates":[-7.357091,43.651046]},"properties":{"fuente":"AEMET","id":"1347T","nombre":"BURELA","fecha_utc":"2026-10-07T14:00:00+00:00","velocidad_kmh":null,"racha_kmh":null,"direccion_grados":null,"direccion_cardinal":null,"hacia_grados":null,"antiguedad_min":161,"temperatura_c":18.0,"humedad_pct":89.0,"regla_30":null,"tipo_dato":"observación"}},{"type":"Feature","geometry":{"type":"Point","coordinates":[-7.684866,43.786208]},"properties":{"fuente":"AEMET","id":"1351","nombre":"ESTACA DE BARES","fecha_utc":"2026-10-07T16:00:00+00:00","velocidad_kmh":24.8,"racha_kmh":43.9,"direccion_grados":350.0,"direccion_cardinal":"N","hacia_grados":170.0,"antiguedad_min":41,"temperatura_c":17.0,"humedad_pct":95.0,"regla_30":false,"tipo_dato":"observación"}},{"type":"Feature","geometry":{"type":"Point","coordinates":[-7.861476,43.445968]},"properties":{"fuente":"AEMET","id":"1363X","nombre":"AS PONTES A AEROSA","fecha_utc":"2026-10-07T13:00:00+00:00","velocidad_kmh":null,"racha_kmh":null,"direccion_grados":null,"direccion_cardinal":null,"hacia_grados":null,"antiguedad_min":221,"temperatura_c":16.2,"humedad_pct":91.0,"regla_30":null,"tipo_dato":"observación"}},{"type":"Feature","geometry":{"type":"Point","coordinates":[-8.421517,43.365969]},"properties":{"fuente":"AEMET","id":"1387","nombre":"A CORUÑA","fecha_utc":"2026-10-07T16:00:00+00:00","velocidad_kmh":13.7,"racha_kmh":38.2,"direccion_grados":348.0,"direccion_cardinal":"NNO","hacia_grados":168.0,"antiguedad_min":41,"temperatura_c":17.2,"humedad_pct":89.0,"regla_30":false,"tipo_dato":"observación"}},{"type":"Feature","geometry":{"type":"Point","coordinates":[-8.441944,43.363309]},"properties":{"fuente":"AEMET","id":"1387D","nombre":"BENS-A CORUÑA","fecha_utc":"2026-10-07T16:00:00+00:00","velocidad_kmh":17.6,"racha_kmh":33.1,"direccion_grados":21.0,"direccion_cardinal":"NNE","hacia_grados":201.0,"antiguedad_min":41,"temperatura_c":16.4,"humedad_pct":92.0,"regla_30":false,"tipo_dato":"observación"}},{"type":"Feature","geometry":{"type":"Point","coordinates":[-8.371975,43.306954]},"properties":{"fuente":"AEMET","id":"1387E","nombre":"A CORUÑA/ALVEDRO","fecha_utc":"2026-10-07T16:00:00+00:00","velocidad_kmh":15.1,"racha_kmh":37.1,"direccion_grados":350.0,"direccion_cardinal":"N","hacia_grados":170.0,"antiguedad_min":41,"temperatura_c":17.0,"humedad_pct":91.0,"regla_30":false,"tipo_dato":"observación"}},{"type":"Feature","geometry":{"type":"Point","coordinates":[-8.711001,43.203582]},"properties":{"fuente":"AEMET","id":"1390X","nombre":"CARBALLO","fecha_utc":"2026-10-07T12:00:00+00:00","velocidad_kmh":null,"racha_kmh":null,"direccion_grados":null,"direccion_cardinal":null,"hacia_grados":null,"antiguedad_min":281,"temperatura_c":18.8,"humedad_pct":87.0,"regla_30":null,"tipo_dato":"observación"}},{"type":"Feature","geometry":{"type":"Point","coordinates":[-9.210829,43.160558]},"properties":{"fuente":"AEMET","id":"1393","nombre":"CABO VILAN","fecha_utc":"2026-10-07T16:00:00+00:00","velocidad_kmh":null,"racha_kmh":null,"direccion_grados":null,"direccion_cardinal":null,"hacia_grados":null,"antiguedad_min":41,"temperatura_c":null,"humedad_pct":61.0,"regla_30":null,"tipo_dato":"observación"}},{"type":"Feature","geometry":{"type":"Point","coordinates":[-9.046929,43.057445]},"properties":{"fuente":"AEMET","id":"1399","nombre":"VIMIANZO-CASTRELO","fecha_utc":"2026-10-07T15:00:00+00:00","velocidad_kmh":null,"racha_kmh":null,"direccion_grados":null,"direccion_cardinal":null,"hacia_grados":null,"antiguedad_min":101,"temperatura_c":15.7,"humedad_pct":99.0,"regla_30":null,"tipo_dato":"observación"}},{"type":"Feature","geometry":{"type":"Point","coordinates":[-9.291434,42.924828]},"properties":{"fuente":"AEMET","id":"1400","nombre":"FISTERRA","fecha_utc":"2026-10-07T16:00:00+00:00","velocidad_kmh":33.1,"racha_kmh":52.6,"direccion_grados":348.0,"direccion_cardinal":"NNO","hacia_grados":168.0,"antiguedad_min":41,"temperatura_c":16.5,"humedad_pct":85.0,"regla_30":false,"tipo_dato":"observación"}},{"type":"Feature","geometry":{"type":"Point","coordinates":[-8.99369,42.93525]},"properties":{"fuente":"AEMET","id":"1406X","nombre":"MAZARICOS-A PICOTA","fecha_utc":"2026-10-07T14:00:00+00:00","velocidad_kmh":null,"racha_kmh":null,"direccion_grados":null,"direccion_cardinal":null,"hacia_grados":null,"antiguedad_min":161,"temperatura_c":16.4,"humedad_pct":91.0,"regla_30":null,"tipo_dato":"observación"}},{"type":"Feature","geometry":{"type":"Point","coordinates":[-8.022249,43.037875]},"properties":{"fuente":"AEMET","id":"1410X","nombre":"SOBRADO DOS MONXES","fecha_utc":"2026-10-07T15:00:00+00:00","velocidad_kmh":null,"racha_kmh":null,"direccion_grados":null,"direccion_cardinal":null,"hacia_grados":null,"antiguedad_min":101,"temperatura_c":16.3,"humedad_pct":93.0,"regla_30":null,"tipo_dato":"observación"}},{"type":"Feature","geometry":{"type":"Point","coordinates":[-8.410515,42.888011]},"properties":{"fuente":"AEMET","id":"1428","nombre":"SANTIAGO DE COMPOSTELA/LAVACOLLA","fecha_utc":"2026-10-07T16:00:00+00:00","velocidad_kmh":19.4,"racha_kmh":44.6,"direccion_grados":360.0,"direccion_cardinal":"N","hacia_grados":180.0,"antiguedad_min":41,"temperatura_c":15.2,"humedad_pct":94.0,"regla_30":false,"tipo_dato":"observación"}},{"type":"Feature","geometry":{"type":"Point","coordinates":[-8.876227,42.800141]},"properties":{"fuente":"AEMET","id":"1435C","nombre":"NOIA","fecha_utc":"2026-10-07T12:00:00+00:00","velocidad_kmh":6.5,"racha_kmh":16.9,"direccion_grados":344.0,"direccion_cardinal":"NNO","hacia_grados":164.0,"antiguedad_min":281,"temperatura_c":21.3,"humedad_pct":73.0,"regla_30":false,"tipo_dato":"observación"}},{"type":"Feature","geometry":{"type":"Point","coordinates":[-8.923333,42.720833]},"properties":{"fuente":"AEMET","id":"1437P","nombre":"EVC_NOIA","fecha_utc":"2026-10-07T16:00:00+00:00","velocidad_kmh":12.6,"racha_kmh":36.7,"direccion_grados":359.0,"direccion_cardinal":"N","hacia_grados":179.0,"antiguedad_min":41,"temperatura_c":13.1,"humedad_pct":99.0,"regla_30":false,"tipo_dato":"observación"}},{"type":"Feature","geometry":{"type":"Point","coordinates":[-8.892333,42.643886]},"properties":{"fuente":"AEMET","id":"1442U","nombre":"BOIRO","fecha_utc":"2026-10-07T13:00:00+00:00","velocidad_kmh":null,"racha_kmh":null,"direccion_grados":null,"direccion_cardinal":null,"hacia_grados":null,"antiguedad_min":221,"temperatura_c":22.8,"humedad_pct":59.0,"regla_30":null,"tipo_dato":"observación"}},{"type":"Feature","geometry":{"type":"Point","coordinates":[-7.768333,42.809722]},"properties":{"fuente":"AEMET","id":"1446X","nombre":"MONTERROSO","fecha_utc":"2026-10-07T16:00:00+00:00","velocidad_kmh":null,"racha_kmh":null,"direccion_grados":null,"direccion_cardinal":null,"hacia_grados":null,"antiguedad_min":41,"temperatura_c":15.0,"humedad_pct":92.0,"regla_30":null,"tipo_dato":"observación"}},{"type":"Feature","geometry":{"type":"Point","coordinates":[-8.257892,42.700887]},"properties":{"fuente":"AEMET","id":"1466A","nombre":"SILLEDA","fecha_utc":"2026-10-07T12:00:00+00:00","velocidad_kmh":4.0,"racha_kmh":14.0,"direccion_grados":7.0,"direccion_cardinal":"N","hacia_grados":187.0,"antiguedad_min":281,"temperatura_c":16.6,"humedad_pct":89.0,"regla_30":false,"tipo_dato":"observación"}},{"type":"Feature","geometry":{"type":"Point","coordinates":[-8.501806,42.69361]},"properties":{"fuente":"AEMET","id":"1468X","nombre":"A ESTRADA","fecha_utc":"2026-10-07T13:00:00+00:00","velocidad_kmh":null,"racha_kmh":null,"direccion_grados":null,"direccion_cardinal":null,"hacia_grados":null,"antiguedad_min":221,"temperatura_c":20.8,"humedad_pct":68.0,"regla_30":null,"tipo_dato":"observación"}},{"type":"Feature","geometry":{"type":"Point","coordinates":[-8.627222,42.738333]},"properties":{"fuente":"AEMET","id":"1473A","nombre":"PADRÓN","fecha_utc":"2026-10-07T16:00:00+00:00","velocidad_kmh":11.9,"racha_kmh":26.3,"direccion_grados":10.0,"direccion_cardinal":"N","hacia_grados":190.0,"antiguedad_min":41,"temperatura_c":19.4,"humedad_pct":74.0,"regla_30":false,"tipo_dato":"observación"}},{"type":"Feature","geometry":{"type":"Point","coordinates":[-8.555833,42.876111]},"properties":{"fuente":"AEMET","id":"1475X","nombre":"SANTIAGO DE COMPOSTELA","fecha_utc":"2026-10-07T16:00:00+00:00","velocidad_kmh":7.6,"racha_kmh":24.8,"direccion_grados":6.0,"direccion_cardinal":"N","hacia_grados":186.0,"antiguedad_min":41,"temperatura_c":17.2,"humedad_pct":90.0,"regla_30":false,"tipo_dato":"observación"}},{"type":"Feature","geometry":{"type":"Point","coordinates":[-8.714807,42.749835]},"properties":{"fuente":"AEMET","id":"1476R","nombre":"CASAS DO PORTO","fecha_utc":"2026-10-07T13:00:00+00:00","velocidad_kmh":null,"racha_kmh":null,"direccion_grados":null,"direccion_cardinal":null,"hacia_grados":null,"antiguedad_min":221,"temperatura_c":20.0,"humedad_pct":70.0,"regla_30":null,"tipo_dato":"observación"}},{"type":"Feature","geometry":{"type":"Point","coordinates":[-8.774642,42.584843]},"properties":{"fuente":"AEMET","id":"1477V","nombre":"VILAGARCIA DE AROUSA","fecha_utc":"2026-10-07T14:00:00+00:00","velocidad_kmh":11.9,"racha_kmh":24.5,"direccion_grados":355.0,"direccion_cardinal":"N","hacia_grados":175.0,"antiguedad_min":161,"temperatura_c":21.9,"humedad_pct":62.0,"regla_30":false,"tipo_dato":"observación"}},{"type":"Feature","geometry":{"type":"Point","coordinates":[-8.615833,42.438333]},"properties":{"fuente":"AEMET","id":"1484C","nombre":"PONTEVEDRA","fecha_utc":"2026-10-07T16:00:00+00:00","velocidad_kmh":13.3,"racha_kmh":39.6,"direccion_grados":329.0,"direccion_cardinal":"NNO","hacia_grados":149.0,"antiguedad_min":41,"temperatura_c":18.9,"humedad_pct":83.0,"regla_30":false,"tipo_dato":"observación"}},{"type":"Feature","geometry":{"type":"Point","coordinates":[-8.706667,42.394722]},"properties":{"fuente":"AEMET","id":"1486E","nombre":"ESCUELA NAVAL DE MARÍN","fecha_utc":"2026-10-07T16:00:00+00:00","velocidad_kmh":15.5,"racha_kmh":37.4,"direccion_grados":44.0,"direccion_cardinal":"NE","hacia_grados":224.0,"antiguedad_min":41,"temperatura_c":20.0,"humedad_pct":73.0,"regla_30":false,"tipo_dato":"observación"}},{"type":"Feature","geometry":{"type":"Point","coordinates":[-8.451243,42.407051]},"properties":{"fuente":"AEMET","id":"1489A","nombre":"A LAMA","fecha_utc":"2026-10-07T15:00:00+00:00","velocidad_kmh":9.7,"racha_kmh":24.8,"direccion_grados":343.0,"direccion_cardinal":"NNO","hacia_grados":163.0,"antiguedad_min":101,"temperatura_c":19.6,"humedad_pct":71.0,"regla_30":false,"tipo_dato":"observación"}},{"type":"Feature","geometry":{"type":"Point","coordinates":[-8.623765,42.238616]},"properties":{"fuente":"AEMET","id":"1495","nombre":"VIGO/PEINADOR","fecha_utc":"2026-10-07T16:00:00+00:00","velocidad_kmh":25.9,"racha_kmh":37.1,"direccion_grados":340.0,"direccion_cardinal":"NNO","hacia_grados":160.0,"antiguedad_min":41,"temperatura_c":20.0,"humedad_pct":67.0,"regla_30":false,"tipo_dato":"observación"}},{"type":"Feature","geometry":{"type":"Point","coordinates":[-8.724167,42.230556]},"properties":{"fuente":"AEMET","id":"1496X","nombre":"VIGO-O CASTRO","fecha_utc":"2026-10-07T14:00:00+00:00","velocidad_kmh":3.6,"racha_kmh":14.8,"direccion_grados":76.0,"direccion_cardinal":"ENE","hacia_grados":256.0,"antiguedad_min":161,"temperatura_c":20.3,"humedad_pct":74.0,"regla_30":false,"tipo_dato":"observación"}},{"type":"Feature","geometry":{"type":"Point","coordinates":[-7.4575,43.111111]},"properties":{"fuente":"AEMET","id":"1505","nombre":"LUGO/ROZAS","fecha_utc":"2026-10-07T16:00:00+00:00","velocidad_kmh":3.6,"racha_kmh":17.6,"direccion_grados":48.0,"direccion_cardinal":"NE","hacia_grados":228.0,"antiguedad_min":41,"temperatura_c":16.7,"humedad_pct":88.0,"regla_30":false,"tipo_dato":"observación"}},{"type":"Feature","geometry":{"type":"Point","coordinates":[-7.5525,42.998333]},"properties":{"fuente":"AEMET","id":"1518A","nombre":"LUGO-COL.FINGOI","fecha_utc":"2026-10-07T15:00:00+00:00","velocidad_kmh":7.9,"racha_kmh":22.7,"direccion_grados":337.0,"direccion_cardinal":"NNO","hacia_grados":157.0,"antiguedad_min":101,"temperatura_c":17.8,"humedad_pct":81.0,"regla_30":false,"tipo_dato":"observación"}},{"type":"Feature","geometry":{"type":"Point","coordinates":[-7.499579,42.845276]},"properties":{"fuente":"AEMET","id":"1521I","nombre":"O PARAMO","fecha_utc":"2026-10-07T12:00:00+00:00","velocidad_kmh":null,"racha_kmh":null,"direccion_grados":null,"direccion_cardinal":null,"hacia_grados":null,"antiguedad_min":281,"temperatura_c":18.0,"humedad_pct":77.0,"regla_30":null,"tipo_dato":"observación"}},{"type":"Feature","geometry":{"type":"Point","coordinates":[-7.18517,42.863768]},"properties":{"fuente":"AEMET","id":"1521X","nombre":"BECERREA-PENAMAIOR","fecha_utc":"2026-10-07T14:00:00+00:00","velocidad_kmh":6.5,"racha_kmh":18.7,"direccion_grados":314.0,"direccion_cardinal":"NO","hacia_grados":134.0,"antiguedad_min":161,"temperatura_c":12.9,"humedad_pct":97.0,"regla_30":false,"tipo_dato":"observación"}},{"type":"Feature","geometry":{"type":"Point","coordinates":[-7.704444,42.634718]},"properties":{"fuente":"AEMET","id":"1535I","nombre":"EVC_O SAVIÑAO","fecha_utc":"2026-10-07T16:00:00+00:00","velocidad_kmh":13.0,"racha_kmh":29.5,"direccion_grados":315.0,"direccion_cardinal":"NO","hacia_grados":135.0,"antiguedad_min":41,"temperatura_c":15.8,"humedad_pct":89.0,"regla_30":false,"tipo_dato":"observación"}},{"type":"Feature","geometry":{"type":"Point","coordinates":[-6.333886,42.928886]},"properties":{"fuente":"AEMET","id":"1541B","nombre":"VILLABLINO","fecha_utc":"2026-10-07T15:00:00+00:00","velocidad_kmh":9.4,"racha_kmh":20.9,"direccion_grados":326.0,"direccion_cardinal":"NO","hacia_grados":146.0,"antiguedad_min":101,"temperatura_c":14.5,"humedad_pct":69.0,"regla_30":false,"tipo_dato":"observación"}},{"type":"Feature","geometry":{"type":"Point","coordinates":[-6.414164,42.994164]},"properties":{"fuente":"AEMET","id":"1542","nombre":"PUERTO DE LEITARIEGOS","fecha_utc":"2026-10-07T16:00:00+00:00","velocidad_kmh":22.3,"racha_kmh":35.3,"direccion_grados":309.0,"direccion_cardinal":"NO","hacia_grados":129.0,"antiguedad_min":41,"temperatura_c":8.2,"humedad_pct":100.0,"regla_30":false,"tipo_dato":"observación"}},{"type":"Feature","geometry":{"type":"Point","coordinates":[-6.6,42.563889]},"properties":{"fuente":"AEMET","id":"1549","nombre":"PONFERRADA","fecha_utc":"2026-10-07T16:00:00+00:00","velocidad_kmh":11.9,"racha_kmh":22.3,"direccion_grados":283.0,"direccion_cardinal":"ONO","hacia_grados":103.0,"antiguedad_min":41,"temperatura_c":20.1,"humedad_pct":56.0,"regla_30":false,"tipo_dato":"observación"}},{"type":"Feature","geometry":{"type":"Point","coordinates":[-6.673564,42.76604]},"properties":{"fuente":"AEMET","id":"1561I","nombre":"VILLAR DE OTERO (LOS TROBOS)","fecha_utc":"2026-10-07T15:00:00+00:00","velocidad_kmh":null,"racha_kmh":null,"direccion_grados":null,"direccion_cardinal":null,"hacia_grados":null,"antiguedad_min":101,"temperatura_c":18.6,"humedad_pct":61.0,"regla_30":null,"tipo_dato":"observación"}},{"type":"Feature","geometry":{"type":"Point","coordinates":[-6.99314,42.41562]},"properties":{"fuente":"AEMET","id":"1583X","nombre":"O BARCO DE VALDEORRAS","fecha_utc":"2026-10-07T15:00:00+00:00","velocidad_kmh":null,"racha_kmh":null,"direccion_grados":null,"direccion_cardinal":null,"hacia_grados":null,"antiguedad_min":101,"temperatura_c":21.1,"humedad_pct":53.0,"regla_30":null,"tipo_dato":"observación"}},{"type":"Feature","geometry":{"type":"Point","coordinates":[-7.282498,42.339448]},"properties":{"fuente":"AEMET","id":"1631E","nombre":"POBRA DE TRIVES SAN MAMEDE","fecha_utc":"2026-10-07T16:00:00+00:00","velocidad_kmh":4.7,"racha_kmh":23.4,"direccion_grados":232.0,"direccion_cardinal":"SO","hacia_grados":52.0,"antiguedad_min":41,"temperatura_c":15.2,"humedad_pct":85.0,"regla_30":false,"tipo_dato":"observación"}},{"type":"Feature","geometry":{"type":"Point","coordinates":[-7.383609,42.260277]},"properties":{"fuente":"AEMET","id":"1639X","nombre":"CHANDREXA DE QUEIXA","fecha_utc":"2026-10-07T15:00:00+00:00","velocidad_kmh":6.5,"racha_kmh":20.5,"direccion_grados":15.0,"direccion_cardinal":"NNE","hacia_grados":195.0,"antiguedad_min":101,"temperatura_c":14.8,"humedad_pct":81.0,"regla_30":false,"tipo_dato":"observación"}},{"type":"Feature","geometry":{"type":"Point","coordinates":[-7.191741,42.58853]},"properties":{"fuente":"AEMET","id":"1658","nombre":"FOLGOSO DO COUREL","fecha_utc":"2026-10-07T15:00:00+00:00","velocidad_kmh":null,"racha_kmh":null,"direccion_grados":null,"direccion_cardinal":null,"hacia_grados":null,"antiguedad_min":101,"temperatura_c":17.2,"humedad_pct":77.0,"regla_30":null,"tipo_dato":"observación"}},{"type":"Feature","geometry":{"type":"Point","coordinates":[-7.510804,42.53177]},"properties":{"fuente":"AEMET","id":"1679A","nombre":"MONFORTE DE LEMOS","fecha_utc":"2026-10-07T13:00:00+00:00","velocidad_kmh":5.0,"racha_kmh":13.3,"direccion_grados":34.0,"direccion_cardinal":"NE","hacia_grados":214.0,"antiguedad_min":221,"temperatura_c":21.1,"humedad_pct":67.0,"regla_30":false,"tipo_dato":"observación"}},{"type":"Feature","geometry":{"type":"Point","coordinates":[-7.859722,42.325278]},"properties":{"fuente":"AEMET","id":"1690A","nombre":"OURENSE","fecha_utc":"2026-10-07T16:00:00+00:00","velocidad_kmh":3.6,"racha_kmh":21.2,"direccion_grados":151.0,"direccion_cardinal":"SSE","hacia_grados":331.0,"antiguedad_min":41,"temperatura_c":21.6,"humedad_pct":60.0,"regla_30":false,"tipo_dato":"observación"}},{"type":"Feature","geometry":{"type":"Point","coordinates":[-8.277961,42.468056]},"properties":{"fuente":"AEMET","id":"1696O","nombre":"BEARIZ","fecha_utc":"2026-10-07T14:00:00+00:00","velocidad_kmh":null,"racha_kmh":null,"direccion_grados":null,"direccion_cardinal":null,"hacia_grados":null,"antiguedad_min":161,"temperatura_c":17.9,"humedad_pct":76.0,"regla_30":null,"tipo_dato":"observación"}},{"type":"Feature","geometry":{"type":"Point","coordinates":[-8.0925,42.421389]},"properties":{"fuente":"AEMET","id":"1700X","nombre":"O CARBALLIÑO","fecha_utc":"2026-10-07T16:00:00+00:00","velocidad_kmh":9.7,"racha_kmh":24.1,"direccion_grados":321.0,"direccion_cardinal":"NO","hacia_grados":141.0,"antiguedad_min":41,"temperatura_c":19.5,"humedad_pct":71.0,"regla_30":false,"tipo_dato":"observación"}},{"type":"Feature","geometry":{"type":"Point","coordinates":[-8.129121,42.299881]},"properties":{"fuente":"AEMET","id":"1701X","nombre":"RIBADAVIA","fecha_utc":"2026-10-07T15:00:00+00:00","velocidad_kmh":13.3,"racha_kmh":21.2,"direccion_grados":13.0,"direccion_cardinal":"NNE","hacia_grados":193.0,"antiguedad_min":101,"temperatura_c":23.0,"humedad_pct":59.0,"regla_30":false,"tipo_dato":"observación"}},{"type":"Feature","geometry":{"type":"Point","coordinates":[-7.796051,42.182902]},"properties":{"fuente":"AEMET","id":"1706A","nombre":"ALLARIZ-RIMELO","fecha_utc":"2026-10-07T12:00:00+00:00","velocidad_kmh":null,"racha_kmh":null,"direccion_grados":null,"direccion_cardinal":null,"hacia_grados":null,"antiguedad_min":281,"temperatura_c":18.5,"humedad_pct":64.0,"regla_30":null,"tipo_dato":"observación"}},{"type":"Feature","geometry":{"type":"Point","coordinates":[-8.281009,42.217995]},"properties":{"fuente":"AEMET","id":"1719","nombre":"A CAÑIZA","fecha_utc":"2026-10-07T12:00:00+00:00","velocidad_kmh":null,"racha_kmh":null,"direccion_grados":null,"direccion_cardinal":null,"hacia_grados":null,"antiguedad_min":281,"temperatura_c":17.3,"humedad_pct":72.0,"regla_30":null,"tipo_dato":"observación"}},{"type":"Feature","geometry":{"type":"Point","coordinates":[-8.4927,42.182223]},"properties":{"fuente":"AEMET","id":"1723X","nombre":"PONTEAREAS-CANEDO","fecha_utc":"2026-10-07T13:00:00+00:00","velocidad_kmh":null,"racha_kmh":null,"direccion_grados":null,"direccion_cardinal":null,"hacia_grados":null,"antiguedad_min":221,"temperatura_c":22.2,"humedad_pct":58.0,"regla_30":null,"tipo_dato":"observación"}},{"type":"Feature","geometry":{"type":"Point","coordinates":[-8.847444,41.943981]},"properties":{"fuente":"AEMET","id":"1730E","nombre":"O ROSAL","fecha_utc":"2026-10-07T14:00:00+00:00","velocidad_kmh":null,"racha_kmh":null,"direccion_grados":null,"direccion_cardinal":null,"hacia_grados":null,"antiguedad_min":161,"temperatura_c":22.5,"humedad_pct":66.0,"regla_30":null,"tipo_dato":"observación"}},{"type":"Feature","geometry":{"type":"Point","coordinates":[-7.733611,42.079167]},"properties":{"fuente":"AEMET","id":"1735X","nombre":"XINZO DE LIMIA","fecha_utc":"2026-10-07T16:00:00+00:00","velocidad_kmh":18.4,"racha_kmh":29.9,"direccion_grados":326.0,"direccion_cardinal":"NO","hacia_grados":146.0,"antiguedad_min":41,"temperatura_c":17.5,"humedad_pct":70.0,"regla_30":false,"tipo_dato":"observación"}},{"type":"Feature","geometry":{"type":"Point","coordinates":[-7.988838,41.934116]},"properties":{"fuente":"AEMET","id":"1738U","nombre":"MUIÑOS-PRADO","fecha_utc":"2026-10-07T15:00:00+00:00","velocidad_kmh":null,"racha_kmh":null,"direccion_grados":null,"direccion_cardinal":null,"hacia_grados":null,"antiguedad_min":101,"temperatura_c":18.8,"humedad_pct":65.0,"regla_30":null,"tipo_dato":"observación"}},{"type":"Feature","geometry":{"type":"Point","coordinates":[-4.12433,43.377241]},"properties":{"fuente":"AEMET","id":"1740","nombre":"ALTAMIRA","fecha_utc":"2026-10-07T15:00:00+00:00","velocidad_kmh":7.2,"racha_kmh":28.8,"direccion_grados":255.0,"direccion_cardinal":"OSO","hacia_grados":75.0,"antiguedad_min":101,"temperatura_c":15.3,"humedad_pct":99.0,"regla_30":false,"tipo_dato":"observación"}},{"type":"Feature","geometry":{"type":"Point","coordinates":[-2.782777,41.967774]},"properties":{"fuente":"AEMET","id":"2005Y","nombre":"VINUESA","fecha_utc":"2026-10-07T16:00:00+00:00","velocidad_kmh":null,"racha_kmh":null,"direccion_grados":null,"direccion_cardinal":null,"hacia_grados":null,"antiguedad_min":41,"temperatura_c":12.4,"humedad_pct":94.0,"regla_30":null,"tipo_dato":"observación"}},{"type":"Feature","geometry":{"type":"Point","coordinates":[-2.494163,41.99583]},"properties":{"fuente":"AEMET","id":"2017Y","nombre":"BARRIOMARTIN-EL ROBLEDO","fecha_utc":"2026-10-07T15:00:00+00:00","velocidad_kmh":16.6,"racha_kmh":25.6,"direccion_grados":262.0,"direccion_cardinal":"O","hacia_grados":82.0,"antiguedad_min":101,"temperatura_c":14.4,"humedad_pct":74.0,"regla_30":false,"tipo_dato":"observación"}},{"type":"Feature","geometry":{"type":"Point","coordinates":[-2.483063,41.775015]},"properties":{"fuente":"AEMET","id":"2030","nombre":"SORIA","fecha_utc":"2026-10-07T16:00:00+00:00","velocidad_kmh":15.1,"racha_kmh":26.6,"direccion_grados":271.0,"direccion_cardinal":"O","hacia_grados":91.0,"antiguedad_min":41,"temperatura_c":15.8,"humedad_pct":70.0,"regla_30":false,"tipo_dato":"observación"}},{"type":"Feature","geometry":{"type":"Point","coordinates":[-2.420281,41.419442]},"properties":{"fuente":"AEMET","id":"2048A","nombre":"MORON DE ALMAZAN","fecha_utc":"2026-10-07T15:00:00+00:00","velocidad_kmh":22.3,"racha_kmh":39.2,"direccion_grados":268.0,"direccion_cardinal":"O","hacia_grados":88.0,"antiguedad_min":101,"temperatura_c":17.3,"humedad_pct":65.0,"regla_30":false,"tipo_dato":"observación"}},{"type":"Feature","geometry":{"type":"Point","coordinates":[-2.783338,41.349719]},"properties":{"fuente":"AEMET","id":"2059B","nombre":"LA RIBA DE ESCALOTE","fecha_utc":"2026-10-07T14:00:00+00:00","velocidad_kmh":29.2,"racha_kmh":45.7,"direccion_grados":312.0,"direccion_cardinal":"NO","hacia_grados":132.0,"antiguedad_min":161,"temperatura_c":15.8,"humedad_pct":71.0,"regla_30":false,"tipo_dato":"observación"}},{"type":"Feature","geometry":{"type":"Point","coordinates":[-3.047008,41.721847]},"properties":{"fuente":"AEMET","id":"2084Y","nombre":"UCERO","fecha_utc":"2026-10-07T16:00:00+00:00","velocidad_kmh":null,"racha_kmh":null,"direccion_grados":null,"direccion_cardinal":null,"hacia_grados":null,"antiguedad_min":41,"temperatura_c":13.8,"humedad_pct":93.0,"regla_30":null,"tipo_dato":"observación"}},{"type":"Feature","geometry":{"type":"Point","coordinates":[-3.086949,41.589444]},"properties":{"fuente":"AEMET","id":"2092","nombre":"BURGO DE OSMA-POZUELOS","fecha_utc":"2026-10-07T13:00:00+00:00","velocidad_kmh":22.7,"racha_kmh":30.6,"direccion_grados":272.0,"direccion_cardinal":"O","hacia_grados":92.0,"antiguedad_min":221,"temperatura_c":15.3,"humedad_pct":76.0,"regla_30":false,"tipo_dato":"observación"}},{"type":"Feature","geometry":{"type":"Point","coordinates":[-3.251385,41.373609]},"properties":{"fuente":"AEMET","id":"2096B","nombre":"LICERAS-CAÑADA DEHESA","fecha_utc":"2026-10-07T14:00:00+00:00","velocidad_kmh":24.1,"racha_kmh":35.6,"direccion_grados":286.0,"direccion_cardinal":"ONO","hacia_grados":106.0,"antiguedad_min":161,"temperatura_c":15.7,"humedad_pct":64.0,"regla_30":false,"tipo_dato":"observación"}},{"type":"Feature","geometry":{"type":"Point","coordinates":[-3.381929,41.745847]},"properties":{"fuente":"AEMET","id":"2106B","nombre":"CORUÑA DEL CONDE","fecha_utc":"2026-10-07T13:00:00+00:00","velocidad_kmh":13.0,"racha_kmh":29.9,"direccion_grados":239.0,"direccion_cardinal":"OSO","hacia_grados":59.0,"antiguedad_min":221,"temperatura_c":14.7,"humedad_pct":83.0,"regla_30":false,"tipo_dato":"observación"}},{"type":"Feature","geometry":{"type":"Point","coordinates":[-3.507234,41.372756]},"properties":{"fuente":"AEMET","id":"2135A","nombre":"FRESNO DE CANTIESPINO","fecha_utc":"2026-10-07T14:00:00+00:00","velocidad_kmh":20.9,"racha_kmh":34.2,"direccion_grados":258.0,"direccion_cardinal":"OSO","hacia_grados":78.0,"antiguedad_min":161,"temperatura_c":18.1,"humedad_pct":75.0,"regla_30":false,"tipo_dato":"observación"}},{"type":"Feature","geometry":{"type":"Point","coordinates":[-3.785871,41.464553]},"properties":{"fuente":"AEMET","id":"2140A","nombre":"ALDEANUEVA DE SERREZUELA-EL CERRO","fecha_utc":"2026-10-07T13:00:00+00:00","velocidad_kmh":22.0,"racha_kmh":33.1,"direccion_grados":240.0,"direccion_cardinal":"OSO","hacia_grados":60.0,"antiguedad_min":221,"temperatura_c":13.7,"humedad_pct":86.0,"regla_30":false,"tipo_dato":"observación"}},{"type":"Feature","geometry":{"type":"Point","coordinates":[-4.124787,41.593099]},"properties":{"fuente":"AEMET","id":"2166Y","nombre":"PEÑAFIEL(FABRICA DE QUESOS)","fecha_utc":"2026-10-07T15:00:00+00:00","velocidad_kmh":null,"racha_kmh":null,"direccion_grados":null,"direccion_cardinal":null,"hacia_grados":null,"antiguedad_min":101,"temperatura_c":18.7,"humedad_pct":64.0,"regla_30":null,"tipo_dato":"observación"}},{"type":"Feature","geometry":{"type":"Point","coordinates":[-4.405497,41.611879]},"properties":{"fuente":"AEMET","id":"2172Y","nombre":"SARDÓN DE DUERO","fecha_utc":"2026-10-07T14:00:00+00:00","velocidad_kmh":17.3,"racha_kmh":25.2,"direccion_grados":250.0,"direccion_cardinal":"OSO","hacia_grados":70.0,"antiguedad_min":161,"temperatura_c":19.9,"humedad_pct":62.0,"regla_30":false,"tipo_dato":"observación"}},{"type":"Feature","geometry":{"type":"Point","coordinates":[-3.790216,41.133861]},"properties":{"fuente":"AEMET","id":"2182C","nombre":"RADES","fecha_utc":"2026-10-07T12:00:00+00:00","velocidad_kmh":16.6,"racha_kmh":29.2,"direccion_grados":248.0,"direccion_cardinal":"OSO","hacia_grados":68.0,"antiguedad_min":281,"temperatura_c":14.8,"humedad_pct":73.0,"regla_30":false,"tipo_dato":"observación"}},{"type":"Feature","geometry":{"type":"Point","coordinates":[-4.26545,41.383553]},"properties":{"fuente":"AEMET","id":"2192C","nombre":"CUELLAR","fecha_utc":"2026-10-07T15:00:00+00:00","velocidad_kmh":10.8,"racha_kmh":23.4,"direccion_grados":252.0,"direccion_cardinal":"OSO","hacia_grados":72.0,"antiguedad_min":101,"temperatura_c":20.7,"humedad_pct":53.0,"regla_30":false,"tipo_dato":"observación"}},{"type":"Feature","geometry":{"type":"Point","coordinates":[-4.520031,42.870619]},"properties":{"fuente":"AEMET","id":"2235U","nombre":"CERVERA DE PISUERGA","fecha_utc":"2026-10-07T16:00:00+00:00","velocidad_kmh":4.3,"racha_kmh":11.5,"direccion_grados":20.0,"direccion_cardinal":"NNE","hacia_grados":200.0,"antiguedad_min":41,"temperatura_c":11.7,"humedad_pct":94.0,"regla_30":false,"tipo_dato":"observación"}},{"type":"Feature","geometry":{"type":"Point","coordinates":[-4.277134,42.79806]},"properties":{"fuente":"AEMET","id":"2243A","nombre":"AGUILAR DE CAMPOO","fecha_utc":"2026-10-07T15:00:00+00:00","velocidad_kmh":2.5,"racha_kmh":10.8,"direccion_grados":327.0,"direccion_cardinal":"NNO","hacia_grados":147.0,"antiguedad_min":101,"temperatura_c":14.0,"humedad_pct":80.0,"regla_30":false,"tipo_dato":"observación"}},{"type":"Feature","geometry":{"type":"Point","coordinates":[-4.575109,42.568819]},"properties":{"fuente":"AEMET","id":"2276B","nombre":"VILLAELES DE VALDAVIA","fecha_utc":"2026-10-07T15:00:00+00:00","velocidad_kmh":9.7,"racha_kmh":28.1,"direccion_grados":320.0,"direccion_cardinal":"NO","hacia_grados":140.0,"antiguedad_min":101,"temperatura_c":15.5,"humedad_pct":72.0,"regla_30":false,"tipo_dato":"observación"}},{"type":"Feature","geometry":{"type":"Point","coordinates":[-4.001111,42.523889]},"properties":{"fuente":"AEMET","id":"2285B","nombre":"VILLADIEGO (DEPÓSITO DE AGUA)","fecha_utc":"2026-10-07T16:00:00+00:00","velocidad_kmh":6.8,"racha_kmh":23.0,"direccion_grados":333.0,"direccion_cardinal":"NNO","hacia_grados":153.0,"antiguedad_min":41,"temperatura_c":15.0,"humedad_pct":76.0,"regla_30":false,"tipo_dato":"observación"}},{"type":"Feature","geometry":{"type":"Point","coordinates":[-4.198909,42.251226]},"properties":{"fuente":"AEMET","id":"2290Y","nombre":"PEDROSA DEL PRÍNCIPE","fecha_utc":"2026-10-07T15:00:00+00:00","velocidad_kmh":13.3,"racha_kmh":32.0,"direccion_grados":316.0,"direccion_cardinal":"NO","hacia_grados":136.0,"antiguedad_min":101,"temperatura_c":18.6,"humedad_pct":64.0,"regla_30":false,"tipo_dato":"observación"}},{"type":"Feature","geometry":{"type":"Point","coordinates":[-1.976675,41.775556]},"properties":{"fuente":"AEMET","id":"2296A","nombre":"OLVEGA-CAMINO VEGAFRÍA","fecha_utc":"2026-10-07T15:00:00+00:00","velocidad_kmh":14.4,"racha_kmh":28.8,"direccion_grados":283.0,"direccion_cardinal":"ONO","hacia_grados":103.0,"antiguedad_min":101,"temperatura_c":17.0,"humedad_pct":65.0,"regla_30":false,"tipo_dato":"observación"}},{"type":"Feature","geometry":{"type":"Point","coordinates":[-3.131688,41.959672]},"properties":{"fuente":"AEMET","id":"2298","nombre":"PALACIOS DE LA SIERRA","fecha_utc":"2026-10-07T16:00:00+00:00","velocidad_kmh":1.8,"racha_kmh":25.2,"direccion_grados":299.0,"direccion_cardinal":"ONO","hacia_grados":119.0,"antiguedad_min":41,"temperatura_c":13.1,"humedad_pct":87.0,"regla_30":false,"tipo_dato":"observación"}},{"type":"Feature","geometry":{"type":"Point","coordinates":[-3.109758,42.146473]},"properties":{"fuente":"AEMET","id":"2302N","nombre":"MONTERRUBIO DE LA DEMANDA","fecha_utc":"2026-10-07T14:00:00+00:00","velocidad_kmh":11.2,"racha_kmh":28.1,"direccion_grados":269.0,"direccion_cardinal":"O","hacia_grados":89.0,"antiguedad_min":161,"temperatura_c":12.5,"humedad_pct":94.0,"regla_30":false,"tipo_dato":"observación"}},{"type":"Feature","geometry":{"type":"Point","coordinates":[-3.767707,42.105221]},"properties":{"fuente":"AEMET","id":"2311Y","nombre":"VILLAMAYOR DE LOS MONTES","fecha_utc":"2026-10-07T16:00:00+00:00","velocidad_kmh":10.4,"racha_kmh":41.8,"direccion_grados":352.0,"direccion_cardinal":"N","hacia_grados":172.0,"antiguedad_min":41,"temperatura_c":14.7,"humedad_pct":83.0,"regla_30":false,"tipo_dato":"observación"}},{"type":"Feature","geometry":{"type":"Point","coordinates":[-3.620278,42.356944]},"properties":{"fuente":"AEMET","id":"2331","nombre":"BURGOS/VILLAFRÍA","fecha_utc":"2026-10-07T16:00:00+00:00","velocidad_kmh":13.0,"racha_kmh":31.7,"direccion_grados":314.0,"direccion_cardinal":"NO","hacia_grados":134.0,"antiguedad_min":41,"temperatura_c":14.1,"humedad_pct":86.0,"regla_30":false,"tipo_dato":"observación"}},{"type":"Feature","geometry":{"type":"Point","coordinates":[-4.713714,42.893772]},"properties":{"fuente":"AEMET","id":"2362C","nombre":"CAMPORREDONDO DE ALBA · CUEVA DORADA","fecha_utc":"2026-10-07T16:00:00+00:00","velocidad_kmh":16.9,"racha_kmh":28.8,"direccion_grados":274.0,"direccion_cardinal":"O","hacia_grados":94.0,"antiguedad_min":41,"temperatura_c":7.1,"humedad_pct":95.0,"regla_30":false,"tipo_dato":"observación"}},{"type":"Feature","geometry":{"type":"Point","coordinates":[-4.617359,42.350934]},"properties":{"fuente":"AEMET","id":"2374X","nombre":"CARRIÓN DE LOS CONDES","fecha_utc":"2026-10-07T16:00:00+00:00","velocidad_kmh":13.0,"racha_kmh":25.2,"direccion_grados":342.0,"direccion_cardinal":"NNO","hacia_grados":162.0,"antiguedad_min":41,"temperatura_c":16.1,"humedad_pct":65.0,"regla_30":false,"tipo_dato":"observación"}},{"type":"Feature","geometry":{"type":"Point","coordinates":[-4.602777,41.99568]},"properties":{"fuente":"AEMET","id":"2400E","nombre":"PALENCIA-AUTILLA PINO","fecha_utc":"2026-10-07T16:00:00+00:00","velocidad_kmh":28.1,"racha_kmh":35.3,"direccion_grados":316.0,"direccion_cardinal":"NO","hacia_grados":136.0,"antiguedad_min":41,"temperatura_c":17.2,"humedad_pct":60.0,"regla_30":false,"tipo_dato":"observación"}},{"type":"Feature","geometry":{"type":"Point","coordinates":[-4.560496,42.009501]},"properties":{"fuente":"AEMET","id":"2401X","nombre":"PALENCIA-GRANJA VIÑALTA","fecha_utc":"2026-10-07T16:00:00+00:00","velocidad_kmh":18.0,"racha_kmh":33.5,"direccion_grados":318.0,"direccion_cardinal":"NO","hacia_grados":138.0,"antiguedad_min":41,"temperatura_c":18.4,"humedad_pct":62.0,"regla_30":false,"tipo_dato":"observación"}},{"type":"Feature","geometry":{"type":"Point","coordinates":[-4.754167,41.640831]},"properties":{"fuente":"AEMET","id":"2422","nombre":"VALLADOLID","fecha_utc":"2026-10-07T16:00:00+00:00","velocidad_kmh":13.7,"racha_kmh":31.3,"direccion_grados":324.0,"direccion_cardinal":"NO","hacia_grados":144.0,"antiguedad_min":41,"temperatura_c":20.0,"humedad_pct":53.0,"regla_30":false,"tipo_dato":"observación"}},{"type":"Feature","geometry":{"type":"Point","coordinates":[-4.766619,41.607159]},"properties":{"fuente":"AEMET","id":"2422X","nombre":"VALLADOLID - VIVERO FORESTAL","fecha_utc":"2026-10-07T16:00:00+00:00","velocidad_kmh":23.0,"racha_kmh":37.1,"direccion_grados":325.0,"direccion_cardinal":"NO","hacia_grados":145.0,"antiguedad_min":41,"temperatura_c":20.1,"humedad_pct":52.0,"regla_30":false,"tipo_dato":"observación"}},{"type":"Feature","geometry":{"type":"Point","coordinates":[-5.044091,40.543313]},"properties":{"fuente":"AEMET","id":"2430Y","nombre":"MUÑOTELLO","fecha_utc":"2026-10-07T13:00:00+00:00","velocidad_kmh":17.6,"racha_kmh":30.6,"direccion_grados":283.0,"direccion_cardinal":"ONO","hacia_grados":103.0,"antiguedad_min":221,"temperatura_c":17.1,"humedad_pct":61.0,"regla_30":false,"tipo_dato":"observación"}},{"type":"Feature","geometry":{"type":"Point","coordinates":[-4.679722,40.659167]},"properties":{"fuente":"AEMET","id":"2444","nombre":"ÁVILA","fecha_utc":"2026-10-07T16:00:00+00:00","velocidad_kmh":14.0,"racha_kmh":31.0,"direccion_grados":324.0,"direccion_cardinal":"NO","hacia_grados":144.0,"antiguedad_min":41,"temperatura_c":17.1,"humedad_pct":57.0,"regla_30":false,"tipo_dato":"observación"}},{"type":"Feature","geometry":{"type":"Point","coordinates":[-4.742033,40.828965]},"properties":{"fuente":"AEMET","id":"2453E","nombre":"GOTARRENDURA (AUTOMATICA)","fecha_utc":"2026-10-07T14:00:00+00:00","velocidad_kmh":14.0,"racha_kmh":23.8,"direccion_grados":295.0,"direccion_cardinal":"ONO","hacia_grados":115.0,"antiguedad_min":161,"temperatura_c":16.9,"humedad_pct":67.0,"regla_30":false,"tipo_dato":"observación"}},{"type":"Feature","geometry":{"type":"Point","coordinates":[-4.729864,41.071483]},"properties":{"fuente":"AEMET","id":"2456B","nombre":"AREVALO","fecha_utc":"2026-10-07T15:00:00+00:00","velocidad_kmh":11.2,"racha_kmh":22.3,"direccion_grados":306.0,"direccion_cardinal":"NO","hacia_grados":126.0,"antiguedad_min":101,"temperatura_c":20.0,"humedad_pct":48.0,"regla_30":false,"tipo_dato":"observación"}},{"type":"Feature","geometry":{"type":"Point","coordinates":[-4.010556,40.793056]},"properties":{"fuente":"AEMET","id":"2462","nombre":"NAVACERRADA PUERTO","fecha_utc":"2026-10-07T16:00:00+00:00","velocidad_kmh":9.7,"racha_kmh":21.6,"direccion_grados":333.0,"direccion_cardinal":"NNO","hacia_grados":153.0,"antiguedad_min":41,"temperatura_c":8.5,"humedad_pct":93.0,"regla_30":false,"tipo_dato":"observación"}},{"type":"Feature","geometry":{"type":"Point","coordinates":[-4.126389,40.945278]},"properties":{"fuente":"AEMET","id":"2465","nombre":"SEGOVIA","fecha_utc":"2026-10-07T16:00:00+00:00","velocidad_kmh":12.2,"racha_kmh":22.0,"direccion_grados":272.0,"direccion_cardinal":"O","hacia_grados":92.0,"antiguedad_min":41,"temperatura_c":17.4,"humedad_pct":56.0,"regla_30":false,"tipo_dato":"observación"}},{"type":"Feature","geometry":{"type":"Point","coordinates":[-4.212067,40.718669]},"properties":{"fuente":"AEMET","id":"2471Y","nombre":"SAN RAFAEL","fecha_utc":"2026-10-07T15:00:00+00:00","velocidad_kmh":null,"racha_kmh":null,"direccion_grados":null,"direccion_cardinal":null,"hacia_grados":null,"antiguedad_min":101,"temperatura_c":15.0,"humedad_pct":71.0,"regla_30":null,"tipo_dato":"observación"}},{"type":"Feature","geometry":{"type":"Point","coordinates":[-4.375727,41.126384]},"properties":{"fuente":"AEMET","id":"2482B","nombre":"MIGUELAÑEZ","fecha_utc":"2026-10-07T13:00:00+00:00","velocidad_kmh":13.3,"racha_kmh":25.2,"direccion_grados":251.0,"direccion_cardinal":"OSO","hacia_grados":71.0,"antiguedad_min":221,"temperatura_c":17.0,"humedad_pct":67.0,"regla_30":false,"tipo_dato":"observación"}},{"type":"Feature","geometry":{"type":"Point","coordinates":[-5.689876,40.355087]},"properties":{"fuente":"AEMET","id":"2491C","nombre":"LA COVATILLA · ESTACIÓN DE ESQUÍ","fecha_utc":"2026-10-07T16:00:00+00:00","velocidad_kmh":10.8,"racha_kmh":19.1,"direccion_grados":180.0,"direccion_cardinal":"S","hacia_grados":0.0,"antiguedad_min":41,"temperatura_c":8.3,"humedad_pct":85.0,"regla_30":false,"tipo_dato":"observación"}},{"type":"Feature","geometry":{"type":"Point","coordinates":[-4.691824,41.279921]},"properties":{"fuente":"AEMET","id":"2503B","nombre":"OLMEDO · DEPÓSITO AGUA","fecha_utc":"2026-10-07T13:00:00+00:00","velocidad_kmh":13.3,"racha_kmh":21.6,"direccion_grados":253.0,"direccion_cardinal":"OSO","hacia_grados":73.0,"antiguedad_min":221,"temperatura_c":16.9,"humedad_pct":71.0,"regla_30":false,"tipo_dato":"observación"}},{"type":"Feature","geometry":{"type":"Point","coordinates":[-4.963505,41.419465]},"properties":{"fuente":"AEMET","id":"2507Y","nombre":"RUEDA","fecha_utc":"2026-10-07T16:00:00+00:00","velocidad_kmh":11.2,"racha_kmh":26.6,"direccion_grados":333.0,"direccion_cardinal":"NNO","hacia_grados":153.0,"antiguedad_min":41,"temperatura_c":20.6,"humedad_pct":51.0,"regla_30":false,"tipo_dato":"observación"}},{"type":"Feature","geometry":{"type":"Point","coordinates":[-5.018689,40.88213]},"properties":{"fuente":"AEMET","id":"2512Y","nombre":"RIVILLA DE BARAJAS","fecha_utc":"2026-10-07T16:00:00+00:00","velocidad_kmh":16.2,"racha_kmh":23.8,"direccion_grados":312.0,"direccion_cardinal":"NO","hacia_grados":132.0,"antiguedad_min":41,"temperatura_c":18.5,"humedad_pct":56.0,"regla_30":false,"tipo_dato":"observación"}},{"type":"Feature","geometry":{"type":"Point","coordinates":[-4.939637,41.172753]},"properties":{"fuente":"AEMET","id":"2517A","nombre":"FUENTE EL SOL","fecha_utc":"2026-10-07T14:00:00+00:00","velocidad_kmh":15.5,"racha_kmh":22.3,"direccion_grados":284.0,"direccion_cardinal":"ONO","hacia_grados":104.0,"antiguedad_min":161,"temperatura_c":20.1,"humedad_pct":55.0,"regla_30":false,"tipo_dato":"observación"}},{"type":"Feature","geometry":{"type":"Point","coordinates":[-5.271389,41.548333]},"properties":{"fuente":"AEMET","id":"2536D","nombre":"MORALES DEL TORO-DEPOSITO","fecha_utc":"2026-10-07T14:00:00+00:00","velocidad_kmh":14.4,"racha_kmh":17.3,"direccion_grados":298.0,"direccion_cardinal":"ONO","hacia_grados":118.0,"antiguedad_min":161,"temperatura_c":20.0,"humedad_pct":59.0,"regla_30":false,"tipo_dato":"observación"}},{"type":"Feature","geometry":{"type":"Point","coordinates":[-5.481307,41.236704]},"properties":{"fuente":"AEMET","id":"2555B","nombre":"FUENTESAUCO","fecha_utc":"2026-10-07T12:00:00+00:00","velocidad_kmh":2.9,"racha_kmh":16.9,"direccion_grados":271.0,"direccion_cardinal":"O","hacia_grados":91.0,"antiguedad_min":281,"temperatura_c":18.3,"humedad_pct":62.0,"regla_30":false,"tipo_dato":"observación"}},{"type":"Feature","geometry":{"type":"Point","coordinates":[-5.630556,41.555278]},"properties":{"fuente":"AEMET","id":"2565","nombre":"CORESES","fecha_utc":"2026-10-07T16:00:00+00:00","velocidad_kmh":25.9,"racha_kmh":38.5,"direccion_grados":336.0,"direccion_cardinal":"NNO","hacia_grados":156.0,"antiguedad_min":41,"temperatura_c":20.2,"humedad_pct":51.0,"regla_30":false,"tipo_dato":"observación"}},{"type":"Feature","geometry":{"type":"Point","coordinates":[-4.851026,42.523503]},"properties":{"fuente":"AEMET","id":"2568D","nombre":"VILLAPUN","fecha_utc":"2026-10-07T14:00:00+00:00","velocidad_kmh":13.7,"racha_kmh":31.3,"direccion_grados":2.0,"direccion_cardinal":"N","hacia_grados":182.0,"antiguedad_min":161,"temperatura_c":17.2,"humedad_pct":61.0,"regla_30":false,"tipo_dato":"observación"}},{"type":"Feature","geometry":{"type":"Point","coordinates":[-5.040989,42.09421]},"properties":{"fuente":"AEMET","id":"2593D","nombre":"VILLALÓN DE CAMPOS","fecha_utc":"2026-10-07T16:00:00+00:00","velocidad_kmh":29.2,"racha_kmh":44.6,"direccion_grados":338.0,"direccion_cardinal":"NNO","hacia_grados":158.0,"antiguedad_min":41,"temperatura_c":19.1,"humedad_pct":47.0,"regla_30":false,"tipo_dato":"observación"}},{"type":"Feature","geometry":{"type":"Point","coordinates":[-5.040313,41.875815]},"properties":{"fuente":"AEMET","id":"2604B","nombre":"MEDINA DE RIOSECO","fecha_utc":"2026-10-07T15:00:00+00:00","velocidad_kmh":22.7,"racha_kmh":33.1,"direccion_grados":326.0,"direccion_cardinal":"NO","hacia_grados":146.0,"antiguedad_min":101,"temperatura_c":19.7,"humedad_pct":52.0,"regla_30":false,"tipo_dato":"observación"}},{"type":"Feature","geometry":{"type":"Point","coordinates":[-5.59244,41.856388]},"properties":{"fuente":"AEMET","id":"2611D","nombre":"VILLAFÁFILA","fecha_utc":"2026-10-07T15:00:00+00:00","velocidad_kmh":26.3,"racha_kmh":42.1,"direccion_grados":324.0,"direccion_cardinal":"NO","hacia_grados":144.0,"antiguedad_min":101,"temperatura_c":21.0,"humedad_pct":50.0,"regla_30":false,"tipo_dato":"observación"}},{"type":"Feature","geometry":{"type":"Point","coordinates":[-5.735278,41.515556]},"properties":{"fuente":"AEMET","id":"2614","nombre":"ZAMORA","fecha_utc":"2026-10-07T16:00:00+00:00","velocidad_kmh":16.9,"racha_kmh":34.2,"direccion_grados":345.0,"direccion_cardinal":"NNO","hacia_grados":165.0,"antiguedad_min":41,"temperatura_c":20.2,"humedad_pct":46.0,"regla_30":false,"tipo_dato":"observación"}},{"type":"Feature","geometry":{"type":"Point","coordinates":[-5.007615,42.958457]},"properties":{"fuente":"AEMET","id":"2624C","nombre":"RIAÑO-ERMITA QUINTANILLA","fecha_utc":"2026-10-07T13:00:00+00:00","velocidad_kmh":9.7,"racha_kmh":31.3,"direccion_grados":322.0,"direccion_cardinal":"NO","hacia_grados":142.0,"antiguedad_min":221,"temperatura_c":12.6,"humedad_pct":85.0,"regla_30":false,"tipo_dato":"observación"}},{"type":"Feature","geometry":{"type":"Point","coordinates":[-5.193246,42.620094]},"properties":{"fuente":"AEMET","id":"2626Y","nombre":"SAHECHORES-HELIPUERTO","fecha_utc":"2026-10-07T14:00:00+00:00","velocidad_kmh":13.0,"racha_kmh":32.0,"direccion_grados":323.0,"direccion_cardinal":"NO","hacia_grados":143.0,"antiguedad_min":161,"temperatura_c":16.3,"humedad_pct":63.0,"regla_30":false,"tipo_dato":"observación"}},{"type":"Feature","geometry":{"type":"Point","coordinates":[-5.651111,42.588333]},"properties":{"fuente":"AEMET","id":"2661","nombre":"LEÓN/VIRGEN DEL CAMINO","fecha_utc":"2026-10-07T16:00:00+00:00","velocidad_kmh":19.4,"racha_kmh":31.7,"direccion_grados":20.0,"direccion_cardinal":"NNE","hacia_grados":200.0,"antiguedad_min":41,"temperatura_c":16.8,"humedad_pct":48.0,"regla_30":false,"tipo_dato":"observación"}},{"type":"Feature","geometry":{"type":"Point","coordinates":[-5.504765,42.295947]},"properties":{"fuente":"AEMET","id":"2664B","nombre":"VALENCIA DE DON JUAN","fecha_utc":"2026-10-07T15:00:00+00:00","velocidad_kmh":23.8,"racha_kmh":40.7,"direccion_grados":32.0,"direccion_cardinal":"NNE","hacia_grados":212.0,"antiguedad_min":101,"temperatura_c":18.8,"humedad_pct":42.0,"regla_30":false,"tipo_dato":"observación"}},{"type":"Feature","geometry":{"type":"Point","coordinates":[-5.870858,42.885575]},"properties":{"fuente":"AEMET","id":"2701D","nombre":"MIÑERA DE LUNA-EMBALSE","fecha_utc":"2026-10-07T14:00:00+00:00","velocidad_kmh":10.1,"racha_kmh":34.6,"direccion_grados":353.0,"direccion_cardinal":"N","hacia_grados":173.0,"antiguedad_min":161,"temperatura_c":17.7,"humedad_pct":51.0,"regla_30":false,"tipo_dato":"observación"}},{"type":"Feature","geometry":{"type":"Point","coordinates":[-6.070921,42.648217]},"properties":{"fuente":"AEMET","id":"2728B","nombre":"VILLAMECA","fecha_utc":"2026-10-07T15:00:00+00:00","velocidad_kmh":27.4,"racha_kmh":48.6,"direccion_grados":56.0,"direccion_cardinal":"NE","hacia_grados":236.0,"antiguedad_min":101,"temperatura_c":15.7,"humedad_pct":62.0,"regla_30":false,"tipo_dato":"observación"}},{"type":"Feature","geometry":{"type":"Point","coordinates":[-6.074338,42.476722]},"properties":{"fuente":"AEMET","id":"2734D","nombre":"ASTORGA-DEPÓSITO AGUA","fecha_utc":"2026-10-07T09:00:00+00:00","velocidad_kmh":14.4,"racha_kmh":28.4,"direccion_grados":336.0,"direccion_cardinal":"NNO","hacia_grados":156.0,"antiguedad_min":461,"temperatura_c":16.7,"humedad_pct":69.0,"regla_30":false,"tipo_dato":"observación"}},{"type":"Feature","geometry":{"type":"Point","coordinates":[-6.196672,42.377498]},"properties":{"fuente":"AEMET","id":"2737E","nombre":"LAGUNAS DE SOMOZA","fecha_utc":"2026-10-07T16:00:00+00:00","velocidad_kmh":20.2,"racha_kmh":36.4,"direccion_grados":312.0,"direccion_cardinal":"NO","hacia_grados":132.0,"antiguedad_min":41,"temperatura_c":16.6,"humedad_pct":57.0,"regla_30":false,"tipo_dato":"observación"}},{"type":"Feature","geometry":{"type":"Point","coordinates":[-5.779854,42.466446]},"properties":{"fuente":"AEMET","id":"2742R","nombre":"BUSTILLO DEL PÁRAMO-LAS MATILLAS","fecha_utc":"2026-10-07T14:00:00+00:00","velocidad_kmh":20.9,"racha_kmh":38.5,"direccion_grados":335.0,"direccion_cardinal":"NNO","hacia_grados":155.0,"antiguedad_min":161,"temperatura_c":18.7,"humedad_pct":46.0,"regla_30":false,"tipo_dato":"observación"}},{"type":"Feature","geometry":{"type":"Point","coordinates":[-5.666803,42.010907]},"properties":{"fuente":"AEMET","id":"2755X","nombre":"BENAVENTE","fecha_utc":"2026-10-07T16:00:00+00:00","velocidad_kmh":14.8,"racha_kmh":36.4,"direccion_grados":343.0,"direccion_cardinal":"NNO","hacia_grados":163.0,"antiguedad_min":41,"temperatura_c":19.0,"humedad_pct":42.0,"regla_30":false,"tipo_dato":"observación"}},{"type":"Feature","geometry":{"type":"Point","coordinates":[-6.639735,42.082615]},"properties":{"fuente":"AEMET","id":"2766E","nombre":"EL PUENTE (CASA FORESTAL)","fecha_utc":"2026-10-07T16:00:00+00:00","velocidad_kmh":1.8,"racha_kmh":11.5,"direccion_grados":321.0,"direccion_cardinal":"NO","hacia_grados":141.0,"antiguedad_min":41,"temperatura_c":17.1,"humedad_pct":65.0,"regla_30":false,"tipo_dato":"observación"}},{"type":"Feature","geometry":{"type":"Point","coordinates":[-6.279668,41.941501]},"properties":{"fuente":"AEMET","id":"2775X","nombre":"VILLARDECIERVOS","fecha_utc":"2026-10-07T16:00:00+00:00","velocidad_kmh":9.4,"racha_kmh":20.5,"direccion_grados":348.0,"direccion_cardinal":"NNO","hacia_grados":168.0,"antiguedad_min":41,"temperatura_c":18.7,"humedad_pct":48.0,"regla_30":false,"tipo_dato":"observación"}},{"type":"Feature","geometry":{"type":"Point","coordinates":[-6.007296,42.078138]},"properties":{"fuente":"AEMET","id":"2777K","nombre":"SANTIBAÑEZ DE VIDRIALES","fecha_utc":"2026-10-07T13:00:00+00:00","velocidad_kmh":19.1,"racha_kmh":34.6,"direccion_grados":322.0,"direccion_cardinal":"NO","hacia_grados":142.0,"antiguedad_min":221,"temperatura_c":19.2,"humedad_pct":49.0,"regla_30":false,"tipo_dato":"observación"}},{"type":"Feature","geometry":{"type":"Point","coordinates":[-5.909007,41.785554]},"properties":{"fuente":"AEMET","id":"2789H","nombre":"POZUELO DE TABARA","fecha_utc":"2026-10-07T15:00:00+00:00","velocidad_kmh":23.8,"racha_kmh":40.0,"direccion_grados":345.0,"direccion_cardinal":"NNO","hacia_grados":165.0,"antiguedad_min":101,"temperatura_c":20.5,"humedad_pct":47.0,"regla_30":false,"tipo_dato":"observación"}},{"type":"Feature","geometry":{"type":"Point","coordinates":[-6.141833,41.533996]},"properties":{"fuente":"AEMET","id":"2804F","nombre":"VILLADEPERA","fecha_utc":"2026-10-07T14:00:00+00:00","velocidad_kmh":16.6,"racha_kmh":28.1,"direccion_grados":275.0,"direccion_cardinal":"O","hacia_grados":95.0,"antiguedad_min":161,"temperatura_c":19.1,"humedad_pct":58.0,"regla_30":false,"tipo_dato":"observación"}},{"type":"Feature","geometry":{"type":"Point","coordinates":[-5.519077,40.355386]},"properties":{"fuente":"AEMET","id":"2828Y","nombre":"BARCO DE AVILA","fecha_utc":"2026-10-07T15:00:00+00:00","velocidad_kmh":10.8,"racha_kmh":22.7,"direccion_grados":340.0,"direccion_cardinal":"NNO","hacia_grados":160.0,"antiguedad_min":101,"temperatura_c":18.2,"humedad_pct":52.0,"regla_30":false,"tipo_dato":"observación"}},{"type":"Feature","geometry":{"type":"Point","coordinates":[-5.643454,40.675599]},"properties":{"fuente":"AEMET","id":"2847X","nombre":"PEDROSILLO DE LOS AIRES-CASTILLEJO","fecha_utc":"2026-10-07T16:00:00+00:00","velocidad_kmh":10.1,"racha_kmh":20.2,"direccion_grados":333.0,"direccion_cardinal":"NNO","hacia_grados":153.0,"antiguedad_min":41,"temperatura_c":18.8,"humedad_pct":56.0,"regla_30":false,"tipo_dato":"observación"}},{"type":"Feature","geometry":{"type":"Point","coordinates":[-5.36619,40.732205]},"properties":{"fuente":"AEMET","id":"2863C","nombre":"PEDRAZA DE ALBA-VALLELARGO","fecha_utc":"2026-10-07T15:00:00+00:00","velocidad_kmh":7.9,"racha_kmh":20.2,"direccion_grados":328.0,"direccion_cardinal":"NNO","hacia_grados":148.0,"antiguedad_min":101,"temperatura_c":18.6,"humedad_pct":57.0,"regla_30":false,"tipo_dato":"observación"}},{"type":"Feature","geometry":{"type":"Point","coordinates":[-5.498292,40.959572]},"properties":{"fuente":"AEMET","id":"2867","nombre":"SALAMANCA/MATACAN","fecha_utc":"2026-10-07T16:00:00+00:00","velocidad_kmh":11.5,"racha_kmh":20.5,"direccion_grados":310.0,"direccion_cardinal":"NO","hacia_grados":130.0,"antiguedad_min":41,"temperatura_c":18.8,"humedad_pct":59.0,"regla_30":false,"tipo_dato":"observación"}},{"type":"Feature","geometry":{"type":"Point","coordinates":[-5.686389,40.960278]},"properties":{"fuente":"AEMET","id":"2870X","nombre":"SALAMANCA - HUERTOS URBANOS","fecha_utc":"2026-10-07T16:00:00+00:00","velocidad_kmh":5.8,"racha_kmh":25.2,"direccion_grados":318.0,"direccion_cardinal":"NO","hacia_grados":138.0,"antiguedad_min":41,"temperatura_c":18.0,"humedad_pct":66.0,"regla_30":false,"tipo_dato":"observación"}},{"type":"Feature","geometry":{"type":"Point","coordinates":[-5.779717,40.903607]},"properties":{"fuente":"AEMET","id":"2873X","nombre":"BARBADILLO","fecha_utc":"2026-10-07T15:00:00+00:00","velocidad_kmh":9.7,"racha_kmh":21.2,"direccion_grados":308.0,"direccion_cardinal":"NO","hacia_grados":128.0,"antiguedad_min":101,"temperatura_c":19.1,"humedad_pct":58.0,"regla_30":false,"tipo_dato":"observación"}},{"type":"Feature","geometry":{"type":"Point","coordinates":[-5.897441,41.238902]},"properties":{"fuente":"AEMET","id":"2882D","nombre":"EVC_PEÑAUSENDE","fecha_utc":"2026-10-07T16:00:00+00:00","velocidad_kmh":5.0,"racha_kmh":22.0,"direccion_grados":15.0,"direccion_cardinal":"NNE","hacia_grados":195.0,"antiguedad_min":41,"temperatura_c":12.6,"humedad_pct":88.0,"regla_30":false,"tipo_dato":"observación"}},{"type":"Feature","geometry":{"type":"Point","coordinates":[-6.022286,41.304443]},"properties":{"fuente":"AEMET","id":"2885K","nombre":"FRESNO DE SAYAGO","fecha_utc":"2026-10-07T15:00:00+00:00","velocidad_kmh":19.1,"racha_kmh":29.5,"direccion_grados":294.0,"direccion_cardinal":"ONO","hacia_grados":114.0,"antiguedad_min":101,"temperatura_c":19.7,"humedad_pct":57.0,"regla_30":false,"tipo_dato":"observación"}},{"type":"Feature","geometry":{"type":"Point","coordinates":[-6.462222,41.262778]},"properties":{"fuente":"AEMET","id":"2891A","nombre":"VILLARINO DE LOS AIRES","fecha_utc":"2026-10-07T12:00:00+00:00","velocidad_kmh":13.0,"racha_kmh":20.5,"direccion_grados":289.0,"direccion_cardinal":"ONO","hacia_grados":109.0,"antiguedad_min":281,"temperatura_c":18.6,"humedad_pct":67.0,"regla_30":false,"tipo_dato":"observación"}},{"type":"Feature","geometry":{"type":"Point","coordinates":[-6.20289,40.786039]},"properties":{"fuente":"AEMET","id":"2914C","nombre":"BOADILLA FUENTE SAN ESTEBAN","fecha_utc":"2026-10-07T15:00:00+00:00","velocidad_kmh":7.2,"racha_kmh":16.2,"direccion_grados":315.0,"direccion_cardinal":"NO","hacia_grados":135.0,"antiguedad_min":101,"temperatura_c":18.3,"humedad_pct":60.0,"regla_30":false,"tipo_dato":"observación"}},{"type":"Feature","geometry":{"type":"Point","coordinates":[-6.437733,41.011441]},"properties":{"fuente":"AEMET","id":"2916A","nombre":"VITIGUDINO","fecha_utc":"2026-10-07T16:00:00+00:00","velocidad_kmh":10.8,"racha_kmh":24.1,"direccion_grados":306.0,"direccion_cardinal":"NO","hacia_grados":126.0,"antiguedad_min":41,"temperatura_c":19.3,"humedad_pct":57.0,"regla_30":false,"tipo_dato":"observación"}},{"type":"Feature","geometry":{"type":"Point","coordinates":[-6.223616,40.569447]},"properties":{"fuente":"AEMET","id":"2918Y","nombre":"EL MAILLO (BASE AVIONES - AUTOMATICA)","fecha_utc":"2026-10-07T16:00:00+00:00","velocidad_kmh":8.3,"racha_kmh":19.1,"direccion_grados":335.0,"direccion_cardinal":"NNO","hacia_grados":155.0,"antiguedad_min":41,"temperatura_c":18.0,"humedad_pct":62.0,"regla_30":false,"tipo_dato":"observación"}},{"type":"Feature","geometry":{"type":"Point","coordinates":[-6.60902,40.851426]},"properties":{"fuente":"AEMET","id":"2926B","nombre":"BAÑOBAREZ","fecha_utc":"2026-10-07T13:00:00+00:00","velocidad_kmh":11.2,"racha_kmh":20.2,"direccion_grados":301.0,"direccion_cardinal":"ONO","hacia_grados":121.0,"antiguedad_min":221,"temperatura_c":19.3,"humedad_pct":60.0,"regla_30":false,"tipo_dato":"observación"}},{"type":"Feature","geometry":{"type":"Point","coordinates":[-6.812855,40.29663]},"properties":{"fuente":"AEMET","id":"2930Y","nombre":"NAVASFRIAS","fecha_utc":"2026-10-07T14:00:00+00:00","velocidad_kmh":7.2,"racha_kmh":23.8,"direccion_grados":347.0,"direccion_cardinal":"NNO","hacia_grados":167.0,"antiguedad_min":161,"temperatura_c":18.5,"humedad_pct":62.0,"regla_30":false,"tipo_dato":"observación"}},{"type":"Feature","geometry":{"type":"Point","coordinates":[-6.57708,40.485117]},"properties":{"fuente":"AEMET","id":"2945A","nombre":"EL BODÓN-BASE AEREA","fecha_utc":"2026-10-07T15:00:00+00:00","velocidad_kmh":15.5,"racha_kmh":26.6,"direccion_grados":344.0,"direccion_cardinal":"NNO","hacia_grados":164.0,"antiguedad_min":101,"temperatura_c":19.3,"humedad_pct":60.0,"regla_30":false,"tipo_dato":"observación"}},{"type":"Feature","geometry":{"type":"Point","coordinates":[-6.600021,40.635023]},"properties":{"fuente":"AEMET","id":"2946X","nombre":"SAELICES EL CHICO","fecha_utc":"2026-10-07T16:00:00+00:00","velocidad_kmh":null,"racha_kmh":null,"direccion_grados":null,"direccion_cardinal":null,"hacia_grados":null,"antiguedad_min":41,"temperatura_c":21.3,"humedad_pct":46.0,"regla_30":null,"tipo_dato":"observación"}},{"type":"Feature","geometry":{"type":"Point","coordinates":[-6.301295,41.683464]},"properties":{"fuente":"AEMET","id":"2966D","nombre":"ALCAÑICES-VIVINERA","fecha_utc":"2026-10-07T15:00:00+00:00","velocidad_kmh":18.7,"racha_kmh":29.5,"direccion_grados":358.0,"direccion_cardinal":"N","hacia_grados":178.0,"antiguedad_min":101,"temperatura_c":20.5,"humedad_pct":51.0,"regla_30":false,"tipo_dato":"observación"}},{"type":"Feature","geometry":{"type":"Point","coordinates":[-7.183055,42.027265]},"properties":{"fuente":"AEMET","id":"2969U","nombre":"MESÓN EROSA","fecha_utc":"2026-10-07T14:00:00+00:00","velocidad_kmh":null,"racha_kmh":null,"direccion_grados":null,"direccion_cardinal":null,"hacia_grados":null,"antiguedad_min":161,"temperatura_c":16.2,"humedad_pct":66.0,"regla_30":null,"tipo_dato":"observación"}},{"type":"Feature","geometry":{"type":"Point","coordinates":[-7.422059,41.926666]},"properties":{"fuente":"AEMET","id":"2978X","nombre":"AGUAS DE CABREIROA","fecha_utc":"2026-10-07T14:00:00+00:00","velocidad_kmh":null,"racha_kmh":null,"direccion_grados":null,"direccion_cardinal":null,"hacia_grados":null,"antiguedad_min":161,"temperatura_c":23.3,"humedad_pct":46.0,"regla_30":null,"tipo_dato":"observación"}},{"type":"Feature","geometry":{"type":"Point","coordinates":[-1.878928,40.841653]},"properties":{"fuente":"AEMET","id":"3013","nombre":"MOLINA DE ARAGÓN","fecha_utc":"2026-10-07T16:00:00+00:00","velocidad_kmh":4.3,"racha_kmh":15.5,"direccion_grados":242.0,"direccion_cardinal":"OSO","hacia_grados":62.0,"antiguedad_min":41,"temperatura_c":16.8,"humedad_pct":69.0,"regla_30":false,"tipo_dato":"observación"}},{"type":"Feature","geometry":{"type":"Point","coordinates":[-2.199722,40.758333]},"properties":{"fuente":"AEMET","id":"3021Y","nombre":"ZAOREJAS","fecha_utc":"2026-10-07T13:00:00+00:00","velocidad_kmh":14.8,"racha_kmh":36.0,"direccion_grados":297.0,"direccion_cardinal":"ONO","hacia_grados":117.0,"antiguedad_min":221,"temperatura_c":14.8,"humedad_pct":66.0,"regla_30":false,"tipo_dato":"observación"}},{"type":"Feature","geometry":{"type":"Point","coordinates":[-2.079306,40.543152]},"properties":{"fuente":"AEMET","id":"3040X","nombre":"BETETA AERÓDROMO","fecha_utc":"2026-10-07T16:00:00+00:00","velocidad_kmh":15.1,"racha_kmh":34.6,"direccion_grados":288.0,"direccion_cardinal":"ONO","hacia_grados":108.0,"antiguedad_min":41,"temperatura_c":11.1,"humedad_pct":86.0,"regla_30":false,"tipo_dato":"observación"}},{"type":"Feature","geometry":{"type":"Point","coordinates":[-2.076393,40.57167]},"properties":{"fuente":"AEMET","id":"3040Y","nombre":"BETETA","fecha_utc":"2026-10-07T15:00:00+00:00","velocidad_kmh":null,"racha_kmh":null,"direccion_grados":null,"direccion_cardinal":null,"hacia_grados":null,"antiguedad_min":101,"temperatura_c":15.4,"humedad_pct":69.0,"regla_30":null,"tipo_dato":"observación"}},{"type":"Feature","geometry":{"type":"Point","coordinates":[-2.953058,40.407776]},"properties":{"fuente":"AEMET","id":"3085Y","nombre":"PASTRANA","fecha_utc":"2026-10-07T13:00:00+00:00","velocidad_kmh":null,"racha_kmh":null,"direccion_grados":null,"direccion_cardinal":null,"hacia_grados":null,"antiguedad_min":221,"temperatura_c":20.1,"humedad_pct":63.0,"regla_30":null,"tipo_dato":"observación"}},{"type":"Feature","geometry":{"type":"Point","coordinates":[-3.021667,40.011389]},"properties":{"fuente":"AEMET","id":"3094B","nombre":"TARANCON","fecha_utc":"2026-10-07T16:00:00+00:00","velocidad_kmh":15.1,"racha_kmh":23.0,"direccion_grados":242.0,"direccion_cardinal":"OSO","hacia_grados":62.0,"antiguedad_min":41,"temperatura_c":21.0,"humedad_pct":50.0,"regla_30":false,"tipo_dato":"observación"}},{"type":"Feature","geometry":{"type":"Point","coordinates":[-3.496134,39.935165]},"properties":{"fuente":"AEMET","id":"3099Y","nombre":"OCAÑA","fecha_utc":"2026-10-07T13:00:00+00:00","velocidad_kmh":6.8,"racha_kmh":16.2,"direccion_grados":277.0,"direccion_cardinal":"O","hacia_grados":97.0,"antiguedad_min":221,"temperatura_c":19.1,"humedad_pct":68.0,"regla_30":false,"tipo_dato":"observación"}},{"type":"Feature","geometry":{"type":"Point","coordinates":[-3.546025,40.06714]},"properties":{"fuente":"AEMET","id":"3100B","nombre":"ARANJUEZ","fecha_utc":"2026-10-07T16:00:00+00:00","velocidad_kmh":10.8,"racha_kmh":21.2,"direccion_grados":258.0,"direccion_cardinal":"OSO","hacia_grados":78.0,"antiguedad_min":41,"temperatura_c":21.3,"humedad_pct":58.0,"regla_30":false,"tipo_dato":"observación"}},{"type":"Feature","geometry":{"type":"Point","coordinates":[-3.301944,41.003611]},"properties":{"fuente":"AEMET","id":"3103","nombre":"PANTANO EL VADO","fecha_utc":"2026-10-07T15:00:00+00:00","velocidad_kmh":3.6,"racha_kmh":28.1,"direccion_grados":94.0,"direccion_cardinal":"E","hacia_grados":274.0,"antiguedad_min":101,"temperatura_c":18.9,"humedad_pct":52.0,"regla_30":false,"tipo_dato":"observación"}},{"type":"Feature","geometry":{"type":"Point","coordinates":[-3.888285,40.889686]},"properties":{"fuente":"AEMET","id":"3104Y","nombre":"EL PAULAR- RASCAFRÍA (AUTOMÁTICA)","fecha_utc":"2026-10-07T16:00:00+00:00","velocidad_kmh":4.3,"racha_kmh":23.0,"direccion_grados":307.0,"direccion_cardinal":"NO","hacia_grados":127.0,"antiguedad_min":41,"temperatura_c":15.9,"humedad_pct":64.0,"regla_30":false,"tipo_dato":"observación"}},{"type":"Feature","geometry":{"type":"Point","coordinates":[-3.613809,41.006986]},"properties":{"fuente":"AEMET","id":"3110C","nombre":"BUITRAGO","fecha_utc":"2026-10-07T16:00:00+00:00","velocidad_kmh":11.9,"racha_kmh":33.5,"direccion_grados":300.0,"direccion_cardinal":"ONO","hacia_grados":120.0,"antiguedad_min":41,"temperatura_c":17.0,"humedad_pct":56.0,"regla_30":false,"tipo_dato":"observación"}},{"type":"Feature","geometry":{"type":"Point","coordinates":[-3.580198,41.135786]},"properties":{"fuente":"AEMET","id":"3111D","nombre":"SOMOSIERRA","fecha_utc":"2026-10-07T16:00:00+00:00","velocidad_kmh":12.2,"racha_kmh":26.6,"direccion_grados":296.0,"direccion_cardinal":"ONO","hacia_grados":116.0,"antiguedad_min":41,"temperatura_c":13.7,"humedad_pct":72.0,"regla_30":false,"tipo_dato":"observación"}},{"type":"Feature","geometry":{"type":"Point","coordinates":[-3.624662,40.801582]},"properties":{"fuente":"AEMET","id":"3121F","nombre":"VENTURADA","fecha_utc":"2026-10-07T16:00:00+00:00","velocidad_kmh":13.7,"racha_kmh":26.6,"direccion_grados":295.0,"direccion_cardinal":"ONO","hacia_grados":115.0,"antiguedad_min":41,"temperatura_c":20.3,"humedad_pct":49.0,"regla_30":false,"tipo_dato":"observación"}},{"type":"Feature","geometry":{"type":"Point","coordinates":[-3.616667,40.55]},"properties":{"fuente":"AEMET","id":"3125Y","nombre":"SAN SEBASTIAN DE LOS REYES","fecha_utc":"2026-10-07T16:00:00+00:00","velocidad_kmh":null,"racha_kmh":null,"direccion_grados":null,"direccion_cardinal":null,"hacia_grados":null,"antiguedad_min":41,"temperatura_c":23.2,"humedad_pct":40.0,"regla_30":null,"tipo_dato":"observación"}},{"type":"Feature","geometry":{"type":"Point","coordinates":[-3.711944,40.561385]},"properties":{"fuente":"AEMET","id":"3126Y","nombre":"EL GOLOSO (AUTOMÁTICA)","fecha_utc":"2026-10-07T13:00:00+00:00","velocidad_kmh":4.7,"racha_kmh":15.5,"direccion_grados":259.0,"direccion_cardinal":"O","hacia_grados":79.0,"antiguedad_min":221,"temperatura_c":19.8,"humedad_pct":57.0,"regla_30":false,"tipo_dato":"observación"}},{"type":"Feature","geometry":{"type":"Point","coordinates":[-3.555593,40.466559]},"properties":{"fuente":"AEMET","id":"3129","nombre":"MADRID/BARAJAS","fecha_utc":"2026-10-07T16:00:00+00:00","velocidad_kmh":16.2,"racha_kmh":37.1,"direccion_grados":240.0,"direccion_cardinal":"OSO","hacia_grados":60.0,"antiguedad_min":41,"temperatura_c":22.6,"humedad_pct":48.0,"regla_30":false,"tipo_dato":"observación"}},{"type":"Feature","geometry":{"type":"Point","coordinates":[-3.579722,40.465278]},"properties":{"fuente":"AEMET","id":"3129A","nombre":"MADRID BARAJAS RS.","fecha_utc":"2026-10-07T16:00:00+00:00","velocidad_kmh":11.5,"racha_kmh":27.4,"direccion_grados":257.0,"direccion_cardinal":"OSO","hacia_grados":77.0,"antiguedad_min":41,"temperatura_c":22.2,"humedad_pct":48.0,"regla_30":false,"tipo_dato":"observación"}},{"type":"Feature","geometry":{"type":"Point","coordinates":[-2.617927,41.086277]},"properties":{"fuente":"AEMET","id":"3130C","nombre":"SIGÜENZA","fecha_utc":"2026-10-07T16:00:00+00:00","velocidad_kmh":4.7,"racha_kmh":15.1,"direccion_grados":288.0,"direccion_cardinal":"ONO","hacia_grados":108.0,"antiguedad_min":41,"temperatura_c":17.0,"humedad_pct":59.0,"regla_30":false,"tipo_dato":"observación"}},{"type":"Feature","geometry":{"type":"Point","coordinates":[-2.75988,40.985075]},"properties":{"fuente":"AEMET","id":"3140Y","nombre":"MANDAYONA","fecha_utc":"2026-10-07T16:00:00+00:00","velocidad_kmh":null,"racha_kmh":null,"direccion_grados":null,"direccion_cardinal":null,"hacia_grados":null,"antiguedad_min":41,"temperatura_c":16.1,"humedad_pct":72.0,"regla_30":null,"tipo_dato":"observación"}},{"type":"Feature","geometry":{"type":"Point","coordinates":[-3.142474,41.274167]},"properties":{"fuente":"AEMET","id":"3158D","nombre":"EVC_CAMPISABALOS","fecha_utc":"2026-10-07T16:00:00+00:00","velocidad_kmh":24.1,"racha_kmh":42.5,"direccion_grados":265.0,"direccion_cardinal":"O","hacia_grados":85.0,"antiguedad_min":41,"temperatura_c":14.2,"humedad_pct":66.0,"regla_30":false,"tipo_dato":"observación"}},{"type":"Feature","geometry":{"type":"Point","coordinates":[-3.150278,40.630282]},"properties":{"fuente":"AEMET","id":"3168D","nombre":"GUADALAJARA","fecha_utc":"2026-10-07T16:00:00+00:00","velocidad_kmh":4.3,"racha_kmh":13.3,"direccion_grados":338.0,"direccion_cardinal":"NNO","hacia_grados":158.0,"antiguedad_min":41,"temperatura_c":21.6,"humedad_pct":52.0,"regla_30":false,"tipo_dato":"observación"}},{"type":"Feature","geometry":{"type":"Point","coordinates":[-3.289711,40.52836]},"properties":{"fuente":"AEMET","id":"3170Y","nombre":"ALCALA DE HENARES-ENCÍN","fecha_utc":"2026-10-07T16:00:00+00:00","velocidad_kmh":0.7,"racha_kmh":10.8,"direccion_grados":83.0,"direccion_cardinal":"E","hacia_grados":263.0,"antiguedad_min":41,"temperatura_c":21.8,"humedad_pct":57.0,"regla_30":false,"tipo_dato":"observación"}},{"type":"Feature","geometry":{"type":"Point","coordinates":[-3.497784,40.311667]},"properties":{"fuente":"AEMET","id":"3182Y","nombre":"ARGANDA DEL REY","fecha_utc":"2026-10-07T14:00:00+00:00","velocidad_kmh":6.1,"racha_kmh":19.1,"direccion_grados":229.0,"direccion_cardinal":"SO","hacia_grados":49.0,"antiguedad_min":161,"temperatura_c":21.2,"humedad_pct":56.0,"regla_30":false,"tipo_dato":"observación"}},{"type":"Feature","geometry":{"type":"Point","coordinates":[-3.765135,40.696067]},"properties":{"fuente":"AEMET","id":"3191E","nombre":"COLMENAR VIEJO/FAMET","fecha_utc":"2026-10-07T08:00:00+00:00","velocidad_kmh":4.0,"racha_kmh":7.2,"direccion_grados":269.0,"direccion_cardinal":"O","hacia_grados":89.0,"antiguedad_min":521,"temperatura_c":12.9,"humedad_pct":100.0,"regla_30":false,"tipo_dato":"observación"}},{"type":"Feature","geometry":{"type":"Point","coordinates":[-3.724167,40.451671]},"properties":{"fuente":"AEMET","id":"3194U","nombre":"MADRID · C. UNIVERSITARIA","fecha_utc":"2026-10-07T16:00:00+00:00","velocidad_kmh":8.6,"racha_kmh":21.6,"direccion_grados":240.0,"direccion_cardinal":"OSO","hacia_grados":60.0,"antiguedad_min":41,"temperatura_c":20.9,"humedad_pct":54.0,"regla_30":false,"tipo_dato":"observación"}},{"type":"Feature","geometry":{"type":"Point","coordinates":[-3.813369,40.448438]},"properties":{"fuente":"AEMET","id":"3194Y","nombre":"POZUELO DE ALARCON (AUTOMÁTICA)","fecha_utc":"2026-10-07T16:00:00+00:00","velocidad_kmh":null,"racha_kmh":null,"direccion_grados":null,"direccion_cardinal":null,"hacia_grados":null,"antiguedad_min":41,"temperatura_c":21.2,"humedad_pct":48.0,"regla_30":null,"tipo_dato":"observación"}},{"type":"Feature","geometry":{"type":"Point","coordinates":[-3.677778,40.411389]},"properties":{"fuente":"AEMET","id":"3195","nombre":"MADRID RETIRO","fecha_utc":"2026-10-07T16:00:00+00:00","velocidad_kmh":12.2,"racha_kmh":27.0,"direccion_grados":247.0,"direccion_cardinal":"OSO","hacia_grados":67.0,"antiguedad_min":41,"temperatura_c":20.4,"humedad_pct":57.0,"regla_30":false,"tipo_dato":"observación"}},{"type":"Feature","geometry":{"type":"Point","coordinates":[-2.874063,40.765198]},"properties":{"fuente":"AEMET","id":"3209Y","nombre":"BRIHUEGA","fecha_utc":"2026-10-07T15:00:00+00:00","velocidad_kmh":null,"racha_kmh":null,"direccion_grados":null,"direccion_cardinal":null,"hacia_grados":null,"antiguedad_min":101,"temperatura_c":18.9,"humedad_pct":51.0,"regla_30":null,"tipo_dato":"observación"}},{"type":"Feature","geometry":{"type":"Point","coordinates":[-3.311671,40.247225]},"properties":{"fuente":"AEMET","id":"3229Y","nombre":"TIELMES","fecha_utc":"2026-10-07T13:00:00+00:00","velocidad_kmh":null,"racha_kmh":null,"direccion_grados":null,"direccion_cardinal":null,"hacia_grados":null,"antiguedad_min":221,"temperatura_c":21.0,"humedad_pct":60.0,"regla_30":null,"tipo_dato":"observación"}},{"type":"Feature","geometry":{"type":"Point","coordinates":[-3.505837,39.696114]},"properties":{"fuente":"AEMET","id":"3245Y","nombre":"TEMBLEQUE","fecha_utc":"2026-10-07T14:00:00+00:00","velocidad_kmh":null,"racha_kmh":null,"direccion_grados":null,"direccion_cardinal":null,"hacia_grados":null,"antiguedad_min":161,"temperatura_c":19.1,"humedad_pct":74.0,"regla_30":null,"tipo_dato":"observación"}},{"type":"Feature","geometry":{"type":"Point","coordinates":[-3.780687,39.686888]},"properties":{"fuente":"AEMET","id":"3254Y","nombre":"MORA DE TOLEDO (AUTOMÁTICA)","fecha_utc":"2026-10-07T15:00:00+00:00","velocidad_kmh":7.6,"racha_kmh":13.7,"direccion_grados":272.0,"direccion_cardinal":"O","hacia_grados":92.0,"antiguedad_min":101,"temperatura_c":20.8,"humedad_pct":62.0,"regla_30":false,"tipo_dato":"observación"}},{"type":"Feature","geometry":{"type":"Point","coordinates":[-4.045278,39.884722]},"properties":{"fuente":"AEMET","id":"3260B","nombre":"TOLEDO","fecha_utc":"2026-10-07T16:00:00+00:00","velocidad_kmh":16.2,"racha_kmh":28.4,"direccion_grados":303.0,"direccion_cardinal":"ONO","hacia_grados":123.0,"antiguedad_min":41,"temperatura_c":23.0,"humedad_pct":51.0,"regla_30":false,"tipo_dato":"observación"}},{"type":"Feature","geometry":{"type":"Point","coordinates":[-4.141341,40.706512]},"properties":{"fuente":"AEMET","id":"3266A","nombre":"ALTO DEL LEÓN","fecha_utc":"2026-10-07T16:00:00+00:00","velocidad_kmh":28.1,"racha_kmh":47.5,"direccion_grados":311.0,"direccion_cardinal":"NO","hacia_grados":131.0,"antiguedad_min":41,"temperatura_c":12.6,"humedad_pct":76.0,"regla_30":false,"tipo_dato":"observación"}},{"type":"Feature","geometry":{"type":"Point","coordinates":[-4.017505,40.659724]},"properties":{"fuente":"AEMET","id":"3268C","nombre":"ALPEDRETE","fecha_utc":"2026-10-07T16:00:00+00:00","velocidad_kmh":18.0,"racha_kmh":31.7,"direccion_grados":313.0,"direccion_cardinal":"NO","hacia_grados":133.0,"antiguedad_min":41,"temperatura_c":19.6,"humedad_pct":51.0,"regla_30":false,"tipo_dato":"observación"}},{"type":"Feature","geometry":{"type":"Point","coordinates":[-4.476945,39.630556]},"properties":{"fuente":"AEMET","id":"3305Y","nombre":"NAVAHERMOSA","fecha_utc":"2026-10-07T14:00:00+00:00","velocidad_kmh":null,"racha_kmh":null,"direccion_grados":null,"direccion_cardinal":null,"hacia_grados":null,"antiguedad_min":161,"temperatura_c":17.9,"humedad_pct":79.0,"regla_30":null,"tipo_dato":"observación"}},{"type":"Feature","geometry":{"type":"Point","coordinates":[-4.487227,40.313051]},"properties":{"fuente":"AEMET","id":"3330Y","nombre":"ROZAS DE PUERTO REAL","fecha_utc":"2026-10-07T15:00:00+00:00","velocidad_kmh":null,"racha_kmh":null,"direccion_grados":null,"direccion_cardinal":null,"hacia_grados":null,"antiguedad_min":101,"temperatura_c":19.4,"humedad_pct":61.0,"regla_30":null,"tipo_dato":"observación"}},{"type":"Feature","geometry":{"type":"Point","coordinates":[-4.455763,40.467501]},"properties":{"fuente":"AEMET","id":"3337U","nombre":"CEBREROS","fecha_utc":"2026-10-07T16:00:00+00:00","velocidad_kmh":10.4,"racha_kmh":31.0,"direccion_grados":342.0,"direccion_cardinal":"NNO","hacia_grados":162.0,"antiguedad_min":41,"temperatura_c":19.6,"humedad_pct":54.0,"regla_30":false,"tipo_dato":"observación"}},{"type":"Feature","geometry":{"type":"Point","coordinates":[-4.248613,40.428509]},"properties":{"fuente":"AEMET","id":"3338","nombre":"ROBLEDO DE CHAVELA","fecha_utc":"2026-10-07T16:00:00+00:00","velocidad_kmh":8.6,"racha_kmh":30.6,"direccion_grados":302.0,"direccion_cardinal":"ONO","hacia_grados":122.0,"antiguedad_min":41,"temperatura_c":21.8,"humedad_pct":43.0,"regla_30":false,"tipo_dato":"observación"}},{"type":"Feature","geometry":{"type":"Point","coordinates":[-4.061107,40.496662]},"properties":{"fuente":"AEMET","id":"3343Y","nombre":"VALDEMORILLO","fecha_utc":"2026-10-07T14:00:00+00:00","velocidad_kmh":12.2,"racha_kmh":23.0,"direccion_grados":282.0,"direccion_cardinal":"ONO","hacia_grados":102.0,"antiguedad_min":161,"temperatura_c":21.0,"humedad_pct":49.0,"regla_30":false,"tipo_dato":"observación"}},{"type":"Feature","geometry":{"type":"Point","coordinates":[-4.680608,40.108209]},"properties":{"fuente":"AEMET","id":"3362Y","nombre":"CASTILLO BAYUELA","fecha_utc":"2026-10-07T15:00:00+00:00","velocidad_kmh":null,"racha_kmh":null,"direccion_grados":null,"direccion_cardinal":null,"hacia_grados":null,"antiguedad_min":101,"temperatura_c":22.6,"humedad_pct":55.0,"regla_30":null,"tipo_dato":"observación"}},{"type":"Feature","geometry":{"type":"Point","coordinates":[-4.863596,39.958608]},"properties":{"fuente":"AEMET","id":"3365A","nombre":"TALAVERA DE LA REINA","fecha_utc":"2026-10-07T16:00:00+00:00","velocidad_kmh":null,"racha_kmh":null,"direccion_grados":null,"direccion_cardinal":null,"hacia_grados":null,"antiguedad_min":41,"temperatura_c":22.6,"humedad_pct":62.0,"regla_30":null,"tipo_dato":"observación"}},{"type":"Feature","geometry":{"type":"Point","coordinates":[-5.391666,39.591662]},"properties":{"fuente":"AEMET","id":"3386A","nombre":"NAVALVILLAR DE IBOR","fecha_utc":"2026-10-07T16:00:00+00:00","velocidad_kmh":5.8,"racha_kmh":19.4,"direccion_grados":291.0,"direccion_cardinal":"ONO","hacia_grados":111.0,"antiguedad_min":41,"temperatura_c":18.9,"humedad_pct":62.0,"regla_30":false,"tipo_dato":"observación"}},{"type":"Feature","geometry":{"type":"Point","coordinates":[-4.70945,40.310924]},"properties":{"fuente":"AEMET","id":"3394X","nombre":"PIEDRALAVES","fecha_utc":"2026-10-07T16:00:00+00:00","velocidad_kmh":11.2,"racha_kmh":19.8,"direccion_grados":238.0,"direccion_cardinal":"OSO","hacia_grados":58.0,"antiguedad_min":41,"temperatura_c":20.5,"humedad_pct":64.0,"regla_30":false,"tipo_dato":"observación"}},{"type":"Feature","geometry":{"type":"Point","coordinates":[-5.311326,40.139198]},"properties":{"fuente":"AEMET","id":"3422D","nombre":"CANDELEDA (AUTOMATICA)","fecha_utc":"2026-10-07T15:00:00+00:00","velocidad_kmh":7.2,"racha_kmh":16.6,"direccion_grados":215.0,"direccion_cardinal":"SO","hacia_grados":35.0,"antiguedad_min":101,"temperatura_c":24.3,"humedad_pct":57.0,"regla_30":false,"tipo_dato":"observación"}},{"type":"Feature","geometry":{"type":"Point","coordinates":[-5.373329,40.153888]},"properties":{"fuente":"AEMET","id":"3423I","nombre":"MADRIGAL DE LA VERA","fecha_utc":"2026-10-07T16:00:00+00:00","velocidad_kmh":2.9,"racha_kmh":9.4,"direccion_grados":230.0,"direccion_cardinal":"SO","hacia_grados":50.0,"antiguedad_min":41,"temperatura_c":21.8,"humedad_pct":61.0,"regla_30":false,"tipo_dato":"observación"}},{"type":"Feature","geometry":{"type":"Point","coordinates":[-5.114443,39.993338]},"properties":{"fuente":"AEMET","id":"3427Y","nombre":"OROPESA DEHESÓN DEL · ENCINAR","fecha_utc":"2026-10-07T16:00:00+00:00","velocidad_kmh":null,"racha_kmh":null,"direccion_grados":null,"direccion_cardinal":null,"hacia_grados":null,"antiguedad_min":41,"temperatura_c":23.6,"humedad_pct":58.0,"regla_30":null,"tipo_dato":"observación"}},{"type":"Feature","geometry":{"type":"Point","coordinates":[-5.582629,39.945759]},"properties":{"fuente":"AEMET","id":"3434X","nombre":"NAVALMORAL DE LA MATA","fecha_utc":"2026-10-07T16:00:00+00:00","velocidad_kmh":11.2,"racha_kmh":23.0,"direccion_grados":255.0,"direccion_cardinal":"OSO","hacia_grados":75.0,"antiguedad_min":41,"temperatura_c":24.1,"humedad_pct":49.0,"regla_30":false,"tipo_dato":"observación"}},{"type":"Feature","geometry":{"type":"Point","coordinates":[-5.784718,40.111111]},"properties":{"fuente":"AEMET","id":"3436D","nombre":"GARGANTA LA OLLA","fecha_utc":"2026-10-07T15:00:00+00:00","velocidad_kmh":2.9,"racha_kmh":19.8,"direccion_grados":180.0,"direccion_cardinal":"S","hacia_grados":0.0,"antiguedad_min":101,"temperatura_c":21.4,"humedad_pct":63.0,"regla_30":false,"tipo_dato":"observación"}},{"type":"Feature","geometry":{"type":"Point","coordinates":[-6.127483,39.820718]},"properties":{"fuente":"AEMET","id":"3448X","nombre":"SERRADILLA (AUTOMATICA)","fecha_utc":"2026-10-07T16:00:00+00:00","velocidad_kmh":9.7,"racha_kmh":28.1,"direccion_grados":307.0,"direccion_cardinal":"NO","hacia_grados":127.0,"antiguedad_min":41,"temperatura_c":22.6,"humedad_pct":51.0,"regla_30":false,"tipo_dato":"observación"}},{"type":"Feature","geometry":{"type":"Point","coordinates":[-5.808349,39.669948]},"properties":{"fuente":"AEMET","id":"3455X","nombre":"JARAICEJO","fecha_utc":"2026-10-07T16:00:00+00:00","velocidad_kmh":10.4,"racha_kmh":26.3,"direccion_grados":312.0,"direccion_cardinal":"NO","hacia_grados":132.0,"antiguedad_min":41,"temperatura_c":21.9,"humedad_pct":50.0,"regla_30":false,"tipo_dato":"observación"}},{"type":"Feature","geometry":{"type":"Point","coordinates":[-5.874167,39.464167]},"properties":{"fuente":"AEMET","id":"3463Y","nombre":"TRUJILLO","fecha_utc":"2026-10-07T16:00:00+00:00","velocidad_kmh":13.0,"racha_kmh":27.0,"direccion_grados":305.0,"direccion_cardinal":"NO","hacia_grados":125.0,"antiguedad_min":41,"temperatura_c":21.7,"humedad_pct":50.0,"regla_30":false,"tipo_dato":"observación"}},{"type":"Feature","geometry":{"type":"Point","coordinates":[-6.338889,39.471389]},"properties":{"fuente":"AEMET","id":"3469A","nombre":"CÁCERES","fecha_utc":"2026-10-07T16:00:00+00:00","velocidad_kmh":12.6,"racha_kmh":26.6,"direccion_grados":324.0,"direccion_cardinal":"NO","hacia_grados":144.0,"antiguedad_min":41,"temperatura_c":23.4,"humedad_pct":47.0,"regla_30":false,"tipo_dato":"observación"}},{"type":"Feature","geometry":{"type":"Point","coordinates":[-6.376392,39.790559]},"properties":{"fuente":"AEMET","id":"3475X","nombre":"CAÑAVERAL","fecha_utc":"2026-10-07T16:00:00+00:00","velocidad_kmh":16.6,"racha_kmh":34.9,"direccion_grados":360.0,"direccion_cardinal":"N","hacia_grados":180.0,"antiguedad_min":41,"temperatura_c":23.2,"humedad_pct":47.0,"regla_30":false,"tipo_dato":"observación"}},{"type":"Feature","geometry":{"type":"Point","coordinates":[-5.9025,40.504722]},"properties":{"fuente":"AEMET","id":"3484X","nombre":"SAN ESTEBAN DE LA SIERRA","fecha_utc":"2026-10-07T16:00:00+00:00","velocidad_kmh":17.3,"racha_kmh":26.3,"direccion_grados":14.0,"direccion_cardinal":"NNE","hacia_grados":194.0,"antiguedad_min":41,"temperatura_c":19.4,"humedad_pct":55.0,"regla_30":false,"tipo_dato":"observación"}},{"type":"Feature","geometry":{"type":"Point","coordinates":[-6.239733,40.40809]},"properties":{"fuente":"AEMET","id":"3494U","nombre":"NUÑOMORAL","fecha_utc":"2026-10-07T16:00:00+00:00","velocidad_kmh":7.6,"racha_kmh":15.8,"direccion_grados":287.0,"direccion_cardinal":"ONO","hacia_grados":107.0,"antiguedad_min":41,"temperatura_c":23.3,"humedad_pct":50.0,"regla_30":false,"tipo_dato":"observación"}},{"type":"Feature","geometry":{"type":"Point","coordinates":[-6.1675,40.189444]},"properties":{"fuente":"AEMET","id":"3503","nombre":"GUIJO DE GRANADILLA","fecha_utc":"2026-10-07T16:00:00+00:00","velocidad_kmh":9.7,"racha_kmh":15.1,"direccion_grados":13.0,"direccion_cardinal":"NNE","hacia_grados":193.0,"antiguedad_min":41,"temperatura_c":22.9,"humedad_pct":50.0,"regla_30":false,"tipo_dato":"observación"}},{"type":"Feature","geometry":{"type":"Point","coordinates":[-5.861212,40.265086]},"properties":{"fuente":"AEMET","id":"3504X","nombre":"HERVAS","fecha_utc":"2026-10-07T16:00:00+00:00","velocidad_kmh":7.9,"racha_kmh":19.4,"direccion_grados":5.0,"direccion_cardinal":"N","hacia_grados":185.0,"antiguedad_min":41,"temperatura_c":20.4,"humedad_pct":52.0,"regla_30":false,"tipo_dato":"observación"}},{"type":"Feature","geometry":{"type":"Point","coordinates":[-6.338888,40.08083]},"properties":{"fuente":"AEMET","id":"3512X","nombre":"MONTEHERMOSO","fecha_utc":"2026-10-07T16:00:00+00:00","velocidad_kmh":7.6,"racha_kmh":19.8,"direccion_grados":288.0,"direccion_cardinal":"ONO","hacia_grados":108.0,"antiguedad_min":41,"temperatura_c":24.1,"humedad_pct":47.0,"regla_30":false,"tipo_dato":"observación"}},{"type":"Feature","geometry":{"type":"Point","coordinates":[-5.678336,40.258612]},"properties":{"fuente":"AEMET","id":"3514B","nombre":"TORNAVACAS","fecha_utc":"2026-10-07T16:00:00+00:00","velocidad_kmh":9.7,"racha_kmh":28.1,"direccion_grados":80.0,"direccion_cardinal":"E","hacia_grados":260.0,"antiguedad_min":41,"temperatura_c":18.8,"humedad_pct":53.0,"regla_30":false,"tipo_dato":"observación"}},{"type":"Feature","geometry":{"type":"Point","coordinates":[-5.832386,40.120781]},"properties":{"fuente":"AEMET","id":"3516X","nombre":"PIORNAL (AUTOMATICA)","fecha_utc":"2026-10-07T16:00:00+00:00","velocidad_kmh":9.0,"racha_kmh":24.8,"direccion_grados":326.0,"direccion_cardinal":"NO","hacia_grados":146.0,"antiguedad_min":41,"temperatura_c":17.4,"humedad_pct":63.0,"regla_30":false,"tipo_dato":"observación"}},{"type":"Feature","geometry":{"type":"Point","coordinates":[-6.045278,40.061944]},"properties":{"fuente":"AEMET","id":"3518X","nombre":"PLASENCIA - PRESA DEL JERTE","fecha_utc":"2026-10-07T16:00:00+00:00","velocidad_kmh":12.6,"racha_kmh":38.2,"direccion_grados":343.0,"direccion_cardinal":"NNO","hacia_grados":163.0,"antiguedad_min":41,"temperatura_c":23.2,"humedad_pct":46.0,"regla_30":false,"tipo_dato":"observación"}},{"type":"Feature","geometry":{"type":"Point","coordinates":[-6.557527,40.003539]},"properties":{"fuente":"AEMET","id":"3526X","nombre":"CORIA","fecha_utc":"2026-10-07T16:00:00+00:00","velocidad_kmh":9.7,"racha_kmh":23.8,"direccion_grados":338.0,"direccion_cardinal":"NNO","hacia_grados":158.0,"antiguedad_min":41,"temperatura_c":24.2,"humedad_pct":43.0,"regla_30":false,"tipo_dato":"observación"}},{"type":"Feature","geometry":{"type":"Point","coordinates":[-6.411707,40.254924]},"properties":{"fuente":"AEMET","id":"3531X","nombre":"TORRECILLA DE LOS ANGELES","fecha_utc":"2026-10-07T16:00:00+00:00","velocidad_kmh":4.7,"racha_kmh":23.8,"direccion_grados":355.0,"direccion_cardinal":"N","hacia_grados":175.0,"antiguedad_min":41,"temperatura_c":22.5,"humedad_pct":49.0,"regla_30":false,"tipo_dato":"observación"}},{"type":"Feature","geometry":{"type":"Point","coordinates":[-6.724444,40.174832]},"properties":{"fuente":"AEMET","id":"3536X","nombre":"HOYOS","fecha_utc":"2026-10-07T16:00:00+00:00","velocidad_kmh":14.0,"racha_kmh":25.9,"direccion_grados":327.0,"direccion_cardinal":"NNO","hacia_grados":147.0,"antiguedad_min":41,"temperatura_c":22.0,"humedad_pct":50.0,"regla_30":false,"tipo_dato":"observación"}},{"type":"Feature","geometry":{"type":"Point","coordinates":[-6.860004,39.871388]},"properties":{"fuente":"AEMET","id":"3540X","nombre":"ZARZA LA MAYOR","fecha_utc":"2026-10-07T16:00:00+00:00","velocidad_kmh":14.8,"racha_kmh":27.7,"direccion_grados":327.0,"direccion_cardinal":"NNO","hacia_grados":147.0,"antiguedad_min":41,"temperatura_c":25.1,"humedad_pct":33.0,"regla_30":false,"tipo_dato":"observación"}},{"type":"Feature","geometry":{"type":"Point","coordinates":[-6.896107,40.207224]},"properties":{"fuente":"AEMET","id":"3547X","nombre":"VALVERDE DE FRESNO","fecha_utc":"2026-10-07T16:00:00+00:00","velocidad_kmh":11.9,"racha_kmh":24.8,"direccion_grados":2.0,"direccion_cardinal":"N","hacia_grados":182.0,"antiguedad_min":41,"temperatura_c":23.1,"humedad_pct":49.0,"regla_30":false,"tipo_dato":"observación"}},{"type":"Feature","geometry":{"type":"Point","coordinates":[-6.736389,39.4275]},"properties":{"fuente":"AEMET","id":"3562X","nombre":"ALISEDA · LA UMBRÍA","fecha_utc":"2026-10-07T16:00:00+00:00","velocidad_kmh":11.2,"racha_kmh":21.6,"direccion_grados":287.0,"direccion_cardinal":"ONO","hacia_grados":107.0,"antiguedad_min":41,"temperatura_c":24.2,"humedad_pct":45.0,"regla_30":false,"tipo_dato":"observación"}},{"type":"Feature","geometry":{"type":"Point","coordinates":[-6.744998,39.61806]},"properties":{"fuente":"AEMET","id":"3565X","nombre":"BROZAS (AUTOMATICA)","fecha_utc":"2026-10-07T16:00:00+00:00","velocidad_kmh":17.6,"racha_kmh":29.9,"direccion_grados":333.0,"direccion_cardinal":"NNO","hacia_grados":153.0,"antiguedad_min":41,"temperatura_c":24.0,"humedad_pct":44.0,"regla_30":false,"tipo_dato":"observación"}},{"type":"Feature","geometry":{"type":"Point","coordinates":[-7.231135,39.414861]},"properties":{"fuente":"AEMET","id":"3576X","nombre":"VALENCIA DE ALCÁNTARA","fecha_utc":"2026-10-07T16:00:00+00:00","velocidad_kmh":8.6,"racha_kmh":15.8,"direccion_grados":275.0,"direccion_cardinal":"O","hacia_grados":95.0,"antiguedad_min":41,"temperatura_c":22.9,"humedad_pct":50.0,"regla_30":false,"tipo_dato":"observación"}},{"type":"Feature","geometry":{"type":"Point","coordinates":[-2.745006,38.965833]},"properties":{"fuente":"AEMET","id":"4007Y","nombre":"OSSA DE MONTIEL","fecha_utc":"2026-10-07T16:00:00+00:00","velocidad_kmh":8.3,"racha_kmh":24.1,"direccion_grados":23.0,"direccion_cardinal":"NNE","hacia_grados":203.0,"antiguedad_min":41,"temperatura_c":18.3,"humedad_pct":64.0,"regla_30":false,"tipo_dato":"observación"}},{"type":"Feature","geometry":{"type":"Point","coordinates":[-2.80695,40.061113]},"properties":{"fuente":"AEMET","id":"4051Y","nombre":"ALCÁZAR DEL REY","fecha_utc":"2026-10-07T16:00:00+00:00","velocidad_kmh":7.2,"racha_kmh":21.2,"direccion_grados":249.0,"direccion_cardinal":"OSO","hacia_grados":69.0,"antiguedad_min":41,"temperatura_c":19.3,"humedad_pct":62.0,"regla_30":false,"tipo_dato":"observación"}},{"type":"Feature","geometry":{"type":"Point","coordinates":[-3.048227,39.597138]},"properties":{"fuente":"AEMET","id":"4061X","nombre":"QUINTANAR DE LA ORDEN","fecha_utc":"2026-10-07T16:00:00+00:00","velocidad_kmh":5.4,"racha_kmh":13.0,"direccion_grados":217.0,"direccion_cardinal":"SO","hacia_grados":37.0,"antiguedad_min":41,"temperatura_c":18.2,"humedad_pct":70.0,"regla_30":false,"tipo_dato":"observación"}},{"type":"Feature","geometry":{"type":"Point","coordinates":[-3.215832,39.390829]},"properties":{"fuente":"AEMET","id":"4064Y","nombre":"ALCAZAR DE SAN JUAN","fecha_utc":"2026-10-07T13:00:00+00:00","velocidad_kmh":4.0,"racha_kmh":18.4,"direccion_grados":32.0,"direccion_cardinal":"NNE","hacia_grados":212.0,"antiguedad_min":221,"temperatura_c":15.6,"humedad_pct":87.0,"regla_30":false,"tipo_dato":"observación"}},{"type":"Feature","geometry":{"type":"Point","coordinates":[-3.528358,39.492064]},"properties":{"fuente":"AEMET","id":"4067","nombre":"MADRIDEJOS","fecha_utc":"2026-10-07T16:00:00+00:00","velocidad_kmh":6.5,"racha_kmh":21.6,"direccion_grados":250.0,"direccion_cardinal":"OSO","hacia_grados":70.0,"antiguedad_min":41,"temperatura_c":19.5,"humedad_pct":60.0,"regla_30":false,"tipo_dato":"observación"}},{"type":"Feature","geometry":{"type":"Point","coordinates":[-2.395207,40.018782]},"properties":{"fuente":"AEMET","id":"4070Y","nombre":"ABIA DE OBISPALIA","fecha_utc":"2026-10-07T14:00:00+00:00","velocidad_kmh":6.8,"racha_kmh":19.4,"direccion_grados":281.0,"direccion_cardinal":"O","hacia_grados":101.0,"antiguedad_min":161,"temperatura_c":17.2,"humedad_pct":71.0,"regla_30":false,"tipo_dato":"observación"}},{"type":"Feature","geometry":{"type":"Point","coordinates":[-2.503334,39.840279]},"properties":{"fuente":"AEMET","id":"4075Y","nombre":"VILLARES DEL SAZ","fecha_utc":"2026-10-07T14:00:00+00:00","velocidad_kmh":null,"racha_kmh":null,"direccion_grados":null,"direccion_cardinal":null,"hacia_grados":null,"antiguedad_min":161,"temperatura_c":19.6,"humedad_pct":59.0,"regla_30":null,"tipo_dato":"observación"}},{"type":"Feature","geometry":{"type":"Point","coordinates":[-2.49575,39.516972]},"properties":{"fuente":"AEMET","id":"4089A","nombre":"ALBERCA DE ZANCARA","fecha_utc":"2026-10-07T14:00:00+00:00","velocidad_kmh":16.9,"racha_kmh":31.3,"direccion_grados":288.0,"direccion_cardinal":"ONO","hacia_grados":108.0,"antiguedad_min":161,"temperatura_c":13.8,"humedad_pct":91.0,"regla_30":false,"tipo_dato":"observación"}},{"type":"Feature","geometry":{"type":"Point","coordinates":[-2.420691,39.416736]},"properties":{"fuente":"AEMET","id":"4090Y","nombre":"SAN CLEMENTE","fecha_utc":"2026-10-07T16:00:00+00:00","velocidad_kmh":16.2,"racha_kmh":22.7,"direccion_grados":303.0,"direccion_cardinal":"ONO","hacia_grados":123.0,"antiguedad_min":41,"temperatura_c":17.6,"humedad_pct":71.0,"regla_30":false,"tipo_dato":"observación"}},{"type":"Feature","geometry":{"type":"Point","coordinates":[-2.592567,39.261894]},"properties":{"fuente":"AEMET","id":"4091Y","nombre":"VILLARROBLEDO","fecha_utc":"2026-10-07T13:00:00+00:00","velocidad_kmh":17.3,"racha_kmh":28.1,"direccion_grados":253.0,"direccion_cardinal":"OSO","hacia_grados":73.0,"antiguedad_min":221,"temperatura_c":19.7,"humedad_pct":67.0,"regla_30":false,"tipo_dato":"observación"}},{"type":"Feature","geometry":{"type":"Point","coordinates":[-2.759997,39.656115]},"properties":{"fuente":"AEMET","id":"4093Y","nombre":"OSA DE LA VEGA (AUTOMÁTICA)","fecha_utc":"2026-10-07T15:00:00+00:00","velocidad_kmh":4.0,"racha_kmh":11.9,"direccion_grados":229.0,"direccion_cardinal":"SO","hacia_grados":49.0,"antiguedad_min":101,"temperatura_c":17.2,"humedad_pct":78.0,"regla_30":false,"tipo_dato":"observación"}},{"type":"Feature","geometry":{"type":"Point","coordinates":[-2.705556,39.555281]},"properties":{"fuente":"AEMET","id":"4095Y","nombre":"BELMONTE","fecha_utc":"2026-10-07T13:00:00+00:00","velocidad_kmh":6.1,"racha_kmh":16.2,"direccion_grados":256.0,"direccion_cardinal":"OSO","hacia_grados":76.0,"antiguedad_min":221,"temperatura_c":18.1,"humedad_pct":78.0,"regla_30":false,"tipo_dato":"observación"}},{"type":"Feature","geometry":{"type":"Point","coordinates":[-2.488886,39.016663]},"properties":{"fuente":"AEMET","id":"4096Y","nombre":"MUNERA · SAN BARTOLOMÉ (AUTOMÁTICA)","fecha_utc":"2026-10-07T16:00:00+00:00","velocidad_kmh":6.1,"racha_kmh":16.9,"direccion_grados":309.0,"direccion_cardinal":"NO","hacia_grados":129.0,"antiguedad_min":41,"temperatura_c":17.2,"humedad_pct":69.0,"regla_30":false,"tipo_dato":"observación"}},{"type":"Feature","geometry":{"type":"Point","coordinates":[-3.00749,39.169045]},"properties":{"fuente":"AEMET","id":"4103X","nombre":"TOMELLOSO","fecha_utc":"2026-10-07T16:00:00+00:00","velocidad_kmh":3.6,"racha_kmh":12.2,"direccion_grados":344.0,"direccion_cardinal":"NNO","hacia_grados":164.0,"antiguedad_min":41,"temperatura_c":19.7,"humedad_pct":61.0,"regla_30":false,"tipo_dato":"observación"}},{"type":"Feature","geometry":{"type":"Point","coordinates":[-3.741944,38.950833]},"properties":{"fuente":"AEMET","id":"4116I","nombre":"ALMAGRO/FAMET","fecha_utc":"2026-10-07T15:00:00+00:00","velocidad_kmh":null,"racha_kmh":null,"direccion_grados":null,"direccion_cardinal":null,"hacia_grados":null,"antiguedad_min":101,"temperatura_c":23.4,"humedad_pct":46.0,"regla_30":null,"tipo_dato":"observación"}},{"type":"Feature","geometry":{"type":"Point","coordinates":[-3.920278,38.989167]},"properties":{"fuente":"AEMET","id":"4121","nombre":"CIUDAD REAL","fecha_utc":"2026-10-07T16:00:00+00:00","velocidad_kmh":9.4,"racha_kmh":24.8,"direccion_grados":308.0,"direccion_cardinal":"NO","hacia_grados":128.0,"antiguedad_min":41,"temperatura_c":22.2,"humedad_pct":49.0,"regla_30":false,"tipo_dato":"observación"}},{"type":"Feature","geometry":{"type":"Point","coordinates":[-3.004441,38.737497]},"properties":{"fuente":"AEMET","id":"4138Y","nombre":"VILLANUEVA DE LOS INFANTES","fecha_utc":"2026-10-07T16:00:00+00:00","velocidad_kmh":5.0,"racha_kmh":26.3,"direccion_grados":237.0,"direccion_cardinal":"OSO","hacia_grados":57.0,"antiguedad_min":41,"temperatura_c":17.6,"humedad_pct":75.0,"regla_30":false,"tipo_dato":"observación"}},{"type":"Feature","geometry":{"type":"Point","coordinates":[-3.391368,38.750423]},"properties":{"fuente":"AEMET","id":"4147X","nombre":"VALDEPEÑAS","fecha_utc":"2026-10-07T16:00:00+00:00","velocidad_kmh":6.5,"racha_kmh":16.9,"direccion_grados":325.0,"direccion_cardinal":"NO","hacia_grados":145.0,"antiguedad_min":41,"temperatura_c":20.3,"humedad_pct":56.0,"regla_30":false,"tipo_dato":"observación"}},{"type":"Feature","geometry":{"type":"Point","coordinates":[-3.566725,38.518051]},"properties":{"fuente":"AEMET","id":"4148","nombre":"VISO DEL MARQUÉS","fecha_utc":"2026-10-07T16:00:00+00:00","velocidad_kmh":12.2,"racha_kmh":23.4,"direccion_grados":259.0,"direccion_cardinal":"O","hacia_grados":79.0,"antiguedad_min":41,"temperatura_c":20.9,"humedad_pct":50.0,"regla_30":false,"tipo_dato":"observación"}},{"type":"Feature","geometry":{"type":"Point","coordinates":[-4.282654,39.217045]},"properties":{"fuente":"AEMET","id":"4193Y","nombre":"EL ROBLEDO","fecha_utc":"2026-10-07T15:00:00+00:00","velocidad_kmh":null,"racha_kmh":null,"direccion_grados":null,"direccion_cardinal":null,"hacia_grados":null,"antiguedad_min":101,"temperatura_c":18.6,"humedad_pct":null,"regla_30":null,"tipo_dato":"observación"}},{"type":"Feature","geometry":{"type":"Point","coordinates":[-4.394988,39.32091]},"properties":{"fuente":"AEMET","id":"4195E","nombre":"ALCORNOQUERA · PARQUE NACIONAL CABAÑEROS","fecha_utc":"2026-10-07T16:00:00+00:00","velocidad_kmh":9.0,"racha_kmh":20.5,"direccion_grados":303.0,"direccion_cardinal":"ONO","hacia_grados":123.0,"antiguedad_min":41,"temperatura_c":18.7,"humedad_pct":74.0,"regla_30":false,"tipo_dato":"observación"}},{"type":"Feature","geometry":{"type":"Point","coordinates":[-4.291943,38.898055]},"properties":{"fuente":"AEMET","id":"4210Y","nombre":"ABENOJAR (AUTOMATICA)","fecha_utc":"2026-10-07T16:00:00+00:00","velocidad_kmh":13.3,"racha_kmh":23.8,"direccion_grados":279.0,"direccion_cardinal":"O","hacia_grados":99.0,"antiguedad_min":41,"temperatura_c":21.4,"humedad_pct":56.0,"regla_30":false,"tipo_dato":"observación"}},{"type":"Feature","geometry":{"type":"Point","coordinates":[-4.622035,39.083623]},"properties":{"fuente":"AEMET","id":"4220X","nombre":"PUEBLA DE DON RODRIGO","fecha_utc":"2026-10-07T16:00:00+00:00","velocidad_kmh":6.5,"racha_kmh":22.3,"direccion_grados":277.0,"direccion_cardinal":"O","hacia_grados":97.0,"antiguedad_min":41,"temperatura_c":22.7,"humedad_pct":49.0,"regla_30":false,"tipo_dato":"observación"}},{"type":"Feature","geometry":{"type":"Point","coordinates":[-5.026459,39.450439]},"properties":{"fuente":"AEMET","id":"4236Y","nombre":"PUERTO DEL REY","fecha_utc":"2026-10-07T16:00:00+00:00","velocidad_kmh":2.9,"racha_kmh":10.8,"direccion_grados":239.0,"direccion_cardinal":"OSO","hacia_grados":59.0,"antiguedad_min":41,"temperatura_c":19.0,"humedad_pct":74.0,"regla_30":false,"tipo_dato":"observación"}},{"type":"Feature","geometry":{"type":"Point","coordinates":[-5.062271,39.169355]},"properties":{"fuente":"AEMET","id":"4244X","nombre":"HERRERA DEL DUQUE","fecha_utc":"2026-10-07T16:00:00+00:00","velocidad_kmh":9.0,"racha_kmh":20.2,"direccion_grados":250.0,"direccion_cardinal":"OSO","hacia_grados":70.0,"antiguedad_min":41,"temperatura_c":20.6,"humedad_pct":62.0,"regla_30":false,"tipo_dato":"observación"}},{"type":"Feature","geometry":{"type":"Point","coordinates":[-5.333333,39.455271]},"properties":{"fuente":"AEMET","id":"4245X","nombre":"GUADALUPE (AUTOMATICA)","fecha_utc":"2026-10-07T16:00:00+00:00","velocidad_kmh":4.7,"racha_kmh":21.6,"direccion_grados":334.0,"direccion_cardinal":"NNO","hacia_grados":154.0,"antiguedad_min":41,"temperatura_c":21.7,"humedad_pct":53.0,"regla_30":false,"tipo_dato":"observación"}},{"type":"Feature","geometry":{"type":"Point","coordinates":[-5.577502,38.479719]},"properties":{"fuente":"AEMET","id":"4260","nombre":"PERALEDA DEL ZAUCEJO","fecha_utc":"2026-10-07T16:00:00+00:00","velocidad_kmh":11.5,"racha_kmh":27.4,"direccion_grados":342.0,"direccion_cardinal":"NNO","hacia_grados":162.0,"antiguedad_min":41,"temperatura_c":21.9,"humedad_pct":57.0,"regla_30":false,"tipo_dato":"observación"}},{"type":"Feature","geometry":{"type":"Point","coordinates":[-5.350555,38.409448]},"properties":{"fuente":"AEMET","id":"4263X","nombre":"VALSEQUILLO","fecha_utc":"2026-10-07T15:00:00+00:00","velocidad_kmh":17.6,"racha_kmh":26.6,"direccion_grados":304.0,"direccion_cardinal":"NO","hacia_grados":124.0,"antiguedad_min":101,"temperatura_c":23.0,"humedad_pct":50.0,"regla_30":false,"tipo_dato":"observación"}},{"type":"Feature","geometry":{"type":"Point","coordinates":[-5.121264,38.498611]},"properties":{"fuente":"AEMET","id":"4267X","nombre":"HINOJOSA DEL DUQUE","fecha_utc":"2026-10-07T16:00:00+00:00","velocidad_kmh":16.9,"racha_kmh":27.4,"direccion_grados":299.0,"direccion_cardinal":"ONO","hacia_grados":119.0,"antiguedad_min":41,"temperatura_c":21.1,"humedad_pct":52.0,"regla_30":false,"tipo_dato":"observación"}},{"type":"Feature","geometry":{"type":"Point","coordinates":[-4.845277,38.775284]},"properties":{"fuente":"AEMET","id":"4300Y","nombre":"MINAS DE ALMADÉN","fecha_utc":"2026-10-07T14:00:00+00:00","velocidad_kmh":6.1,"racha_kmh":17.3,"direccion_grados":290.0,"direccion_cardinal":"ONO","hacia_grados":110.0,"antiguedad_min":161,"temperatura_c":22.4,"humedad_pct":54.0,"regla_30":false,"tipo_dato":"observación"}},{"type":"Feature","geometry":{"type":"Point","coordinates":[-5.529083,38.741813]},"properties":{"fuente":"AEMET","id":"4325Y","nombre":"CASTUERA","fecha_utc":"2026-10-07T16:00:00+00:00","velocidad_kmh":10.8,"racha_kmh":27.7,"direccion_grados":315.0,"direccion_cardinal":"NO","hacia_grados":135.0,"antiguedad_min":41,"temperatura_c":21.4,"humedad_pct":61.0,"regla_30":false,"tipo_dato":"observación"}},{"type":"Feature","geometry":{"type":"Point","coordinates":[-5.369009,39.314167]},"properties":{"fuente":"AEMET","id":"4339X","nombre":"CAÑAMERO · EL PINAR","fecha_utc":"2026-10-07T16:00:00+00:00","velocidad_kmh":5.8,"racha_kmh":14.8,"direccion_grados":191.0,"direccion_cardinal":"S","hacia_grados":11.0,"antiguedad_min":41,"temperatura_c":19.1,"humedad_pct":74.0,"regla_30":false,"tipo_dato":"observación"}},{"type":"Feature","geometry":{"type":"Point","coordinates":[-5.461334,39.103459]},"properties":{"fuente":"AEMET","id":"4340","nombre":"NAVALVILLAR DE PELA","fecha_utc":"2026-10-07T16:00:00+00:00","velocidad_kmh":11.9,"racha_kmh":22.7,"direccion_grados":248.0,"direccion_cardinal":"OSO","hacia_grados":68.0,"antiguedad_min":41,"temperatura_c":22.4,"humedad_pct":62.0,"regla_30":false,"tipo_dato":"observación"}},{"type":"Feature","geometry":{"type":"Point","coordinates":[-5.710276,39.282781]},"properties":{"fuente":"AEMET","id":"4347X","nombre":"ZORITA","fecha_utc":"2026-10-07T16:00:00+00:00","velocidad_kmh":14.0,"racha_kmh":30.6,"direccion_grados":261.0,"direccion_cardinal":"O","hacia_grados":81.0,"antiguedad_min":41,"temperatura_c":22.1,"humedad_pct":53.0,"regla_30":false,"tipo_dato":"observación"}},{"type":"Feature","geometry":{"type":"Point","coordinates":[-5.880481,38.95559]},"properties":{"fuente":"AEMET","id":"4358X","nombre":"DON BENITO","fecha_utc":"2026-10-07T16:00:00+00:00","velocidad_kmh":6.5,"racha_kmh":15.8,"direccion_grados":218.0,"direccion_cardinal":"SO","hacia_grados":38.0,"antiguedad_min":41,"temperatura_c":22.2,"humedad_pct":60.0,"regla_30":false,"tipo_dato":"observación"}},{"type":"Feature","geometry":{"type":"Point","coordinates":[-5.845813,38.576493]},"properties":{"fuente":"AEMET","id":"4362X","nombre":"RETAMAL DE LLERENA","fecha_utc":"2026-10-07T16:00:00+00:00","velocidad_kmh":9.4,"racha_kmh":18.4,"direccion_grados":293.0,"direccion_cardinal":"ONO","hacia_grados":113.0,"antiguedad_min":41,"temperatura_c":21.7,"humedad_pct":56.0,"regla_30":false,"tipo_dato":"observación"}},{"type":"Feature","geometry":{"type":"Point","coordinates":[-6.017048,38.231708]},"properties":{"fuente":"AEMET","id":"4386B","nombre":"LLERENA","fecha_utc":"2026-10-07T16:00:00+00:00","velocidad_kmh":13.3,"racha_kmh":23.8,"direccion_grados":341.0,"direccion_cardinal":"NNO","hacia_grados":161.0,"antiguedad_min":41,"temperatura_c":20.3,"humedad_pct":55.0,"regla_30":false,"tipo_dato":"observación"}},{"type":"Feature","geometry":{"type":"Point","coordinates":[-6.306664,38.551667]},"properties":{"fuente":"AEMET","id":"4395X","nombre":"VILLAFRANCA DE LOS BARROS","fecha_utc":"2026-10-07T16:00:00+00:00","velocidad_kmh":11.9,"racha_kmh":20.2,"direccion_grados":297.0,"direccion_cardinal":"ONO","hacia_grados":117.0,"antiguedad_min":41,"temperatura_c":22.6,"humedad_pct":50.0,"regla_30":false,"tipo_dato":"observación"}},{"type":"Feature","geometry":{"type":"Point","coordinates":[-6.385632,38.915884]},"properties":{"fuente":"AEMET","id":"4410X","nombre":"MÉRIDA","fecha_utc":"2026-10-07T16:00:00+00:00","velocidad_kmh":13.7,"racha_kmh":25.9,"direccion_grados":226.0,"direccion_cardinal":"SO","hacia_grados":46.0,"antiguedad_min":41,"temperatura_c":23.7,"humedad_pct":52.0,"regla_30":false,"tipo_dato":"observación"}},{"type":"Feature","geometry":{"type":"Point","coordinates":[-6.231012,39.197636]},"properties":{"fuente":"AEMET","id":"4411C","nombre":"ALCUESCAR","fecha_utc":"2026-10-07T15:00:00+00:00","velocidad_kmh":16.2,"racha_kmh":24.8,"direccion_grados":294.0,"direccion_cardinal":"ONO","hacia_grados":114.0,"antiguedad_min":101,"temperatura_c":23.2,"humedad_pct":48.0,"regla_30":false,"tipo_dato":"observación"}},{"type":"Feature","geometry":{"type":"Point","coordinates":[-6.436641,38.425855]},"properties":{"fuente":"AEMET","id":"4427X","nombre":"ZAFRA (AUTOMATICA)","fecha_utc":"2026-10-07T16:00:00+00:00","velocidad_kmh":13.3,"racha_kmh":24.1,"direccion_grados":343.0,"direccion_cardinal":"NNO","hacia_grados":163.0,"antiguedad_min":41,"temperatura_c":23.3,"humedad_pct":51.0,"regla_30":false,"tipo_dato":"observación"}},{"type":"Feature","geometry":{"type":"Point","coordinates":[-6.361046,38.688902]},"properties":{"fuente":"AEMET","id":"4436Y","nombre":"ALMENDRALEJO","fecha_utc":"2026-10-07T16:00:00+00:00","velocidad_kmh":12.2,"racha_kmh":19.8,"direccion_grados":276.0,"direccion_cardinal":"O","hacia_grados":96.0,"antiguedad_min":41,"temperatura_c":23.4,"humedad_pct":55.0,"regla_30":false,"tipo_dato":"observación"}},{"type":"Feature","geometry":{"type":"Point","coordinates":[-6.6275,38.618611]},"properties":{"fuente":"AEMET","id":"4442X","nombre":"SANTA MARTA DE LOS BARROS","fecha_utc":"2026-10-07T16:00:00+00:00","velocidad_kmh":8.3,"racha_kmh":21.2,"direccion_grados":283.0,"direccion_cardinal":"ONO","hacia_grados":103.0,"antiguedad_min":41,"temperatura_c":23.5,"humedad_pct":51.0,"regla_30":false,"tipo_dato":"observación"}},{"type":"Feature","geometry":{"type":"Point","coordinates":[-6.81389,38.883396]},"properties":{"fuente":"AEMET","id":"4452","nombre":"BADAJOZ/TALAVERA LA REAL","fecha_utc":"2026-10-07T16:00:00+00:00","velocidad_kmh":6.8,"racha_kmh":18.4,"direccion_grados":263.0,"direccion_cardinal":"O","hacia_grados":83.0,"antiguedad_min":41,"temperatura_c":25.5,"humedad_pct":47.0,"regla_30":false,"tipo_dato":"observación"}},{"type":"Feature","geometry":{"type":"Point","coordinates":[-6.995182,39.181934]},"properties":{"fuente":"AEMET","id":"4464X","nombre":"ALBURQUERQUE","fecha_utc":"2026-10-07T16:00:00+00:00","velocidad_kmh":7.2,"racha_kmh":20.9,"direccion_grados":58.0,"direccion_cardinal":"ENE","hacia_grados":238.0,"antiguedad_min":41,"temperatura_c":25.1,"humedad_pct":44.0,"regla_30":false,"tipo_dato":"observación"}},{"type":"Feature","geometry":{"type":"Point","coordinates":[-6.600769,39.176623]},"properties":{"fuente":"AEMET","id":"4468X","nombre":"PUEBLA DE OBANDO (AUTOMATICA)","fecha_utc":"2026-10-07T16:00:00+00:00","velocidad_kmh":8.3,"racha_kmh":20.9,"direccion_grados":333.0,"direccion_cardinal":"NNO","hacia_grados":153.0,"antiguedad_min":41,"temperatura_c":23.3,"humedad_pct":45.0,"regla_30":false,"tipo_dato":"observación"}},{"type":"Feature","geometry":{"type":"Point","coordinates":[-7.00948,38.886205]},"properties":{"fuente":"AEMET","id":"4478X","nombre":"BADAJOZ UNIVERSIDAD","fecha_utc":"2026-10-07T16:00:00+00:00","velocidad_kmh":11.2,"racha_kmh":20.9,"direccion_grados":281.0,"direccion_cardinal":"O","hacia_grados":101.0,"antiguedad_min":41,"temperatura_c":25.9,"humedad_pct":46.0,"regla_30":false,"tipo_dato":"observación"}},{"type":"Feature","geometry":{"type":"Point","coordinates":[-7.084439,38.697503]},"properties":{"fuente":"AEMET","id":"4486X","nombre":"OLIVENZA","fecha_utc":"2026-10-07T16:00:00+00:00","velocidad_kmh":9.0,"racha_kmh":20.2,"direccion_grados":306.0,"direccion_cardinal":"NO","hacia_grados":126.0,"antiguedad_min":41,"temperatura_c":24.8,"humedad_pct":49.0,"regla_30":false,"tipo_dato":"observación"}},{"type":"Feature","geometry":{"type":"Point","coordinates":[-7.28194,38.484719]},"properties":{"fuente":"AEMET","id":"4489X","nombre":"ALCONCHEL (AUTOMATICA)","fecha_utc":"2026-10-07T16:00:00+00:00","velocidad_kmh":9.4,"racha_kmh":21.6,"direccion_grados":352.0,"direccion_cardinal":"N","hacia_grados":172.0,"antiguedad_min":41,"temperatura_c":23.9,"humedad_pct":53.0,"regla_30":false,"tipo_dato":"observación"}},{"type":"Feature","geometry":{"type":"Point","coordinates":[-6.923333,38.472778]},"properties":{"fuente":"AEMET","id":"4492F","nombre":"EVC_BARCARROTA","fecha_utc":"2026-10-07T16:00:00+00:00","velocidad_kmh":5.4,"racha_kmh":18.0,"direccion_grados":329.0,"direccion_cardinal":"NNO","hacia_grados":149.0,"antiguedad_min":41,"temperatura_c":21.8,"humedad_pct":56.0,"regla_30":false,"tipo_dato":"observación"}},{"type":"Feature","geometry":{"type":"Point","coordinates":[-7.158056,38.372219]},"properties":{"fuente":"AEMET","id":"4497X","nombre":"VILLANUEVA DEL FRESNO","fecha_utc":"2026-10-07T16:00:00+00:00","velocidad_kmh":15.8,"racha_kmh":27.7,"direccion_grados":316.0,"direccion_cardinal":"NO","hacia_grados":136.0,"antiguedad_min":41,"temperatura_c":25.1,"humedad_pct":45.0,"regla_30":false,"tipo_dato":"observación"}},{"type":"Feature","geometry":{"type":"Point","coordinates":[-6.271862,38.081296]},"properties":{"fuente":"AEMET","id":"4499X","nombre":"MONESTERIO (AUTOMATICA)","fecha_utc":"2026-10-07T16:00:00+00:00","velocidad_kmh":8.6,"racha_kmh":23.4,"direccion_grados":337.0,"direccion_cardinal":"NNO","hacia_grados":157.0,"antiguedad_min":41,"temperatura_c":20.1,"humedad_pct":57.0,"regla_30":false,"tipo_dato":"observación"}},{"type":"Feature","geometry":{"type":"Point","coordinates":[-6.311317,38.20874]},"properties":{"fuente":"AEMET","id":"4501X","nombre":"FUENTE DE CANTOS","fecha_utc":"2026-10-07T16:00:00+00:00","velocidad_kmh":19.4,"racha_kmh":28.4,"direccion_grados":327.0,"direccion_cardinal":"NNO","hacia_grados":147.0,"antiguedad_min":41,"temperatura_c":20.3,"humedad_pct":61.0,"regla_30":false,"tipo_dato":"observación"}},{"type":"Feature","geometry":{"type":"Point","coordinates":[-6.765058,38.298514]},"properties":{"fuente":"AEMET","id":"4511C","nombre":"JEREZ DE LOS CABALLEROS","fecha_utc":"2026-10-07T16:00:00+00:00","velocidad_kmh":13.3,"racha_kmh":22.7,"direccion_grados":253.0,"direccion_cardinal":"OSO","hacia_grados":73.0,"antiguedad_min":41,"temperatura_c":22.7,"humedad_pct":52.0,"regla_30":false,"tipo_dato":"observación"}},{"type":"Feature","geometry":{"type":"Point","coordinates":[-6.661793,38.178438]},"properties":{"fuente":"AEMET","id":"4520X","nombre":"FREGENAL DE LA SIERRA","fecha_utc":"2026-10-07T16:00:00+00:00","velocidad_kmh":9.4,"racha_kmh":21.2,"direccion_grados":327.0,"direccion_cardinal":"NNO","hacia_grados":147.0,"antiguedad_min":41,"temperatura_c":21.1,"humedad_pct":54.0,"regla_30":false,"tipo_dato":"observación"}},{"type":"Feature","geometry":{"type":"Point","coordinates":[-6.975941,37.980282]},"properties":{"fuente":"AEMET","id":"4527X","nombre":"AROCHE (MASERA - AUTOMATICA)","fecha_utc":"2026-10-07T15:00:00+00:00","velocidad_kmh":10.8,"racha_kmh":26.6,"direccion_grados":334.0,"direccion_cardinal":"NNO","hacia_grados":154.0,"antiguedad_min":101,"temperatura_c":24.1,"humedad_pct":45.0,"regla_30":false,"tipo_dato":"observación"}},{"type":"Feature","geometry":{"type":"Point","coordinates":[-7.51994,37.553656]},"properties":{"fuente":"AEMET","id":"4541X","nombre":"EL GRANADO (BOCACHANZA - AUTOMÁTICA)","fecha_utc":"2026-10-07T15:00:00+00:00","velocidad_kmh":null,"racha_kmh":null,"direccion_grados":null,"direccion_cardinal":null,"hacia_grados":null,"antiguedad_min":101,"temperatura_c":27.2,"humedad_pct":40.0,"regla_30":null,"tipo_dato":"observación"}},{"type":"Feature","geometry":{"type":"Point","coordinates":[-7.394971,37.194607]},"properties":{"fuente":"AEMET","id":"4549Y","nombre":"AYAMONTE · ISLA CANELA","fecha_utc":"2026-10-07T16:00:00+00:00","velocidad_kmh":18.7,"racha_kmh":32.4,"direccion_grados":229.0,"direccion_cardinal":"SO","hacia_grados":49.0,"antiguedad_min":41,"temperatura_c":24.7,"humedad_pct":66.0,"regla_30":false,"tipo_dato":"observación"}},{"type":"Feature","geometry":{"type":"Point","coordinates":[-7.08361,37.218334]},"properties":{"fuente":"AEMET","id":"4554X","nombre":"CARTAYA · PEMARES","fecha_utc":"2026-10-07T15:00:00+00:00","velocidad_kmh":19.8,"racha_kmh":32.4,"direccion_grados":252.0,"direccion_cardinal":"OSO","hacia_grados":72.0,"antiguedad_min":101,"temperatura_c":25.1,"humedad_pct":63.0,"regla_30":false,"tipo_dato":"observación"}},{"type":"Feature","geometry":{"type":"Point","coordinates":[-6.674999,37.868615]},"properties":{"fuente":"AEMET","id":"4560Y","nombre":"ALAJAR · CABEZO MOLINOS","fecha_utc":"2026-10-07T16:00:00+00:00","velocidad_kmh":10.8,"racha_kmh":28.4,"direccion_grados":15.0,"direccion_cardinal":"NNE","hacia_grados":195.0,"antiguedad_min":41,"temperatura_c":21.7,"humedad_pct":50.0,"regla_30":false,"tipo_dato":"observación"}},{"type":"Feature","geometry":{"type":"Point","coordinates":[-6.767767,37.575348]},"properties":{"fuente":"AEMET","id":"4575X","nombre":"VALVERDE CAMINO (CH.GUADIANA AUTOMATICA)","fecha_utc":"2026-10-07T16:00:00+00:00","velocidad_kmh":13.0,"racha_kmh":27.7,"direccion_grados":310.0,"direccion_cardinal":"NO","hacia_grados":130.0,"antiguedad_min":41,"temperatura_c":24.7,"humedad_pct":42.0,"regla_30":false,"tipo_dato":"observación"}},{"type":"Feature","geometry":{"type":"Point","coordinates":[-6.942237,37.731577]},"properties":{"fuente":"AEMET","id":"4584X","nombre":"EL CERRO DE ANDEVALO","fecha_utc":"2026-10-07T15:00:00+00:00","velocidad_kmh":null,"racha_kmh":null,"direccion_grados":null,"direccion_cardinal":null,"hacia_grados":null,"antiguedad_min":101,"temperatura_c":24.7,"humedad_pct":48.0,"regla_30":null,"tipo_dato":"observación"}},{"type":"Feature","geometry":{"type":"Point","coordinates":[-7.11944,37.597782]},"properties":{"fuente":"AEMET","id":"4589X","nombre":"ALOSNO · THARSIS-MINAS","fecha_utc":"2026-10-07T16:00:00+00:00","velocidad_kmh":13.7,"racha_kmh":27.4,"direccion_grados":303.0,"direccion_cardinal":"ONO","hacia_grados":123.0,"antiguedad_min":41,"temperatura_c":25.0,"humedad_pct":45.0,"regla_30":false,"tipo_dato":"observación"}},{"type":"Feature","geometry":{"type":"Point","coordinates":[-6.630003,37.677226]},"properties":{"fuente":"AEMET","id":"4608X","nombre":"EL CAMPILLO · EL ZUMAJO","fecha_utc":"2026-10-07T16:00:00+00:00","velocidad_kmh":15.5,"racha_kmh":23.8,"direccion_grados":328.0,"direccion_cardinal":"NNO","hacia_grados":148.0,"antiguedad_min":41,"temperatura_c":23.4,"humedad_pct":47.0,"regla_30":false,"tipo_dato":"observación"}},{"type":"Feature","geometry":{"type":"Point","coordinates":[-6.636671,37.450835]},"properties":{"fuente":"AEMET","id":"4622X","nombre":"VILLARRASA · PLANTA DE RECICLAJE","fecha_utc":"2026-10-07T15:00:00+00:00","velocidad_kmh":14.4,"racha_kmh":29.2,"direccion_grados":313.0,"direccion_cardinal":"NO","hacia_grados":133.0,"antiguedad_min":101,"temperatura_c":27.1,"humedad_pct":37.0,"regla_30":false,"tipo_dato":"observación"}},{"type":"Feature","geometry":{"type":"Point","coordinates":[-6.911696,37.278412]},"properties":{"fuente":"AEMET","id":"4642E","nombre":"HUELVA · RONDA ESTE","fecha_utc":"2026-10-07T16:00:00+00:00","velocidad_kmh":22.0,"racha_kmh":34.6,"direccion_grados":245.0,"direccion_cardinal":"OSO","hacia_grados":65.0,"antiguedad_min":41,"temperatura_c":24.7,"humedad_pct":61.0,"regla_30":false,"tipo_dato":"observación"}},{"type":"Feature","geometry":{"type":"Point","coordinates":[-5.340556,35.889167]},"properties":{"fuente":"AEMET","id":"5000D","nombre":"CEUTA LOMA LARGA","fecha_utc":"2026-10-07T16:00:00+00:00","velocidad_kmh":15.8,"racha_kmh":33.5,"direccion_grados":289.0,"direccion_cardinal":"ONO","hacia_grados":109.0,"antiguedad_min":41,"temperatura_c":24.7,"humedad_pct":59.0,"regla_30":false,"tipo_dato":"observación"}},{"type":"Feature","geometry":{"type":"Point","coordinates":[-2.929722,37.921111]},"properties":{"fuente":"AEMET","id":"5006X","nombre":"CAZORLA VADILLO","fecha_utc":"2026-10-07T16:00:00+00:00","velocidad_kmh":4.0,"racha_kmh":18.4,"direccion_grados":114.0,"direccion_cardinal":"ESE","hacia_grados":294.0,"antiguedad_min":41,"temperatura_c":18.0,"humedad_pct":62.0,"regla_30":false,"tipo_dato":"observación"}},{"type":"Feature","geometry":{"type":"Point","coordinates":[-3.003891,37.915837]},"properties":{"fuente":"AEMET","id":"5038Y","nombre":"CAZORLA (AUTOMATICA)","fecha_utc":"2026-10-07T16:00:00+00:00","velocidad_kmh":null,"racha_kmh":null,"direccion_grados":null,"direccion_cardinal":null,"hacia_grados":null,"antiguedad_min":41,"temperatura_c":20.2,"humedad_pct":60.0,"regla_30":null,"tipo_dato":"observación"}},{"type":"Feature","geometry":{"type":"Point","coordinates":[-2.734995,37.505829]},"properties":{"fuente":"AEMET","id":"5047E","nombre":"BAZA · CRUZ ROJA","fecha_utc":"2026-10-07T16:00:00+00:00","velocidad_kmh":10.4,"racha_kmh":21.2,"direccion_grados":303.0,"direccion_cardinal":"ONO","hacia_grados":123.0,"antiguedad_min":41,"temperatura_c":22.5,"humedad_pct":49.0,"regla_30":false,"tipo_dato":"observación"}},{"type":"Feature","geometry":{"type":"Point","coordinates":[-2.652778,37.861389]},"properties":{"fuente":"AEMET","id":"5051X","nombre":"HUÉSCAR","fecha_utc":"2026-10-07T16:00:00+00:00","velocidad_kmh":8.3,"racha_kmh":22.3,"direccion_grados":288.0,"direccion_cardinal":"ONO","hacia_grados":108.0,"antiguedad_min":41,"temperatura_c":19.3,"humedad_pct":40.0,"regla_30":false,"tipo_dato":"observación"}},{"type":"Feature","geometry":{"type":"Point","coordinates":[-2.228056,37.860832]},"properties":{"fuente":"AEMET","id":"5060X","nombre":"TOPARES","fecha_utc":"2026-10-07T15:00:00+00:00","velocidad_kmh":null,"racha_kmh":null,"direccion_grados":null,"direccion_cardinal":null,"hacia_grados":null,"antiguedad_min":101,"temperatura_c":19.8,"humedad_pct":45.0,"regla_30":null,"tipo_dato":"observación"}},{"type":"Feature","geometry":{"type":"Point","coordinates":[-3.256944,37.158333]},"properties":{"fuente":"AEMET","id":"5103E","nombre":"CAMARATE 2 · PARQUE NACIONAL SIERRA NEVADA","fecha_utc":"2026-10-07T16:00:00+00:00","velocidad_kmh":10.8,"racha_kmh":22.3,"direccion_grados":273.0,"direccion_cardinal":"O","hacia_grados":93.0,"antiguedad_min":41,"temperatura_c":10.3,"humedad_pct":67.0,"regla_30":false,"tipo_dato":"observación"}},{"type":"Feature","geometry":{"type":"Point","coordinates":[-3.254022,37.191027]},"properties":{"fuente":"AEMET","id":"5103F","nombre":"CAMARATE · PARQUE NACIONAL SIERRA NEVADA","fecha_utc":"2026-10-07T16:00:00+00:00","velocidad_kmh":5.8,"racha_kmh":20.2,"direccion_grados":294.0,"direccion_cardinal":"ONO","hacia_grados":114.0,"antiguedad_min":41,"temperatura_c":15.4,"humedad_pct":62.0,"regla_30":false,"tipo_dato":"observación"}},{"type":"Feature","geometry":{"type":"Point","coordinates":[-2.986406,37.179936]},"properties":{"fuente":"AEMET","id":"5107D","nombre":"DÓLAR","fecha_utc":"2026-10-07T16:00:00+00:00","velocidad_kmh":9.0,"racha_kmh":15.8,"direccion_grados":324.0,"direccion_cardinal":"NO","hacia_grados":144.0,"antiguedad_min":41,"temperatura_c":18.6,"humedad_pct":51.0,"regla_30":false,"tipo_dato":"observación"}},{"type":"Feature","geometry":{"type":"Point","coordinates":[-3.129722,37.311944]},"properties":{"fuente":"AEMET","id":"5112X","nombre":"GUADIX","fecha_utc":"2026-10-07T16:00:00+00:00","velocidad_kmh":14.4,"racha_kmh":25.9,"direccion_grados":337.0,"direccion_cardinal":"NNO","hacia_grados":157.0,"antiguedad_min":41,"temperatura_c":19.5,"humedad_pct":55.0,"regla_30":false,"tipo_dato":"observación"}},{"type":"Feature","geometry":{"type":"Point","coordinates":[-3.461951,37.996668]},"properties":{"fuente":"AEMET","id":"5164B","nombre":"BAEZA","fecha_utc":"2026-10-07T16:00:00+00:00","velocidad_kmh":6.5,"racha_kmh":20.9,"direccion_grados":268.0,"direccion_cardinal":"O","hacia_grados":88.0,"antiguedad_min":41,"temperatura_c":20.3,"humedad_pct":62.0,"regla_30":false,"tipo_dato":"observación"}},{"type":"Feature","geometry":{"type":"Point","coordinates":[-3.563581,37.780842]},"properties":{"fuente":"AEMET","id":"5165X","nombre":"TORRES","fecha_utc":"2026-10-07T13:00:00+00:00","velocidad_kmh":null,"racha_kmh":null,"direccion_grados":null,"direccion_cardinal":null,"hacia_grados":null,"antiguedad_min":221,"temperatura_c":18.7,"humedad_pct":74.0,"regla_30":null,"tipo_dato":"observación"}},{"type":"Feature","geometry":{"type":"Point","coordinates":[-2.889764,38.314753]},"properties":{"fuente":"AEMET","id":"5181D","nombre":"ARROYO DEL OJANCO","fecha_utc":"2026-10-07T16:00:00+00:00","velocidad_kmh":4.0,"racha_kmh":14.4,"direccion_grados":9.0,"direccion_cardinal":"N","hacia_grados":189.0,"antiguedad_min":41,"temperatura_c":17.5,"humedad_pct":92.0,"regla_30":false,"tipo_dato":"observación"}},{"type":"Feature","geometry":{"type":"Point","coordinates":[-2.637568,38.489252]},"properties":{"fuente":"AEMET","id":"5192","nombre":"VILLARRODRIGO","fecha_utc":"2026-10-07T16:00:00+00:00","velocidad_kmh":6.8,"racha_kmh":21.2,"direccion_grados":124.0,"direccion_cardinal":"SE","hacia_grados":304.0,"antiguedad_min":41,"temperatura_c":16.1,"humedad_pct":72.0,"regla_30":false,"tipo_dato":"observación"}},{"type":"Feature","geometry":{"type":"Point","coordinates":[-2.998059,38.175001]},"properties":{"fuente":"AEMET","id":"5210X","nombre":"VILLANUEVA DEL ARZOBISPO","fecha_utc":"2026-10-07T15:00:00+00:00","velocidad_kmh":9.0,"racha_kmh":22.0,"direccion_grados":318.0,"direccion_cardinal":"NO","hacia_grados":138.0,"antiguedad_min":101,"temperatura_c":20.9,"humedad_pct":62.0,"regla_30":false,"tipo_dato":"observación"}},{"type":"Feature","geometry":{"type":"Point","coordinates":[-3.809167,37.7775]},"properties":{"fuente":"AEMET","id":"5270B","nombre":"JAÉN","fecha_utc":"2026-10-07T16:00:00+00:00","velocidad_kmh":10.1,"racha_kmh":24.5,"direccion_grados":308.0,"direccion_cardinal":"NO","hacia_grados":128.0,"antiguedad_min":41,"temperatura_c":22.2,"humedad_pct":50.0,"regla_30":false,"tipo_dato":"observación"}},{"type":"Feature","geometry":{"type":"Point","coordinates":[-3.629453,38.151107]},"properties":{"fuente":"AEMET","id":"5279X","nombre":"LINARES (VOR - AUTOMATICA)","fecha_utc":"2026-10-07T12:00:00+00:00","velocidad_kmh":6.1,"racha_kmh":20.5,"direccion_grados":257.0,"direccion_cardinal":"OSO","hacia_grados":77.0,"antiguedad_min":281,"temperatura_c":22.4,"humedad_pct":null,"regla_30":null,"tipo_dato":"observación"}},{"type":"Feature","geometry":{"type":"Point","coordinates":[-3.782624,38.092984]},"properties":{"fuente":"AEMET","id":"5281X","nombre":"BAILÉN","fecha_utc":"2026-10-07T15:00:00+00:00","velocidad_kmh":6.1,"racha_kmh":18.0,"direccion_grados":231.0,"direccion_cardinal":"SO","hacia_grados":51.0,"antiguedad_min":101,"temperatura_c":23.1,"humedad_pct":57.0,"regla_30":false,"tipo_dato":"observación"}},{"type":"Feature","geometry":{"type":"Point","coordinates":[-4.063333,38.023054]},"properties":{"fuente":"AEMET","id":"5298X","nombre":"ANDÚJAR","fecha_utc":"2026-10-07T16:00:00+00:00","velocidad_kmh":8.6,"racha_kmh":16.6,"direccion_grados":230.0,"direccion_cardinal":"SO","hacia_grados":50.0,"antiguedad_min":41,"temperatura_c":25.5,"humedad_pct":56.0,"regla_30":false,"tipo_dato":"observación"}},{"type":"Feature","geometry":{"type":"Point","coordinates":[-4.059165,38.668889]},"properties":{"fuente":"AEMET","id":"5304Y","nombre":"PUERTOLLANO","fecha_utc":"2026-10-07T16:00:00+00:00","velocidad_kmh":8.6,"racha_kmh":21.2,"direccion_grados":235.0,"direccion_cardinal":"SO","hacia_grados":55.0,"antiguedad_min":41,"temperatura_c":22.2,"humedad_pct":49.0,"regla_30":false,"tipo_dato":"observación"}},{"type":"Feature","geometry":{"type":"Point","coordinates":[-4.301663,38.428888]},"properties":{"fuente":"AEMET","id":"5341C","nombre":"FUENCALIENTE","fecha_utc":"2026-10-07T15:00:00+00:00","velocidad_kmh":7.2,"racha_kmh":17.6,"direccion_grados":252.0,"direccion_cardinal":"OSO","hacia_grados":72.0,"antiguedad_min":101,"temperatura_c":null,"humedad_pct":51.0,"regla_30":null,"tipo_dato":"observación"}},{"type":"Feature","geometry":{"type":"Point","coordinates":[-4.272506,38.186671]},"properties":{"fuente":"AEMET","id":"5346X","nombre":"CARDEÑA (SANTA ELENA - AUTOMATICA)","fecha_utc":"2026-10-07T15:00:00+00:00","velocidad_kmh":null,"racha_kmh":null,"direccion_grados":null,"direccion_cardinal":null,"hacia_grados":null,"antiguedad_min":101,"temperatura_c":20.3,"humedad_pct":73.0,"regla_30":null,"tipo_dato":"observación"}},{"type":"Feature","geometry":{"type":"Point","coordinates":[-4.330275,38.01333]},"properties":{"fuente":"AEMET","id":"5361X","nombre":"MONTORO VEGA ARMIJO","fecha_utc":"2026-10-07T15:00:00+00:00","velocidad_kmh":9.7,"racha_kmh":20.2,"direccion_grados":205.0,"direccion_cardinal":"SSO","hacia_grados":25.0,"antiguedad_min":101,"temperatura_c":25.7,"humedad_pct":58.0,"regla_30":false,"tipo_dato":"observación"}},{"type":"Feature","geometry":{"type":"Point","coordinates":[-4.608886,38.333056]},"properties":{"fuente":"AEMET","id":"5390Y","nombre":"VILLANUEVA DE CÓRDOBA","fecha_utc":"2026-10-07T16:00:00+00:00","velocidad_kmh":13.0,"racha_kmh":24.5,"direccion_grados":316.0,"direccion_cardinal":"NO","hacia_grados":136.0,"antiguedad_min":41,"temperatura_c":20.0,"humedad_pct":52.0,"regla_30":false,"tipo_dato":"observación"}},{"type":"Feature","geometry":{"type":"Point","coordinates":[-3.908059,37.497489]},"properties":{"fuente":"AEMET","id":"5406X","nombre":"CHARILLA","fecha_utc":"2026-10-07T16:00:00+00:00","velocidad_kmh":12.6,"racha_kmh":23.8,"direccion_grados":309.0,"direccion_cardinal":"NO","hacia_grados":129.0,"antiguedad_min":41,"temperatura_c":20.4,"humedad_pct":55.0,"regla_30":false,"tipo_dato":"observación"}},{"type":"Feature","geometry":{"type":"Point","coordinates":[-4.207785,37.484728]},"properties":{"fuente":"AEMET","id":"5412X","nombre":"PRIEGO DE CÓRDOBA · SAN FELIX","fecha_utc":"2026-10-07T16:00:00+00:00","velocidad_kmh":15.1,"racha_kmh":27.0,"direccion_grados":279.0,"direccion_cardinal":"O","hacia_grados":99.0,"antiguedad_min":41,"temperatura_c":22.8,"humedad_pct":50.0,"regla_30":false,"tipo_dato":"observación"}},{"type":"Feature","geometry":{"type":"Point","coordinates":[-4.353893,37.556113]},"properties":{"fuente":"AEMET","id":"5427X","nombre":"DOÑA MENCIA","fecha_utc":"2026-10-07T16:00:00+00:00","velocidad_kmh":14.4,"racha_kmh":27.0,"direccion_grados":240.0,"direccion_cardinal":"OSO","hacia_grados":60.0,"antiguedad_min":41,"temperatura_c":21.6,"humedad_pct":51.0,"regla_30":false,"tipo_dato":"observación"}},{"type":"Feature","geometry":{"type":"Point","coordinates":[-4.462227,37.810392]},"properties":{"fuente":"AEMET","id":"5429X","nombre":"CÓRDOBA · PRAGDENA","fecha_utc":"2026-10-07T16:00:00+00:00","velocidad_kmh":11.5,"racha_kmh":25.6,"direccion_grados":218.0,"direccion_cardinal":"SO","hacia_grados":38.0,"antiguedad_min":41,"temperatura_c":24.4,"humedad_pct":52.0,"regla_30":false,"tipo_dato":"observación"}},{"type":"Feature","geometry":{"type":"Point","coordinates":[-4.928728,38.111111]},"properties":{"fuente":"AEMET","id":"5459X","nombre":"ESPIEL-C.TÉRMICA","fecha_utc":"2026-10-07T15:00:00+00:00","velocidad_kmh":14.4,"racha_kmh":28.4,"direccion_grados":303.0,"direccion_cardinal":"ONO","hacia_grados":123.0,"antiguedad_min":101,"temperatura_c":24.5,"humedad_pct":45.0,"regla_30":false,"tipo_dato":"observación"}},{"type":"Feature","geometry":{"type":"Point","coordinates":[-5.100552,37.753056]},"properties":{"fuente":"AEMET","id":"5470","nombre":"FUENTE PALMERA-LOS ARROYONES","fecha_utc":"2026-10-07T15:00:00+00:00","velocidad_kmh":14.8,"racha_kmh":25.6,"direccion_grados":284.0,"direccion_cardinal":"ONO","hacia_grados":104.0,"antiguedad_min":101,"temperatura_c":26.8,"humedad_pct":41.0,"regla_30":false,"tipo_dato":"observación"}},{"type":"Feature","geometry":{"type":"Point","coordinates":[-5.686015,38.267805]},"properties":{"fuente":"AEMET","id":"5473X","nombre":"AZUAGA (AUTOMATICA)","fecha_utc":"2026-10-07T16:00:00+00:00","velocidad_kmh":16.6,"racha_kmh":28.1,"direccion_grados":305.0,"direccion_cardinal":"NO","hacia_grados":125.0,"antiguedad_min":41,"temperatura_c":21.4,"humedad_pct":52.0,"regla_30":false,"tipo_dato":"observación"}},{"type":"Feature","geometry":{"type":"Point","coordinates":[-3.371389,37.064444]},"properties":{"fuente":"AEMET","id":"5511","nombre":"PRADOLLANO · PARQUE NACIONAL SIERRA NEVADA","fecha_utc":"2026-10-07T16:00:00+00:00","velocidad_kmh":6.5,"racha_kmh":16.2,"direccion_grados":287.0,"direccion_cardinal":"ONO","hacia_grados":107.0,"antiguedad_min":41,"temperatura_c":3.8,"humedad_pct":78.0,"regla_30":false,"tipo_dato":"observación"}},{"type":"Feature","geometry":{"type":"Point","coordinates":[-3.633331,37.136107]},"properties":{"fuente":"AEMET","id":"5514Z","nombre":"GRANADA/BASE AÉREA","fecha_utc":"2026-10-07T16:00:00+00:00","velocidad_kmh":18.4,"racha_kmh":25.2,"direccion_grados":283.0,"direccion_cardinal":"ONO","hacia_grados":103.0,"antiguedad_min":41,"temperatura_c":22.6,"humedad_pct":44.0,"regla_30":false,"tipo_dato":"observación"}},{"type":"Feature","geometry":{"type":"Point","coordinates":[-3.550556,37.236944]},"properties":{"fuente":"AEMET","id":"5515D","nombre":"EVC_VÍZNAR","fecha_utc":"2026-10-07T16:00:00+00:00","velocidad_kmh":8.6,"racha_kmh":20.9,"direccion_grados":297.0,"direccion_cardinal":"ONO","hacia_grados":117.0,"antiguedad_min":41,"temperatura_c":17.7,"humedad_pct":60.0,"regla_30":false,"tipo_dato":"observación"}},{"type":"Feature","geometry":{"type":"Point","coordinates":[-3.59555,37.18972]},"properties":{"fuente":"AEMET","id":"5515X","nombre":"GRANADA-CARTUJA","fecha_utc":"2026-10-07T16:00:00+00:00","velocidad_kmh":2.5,"racha_kmh":13.7,"direccion_grados":327.0,"direccion_cardinal":"NNO","hacia_grados":147.0,"antiguedad_min":41,"temperatura_c":null,"humedad_pct":null,"regla_30":null,"tipo_dato":"observación"}},{"type":"Feature","geometry":{"type":"Point","coordinates":[-3.386944,37.063056]},"properties":{"fuente":"AEMET","id":"5516D","nombre":"SIERRA NEVADA - RADIOTELESCOPIO","fecha_utc":"2026-10-07T16:00:00+00:00","velocidad_kmh":6.8,"racha_kmh":18.4,"direccion_grados":256.0,"direccion_cardinal":"OSO","hacia_grados":76.0,"antiguedad_min":41,"temperatura_c":5.9,"humedad_pct":87.0,"regla_30":false,"tipo_dato":"observación"}},{"type":"Feature","geometry":{"type":"Point","coordinates":[-3.789774,37.190293]},"properties":{"fuente":"AEMET","id":"5530E","nombre":"GRANADA/AEROPUERTO","fecha_utc":"2026-10-07T16:00:00+00:00","velocidad_kmh":17.3,"racha_kmh":27.7,"direccion_grados":280.0,"direccion_cardinal":"O","hacia_grados":100.0,"antiguedad_min":41,"temperatura_c":24.0,"humedad_pct":43.0,"regla_30":false,"tipo_dato":"observación"}},{"type":"Feature","geometry":{"type":"Point","coordinates":[-4.152781,37.161109]},"properties":{"fuente":"AEMET","id":"5582A","nombre":"LOJA","fecha_utc":"2026-10-07T16:00:00+00:00","velocidad_kmh":9.0,"racha_kmh":23.0,"direccion_grados":321.0,"direccion_cardinal":"NO","hacia_grados":141.0,"antiguedad_min":41,"temperatura_c":21.9,"humedad_pct":49.0,"regla_30":false,"tipo_dato":"observación"}},{"type":"Feature","geometry":{"type":"Point","coordinates":[-4.769994,37.194443]},"properties":{"fuente":"AEMET","id":"5612B","nombre":"RODA DE ANDALUCÍA","fecha_utc":"2026-10-07T16:00:00+00:00","velocidad_kmh":12.2,"racha_kmh":29.2,"direccion_grados":276.0,"direccion_cardinal":"O","hacia_grados":96.0,"antiguedad_min":41,"temperatura_c":25.0,"humedad_pct":36.0,"regla_30":false,"tipo_dato":"observación"}},{"type":"Feature","geometry":{"type":"Point","coordinates":[-4.82695,37.270277]},"properties":{"fuente":"AEMET","id":"5612X","nombre":"LORA DE ESTEPA (AUTOMATICA)","fecha_utc":"2026-10-07T15:00:00+00:00","velocidad_kmh":null,"racha_kmh":null,"direccion_grados":null,"direccion_cardinal":null,"hacia_grados":null,"antiguedad_min":101,"temperatura_c":24.1,"humedad_pct":47.0,"regla_30":null,"tipo_dato":"observación"}},{"type":"Feature","geometry":{"type":"Point","coordinates":[-4.685919,37.481945]},"properties":{"fuente":"AEMET","id":"5624X","nombre":"AGUILAR (LAGUNA ZOÑAR AUTOMATICA)","fecha_utc":"2026-10-07T15:00:00+00:00","velocidad_kmh":11.9,"racha_kmh":19.4,"direccion_grados":247.0,"direccion_cardinal":"OSO","hacia_grados":67.0,"antiguedad_min":101,"temperatura_c":25.7,"humedad_pct":46.0,"regla_30":false,"tipo_dato":"observación"}},{"type":"Feature","geometry":{"type":"Point","coordinates":[-4.763865,37.638525]},"properties":{"fuente":"AEMET","id":"5625X","nombre":"LA RAMBLA · PRIVILEGIO","fecha_utc":"2026-10-07T15:00:00+00:00","velocidad_kmh":11.5,"racha_kmh":23.4,"direccion_grados":246.0,"direccion_cardinal":"OSO","hacia_grados":66.0,"antiguedad_min":101,"temperatura_c":26.1,"humedad_pct":51.0,"regla_30":false,"tipo_dato":"observación"}},{"type":"Feature","geometry":{"type":"Point","coordinates":[-5.085113,37.516226]},"properties":{"fuente":"AEMET","id":"5641X","nombre":"ECIJA","fecha_utc":"2026-10-07T16:00:00+00:00","velocidad_kmh":12.2,"racha_kmh":28.8,"direccion_grados":232.0,"direccion_cardinal":"SO","hacia_grados":52.0,"antiguedad_min":41,"temperatura_c":26.8,"humedad_pct":41.0,"regla_30":false,"tipo_dato":"observación"}},{"type":"Feature","geometry":{"type":"Point","coordinates":[-5.37114,37.786804]},"properties":{"fuente":"AEMET","id":"5654X","nombre":"LA PUEBLA DE LOS INFANTES","fecha_utc":"2026-10-07T16:00:00+00:00","velocidad_kmh":11.5,"racha_kmh":23.0,"direccion_grados":209.0,"direccion_cardinal":"SSO","hacia_grados":29.0,"antiguedad_min":41,"temperatura_c":26.2,"humedad_pct":44.0,"regla_30":false,"tipo_dato":"observación"}},{"type":"Feature","geometry":{"type":"Point","coordinates":[-5.433058,37.497222]},"properties":{"fuente":"AEMET","id":"5656","nombre":"FUENTES DE ANDALUCIA · EL TRAVIESO","fecha_utc":"2026-10-07T15:00:00+00:00","velocidad_kmh":19.1,"racha_kmh":37.4,"direccion_grados":254.0,"direccion_cardinal":"OSO","hacia_grados":74.0,"antiguedad_min":101,"temperatura_c":27.2,"humedad_pct":37.0,"regla_30":false,"tipo_dato":"observación"}},{"type":"Feature","geometry":{"type":"Point","coordinates":[-5.740475,37.565485]},"properties":{"fuente":"AEMET","id":"5702X","nombre":"CARMONA · VILLEGAS","fecha_utc":"2026-10-07T15:00:00+00:00","velocidad_kmh":13.7,"racha_kmh":24.5,"direccion_grados":232.0,"direccion_cardinal":"SO","hacia_grados":52.0,"antiguedad_min":101,"temperatura_c":26.8,"humedad_pct":40.0,"regla_30":false,"tipo_dato":"observación"}},{"type":"Feature","geometry":{"type":"Point","coordinates":[-5.769728,37.926389]},"properties":{"fuente":"AEMET","id":"5704B","nombre":"CAZALLA DE LA SIERRA","fecha_utc":"2026-10-07T16:00:00+00:00","velocidad_kmh":15.5,"racha_kmh":29.5,"direccion_grados":310.0,"direccion_cardinal":"NO","hacia_grados":130.0,"antiguedad_min":41,"temperatura_c":24.1,"humedad_pct":36.0,"regla_30":false,"tipo_dato":"observación"}},{"type":"Feature","geometry":{"type":"Point","coordinates":[-5.81917,38.099445]},"properties":{"fuente":"AEMET","id":"5726X","nombre":"GUADALCANAL · CRISTO","fecha_utc":"2026-10-07T16:00:00+00:00","velocidad_kmh":7.6,"racha_kmh":21.2,"direccion_grados":337.0,"direccion_cardinal":"NNO","hacia_grados":157.0,"antiguedad_min":41,"temperatura_c":21.7,"humedad_pct":50.0,"regla_30":false,"tipo_dato":"observación"}},{"type":"Feature","geometry":{"type":"Point","coordinates":[-6.074995,37.791114]},"properties":{"fuente":"AEMET","id":"5733X","nombre":"ALMADEN PLATA (LAS NAVAS AUTOMATICA)","fecha_utc":"2026-10-07T15:00:00+00:00","velocidad_kmh":14.8,"racha_kmh":29.2,"direccion_grados":289.0,"direccion_cardinal":"ONO","hacia_grados":109.0,"antiguedad_min":101,"temperatura_c":25.2,"humedad_pct":36.0,"regla_30":false,"tipo_dato":"observación"}},{"type":"Feature","geometry":{"type":"Point","coordinates":[-6.322225,37.973609]},"properties":{"fuente":"AEMET","id":"5769X","nombre":"CALA","fecha_utc":"2026-10-07T15:00:00+00:00","velocidad_kmh":10.8,"racha_kmh":22.3,"direccion_grados":304.0,"direccion_cardinal":"NO","hacia_grados":124.0,"antiguedad_min":101,"temperatura_c":20.8,"humedad_pct":54.0,"regla_30":false,"tipo_dato":"observación"}},{"type":"Feature","geometry":{"type":"Point","coordinates":[-5.879167,37.416667]},"properties":{"fuente":"AEMET","id":"5783","nombre":"SEVILLA/SAN PABLO","fecha_utc":"2026-10-07T16:00:00+00:00","velocidad_kmh":15.1,"racha_kmh":27.7,"direccion_grados":220.0,"direccion_cardinal":"SO","hacia_grados":40.0,"antiguedad_min":41,"temperatura_c":29.3,"humedad_pct":41.0,"regla_30":false,"tipo_dato":"observación"}},{"type":"Feature","geometry":{"type":"Point","coordinates":[-6.059722,37.361667]},"properties":{"fuente":"AEMET","id":"5788X","nombre":"Tomares · Zaudín","fecha_utc":"2026-10-07T16:00:00+00:00","velocidad_kmh":7.9,"racha_kmh":19.1,"direccion_grados":237.0,"direccion_cardinal":"OSO","hacia_grados":57.0,"antiguedad_min":41,"temperatura_c":28.4,"humedad_pct":39.0,"regla_30":false,"tipo_dato":"observación"}},{"type":"Feature","geometry":{"type":"Point","coordinates":[-6.005918,37.364249]},"properties":{"fuente":"AEMET","id":"5790Y","nombre":"TABLADA","fecha_utc":"2026-10-07T16:00:00+00:00","velocidad_kmh":7.9,"racha_kmh":15.8,"direccion_grados":219.0,"direccion_cardinal":"SO","hacia_grados":39.0,"antiguedad_min":41,"temperatura_c":28.7,"humedad_pct":37.0,"regla_30":false,"tipo_dato":"observación"}},{"type":"Feature","geometry":{"type":"Point","coordinates":[-5.611474,37.164529]},"properties":{"fuente":"AEMET","id":"5796","nombre":"MORÓN DE LA FRONTERA","fecha_utc":"2026-10-07T16:00:00+00:00","velocidad_kmh":8.6,"racha_kmh":26.6,"direccion_grados":234.0,"direccion_cardinal":"SO","hacia_grados":54.0,"antiguedad_min":41,"temperatura_c":26.6,"humedad_pct":44.0,"regla_30":false,"tipo_dato":"observación"}},{"type":"Feature","geometry":{"type":"Point","coordinates":[-6.334168,37.360002]},"properties":{"fuente":"AEMET","id":"5835X","nombre":"CARRION DE LOS CESPEDES","fecha_utc":"2026-10-07T15:00:00+00:00","velocidad_kmh":10.1,"racha_kmh":25.9,"direccion_grados":260.0,"direccion_cardinal":"O","hacia_grados":80.0,"antiguedad_min":101,"temperatura_c":28.4,"humedad_pct":40.0,"regla_30":false,"tipo_dato":"observación"}},{"type":"Feature","geometry":{"type":"Point","coordinates":[-6.443024,36.988553]},"properties":{"fuente":"AEMET","id":"5858X","nombre":"ALMONTE · DOÑANA","fecha_utc":"2026-10-07T16:00:00+00:00","velocidad_kmh":22.7,"racha_kmh":29.9,"direccion_grados":239.0,"direccion_cardinal":"OSO","hacia_grados":59.0,"antiguedad_min":41,"temperatura_c":24.1,"humedad_pct":64.0,"regla_30":false,"tipo_dato":"observación"}},{"type":"Feature","geometry":{"type":"Point","coordinates":[-6.738088,37.097942]},"properties":{"fuente":"AEMET","id":"5860E","nombre":"EL ARENOSILLO","fecha_utc":"2026-10-07T16:00:00+00:00","velocidad_kmh":14.4,"racha_kmh":27.7,"direccion_grados":242.0,"direccion_cardinal":"OSO","hacia_grados":62.0,"antiguedad_min":41,"temperatura_c":23.3,"humedad_pct":70.0,"regla_30":false,"tipo_dato":"observación"}},{"type":"Feature","geometry":{"type":"Point","coordinates":[-6.555004,37.051946]},"properties":{"fuente":"AEMET","id":"5860H","nombre":"EVC_DOÑANA","fecha_utc":"2026-10-07T16:00:00+00:00","velocidad_kmh":18.7,"racha_kmh":35.6,"direccion_grados":251.0,"direccion_cardinal":"OSO","hacia_grados":71.0,"antiguedad_min":41,"temperatura_c":23.5,"humedad_pct":66.0,"regla_30":false,"tipo_dato":"observación"}},{"type":"Feature","geometry":{"type":"Point","coordinates":[-5.846666,36.953337]},"properties":{"fuente":"AEMET","id":"5891X","nombre":"LAS CABEZAS DE SAN JUAN (MAJOLETO AUTOMATICA)","fecha_utc":"2026-10-07T15:00:00+00:00","velocidad_kmh":7.9,"racha_kmh":22.3,"direccion_grados":287.0,"direccion_cardinal":"ONO","hacia_grados":107.0,"antiguedad_min":101,"temperatura_c":26.4,"humedad_pct":46.0,"regla_30":false,"tipo_dato":"observación"}},{"type":"Feature","geometry":{"type":"Point","coordinates":[-6.400558,36.75]},"properties":{"fuente":"AEMET","id":"5906X","nombre":"CHIPIONA · ECA","fecha_utc":"2026-10-07T15:00:00+00:00","velocidad_kmh":17.3,"racha_kmh":26.3,"direccion_grados":241.0,"direccion_cardinal":"OSO","hacia_grados":61.0,"antiguedad_min":101,"temperatura_c":23.7,"humedad_pct":63.0,"regla_30":false,"tipo_dato":"observación"}},{"type":"Feature","geometry":{"type":"Point","coordinates":[-6.332591,36.638879]},"properties":{"fuente":"AEMET","id":"5910X","nombre":"ROTA BASE NAVAL","fecha_utc":"2026-10-07T15:00:00+00:00","velocidad_kmh":null,"racha_kmh":null,"direccion_grados":null,"direccion_cardinal":null,"hacia_grados":null,"antiguedad_min":101,"temperatura_c":23.9,"humedad_pct":67.0,"regla_30":null,"tipo_dato":"observación"}},{"type":"Feature","geometry":{"type":"Point","coordinates":[-5.37403,36.76044]},"properties":{"fuente":"AEMET","id":"5911A","nombre":"GRAZALEMA","fecha_utc":"2026-10-07T16:00:00+00:00","velocidad_kmh":5.0,"racha_kmh":17.3,"direccion_grados":286.0,"direccion_cardinal":"ONO","hacia_grados":106.0,"antiguedad_min":41,"temperatura_c":18.7,"humedad_pct":58.0,"regla_30":false,"tipo_dato":"observación"}},{"type":"Feature","geometry":{"type":"Point","coordinates":[-5.375,36.760278]},"properties":{"fuente":"AEMET","id":"5911X","nombre":"GRAZALEMA-HELIPUERTO","fecha_utc":"2026-10-07T16:00:00+00:00","velocidad_kmh":10.8,"racha_kmh":21.2,"direccion_grados":285.0,"direccion_cardinal":"ONO","hacia_grados":105.0,"antiguedad_min":41,"temperatura_c":18.2,"humedad_pct":58.0,"regla_30":false,"tipo_dato":"observación"}},{"type":"Feature","geometry":{"type":"Point","coordinates":[-5.259446,36.931669]},"properties":{"fuente":"AEMET","id":"5919X","nombre":"OLVERA-COOP.AGRÍCOLA","fecha_utc":"2026-10-07T15:00:00+00:00","velocidad_kmh":14.8,"racha_kmh":32.8,"direccion_grados":286.0,"direccion_cardinal":"ONO","hacia_grados":106.0,"antiguedad_min":101,"temperatura_c":22.8,"humedad_pct":48.0,"regla_30":false,"tipo_dato":"observación"}},{"type":"Feature","geometry":{"type":"Point","coordinates":[-5.512225,36.729446]},"properties":{"fuente":"AEMET","id":"5941X","nombre":"EL BOSQUE · SAN JOSÉ","fecha_utc":"2026-10-07T15:00:00+00:00","velocidad_kmh":11.9,"racha_kmh":25.9,"direccion_grados":277.0,"direccion_cardinal":"O","hacia_grados":97.0,"antiguedad_min":101,"temperatura_c":24.8,"humedad_pct":46.0,"regla_30":false,"tipo_dato":"observación"}},{"type":"Feature","geometry":{"type":"Point","coordinates":[-5.783332,36.663888]},"properties":{"fuente":"AEMET","id":"5950X","nombre":"SAN JOSE DEL VALLE-PT GUADALCACÍN","fecha_utc":"2026-10-07T16:00:00+00:00","velocidad_kmh":9.4,"racha_kmh":22.0,"direccion_grados":236.0,"direccion_cardinal":"SO","hacia_grados":56.0,"antiguedad_min":41,"temperatura_c":25.2,"humedad_pct":45.0,"regla_30":false,"tipo_dato":"observación"}},{"type":"Feature","geometry":{"type":"Point","coordinates":[-6.055857,36.750495]},"properties":{"fuente":"AEMET","id":"5960","nombre":"JEREZ DE LA FRONTERA/AEROPUERTO","fecha_utc":"2026-10-07T16:00:00+00:00","velocidad_kmh":20.5,"racha_kmh":31.7,"direccion_grados":230.0,"direccion_cardinal":"SO","hacia_grados":50.0,"antiguedad_min":41,"temperatura_c":24.7,"humedad_pct":53.0,"regla_30":false,"tipo_dato":"observación"}},{"type":"Feature","geometry":{"type":"Point","coordinates":[-6.206294,36.462883]},"properties":{"fuente":"AEMET","id":"5972Y","nombre":"SAN FERNANDO ROA","fecha_utc":"2026-10-07T16:00:00+00:00","velocidad_kmh":7.9,"racha_kmh":20.2,"direccion_grados":249.0,"direccion_cardinal":"OSO","hacia_grados":69.0,"antiguedad_min":41,"temperatura_c":22.5,"humedad_pct":71.0,"regla_30":false,"tipo_dato":"observación"}},{"type":"Feature","geometry":{"type":"Point","coordinates":[-6.257861,36.499722]},"properties":{"fuente":"AEMET","id":"5973","nombre":"CÁDIZ · OBSERVATORIO","fecha_utc":"2026-10-07T16:00:00+00:00","velocidad_kmh":13.3,"racha_kmh":23.8,"direccion_grados":272.0,"direccion_cardinal":"O","hacia_grados":92.0,"antiguedad_min":41,"temperatura_c":22.6,"humedad_pct":72.0,"regla_30":false,"tipo_dato":"observación"}},{"type":"Feature","geometry":{"type":"Point","coordinates":[-5.920278,36.406111]},"properties":{"fuente":"AEMET","id":"5983X","nombre":"MEDINA SIDONIA (EL HUNDIDO - AUTOMATICA)","fecha_utc":"2026-10-07T14:00:00+00:00","velocidad_kmh":18.0,"racha_kmh":28.8,"direccion_grados":300.0,"direccion_cardinal":"ONO","hacia_grados":120.0,"antiguedad_min":161,"temperatura_c":26.4,"humedad_pct":51.0,"regla_30":false,"tipo_dato":"observación"}},{"type":"Feature","geometry":{"type":"Point","coordinates":[-5.965301,36.245361]},"properties":{"fuente":"AEMET","id":"5995B","nombre":"VEJER DE LA FRONTERA","fecha_utc":"2026-10-07T16:00:00+00:00","velocidad_kmh":17.3,"racha_kmh":27.0,"direccion_grados":275.0,"direccion_cardinal":"O","hacia_grados":95.0,"antiguedad_min":41,"temperatura_c":22.4,"humedad_pct":67.0,"regla_30":false,"tipo_dato":"observación"}},{"type":"Feature","geometry":{"type":"Point","coordinates":[-5.909444,36.184722]},"properties":{"fuente":"AEMET","id":"5996B","nombre":"BARBATE · DEPURADORA","fecha_utc":"2026-10-07T15:00:00+00:00","velocidad_kmh":23.4,"racha_kmh":28.1,"direccion_grados":255.0,"direccion_cardinal":"OSO","hacia_grados":75.0,"antiguedad_min":101,"temperatura_c":22.7,"humedad_pct":76.0,"regla_30":false,"tipo_dato":"observación"}},{"type":"Feature","geometry":{"type":"Point","coordinates":[-5.112503,37.243336]},"properties":{"fuente":"AEMET","id":"5998X","nombre":"OSUNA · SEA","fecha_utc":"2026-10-07T15:00:00+00:00","velocidad_kmh":16.2,"racha_kmh":33.8,"direccion_grados":260.0,"direccion_cardinal":"O","hacia_grados":80.0,"antiguedad_min":101,"temperatura_c":26.1,"humedad_pct":43.0,"regla_30":false,"tipo_dato":"observación"}},{"type":"Feature","geometry":{"type":"Point","coordinates":[-2.95638,35.276325]},"properties":{"fuente":"AEMET","id":"6000A","nombre":"MELILLA","fecha_utc":"2026-10-07T16:00:00+00:00","velocidad_kmh":15.8,"racha_kmh":28.4,"direccion_grados":255.0,"direccion_cardinal":"OSO","hacia_grados":75.0,"antiguedad_min":41,"temperatura_c":24.8,"humedad_pct":65.0,"regla_30":false,"tipo_dato":"observación"}},{"type":"Feature","geometry":{"type":"Point","coordinates":[-5.597174,36.014396]},"properties":{"fuente":"AEMET","id":"6001","nombre":"TARIFA","fecha_utc":"2026-10-07T16:00:00+00:00","velocidad_kmh":20.5,"racha_kmh":30.6,"direccion_grados":290.0,"direccion_cardinal":"ONO","hacia_grados":110.0,"antiguedad_min":41,"temperatura_c":21.6,"humedad_pct":80.0,"regla_30":false,"tipo_dato":"observación"}},{"type":"Feature","geometry":{"type":"Point","coordinates":[-5.168615,36.749997]},"properties":{"fuente":"AEMET","id":"6032X","nombre":"RONDA · IES","fecha_utc":"2026-10-07T15:00:00+00:00","velocidad_kmh":10.1,"racha_kmh":24.8,"direccion_grados":309.0,"direccion_cardinal":"NO","hacia_grados":129.0,"antiguedad_min":101,"temperatura_c":21.5,"humedad_pct":52.0,"regla_30":false,"tipo_dato":"observación"}},{"type":"Feature","geometry":{"type":"Point","coordinates":[-5.386393,36.544447]},"properties":{"fuente":"AEMET","id":"6040X","nombre":"CORTES DE LA FRONTERA","fecha_utc":"2026-10-07T16:00:00+00:00","velocidad_kmh":2.2,"racha_kmh":18.4,"direccion_grados":31.0,"direccion_cardinal":"NNE","hacia_grados":211.0,"antiguedad_min":41,"temperatura_c":23.9,"humedad_pct":52.0,"regla_30":false,"tipo_dato":"observación"}},{"type":"Feature","geometry":{"type":"Point","coordinates":[-5.394945,36.435607]},"properties":{"fuente":"AEMET","id":"6042I","nombre":"JIMENA DE LA FRONTERA-EL DORADO","fecha_utc":"2026-10-07T15:00:00+00:00","velocidad_kmh":16.2,"racha_kmh":31.3,"direccion_grados":293.0,"direccion_cardinal":"ONO","hacia_grados":113.0,"antiguedad_min":101,"temperatura_c":27.9,"humedad_pct":48.0,"regla_30":false,"tipo_dato":"observación"}},{"type":"Feature","geometry":{"type":"Point","coordinates":[-5.20306,36.632501]},"properties":{"fuente":"AEMET","id":"6045X","nombre":"ALPANDEIRE","fecha_utc":"2026-10-07T15:00:00+00:00","velocidad_kmh":12.6,"racha_kmh":27.7,"direccion_grados":256.0,"direccion_cardinal":"OSO","hacia_grados":76.0,"antiguedad_min":101,"temperatura_c":24.8,"humedad_pct":46.0,"regla_30":false,"tipo_dato":"observación"}},{"type":"Feature","geometry":{"type":"Point","coordinates":[-5.318613,36.51861]},"properties":{"fuente":"AEMET","id":"6050X","nombre":"GAUCÍN","fecha_utc":"2026-10-07T15:00:00+00:00","velocidad_kmh":9.0,"racha_kmh":32.0,"direccion_grados":269.0,"direccion_cardinal":"O","hacia_grados":89.0,"antiguedad_min":101,"temperatura_c":23.5,"humedad_pct":51.0,"regla_30":false,"tipo_dato":"observación"}},{"type":"Feature","geometry":{"type":"Point","coordinates":[-5.284446,36.273056]},"properties":{"fuente":"AEMET","id":"6056X","nombre":"SAN ROQUE · SOTOGRANDE","fecha_utc":"2026-10-07T15:00:00+00:00","velocidad_kmh":18.7,"racha_kmh":33.5,"direccion_grados":271.0,"direccion_cardinal":"O","hacia_grados":91.0,"antiguedad_min":101,"temperatura_c":28.3,"humedad_pct":50.0,"regla_30":false,"tipo_dato":"observación"}},{"type":"Feature","geometry":{"type":"Point","coordinates":[-5.26,36.378333]},"properties":{"fuente":"AEMET","id":"6057X","nombre":"MANILVA","fecha_utc":"2026-10-07T15:00:00+00:00","velocidad_kmh":18.4,"racha_kmh":34.9,"direccion_grados":304.0,"direccion_cardinal":"NO","hacia_grados":124.0,"antiguedad_min":101,"temperatura_c":28.3,"humedad_pct":45.0,"regla_30":false,"tipo_dato":"observación"}},{"type":"Feature","geometry":{"type":"Point","coordinates":[-5.154988,36.416954]},"properties":{"fuente":"AEMET","id":"6058I","nombre":"ESTEPONA","fecha_utc":"2026-10-07T16:00:00+00:00","velocidad_kmh":14.8,"racha_kmh":33.1,"direccion_grados":259.0,"direccion_cardinal":"O","hacia_grados":79.0,"antiguedad_min":41,"temperatura_c":29.8,"humedad_pct":27.0,"regla_30":false,"tipo_dato":"observación"}},{"type":"Feature","geometry":{"type":"Point","coordinates":[-5.024724,36.543613]},"properties":{"fuente":"AEMET","id":"6069X","nombre":"BENAHAVIS (LA ZAGALETA - AUTOMATICA)","fecha_utc":"2026-10-07T16:00:00+00:00","velocidad_kmh":11.9,"racha_kmh":26.3,"direccion_grados":214.0,"direccion_cardinal":"SO","hacia_grados":34.0,"antiguedad_min":41,"temperatura_c":26.5,"humedad_pct":43.0,"regla_30":false,"tipo_dato":"observación"}},{"type":"Feature","geometry":{"type":"Point","coordinates":[-4.953051,36.484445]},"properties":{"fuente":"AEMET","id":"6076X","nombre":"MARBELLA (PUERTO BANUS - AUTOMATICA)","fecha_utc":"2026-10-07T15:00:00+00:00","velocidad_kmh":31.3,"racha_kmh":46.1,"direccion_grados":229.0,"direccion_cardinal":"SO","hacia_grados":49.0,"antiguedad_min":101,"temperatura_c":26.4,"humedad_pct":57.0,"regla_30":false,"tipo_dato":"observación"}},{"type":"Feature","geometry":{"type":"Point","coordinates":[-4.740278,36.483333]},"properties":{"fuente":"AEMET","id":"6083X","nombre":"MARBELLA · CABOPINO","fecha_utc":"2026-10-07T16:00:00+00:00","velocidad_kmh":28.1,"racha_kmh":34.2,"direccion_grados":219.0,"direccion_cardinal":"SO","hacia_grados":39.0,"antiguedad_min":41,"temperatura_c":25.0,"humedad_pct":77.0,"regla_30":false,"tipo_dato":"observación"}},{"type":"Feature","geometry":{"type":"Point","coordinates":[-4.514998,36.620554]},"properties":{"fuente":"AEMET","id":"6088X","nombre":"TORREMOLINOS","fecha_utc":"2026-10-07T15:00:00+00:00","velocidad_kmh":4.0,"racha_kmh":22.3,"direccion_grados":256.0,"direccion_cardinal":"OSO","hacia_grados":76.0,"antiguedad_min":101,"temperatura_c":26.7,"humedad_pct":48.0,"regla_30":false,"tipo_dato":"observación"}},{"type":"Feature","geometry":{"type":"Point","coordinates":[-4.562222,37.023611]},"properties":{"fuente":"AEMET","id":"6100B","nombre":"ANTEQUERA","fecha_utc":"2026-10-07T16:00:00+00:00","velocidad_kmh":null,"racha_kmh":null,"direccion_grados":null,"direccion_cardinal":null,"hacia_grados":null,"antiguedad_min":41,"temperatura_c":24.2,"humedad_pct":40.0,"regla_30":null,"tipo_dato":"observación"}},{"type":"Feature","geometry":{"type":"Point","coordinates":[-4.749722,37.03]},"properties":{"fuente":"AEMET","id":"6106X","nombre":"ANTEQUERA-BOBADILLA","fecha_utc":"2026-10-07T16:00:00+00:00","velocidad_kmh":14.4,"racha_kmh":26.6,"direccion_grados":302.0,"direccion_cardinal":"ONO","hacia_grados":122.0,"antiguedad_min":41,"temperatura_c":24.5,"humedad_pct":40.0,"regla_30":false,"tipo_dato":"observación"}},{"type":"Feature","geometry":{"type":"Point","coordinates":[-4.69667,36.854723]},"properties":{"fuente":"AEMET","id":"6127X","nombre":"ÁLORA · LAS PELONAS","fecha_utc":"2026-10-07T15:00:00+00:00","velocidad_kmh":12.2,"racha_kmh":31.7,"direccion_grados":315.0,"direccion_cardinal":"NO","hacia_grados":135.0,"antiguedad_min":101,"temperatura_c":28.0,"humedad_pct":42.0,"regla_30":false,"tipo_dato":"observación"}},{"type":"Feature","geometry":{"type":"Point","coordinates":[-4.760827,36.65778]},"properties":{"fuente":"AEMET","id":"6143X","nombre":"COIN (AUTOMATICA)","fecha_utc":"2026-10-07T16:00:00+00:00","velocidad_kmh":null,"racha_kmh":null,"direccion_grados":null,"direccion_cardinal":null,"hacia_grados":null,"antiguedad_min":41,"temperatura_c":29.4,"humedad_pct":31.0,"regla_30":null,"tipo_dato":"observación"}},{"type":"Feature","geometry":{"type":"Point","coordinates":[-4.482307,36.666118]},"properties":{"fuente":"AEMET","id":"6155A","nombre":"MÁLAGA/AEROPUERTO","fecha_utc":"2026-10-07T16:00:00+00:00","velocidad_kmh":16.9,"racha_kmh":29.5,"direccion_grados":330.0,"direccion_cardinal":"NNO","hacia_grados":150.0,"antiguedad_min":41,"temperatura_c":28.2,"humedad_pct":32.0,"regla_30":false,"tipo_dato":"observación"}},{"type":"Feature","geometry":{"type":"Point","coordinates":[-4.48167,36.717784]},"properties":{"fuente":"AEMET","id":"6156X","nombre":"MÁLAGA · CENTRO METEOROLÓGICO","fecha_utc":"2026-10-07T16:00:00+00:00","velocidad_kmh":9.0,"racha_kmh":29.5,"direccion_grados":295.0,"direccion_cardinal":"ONO","hacia_grados":115.0,"antiguedad_min":41,"temperatura_c":28.6,"humedad_pct":34.0,"regla_30":false,"tipo_dato":"observación"}},{"type":"Feature","geometry":{"type":"Point","coordinates":[-4.427222,36.7075]},"properties":{"fuente":"AEMET","id":"6172Y","nombre":"MÁLAGA PUERTO · OCEANOGRÁFICO","fecha_utc":"2026-10-07T16:00:00+00:00","velocidad_kmh":15.1,"racha_kmh":29.2,"direccion_grados":346.0,"direccion_cardinal":"NNO","hacia_grados":166.0,"antiguedad_min":41,"temperatura_c":27.9,"humedad_pct":35.0,"regla_30":false,"tipo_dato":"observación"}},{"type":"Feature","geometry":{"type":"Point","coordinates":[-4.286128,36.715046]},"properties":{"fuente":"AEMET","id":"6175X","nombre":"RINCON DE LA VICTORIA (AUTOMATICA)","fecha_utc":"2026-10-07T15:00:00+00:00","velocidad_kmh":null,"racha_kmh":null,"direccion_grados":null,"direccion_cardinal":null,"hacia_grados":null,"antiguedad_min":101,"temperatura_c":26.8,"humedad_pct":66.0,"regla_30":null,"tipo_dato":"observación"}},{"type":"Feature","geometry":{"type":"Point","coordinates":[-4.093611,36.768611]},"properties":{"fuente":"AEMET","id":"6199X","nombre":"VELEZ MALAGA (AUTOMATICA)","fecha_utc":"2026-10-07T16:00:00+00:00","velocidad_kmh":10.1,"racha_kmh":20.9,"direccion_grados":296.0,"direccion_cardinal":"ONO","hacia_grados":116.0,"antiguedad_min":41,"temperatura_c":28.0,"humedad_pct":39.0,"regla_30":false,"tipo_dato":"observación"}},{"type":"Feature","geometry":{"type":"Point","coordinates":[-4.043892,36.755836]},"properties":{"fuente":"AEMET","id":"6201X","nombre":"ALGARROBO (LA MAYORA - AUTOMATICA)","fecha_utc":"2026-10-07T15:00:00+00:00","velocidad_kmh":16.2,"racha_kmh":35.3,"direccion_grados":242.0,"direccion_cardinal":"OSO","hacia_grados":62.0,"antiguedad_min":101,"temperatura_c":26.4,"humedad_pct":66.0,"regla_30":false,"tipo_dato":"observación"}},{"type":"Feature","geometry":{"type":"Point","coordinates":[-3.95722,36.726384]},"properties":{"fuente":"AEMET","id":"6205X","nombre":"TORROX FARO","fecha_utc":"2026-10-07T16:00:00+00:00","velocidad_kmh":40.0,"racha_kmh":50.0,"direccion_grados":241.0,"direccion_cardinal":"OSO","hacia_grados":61.0,"antiguedad_min":41,"temperatura_c":23.6,"humedad_pct":78.0,"regla_30":false,"tipo_dato":"observación"}},{"type":"Feature","geometry":{"type":"Point","coordinates":[-3.845275,36.762776]},"properties":{"fuente":"AEMET","id":"6213X","nombre":"NERJA (CUEVAS DE NERJA - AUTOMATICA)","fecha_utc":"2026-10-07T15:00:00+00:00","velocidad_kmh":14.0,"racha_kmh":27.0,"direccion_grados":228.0,"direccion_cardinal":"SO","hacia_grados":48.0,"antiguedad_min":101,"temperatura_c":26.0,"humedad_pct":65.0,"regla_30":false,"tipo_dato":"observación"}},{"type":"Feature","geometry":{"type":"Point","coordinates":[-3.430278,36.952222]},"properties":{"fuente":"AEMET","id":"6248D","nombre":"CAÑAR · PARQUE NACIONAL SIERRA NEVADA","fecha_utc":"2026-10-07T16:00:00+00:00","velocidad_kmh":10.4,"racha_kmh":22.0,"direccion_grados":83.0,"direccion_cardinal":"E","hacia_grados":263.0,"antiguedad_min":41,"temperatura_c":16.1,"humedad_pct":60.0,"regla_30":false,"tipo_dato":"observación"}},{"type":"Feature","geometry":{"type":"Point","coordinates":[-3.4925,36.923056]},"properties":{"fuente":"AEMET","id":"6258X","nombre":"LANJARÓN","fecha_utc":"2026-10-07T15:00:00+00:00","velocidad_kmh":null,"racha_kmh":null,"direccion_grados":null,"direccion_cardinal":null,"hacia_grados":null,"antiguedad_min":101,"temperatura_c":23.3,"humedad_pct":41.0,"regla_30":null,"tipo_dato":"observación"}},{"type":"Feature","geometry":{"type":"Point","coordinates":[-3.578623,36.748335]},"properties":{"fuente":"AEMET","id":"6267X","nombre":"SALOBREÑA","fecha_utc":"2026-10-07T15:00:00+00:00","velocidad_kmh":20.9,"racha_kmh":42.8,"direccion_grados":279.0,"direccion_cardinal":"O","hacia_grados":99.0,"antiguedad_min":101,"temperatura_c":25.5,"humedad_pct":64.0,"regla_30":false,"tipo_dato":"observación"}},{"type":"Feature","geometry":{"type":"Point","coordinates":[-3.529267,36.724011]},"properties":{"fuente":"AEMET","id":"6268Y","nombre":"MOTRIL PUERTO NAÚTICO","fecha_utc":"2026-10-07T16:00:00+00:00","velocidad_kmh":16.6,"racha_kmh":40.0,"direccion_grados":256.0,"direccion_cardinal":"OSO","hacia_grados":76.0,"antiguedad_min":41,"temperatura_c":25.2,"humedad_pct":70.0,"regla_30":false,"tipo_dato":"observación"}},{"type":"Feature","geometry":{"type":"Point","coordinates":[-3.380008,36.734297]},"properties":{"fuente":"AEMET","id":"6272X","nombre":"CASTELL DEL FERRO","fecha_utc":"2026-10-07T15:00:00+00:00","velocidad_kmh":26.3,"racha_kmh":46.4,"direccion_grados":270.0,"direccion_cardinal":"O","hacia_grados":90.0,"antiguedad_min":101,"temperatura_c":23.5,"humedad_pct":68.0,"regla_30":false,"tipo_dato":"observación"}},{"type":"Feature","geometry":{"type":"Point","coordinates":[-3.030833,36.748056]},"properties":{"fuente":"AEMET","id":"6277C","nombre":"ADRA FARO","fecha_utc":"2026-10-07T16:00:00+00:00","velocidad_kmh":23.8,"racha_kmh":35.6,"direccion_grados":255.0,"direccion_cardinal":"OSO","hacia_grados":75.0,"antiguedad_min":41,"temperatura_c":24.4,"humedad_pct":73.0,"regla_30":false,"tipo_dato":"observación"}},{"type":"Feature","geometry":{"type":"Point","coordinates":[-3.071395,37.005384]},"properties":{"fuente":"AEMET","id":"6281X","nombre":"VÁLOR","fecha_utc":"2026-10-07T15:00:00+00:00","velocidad_kmh":null,"racha_kmh":null,"direccion_grados":null,"direccion_cardinal":null,"hacia_grados":null,"antiguedad_min":101,"temperatura_c":24.4,"humedad_pct":40.0,"regla_30":null,"tipo_dato":"observación"}},{"type":"Feature","geometry":{"type":"Point","coordinates":[-2.81305,36.774719]},"properties":{"fuente":"AEMET","id":"6291B","nombre":"EL EJIDO (AYUNTAMIENTO - AUTOMATICA)","fecha_utc":"2026-10-07T16:00:00+00:00","velocidad_kmh":null,"racha_kmh":null,"direccion_grados":null,"direccion_cardinal":null,"hacia_grados":null,"antiguedad_min":41,"temperatura_c":25.1,"humedad_pct":66.0,"regla_30":null,"tipo_dato":"observación"}},{"type":"Feature","geometry":{"type":"Point","coordinates":[-2.701667,36.68694]},"properties":{"fuente":"AEMET","id":"6293X","nombre":"ROQUETAS DE MAR-FARO SABINAR","fecha_utc":"2026-10-07T16:00:00+00:00","velocidad_kmh":27.0,"racha_kmh":41.8,"direccion_grados":272.0,"direccion_cardinal":"O","hacia_grados":92.0,"antiguedad_min":41,"temperatura_c":24.6,"humedad_pct":72.0,"regla_30":false,"tipo_dato":"observación"}},{"type":"Feature","geometry":{"type":"Point","coordinates":[-2.964444,37.095833]},"properties":{"fuente":"AEMET","id":"6299I","nombre":"LAGUNA SECA · PARQUE NACIONAL SIERRA NEVADA","fecha_utc":"2026-10-07T15:00:00+00:00","velocidad_kmh":21.2,"racha_kmh":28.1,"direccion_grados":337.0,"direccion_cardinal":"NNO","hacia_grados":157.0,"antiguedad_min":101,"temperatura_c":8.3,"humedad_pct":85.0,"regla_30":false,"tipo_dato":"observación"}},{"type":"Feature","geometry":{"type":"Point","coordinates":[-2.78,37.153056]},"properties":{"fuente":"AEMET","id":"6302X","nombre":"ABLA","fecha_utc":"2026-10-07T16:00:00+00:00","velocidad_kmh":16.2,"racha_kmh":30.6,"direccion_grados":297.0,"direccion_cardinal":"ONO","hacia_grados":117.0,"antiguedad_min":41,"temperatura_c":22.7,"humedad_pct":null,"regla_30":null,"tipo_dato":"observación"}},{"type":"Feature","geometry":{"type":"Point","coordinates":[-2.897216,37.052997]},"properties":{"fuente":"AEMET","id":"6307C","nombre":"LAÚJAR · PARQUE NACIONAL SIERRA NEVADA","fecha_utc":"2026-10-07T16:00:00+00:00","velocidad_kmh":10.1,"racha_kmh":25.2,"direccion_grados":316.0,"direccion_cardinal":"NO","hacia_grados":136.0,"antiguedad_min":41,"temperatura_c":15.2,"humedad_pct":57.0,"regla_30":false,"tipo_dato":"observación"}},{"type":"Feature","geometry":{"type":"Point","coordinates":[-2.912377,37.033209]},"properties":{"fuente":"AEMET","id":"6307X","nombre":"LAUJAR DE ANDARAX","fecha_utc":"2026-10-07T15:00:00+00:00","velocidad_kmh":22.7,"racha_kmh":35.3,"direccion_grados":338.0,"direccion_cardinal":"NNO","hacia_grados":158.0,"antiguedad_min":101,"temperatura_c":null,"humedad_pct":null,"regla_30":null,"tipo_dato":"observación"}},{"type":"Feature","geometry":{"type":"Point","coordinates":[-2.677185,37.020944]},"properties":{"fuente":"AEMET","id":"6312E","nombre":"RÁGOL · PARQUE NACIONAL SIERRA NEVADA","fecha_utc":"2026-10-07T16:00:00+00:00","velocidad_kmh":6.5,"racha_kmh":21.2,"direccion_grados":18.0,"direccion_cardinal":"NNE","hacia_grados":198.0,"antiguedad_min":41,"temperatura_c":24.4,"humedad_pct":39.0,"regla_30":false,"tipo_dato":"observación"}},{"type":"Feature","geometry":{"type":"Point","coordinates":[-2.356931,36.846344]},"properties":{"fuente":"AEMET","id":"6325O","nombre":"ALMERÍA/AEROPUERTO","fecha_utc":"2026-10-07T16:00:00+00:00","velocidad_kmh":29.2,"racha_kmh":42.5,"direccion_grados":240.0,"direccion_cardinal":"OSO","hacia_grados":60.0,"antiguedad_min":41,"temperatura_c":26.0,"humedad_pct":63.0,"regla_30":false,"tipo_dato":"observación"}},{"type":"Feature","geometry":{"type":"Point","coordinates":[-2.193056,36.721945]},"properties":{"fuente":"AEMET","id":"6329X","nombre":"CABO DE GATA · FARO","fecha_utc":"2026-10-07T15:00:00+00:00","velocidad_kmh":11.2,"racha_kmh":31.3,"direccion_grados":287.0,"direccion_cardinal":"ONO","hacia_grados":107.0,"antiguedad_min":101,"temperatura_c":24.6,"humedad_pct":72.0,"regla_30":false,"tipo_dato":"observación"}},{"type":"Feature","geometry":{"type":"Point","coordinates":[-1.906944,36.942222]},"properties":{"fuente":"AEMET","id":"6332Y","nombre":"CARBONERAS - FARO MESA ROLDÁN","fecha_utc":"2026-10-07T16:00:00+00:00","velocidad_kmh":14.0,"racha_kmh":34.2,"direccion_grados":190.0,"direccion_cardinal":"S","hacia_grados":10.0,"antiguedad_min":41,"temperatura_c":25.0,"humedad_pct":55.0,"regla_30":false,"tipo_dato":"observación"}},{"type":"Feature","geometry":{"type":"Point","coordinates":[-2.699181,37.109932]},"properties":{"fuente":"AEMET","id":"6335O","nombre":"NACIMIENTO · PARQUE NACIONAL SIERRA NEVADA","fecha_utc":"2026-10-07T16:00:00+00:00","velocidad_kmh":16.2,"racha_kmh":34.9,"direccion_grados":304.0,"direccion_cardinal":"NO","hacia_grados":124.0,"antiguedad_min":41,"temperatura_c":20.3,"humedad_pct":45.0,"regla_30":false,"tipo_dato":"observación"}},{"type":"Feature","geometry":{"type":"Point","coordinates":[-1.828511,37.169278]},"properties":{"fuente":"AEMET","id":"6340X","nombre":"GARRUCHA","fecha_utc":"2026-10-07T16:00:00+00:00","velocidad_kmh":12.6,"racha_kmh":28.1,"direccion_grados":287.0,"direccion_cardinal":"ONO","hacia_grados":107.0,"antiguedad_min":41,"temperatura_c":28.7,"humedad_pct":43.0,"regla_30":false,"tipo_dato":"observación"}},{"type":"Feature","geometry":{"type":"Point","coordinates":[-2.151523,37.40659]},"properties":{"fuente":"AEMET","id":"6364X","nombre":"ALBOX","fecha_utc":"2026-10-07T15:00:00+00:00","velocidad_kmh":20.5,"racha_kmh":32.4,"direccion_grados":273.0,"direccion_cardinal":"O","hacia_grados":93.0,"antiguedad_min":101,"temperatura_c":26.0,"humedad_pct":41.0,"regla_30":false,"tipo_dato":"observación"}},{"type":"Feature","geometry":{"type":"Point","coordinates":[-1.912222,37.423611]},"properties":{"fuente":"AEMET","id":"6367X","nombre":"HUERCAL OVERA","fecha_utc":"2026-10-07T16:00:00+00:00","velocidad_kmh":15.1,"racha_kmh":26.3,"direccion_grados":282.0,"direccion_cardinal":"ONO","hacia_grados":102.0,"antiguedad_min":41,"temperatura_c":27.6,"humedad_pct":33.0,"regla_30":false,"tipo_dato":"observación"}},{"type":"Feature","geometry":{"type":"Point","coordinates":[-4.742002,37.132343]},"properties":{"fuente":"AEMET","id":"6375X","nombre":"FUENTE DE PIEDRA","fecha_utc":"2026-10-07T15:00:00+00:00","velocidad_kmh":15.1,"racha_kmh":31.7,"direccion_grados":289.0,"direccion_cardinal":"ONO","hacia_grados":109.0,"antiguedad_min":101,"temperatura_c":24.7,"humedad_pct":31.0,"regla_30":false,"tipo_dato":"observación"}},{"type":"Feature","geometry":{"type":"Point","coordinates":[-1.586878,37.417241]},"properties":{"fuente":"AEMET","id":"7002Y","nombre":"ÁGUILAS","fecha_utc":"2026-10-07T16:00:00+00:00","velocidad_kmh":10.1,"racha_kmh":22.3,"direccion_grados":210.0,"direccion_cardinal":"SSO","hacia_grados":30.0,"antiguedad_min":41,"temperatura_c":26.5,"humedad_pct":61.0,"regla_30":false,"tipo_dato":"observación"}},{"type":"Feature","geometry":{"type":"Point","coordinates":[-1.230556,37.588056]},"properties":{"fuente":"AEMET","id":"7007Y","nombre":"MAZARRÓN/LAS TORRES","fecha_utc":"2026-10-07T15:00:00+00:00","velocidad_kmh":15.5,"racha_kmh":27.4,"direccion_grados":211.0,"direccion_cardinal":"SSO","hacia_grados":31.0,"antiguedad_min":101,"temperatura_c":27.4,"humedad_pct":62.0,"regla_30":false,"tipo_dato":"observación"}},{"type":"Feature","geometry":{"type":"Point","coordinates":[-1.023333,37.604444]},"properties":{"fuente":"AEMET","id":"7012D","nombre":"CARTAGENA - TENTEGORRA","fecha_utc":"2026-10-07T16:00:00+00:00","velocidad_kmh":10.1,"racha_kmh":24.8,"direccion_grados":193.0,"direccion_cardinal":"SSO","hacia_grados":13.0,"antiguedad_min":41,"temperatura_c":26.3,"humedad_pct":61.0,"regla_30":false,"tipo_dato":"observación"}},{"type":"Feature","geometry":{"type":"Point","coordinates":[-0.990278,37.601389]},"properties":{"fuente":"AEMET","id":"7012X","nombre":"CARTAGENA","fecha_utc":"2026-10-07T16:00:00+00:00","velocidad_kmh":15.1,"racha_kmh":27.0,"direccion_grados":199.0,"direccion_cardinal":"SSO","hacia_grados":19.0,"antiguedad_min":41,"temperatura_c":26.4,"humedad_pct":65.0,"regla_30":false,"tipo_dato":"observación"}},{"type":"Feature","geometry":{"type":"Point","coordinates":[-0.715556,37.635833]},"properties":{"fuente":"AEMET","id":"7019X","nombre":"CARTAGENA/SALINAS CABO PALOS","fecha_utc":"2026-10-07T15:00:00+00:00","velocidad_kmh":22.0,"racha_kmh":34.2,"direccion_grados":199.0,"direccion_cardinal":"SSO","hacia_grados":19.0,"antiguedad_min":101,"temperatura_c":26.5,"humedad_pct":70.0,"regla_30":false,"tipo_dato":"observación"}},{"type":"Feature","geometry":{"type":"Point","coordinates":[-1.167175,37.726478]},"properties":{"fuente":"AEMET","id":"7023X","nombre":"FUENTE ALAMO","fecha_utc":"2026-10-07T15:00:00+00:00","velocidad_kmh":null,"racha_kmh":null,"direccion_grados":null,"direccion_cardinal":null,"hacia_grados":null,"antiguedad_min":101,"temperatura_c":26.0,"humedad_pct":69.0,"regla_30":null,"tipo_dato":"observación"}},{"type":"Feature","geometry":{"type":"Point","coordinates":[-0.967505,37.738884]},"properties":{"fuente":"AEMET","id":"7026X","nombre":"TORRE PACHECO (C.C.A. AUT.)","fecha_utc":"2026-10-07T16:00:00+00:00","velocidad_kmh":5.8,"racha_kmh":19.1,"direccion_grados":208.0,"direccion_cardinal":"SSO","hacia_grados":28.0,"antiguedad_min":41,"temperatura_c":25.9,"humedad_pct":69.0,"regla_30":false,"tipo_dato":"observación"}},{"type":"Feature","geometry":{"type":"Point","coordinates":[-0.805916,37.778332]},"properties":{"fuente":"AEMET","id":"7031X","nombre":"MURCIA/SAN JAVIER","fecha_utc":"2026-10-07T16:00:00+00:00","velocidad_kmh":16.9,"racha_kmh":27.7,"direccion_grados":220.0,"direccion_cardinal":"SO","hacia_grados":40.0,"antiguedad_min":41,"temperatura_c":26.7,"humedad_pct":62.0,"regla_30":false,"tipo_dato":"observación"}},{"type":"Feature","geometry":{"type":"Point","coordinates":[-2.218889,38.393333]},"properties":{"fuente":"AEMET","id":"7066Y","nombre":"EMBALSE DE LA FUENSANTA (AUTOMÁTICA)","fecha_utc":"2026-10-07T16:00:00+00:00","velocidad_kmh":null,"racha_kmh":null,"direccion_grados":null,"direccion_cardinal":null,"hacia_grados":null,"antiguedad_min":41,"temperatura_c":19.6,"humedad_pct":57.0,"regla_30":null,"tipo_dato":"observación"}},{"type":"Feature","geometry":{"type":"Point","coordinates":[-2.412981,38.088419]},"properties":{"fuente":"AEMET","id":"7067Y","nombre":"CAÑADAS DEL NERPIO","fecha_utc":"2026-10-07T15:00:00+00:00","velocidad_kmh":null,"racha_kmh":null,"direccion_grados":null,"direccion_cardinal":null,"hacia_grados":null,"antiguedad_min":101,"temperatura_c":16.1,"humedad_pct":52.0,"regla_30":null,"tipo_dato":"observación"}},{"type":"Feature","geometry":{"type":"Point","coordinates":[-2.293887,38.294995]},"properties":{"fuente":"AEMET","id":"7072Y","nombre":"SEGE","fecha_utc":"2026-10-07T14:00:00+00:00","velocidad_kmh":null,"racha_kmh":null,"direccion_grados":null,"direccion_cardinal":null,"hacia_grados":null,"antiguedad_min":161,"temperatura_c":21.4,"humedad_pct":52.0,"regla_30":null,"tipo_dato":"observación"}},{"type":"Feature","geometry":{"type":"Point","coordinates":[-1.986391,38.268337]},"properties":{"fuente":"AEMET","id":"7080X","nombre":"BENIZAR","fecha_utc":"2026-10-07T15:00:00+00:00","velocidad_kmh":null,"racha_kmh":null,"direccion_grados":null,"direccion_cardinal":null,"hacia_grados":null,"antiguedad_min":101,"temperatura_c":20.9,"humedad_pct":49.0,"regla_30":null,"tipo_dato":"observación"}},{"type":"Feature","geometry":{"type":"Point","coordinates":[-1.70294,38.541991]},"properties":{"fuente":"AEMET","id":"7096B","nombre":"HELLÍN","fecha_utc":"2026-10-07T16:00:00+00:00","velocidad_kmh":12.6,"racha_kmh":21.2,"direccion_grados":310.0,"direccion_cardinal":"NO","hacia_grados":130.0,"antiguedad_min":41,"temperatura_c":21.9,"humedad_pct":48.0,"regla_30":false,"tipo_dato":"observación"}},{"type":"Feature","geometry":{"type":"Point","coordinates":[-1.68944,38.588059]},"properties":{"fuente":"AEMET","id":"7103Y","nombre":"TOBARRA","fecha_utc":"2026-10-07T16:00:00+00:00","velocidad_kmh":null,"racha_kmh":null,"direccion_grados":null,"direccion_cardinal":null,"hacia_grados":null,"antiguedad_min":41,"temperatura_c":21.8,"humedad_pct":49.0,"regla_30":null,"tipo_dato":"observación"}},{"type":"Feature","geometry":{"type":"Point","coordinates":[-1.877167,38.103131]},"properties":{"fuente":"AEMET","id":"7119B","nombre":"CARAVACA FUENTES DEL MARQUÉS","fecha_utc":"2026-10-07T16:00:00+00:00","velocidad_kmh":9.7,"racha_kmh":22.3,"direccion_grados":271.0,"direccion_cardinal":"O","hacia_grados":91.0,"antiguedad_min":41,"temperatura_c":24.2,"humedad_pct":34.0,"regla_30":false,"tipo_dato":"observación"}},{"type":"Feature","geometry":{"type":"Point","coordinates":[-1.702227,38.234167]},"properties":{"fuente":"AEMET","id":"7121A","nombre":"CALASPARRA","fecha_utc":"2026-10-07T15:00:00+00:00","velocidad_kmh":13.7,"racha_kmh":29.9,"direccion_grados":348.0,"direccion_cardinal":"NNO","hacia_grados":168.0,"antiguedad_min":101,"temperatura_c":24.7,"humedad_pct":44.0,"regla_30":false,"tipo_dato":"observación"}},{"type":"Feature","geometry":{"type":"Point","coordinates":[-1.695334,38.049198]},"properties":{"fuente":"AEMET","id":"7127X","nombre":"BULLAS","fecha_utc":"2026-10-07T15:00:00+00:00","velocidad_kmh":null,"racha_kmh":null,"direccion_grados":null,"direccion_cardinal":null,"hacia_grados":null,"antiguedad_min":101,"temperatura_c":22.9,"humedad_pct":54.0,"regla_30":null,"tipo_dato":"observación"}},{"type":"Feature","geometry":{"type":"Point","coordinates":[-1.335282,38.458887]},"properties":{"fuente":"AEMET","id":"7138B","nombre":"JUMILLA · EL ALBAL","fecha_utc":"2026-10-07T15:00:00+00:00","velocidad_kmh":19.1,"racha_kmh":33.8,"direccion_grados":344.0,"direccion_cardinal":"NNO","hacia_grados":164.0,"antiguedad_min":101,"temperatura_c":25.0,"humedad_pct":44.0,"regla_30":false,"tipo_dato":"observación"}},{"type":"Feature","geometry":{"type":"Point","coordinates":[-1.435,38.26]},"properties":{"fuente":"AEMET","id":"7145X","nombre":"CIEZA","fecha_utc":"2026-10-07T16:00:00+00:00","velocidad_kmh":15.8,"racha_kmh":29.5,"direccion_grados":328.0,"direccion_cardinal":"NNO","hacia_grados":148.0,"antiguedad_min":41,"temperatura_c":26.0,"humedad_pct":36.0,"regla_30":false,"tipo_dato":"observación"}},{"type":"Feature","geometry":{"type":"Point","coordinates":[-1.305839,38.128057]},"properties":{"fuente":"AEMET","id":"7158X","nombre":"ARCHENA","fecha_utc":"2026-10-07T15:00:00+00:00","velocidad_kmh":null,"racha_kmh":null,"direccion_grados":null,"direccion_cardinal":null,"hacia_grados":null,"antiguedad_min":101,"temperatura_c":27.2,"humedad_pct":42.0,"regla_30":null,"tipo_dato":"observación"}},{"type":"Feature","geometry":{"type":"Point","coordinates":[-1.466111,38.052778]},"properties":{"fuente":"AEMET","id":"7168X","nombre":"MULA EDAR","fecha_utc":"2026-10-07T16:00:00+00:00","velocidad_kmh":13.3,"racha_kmh":22.0,"direccion_grados":324.0,"direccion_cardinal":"NO","hacia_grados":144.0,"antiguedad_min":41,"temperatura_c":25.6,"humedad_pct":42.0,"regla_30":false,"tipo_dato":"observación"}},{"type":"Feature","geometry":{"type":"Point","coordinates":[-1.170836,38.002004]},"properties":{"fuente":"AEMET","id":"7178I","nombre":"MURCIA","fecha_utc":"2026-10-07T16:00:00+00:00","velocidad_kmh":1.1,"racha_kmh":9.7,"direccion_grados":133.0,"direccion_cardinal":"SE","hacia_grados":313.0,"antiguedad_min":41,"temperatura_c":28.2,"humedad_pct":37.0,"regla_30":false,"tipo_dato":"observación"}},{"type":"Feature","geometry":{"type":"Point","coordinates":[-2.058228,37.926002]},"properties":{"fuente":"AEMET","id":"7195X","nombre":"CARAVACA (LOS ROYOS- AUT.)","fecha_utc":"2026-10-07T15:00:00+00:00","velocidad_kmh":null,"racha_kmh":null,"direccion_grados":null,"direccion_cardinal":null,"hacia_grados":null,"antiguedad_min":101,"temperatura_c":21.7,"humedad_pct":45.0,"regla_30":null,"tipo_dato":"observación"}},{"type":"Feature","geometry":{"type":"Point","coordinates":[-1.869755,37.844698]},"properties":{"fuente":"AEMET","id":"7203A","nombre":"ZARCILLA DE RAMOS","fecha_utc":"2026-10-07T16:00:00+00:00","velocidad_kmh":11.9,"racha_kmh":31.7,"direccion_grados":269.0,"direccion_cardinal":"O","hacia_grados":89.0,"antiguedad_min":41,"temperatura_c":24.4,"humedad_pct":34.0,"regla_30":false,"tipo_dato":"observación"}},{"type":"Feature","geometry":{"type":"Point","coordinates":[-1.687314,37.656389]},"properties":{"fuente":"AEMET","id":"7209","nombre":"LORCA","fecha_utc":"2026-10-07T16:00:00+00:00","velocidad_kmh":14.4,"racha_kmh":25.9,"direccion_grados":195.0,"direccion_cardinal":"SSO","hacia_grados":15.0,"antiguedad_min":41,"temperatura_c":26.2,"humedad_pct":52.0,"regla_30":false,"tipo_dato":"observación"}},{"type":"Feature","geometry":{"type":"Point","coordinates":[-1.797223,37.568051]},"properties":{"fuente":"AEMET","id":"7211B","nombre":"PUERTO LUMBRERAS","fecha_utc":"2026-10-07T16:00:00+00:00","velocidad_kmh":null,"racha_kmh":null,"direccion_grados":null,"direccion_cardinal":null,"hacia_grados":null,"antiguedad_min":41,"temperatura_c":24.2,"humedad_pct":58.0,"regla_30":null,"tipo_dato":"observación"}},{"type":"Feature","geometry":{"type":"Point","coordinates":[-1.5127,37.758556]},"properties":{"fuente":"AEMET","id":"7218Y","nombre":"TOTANA","fecha_utc":"2026-10-07T15:00:00+00:00","velocidad_kmh":7.6,"racha_kmh":22.3,"direccion_grados":99.0,"direccion_cardinal":"E","hacia_grados":279.0,"antiguedad_min":101,"temperatura_c":null,"humedad_pct":null,"regla_30":null,"tipo_dato":"observación"}},{"type":"Feature","geometry":{"type":"Point","coordinates":[-1.334725,37.86167]},"properties":{"fuente":"AEMET","id":"7227X","nombre":"ALHAMA (COMARZA - AUT.)","fecha_utc":"2026-10-07T15:00:00+00:00","velocidad_kmh":9.4,"racha_kmh":15.8,"direccion_grados":69.0,"direccion_cardinal":"ENE","hacia_grados":249.0,"antiguedad_min":101,"temperatura_c":28.9,"humedad_pct":48.0,"regla_30":false,"tipo_dato":"observación"}},{"type":"Feature","geometry":{"type":"Point","coordinates":[-1.158615,38.13889]},"properties":{"fuente":"AEMET","id":"7237E","nombre":"MOLINA DE SEGURA (LOS VALIENTES)","fecha_utc":"2026-10-07T16:00:00+00:00","velocidad_kmh":8.6,"racha_kmh":23.0,"direccion_grados":317.0,"direccion_cardinal":"NO","hacia_grados":137.0,"antiguedad_min":41,"temperatura_c":26.5,"humedad_pct":45.0,"regla_30":false,"tipo_dato":"observación"}},{"type":"Feature","geometry":{"type":"Point","coordinates":[-0.981414,38.067797]},"properties":{"fuente":"AEMET","id":"7244X","nombre":"ORIHUELA DESAMPARADOS","fecha_utc":"2026-10-07T15:00:00+00:00","velocidad_kmh":10.8,"racha_kmh":24.5,"direccion_grados":256.0,"direccion_cardinal":"OSO","hacia_grados":76.0,"antiguedad_min":101,"temperatura_c":29.5,"humedad_pct":34.0,"regla_30":false,"tipo_dato":"observación"}},{"type":"Feature","geometry":{"type":"Point","coordinates":[-1.037968,38.399586]},"properties":{"fuente":"AEMET","id":"7247X","nombre":"PINOSO","fecha_utc":"2026-10-07T16:00:00+00:00","velocidad_kmh":9.0,"racha_kmh":24.8,"direccion_grados":328.0,"direccion_cardinal":"NNO","hacia_grados":148.0,"antiguedad_min":41,"temperatura_c":24.1,"humedad_pct":42.0,"regla_30":false,"tipo_dato":"observación"}},{"type":"Feature","geometry":{"type":"Point","coordinates":[-1.033817,38.194389]},"properties":{"fuente":"AEMET","id":"7250C","nombre":"ABANILLA","fecha_utc":"2026-10-07T15:00:00+00:00","velocidad_kmh":null,"racha_kmh":null,"direccion_grados":null,"direccion_cardinal":null,"hacia_grados":null,"antiguedad_min":101,"temperatura_c":28.7,"humedad_pct":43.0,"regla_30":null,"tipo_dato":"observación"}},{"type":"Feature","geometry":{"type":"Point","coordinates":[-0.715258,38.088036]},"properties":{"fuente":"AEMET","id":"7261X","nombre":"ROJALES · EL MOLINO","fecha_utc":"2026-10-07T15:00:00+00:00","velocidad_kmh":6.5,"racha_kmh":17.6,"direccion_grados":260.0,"direccion_cardinal":"O","hacia_grados":80.0,"antiguedad_min":101,"temperatura_c":29.2,"humedad_pct":38.0,"regla_30":false,"tipo_dato":"observación"}},{"type":"Feature","geometry":{"type":"Point","coordinates":[-1.159669,38.601796]},"properties":{"fuente":"AEMET","id":"7275C","nombre":"YECLA","fecha_utc":"2026-10-07T16:00:00+00:00","velocidad_kmh":19.8,"racha_kmh":34.2,"direccion_grados":275.0,"direccion_cardinal":"O","hacia_grados":95.0,"antiguedad_min":41,"temperatura_c":23.0,"humedad_pct":41.0,"regla_30":false,"tipo_dato":"observación"}},{"type":"Feature","geometry":{"type":"Point","coordinates":[-0.795955,38.779987]},"properties":{"fuente":"AEMET","id":"8005X","nombre":"FONTANARS - CASA DELS CUPS","fecha_utc":"2026-10-07T14:00:00+00:00","velocidad_kmh":null,"racha_kmh":null,"direccion_grados":null,"direccion_cardinal":null,"hacia_grados":null,"antiguedad_min":161,"temperatura_c":22.0,"humedad_pct":53.0,"regla_30":null,"tipo_dato":"observación"}},{"type":"Feature","geometry":{"type":"Point","coordinates":[-0.865595,38.576968]},"properties":{"fuente":"AEMET","id":"8008Y","nombre":"VILLENA","fecha_utc":"2026-10-07T15:00:00+00:00","velocidad_kmh":18.4,"racha_kmh":32.4,"direccion_grados":308.0,"direccion_cardinal":"NO","hacia_grados":128.0,"antiguedad_min":101,"temperatura_c":25.0,"humedad_pct":48.0,"regla_30":false,"tipo_dato":"observación"}},{"type":"Feature","geometry":{"type":"Point","coordinates":[-0.757713,38.385629]},"properties":{"fuente":"AEMET","id":"8013X","nombre":"NOVELDA","fecha_utc":"2026-10-07T16:00:00+00:00","velocidad_kmh":null,"racha_kmh":null,"direccion_grados":null,"direccion_cardinal":null,"hacia_grados":null,"antiguedad_min":41,"temperatura_c":26.6,"humedad_pct":42.0,"regla_30":null,"tipo_dato":"observación"}},{"type":"Feature","geometry":{"type":"Point","coordinates":[-0.680643,38.287435]},"properties":{"fuente":"AEMET","id":"8018X","nombre":"ELCHE/ALTABIX","fecha_utc":"2026-10-07T12:00:00+00:00","velocidad_kmh":null,"racha_kmh":null,"direccion_grados":null,"direccion_cardinal":null,"hacia_grados":null,"antiguedad_min":281,"temperatura_c":29.0,"humedad_pct":40.0,"regla_30":null,"tipo_dato":"observación"}},{"type":"Feature","geometry":{"type":"Point","coordinates":[-0.57083,38.282778]},"properties":{"fuente":"AEMET","id":"8019","nombre":"ALICANTE-ELCHE/AEROPUERTO","fecha_utc":"2026-10-07T16:00:00+00:00","velocidad_kmh":14.8,"racha_kmh":22.3,"direccion_grados":190.0,"direccion_cardinal":"S","hacia_grados":10.0,"antiguedad_min":41,"temperatura_c":28.2,"humedad_pct":55.0,"regla_30":false,"tipo_dato":"observación"}},{"type":"Feature","geometry":{"type":"Point","coordinates":[-0.494167,38.3725]},"properties":{"fuente":"AEMET","id":"8025","nombre":"ALICANTE","fecha_utc":"2026-10-07T16:00:00+00:00","velocidad_kmh":8.3,"racha_kmh":27.0,"direccion_grados":262.0,"direccion_cardinal":"O","hacia_grados":82.0,"antiguedad_min":41,"temperatura_c":29.2,"humedad_pct":35.0,"regla_30":false,"tipo_dato":"observación"}},{"type":"Feature","geometry":{"type":"Point","coordinates":[-0.137786,38.543655]},"properties":{"fuente":"AEMET","id":"8036Y","nombre":"BENIDORM (PARC LES FOIETES)","fecha_utc":"2026-10-07T15:00:00+00:00","velocidad_kmh":5.0,"racha_kmh":17.6,"direccion_grados":127.0,"direccion_cardinal":"SE","hacia_grados":307.0,"antiguedad_min":101,"temperatura_c":27.8,"humedad_pct":54.0,"regla_30":false,"tipo_dato":"observación"}},{"type":"Feature","geometry":{"type":"Point","coordinates":[0.166667,38.784167]},"properties":{"fuente":"AEMET","id":"8050X","nombre":"JÁVEA · AYUNTAMIENTO","fecha_utc":"2026-10-07T16:00:00+00:00","velocidad_kmh":6.1,"racha_kmh":14.0,"direccion_grados":169.0,"direccion_cardinal":"S","hacia_grados":349.0,"antiguedad_min":41,"temperatura_c":25.9,"humedad_pct":65.0,"regla_30":false,"tipo_dato":"observación"}},{"type":"Feature","geometry":{"type":"Point","coordinates":[-0.118261,38.846738]},"properties":{"fuente":"AEMET","id":"8057C","nombre":"PEGO","fecha_utc":"2026-10-07T15:00:00+00:00","velocidad_kmh":8.3,"racha_kmh":14.8,"direccion_grados":89.0,"direccion_cardinal":"E","hacia_grados":269.0,"antiguedad_min":101,"temperatura_c":27.8,"humedad_pct":55.0,"regla_30":false,"tipo_dato":"observación"}},{"type":"Feature","geometry":{"type":"Point","coordinates":[-0.065,38.904444]},"properties":{"fuente":"AEMET","id":"8058X","nombre":"OLIVA","fecha_utc":"2026-10-07T16:00:00+00:00","velocidad_kmh":5.4,"racha_kmh":21.6,"direccion_grados":135.0,"direccion_cardinal":"SE","hacia_grados":315.0,"antiguedad_min":41,"temperatura_c":26.7,"humedad_pct":59.0,"regla_30":false,"tipo_dato":"observación"}},{"type":"Feature","geometry":{"type":"Point","coordinates":[-0.137697,38.950299]},"properties":{"fuente":"AEMET","id":"8058Y","nombre":"MIRAMAR","fecha_utc":"2026-10-07T16:00:00+00:00","velocidad_kmh":5.0,"racha_kmh":18.4,"direccion_grados":77.0,"direccion_cardinal":"ENE","hacia_grados":257.0,"antiguedad_min":41,"temperatura_c":27.4,"humedad_pct":62.0,"regla_30":false,"tipo_dato":"observación"}},{"type":"Feature","geometry":{"type":"Point","coordinates":[-0.460071,38.710917]},"properties":{"fuente":"AEMET","id":"8059C","nombre":"ALCOY","fecha_utc":"2026-10-07T16:00:00+00:00","velocidad_kmh":8.3,"racha_kmh":22.7,"direccion_grados":306.0,"direccion_cardinal":"NO","hacia_grados":126.0,"antiguedad_min":41,"temperatura_c":25.0,"humedad_pct":40.0,"regla_30":false,"tipo_dato":"observación"}},{"type":"Feature","geometry":{"type":"Point","coordinates":[-0.304725,39.016938]},"properties":{"fuente":"AEMET","id":"8072Y","nombre":"BARX","fecha_utc":"2026-10-07T12:00:00+00:00","velocidad_kmh":10.1,"racha_kmh":18.7,"direccion_grados":274.0,"direccion_cardinal":"O","hacia_grados":94.0,"antiguedad_min":281,"temperatura_c":24.7,"humedad_pct":60.0,"regla_30":false,"tipo_dato":"observación"}},{"type":"Feature","geometry":{"type":"Point","coordinates":[-2.131944,40.067222]},"properties":{"fuente":"AEMET","id":"8096","nombre":"CUENCA","fecha_utc":"2026-10-07T16:00:00+00:00","velocidad_kmh":8.3,"racha_kmh":18.0,"direccion_grados":310.0,"direccion_cardinal":"NO","hacia_grados":130.0,"antiguedad_min":41,"temperatura_c":19.6,"humedad_pct":46.0,"regla_30":false,"tipo_dato":"observación"}},{"type":"Feature","geometry":{"type":"Point","coordinates":[-1.915278,39.555278]},"properties":{"fuente":"AEMET","id":"8155Y","nombre":"MOTILLA DEL PALANCAR","fecha_utc":"2026-10-07T15:00:00+00:00","velocidad_kmh":14.8,"racha_kmh":28.8,"direccion_grados":265.0,"direccion_cardinal":"O","hacia_grados":85.0,"antiguedad_min":101,"temperatura_c":18.6,"humedad_pct":69.0,"regla_30":false,"tipo_dato":"observación"}},{"type":"Feature","geometry":{"type":"Point","coordinates":[-1.856389,38.954167]},"properties":{"fuente":"AEMET","id":"8175","nombre":"ALBACETE/LOS LLANOS","fecha_utc":"2026-10-07T16:00:00+00:00","velocidad_kmh":23.4,"racha_kmh":36.4,"direccion_grados":307.0,"direccion_cardinal":"NO","hacia_grados":127.0,"antiguedad_min":41,"temperatura_c":20.0,"humedad_pct":58.0,"regla_30":false,"tipo_dato":"observación"}},{"type":"Feature","geometry":{"type":"Point","coordinates":[-1.658812,38.937599]},"properties":{"fuente":"AEMET","id":"8177A","nombre":"CHINCHILLA/CENAD","fecha_utc":"2026-10-07T16:00:00+00:00","velocidad_kmh":16.2,"racha_kmh":26.6,"direccion_grados":289.0,"direccion_cardinal":"ONO","hacia_grados":109.0,"antiguedad_min":41,"temperatura_c":18.8,"humedad_pct":61.0,"regla_30":false,"tipo_dato":"observación"}},{"type":"Feature","geometry":{"type":"Point","coordinates":[-1.862335,39.005577]},"properties":{"fuente":"AEMET","id":"8178D","nombre":"ALBACETE OBS.","fecha_utc":"2026-10-07T16:00:00+00:00","velocidad_kmh":13.0,"racha_kmh":29.5,"direccion_grados":302.0,"direccion_cardinal":"ONO","hacia_grados":122.0,"antiguedad_min":41,"temperatura_c":20.5,"humedad_pct":54.0,"regla_30":false,"tipo_dato":"observación"}},{"type":"Feature","geometry":{"type":"Point","coordinates":[-1.435505,39.198747]},"properties":{"fuente":"AEMET","id":"8191Y","nombre":"LAS ERAS","fecha_utc":"2026-10-07T14:00:00+00:00","velocidad_kmh":16.2,"racha_kmh":34.6,"direccion_grados":275.0,"direccion_cardinal":"O","hacia_grados":95.0,"antiguedad_min":161,"temperatura_c":23.1,"humedad_pct":50.0,"regla_30":false,"tipo_dato":"observación"}},{"type":"Feature","geometry":{"type":"Point","coordinates":[-1.094403,39.208415]},"properties":{"fuente":"AEMET","id":"8193E","nombre":"JALANCE","fecha_utc":"2026-10-07T12:00:00+00:00","velocidad_kmh":15.1,"racha_kmh":39.2,"direccion_grados":313.0,"direccion_cardinal":"NO","hacia_grados":133.0,"antiguedad_min":281,"temperatura_c":22.6,"humedad_pct":58.0,"regla_30":false,"tipo_dato":"observación"}},{"type":"Feature","geometry":{"type":"Point","coordinates":[-1.063051,38.850552]},"properties":{"fuente":"AEMET","id":"8198Y","nombre":"ALMANSA","fecha_utc":"2026-10-07T15:00:00+00:00","velocidad_kmh":10.4,"racha_kmh":32.8,"direccion_grados":289.0,"direccion_cardinal":"ONO","hacia_grados":109.0,"antiguedad_min":101,"temperatura_c":23.3,"humedad_pct":47.0,"regla_30":false,"tipo_dato":"observación"}},{"type":"Feature","geometry":{"type":"Point","coordinates":[-1.101111,39.083056]},"properties":{"fuente":"AEMET","id":"8203O","nombre":"EVC_ZARRA","fecha_utc":"2026-10-07T16:00:00+00:00","velocidad_kmh":25.6,"racha_kmh":40.7,"direccion_grados":252.0,"direccion_cardinal":"OSO","hacia_grados":72.0,"antiguedad_min":41,"temperatura_c":22.3,"humedad_pct":42.0,"regla_30":false,"tipo_dato":"observación"}},{"type":"Feature","geometry":{"type":"Point","coordinates":[-1.503605,40.103096]},"properties":{"fuente":"AEMET","id":"8210Y","nombre":"SALVACAÑETE","fecha_utc":"2026-10-07T13:00:00+00:00","velocidad_kmh":15.5,"racha_kmh":27.4,"direccion_grados":267.0,"direccion_cardinal":"O","hacia_grados":87.0,"antiguedad_min":221,"temperatura_c":18.6,"humedad_pct":51.0,"regla_30":false,"tipo_dato":"observación"}},{"type":"Feature","geometry":{"type":"Point","coordinates":[-1.442571,39.714376]},"properties":{"fuente":"AEMET","id":"8245Y","nombre":"MIRA","fecha_utc":"2026-10-07T16:00:00+00:00","velocidad_kmh":null,"racha_kmh":null,"direccion_grados":null,"direccion_cardinal":null,"hacia_grados":null,"antiguedad_min":41,"temperatura_c":19.5,"humedad_pct":52.0,"regla_30":null,"tipo_dato":"observación"}},{"type":"Feature","geometry":{"type":"Point","coordinates":[-0.79,39.133611]},"properties":{"fuente":"AEMET","id":"8270X","nombre":"BICORP","fecha_utc":"2026-10-07T14:00:00+00:00","velocidad_kmh":11.5,"racha_kmh":24.8,"direccion_grados":233.0,"direccion_cardinal":"SO","hacia_grados":53.0,"antiguedad_min":161,"temperatura_c":25.8,"humedad_pct":44.0,"regla_30":false,"tipo_dato":"observación"}},{"type":"Feature","geometry":{"type":"Point","coordinates":[-0.607676,38.829441]},"properties":{"fuente":"AEMET","id":"8283X","nombre":"ONTINYENT","fecha_utc":"2026-10-07T15:00:00+00:00","velocidad_kmh":6.5,"racha_kmh":21.2,"direccion_grados":253.0,"direccion_cardinal":"OSO","hacia_grados":73.0,"antiguedad_min":101,"temperatura_c":26.7,"humedad_pct":43.0,"regla_30":false,"tipo_dato":"observación"}},{"type":"Feature","geometry":{"type":"Point","coordinates":[-0.523056,39.001667]},"properties":{"fuente":"AEMET","id":"8293X","nombre":"XÁTIVA","fecha_utc":"2026-10-07T16:00:00+00:00","velocidad_kmh":10.1,"racha_kmh":32.8,"direccion_grados":261.0,"direccion_cardinal":"O","hacia_grados":81.0,"antiguedad_min":41,"temperatura_c":27.3,"humedad_pct":36.0,"regla_30":false,"tipo_dato":"observación"}},{"type":"Feature","geometry":{"type":"Point","coordinates":[-0.445908,39.113382]},"properties":{"fuente":"AEMET","id":"8300X","nombre":"CARCAIXENT","fecha_utc":"2026-10-07T13:00:00+00:00","velocidad_kmh":14.4,"racha_kmh":28.8,"direccion_grados":305.0,"direccion_cardinal":"NO","hacia_grados":125.0,"antiguedad_min":221,"temperatura_c":27.6,"humedad_pct":43.0,"regla_30":false,"tipo_dato":"observación"}},{"type":"Feature","geometry":{"type":"Point","coordinates":[-1.244795,39.575455]},"properties":{"fuente":"AEMET","id":"8309X","nombre":"UTIEL · LA CUBERA","fecha_utc":"2026-10-07T16:00:00+00:00","velocidad_kmh":19.8,"racha_kmh":31.0,"direccion_grados":267.0,"direccion_cardinal":"O","hacia_grados":87.0,"antiguedad_min":41,"temperatura_c":20.8,"humedad_pct":53.0,"regla_30":false,"tipo_dato":"observación"}},{"type":"Feature","geometry":{"type":"Point","coordinates":[-0.371389,39.183889]},"properties":{"fuente":"AEMET","id":"8325X","nombre":"POLINYA","fecha_utc":"2026-10-07T16:00:00+00:00","velocidad_kmh":15.5,"racha_kmh":26.6,"direccion_grados":240.0,"direccion_cardinal":"OSO","hacia_grados":60.0,"antiguedad_min":41,"temperatura_c":28.3,"humedad_pct":40.0,"regla_30":false,"tipo_dato":"observación"}},{"type":"Feature","geometry":{"type":"Point","coordinates":[-0.355833,39.311944]},"properties":{"fuente":"AEMET","id":"8328X","nombre":"SOLLANA","fecha_utc":"2026-10-07T16:00:00+00:00","velocidad_kmh":14.8,"racha_kmh":24.5,"direccion_grados":234.0,"direccion_cardinal":"SO","hacia_grados":54.0,"antiguedad_min":41,"temperatura_c":26.7,"humedad_pct":54.0,"regla_30":false,"tipo_dato":"observación"}},{"type":"Feature","geometry":{"type":"Point","coordinates":[-0.624616,39.392139]},"properties":{"fuente":"AEMET","id":"8337X","nombre":"TURIS","fecha_utc":"2026-10-07T15:00:00+00:00","velocidad_kmh":null,"racha_kmh":null,"direccion_grados":null,"direccion_cardinal":null,"hacia_grados":null,"antiguedad_min":101,"temperatura_c":26.5,"humedad_pct":45.0,"regla_30":null,"tipo_dato":"observación"}},{"type":"Feature","geometry":{"type":"Point","coordinates":[-1.44139,40.41972]},"properties":{"fuente":"AEMET","id":"8354X","nombre":"ALBARRACÍN","fecha_utc":"2026-10-07T16:00:00+00:00","velocidad_kmh":9.7,"racha_kmh":26.3,"direccion_grados":250.0,"direccion_cardinal":"OSO","hacia_grados":70.0,"antiguedad_min":41,"temperatura_c":18.6,"humedad_pct":45.0,"regla_30":false,"tipo_dato":"observación"}},{"type":"Feature","geometry":{"type":"Point","coordinates":[-1.124132,40.350714]},"properties":{"fuente":"AEMET","id":"8368U","nombre":"TERUEL","fecha_utc":"2026-10-07T16:00:00+00:00","velocidad_kmh":10.4,"racha_kmh":30.6,"direccion_grados":359.0,"direccion_cardinal":"N","hacia_grados":179.0,"antiguedad_min":41,"temperatura_c":19.8,"humedad_pct":51.0,"regla_30":false,"tipo_dato":"observación"}},{"type":"Feature","geometry":{"type":"Point","coordinates":[-1.411672,40.236114]},"properties":{"fuente":"AEMET","id":"8376","nombre":"JABALOYAS · DEPÓSITO","fecha_utc":"2026-10-07T16:00:00+00:00","velocidad_kmh":14.0,"racha_kmh":27.7,"direccion_grados":305.0,"direccion_cardinal":"NO","hacia_grados":125.0,"antiguedad_min":41,"temperatura_c":15.9,"humedad_pct":53.0,"regla_30":false,"tipo_dato":"observación"}},{"type":"Feature","geometry":{"type":"Point","coordinates":[-1.283573,40.060558]},"properties":{"fuente":"AEMET","id":"8381X","nombre":"ADEMUZ","fecha_utc":"2026-10-07T12:00:00+00:00","velocidad_kmh":null,"racha_kmh":null,"direccion_grados":null,"direccion_cardinal":null,"hacia_grados":null,"antiguedad_min":281,"temperatura_c":20.9,"humedad_pct":59.0,"regla_30":null,"tipo_dato":"observación"}},{"type":"Feature","geometry":{"type":"Point","coordinates":[-0.993611,39.753331]},"properties":{"fuente":"AEMET","id":"8395X","nombre":"CHELVA","fecha_utc":"2026-10-07T16:00:00+00:00","velocidad_kmh":12.6,"racha_kmh":25.9,"direccion_grados":254.0,"direccion_cardinal":"OSO","hacia_grados":74.0,"antiguedad_min":41,"temperatura_c":24.5,"humedad_pct":42.0,"regla_30":false,"tipo_dato":"observación"}},{"type":"Feature","geometry":{"type":"Point","coordinates":[-0.653993,39.664008]},"properties":{"fuente":"AEMET","id":"8409X","nombre":"LLIRIA","fecha_utc":"2026-10-07T16:00:00+00:00","velocidad_kmh":16.9,"racha_kmh":29.5,"direccion_grados":254.0,"direccion_cardinal":"OSO","hacia_grados":74.0,"antiguedad_min":41,"temperatura_c":25.8,"humedad_pct":44.0,"regla_30":false,"tipo_dato":"observación"}},{"type":"Feature","geometry":{"type":"Point","coordinates":[-0.474677,39.485015]},"properties":{"fuente":"AEMET","id":"8414A","nombre":"VALENCIA/AEROPUERTO","fecha_utc":"2026-10-07T16:00:00+00:00","velocidad_kmh":26.3,"racha_kmh":38.9,"direccion_grados":250.0,"direccion_cardinal":"OSO","hacia_grados":70.0,"antiguedad_min":41,"temperatura_c":28.4,"humedad_pct":37.0,"regla_30":false,"tipo_dato":"observación"}},{"type":"Feature","geometry":{"type":"Point","coordinates":[-0.366389,39.480556]},"properties":{"fuente":"AEMET","id":"8416","nombre":"VALENCIA DT","fecha_utc":"2026-10-07T16:00:00+00:00","velocidad_kmh":15.5,"racha_kmh":29.5,"direccion_grados":249.0,"direccion_cardinal":"OSO","hacia_grados":69.0,"antiguedad_min":41,"temperatura_c":28.4,"humedad_pct":36.0,"regla_30":false,"tipo_dato":"observación"}},{"type":"Feature","geometry":{"type":"Point","coordinates":[-0.703056,39.911389]},"properties":{"fuente":"AEMET","id":"8433X","nombre":"BEJÍS","fecha_utc":"2026-10-07T16:00:00+00:00","velocidad_kmh":10.8,"racha_kmh":23.4,"direccion_grados":359.0,"direccion_cardinal":"N","hacia_grados":179.0,"antiguedad_min":41,"temperatura_c":21.4,"humedad_pct":42.0,"regla_30":false,"tipo_dato":"observación"}},{"type":"Feature","geometry":{"type":"Point","coordinates":[-0.485282,39.795551]},"properties":{"fuente":"AEMET","id":"8439X","nombre":"SEGORBE · MASIA HOYA","fecha_utc":"2026-10-07T13:00:00+00:00","velocidad_kmh":7.6,"racha_kmh":17.3,"direccion_grados":38.0,"direccion_cardinal":"NE","hacia_grados":218.0,"antiguedad_min":221,"temperatura_c":25.5,"humedad_pct":39.0,"regla_30":false,"tipo_dato":"observación"}},{"type":"Feature","geometry":{"type":"Point","coordinates":[-0.258878,39.700806]},"properties":{"fuente":"AEMET","id":"8446Y","nombre":"SAGUNTO (MONTIVER PONTAZGO - SEMIAUTOMATICA)","fecha_utc":"2026-10-07T12:00:00+00:00","velocidad_kmh":null,"racha_kmh":null,"direccion_grados":null,"direccion_cardinal":null,"hacia_grados":null,"antiguedad_min":281,"temperatura_c":28.9,"humedad_pct":42.0,"regla_30":null,"tipo_dato":"observación"}},{"type":"Feature","geometry":{"type":"Point","coordinates":[-0.849428,40.430517]},"properties":{"fuente":"AEMET","id":"8458X","nombre":"CEDRILLAS · ANTENAS","fecha_utc":"2026-10-07T16:00:00+00:00","velocidad_kmh":17.3,"racha_kmh":32.4,"direccion_grados":289.0,"direccion_cardinal":"ONO","hacia_grados":109.0,"antiguedad_min":41,"temperatura_c":15.7,"humedad_pct":63.0,"regla_30":false,"tipo_dato":"observación"}},{"type":"Feature","geometry":{"type":"Point","coordinates":[-0.54685,40.087706]},"properties":{"fuente":"AEMET","id":"8472A","nombre":"ARENOS-PANTANO","fecha_utc":"2026-10-07T14:00:00+00:00","velocidad_kmh":19.4,"racha_kmh":32.4,"direccion_grados":324.0,"direccion_cardinal":"NO","hacia_grados":144.0,"antiguedad_min":161,"temperatura_c":23.9,"humedad_pct":40.0,"regla_30":false,"tipo_dato":"observación"}},{"type":"Feature","geometry":{"type":"Point","coordinates":[-0.454339,40.362515]},"properties":{"fuente":"AEMET","id":"8486X","nombre":"MOSQUERUELA · DEPÓSITO","fecha_utc":"2026-10-07T16:00:00+00:00","velocidad_kmh":13.3,"racha_kmh":28.1,"direccion_grados":309.0,"direccion_cardinal":"NO","hacia_grados":129.0,"antiguedad_min":41,"temperatura_c":15.5,"humedad_pct":55.0,"regla_30":false,"tipo_dato":"observación"}},{"type":"Feature","geometry":{"type":"Point","coordinates":[-0.255675,40.433217]},"properties":{"fuente":"AEMET","id":"8489X","nombre":"VILLAFRANCA","fecha_utc":"2026-10-07T16:00:00+00:00","velocidad_kmh":5.8,"racha_kmh":33.1,"direccion_grados":324.0,"direccion_cardinal":"NO","hacia_grados":144.0,"antiguedad_min":41,"temperatura_c":19.7,"humedad_pct":41.0,"regla_30":false,"tipo_dato":"observación"}},{"type":"Feature","geometry":{"type":"Point","coordinates":[-0.169683,40.227141]},"properties":{"fuente":"AEMET","id":"8492X","nombre":"ATZENETA DEL MAESTRAT","fecha_utc":"2026-10-07T14:00:00+00:00","velocidad_kmh":8.6,"racha_kmh":22.3,"direccion_grados":15.0,"direccion_cardinal":"NNE","hacia_grados":195.0,"antiguedad_min":161,"temperatura_c":22.0,"humedad_pct":58.0,"regla_30":false,"tipo_dato":"observación"}},{"type":"Feature","geometry":{"type":"Point","coordinates":[-0.071967,39.95728]},"properties":{"fuente":"AEMET","id":"8500A","nombre":"CASTELLÓN-ALMASSORA","fecha_utc":"2026-10-07T16:00:00+00:00","velocidad_kmh":7.2,"racha_kmh":22.7,"direccion_grados":69.0,"direccion_cardinal":"ENE","hacia_grados":249.0,"antiguedad_min":41,"temperatura_c":26.3,"humedad_pct":54.0,"regla_30":false,"tipo_dato":"observación"}},{"type":"Feature","geometry":{"type":"Point","coordinates":[0.18354,40.2113]},"properties":{"fuente":"AEMET","id":"8503Y","nombre":"TORREBLANCA AYUNTAMIENTO (C.AGRARIA LOCAL)","fecha_utc":"2026-10-07T15:00:00+00:00","velocidad_kmh":5.4,"racha_kmh":13.3,"direccion_grados":173.0,"direccion_cardinal":"S","hacia_grados":353.0,"antiguedad_min":101,"temperatura_c":26.2,"humedad_pct":55.0,"regla_30":false,"tipo_dato":"observación"}},{"type":"Feature","geometry":{"type":"Point","coordinates":[0.437222,40.541667]},"properties":{"fuente":"AEMET","id":"8518X","nombre":"VINARÒS-VIVEROS ALCANAR","fecha_utc":"2026-10-07T16:00:00+00:00","velocidad_kmh":10.1,"racha_kmh":19.1,"direccion_grados":182.0,"direccion_cardinal":"S","hacia_grados":2.0,"antiguedad_min":41,"temperatura_c":25.1,"humedad_pct":57.0,"regla_30":false,"tipo_dato":"observación"}},{"type":"Feature","geometry":{"type":"Point","coordinates":[0.165221,40.693717]},"properties":{"fuente":"AEMET","id":"8520X","nombre":"FREDES","fecha_utc":"2026-10-07T15:00:00+00:00","velocidad_kmh":11.2,"racha_kmh":27.0,"direccion_grados":305.0,"direccion_cardinal":"NO","hacia_grados":125.0,"antiguedad_min":101,"temperatura_c":19.2,"humedad_pct":52.0,"regla_30":false,"tipo_dato":"observación"}},{"type":"Feature","geometry":{"type":"Point","coordinates":[-4.160594,42.991884]},"properties":{"fuente":"AEMET","id":"9001D","nombre":"NESTARES","fecha_utc":"2026-10-07T16:00:00+00:00","velocidad_kmh":33.1,"racha_kmh":54.4,"direccion_grados":323.0,"direccion_cardinal":"NO","hacia_grados":143.0,"antiguedad_min":41,"temperatura_c":12.1,"humedad_pct":88.0,"regla_30":false,"tipo_dato":"observación"}},{"type":"Feature","geometry":{"type":"Point","coordinates":[-4.374447,43.036665]},"properties":{"fuente":"AEMET","id":"9001S","nombre":"Alto Campoo","fecha_utc":"2026-10-07T16:00:00+00:00","velocidad_kmh":14.8,"racha_kmh":58.7,"direccion_grados":269.0,"direccion_cardinal":"O","hacia_grados":89.0,"antiguedad_min":41,"temperatura_c":6.8,"humedad_pct":98.0,"regla_30":false,"tipo_dato":"observación"}},{"type":"Feature","geometry":{"type":"Point","coordinates":[-3.95718,42.951334]},"properties":{"fuente":"AEMET","id":"9012E","nombre":"SANTA GADEA DE ALFOZ","fecha_utc":"2026-10-07T14:00:00+00:00","velocidad_kmh":null,"racha_kmh":null,"direccion_grados":null,"direccion_cardinal":null,"hacia_grados":null,"antiguedad_min":161,"temperatura_c":13.3,"humedad_pct":91.0,"regla_30":null,"tipo_dato":"observación"}},{"type":"Feature","geometry":{"type":"Point","coordinates":[-4.032219,42.809724]},"properties":{"fuente":"AEMET","id":"9016X","nombre":"CUBILLO DE EBRO","fecha_utc":"2026-10-07T16:00:00+00:00","velocidad_kmh":5.4,"racha_kmh":11.9,"direccion_grados":297.0,"direccion_cardinal":"ONO","hacia_grados":117.0,"antiguedad_min":41,"temperatura_c":13.9,"humedad_pct":90.0,"regla_30":false,"tipo_dato":"observación"}},{"type":"Feature","geometry":{"type":"Point","coordinates":[-3.945556,42.805556]},"properties":{"fuente":"AEMET","id":"9019X","nombre":"POLIENTES (VALDERREDIBLE)","fecha_utc":"2026-10-07T16:00:00+00:00","velocidad_kmh":3.2,"racha_kmh":15.5,"direccion_grados":265.0,"direccion_cardinal":"O","hacia_grados":85.0,"antiguedad_min":41,"temperatura_c":13.6,"humedad_pct":92.0,"regla_30":false,"tipo_dato":"observación"}},{"type":"Feature","geometry":{"type":"Point","coordinates":[-3.30879,42.559526]},"properties":{"fuente":"AEMET","id":"9031C","nombre":"BRIVIESCA","fecha_utc":"2026-10-07T15:00:00+00:00","velocidad_kmh":7.6,"racha_kmh":19.8,"direccion_grados":281.0,"direccion_cardinal":"O","hacia_grados":101.0,"antiguedad_min":101,"temperatura_c":16.5,"humedad_pct":87.0,"regla_30":false,"tipo_dato":"observación"}},{"type":"Feature","geometry":{"type":"Point","coordinates":[-3.482685,42.919901]},"properties":{"fuente":"AEMET","id":"9051","nombre":"MEDINA DE POMAR","fecha_utc":"2026-10-07T16:00:00+00:00","velocidad_kmh":7.6,"racha_kmh":22.7,"direccion_grados":288.0,"direccion_cardinal":"ONO","hacia_grados":108.0,"antiguedad_min":41,"temperatura_c":14.3,"humedad_pct":91.0,"regla_30":false,"tipo_dato":"observación"}},{"type":"Feature","geometry":{"type":"Point","coordinates":[-3.231729,42.875217]},"properties":{"fuente":"AEMET","id":"9060X","nombre":"LALASTRA","fecha_utc":"2026-10-07T16:00:00+00:00","velocidad_kmh":19.1,"racha_kmh":34.6,"direccion_grados":295.0,"direccion_cardinal":"ONO","hacia_grados":115.0,"antiguedad_min":41,"temperatura_c":12.6,"humedad_pct":95.0,"regla_30":false,"tipo_dato":"observación"}},{"type":"Feature","geometry":{"type":"Point","coordinates":[-2.960608,42.687159]},"properties":{"fuente":"AEMET","id":"9069C","nombre":"MIRANDA DE EBRO","fecha_utc":"2026-10-07T15:00:00+00:00","velocidad_kmh":6.5,"racha_kmh":16.2,"direccion_grados":301.0,"direccion_cardinal":"ONO","hacia_grados":121.0,"antiguedad_min":101,"temperatura_c":16.5,"humedad_pct":88.0,"regla_30":false,"tipo_dato":"observación"}},{"type":"Feature","geometry":{"type":"Point","coordinates":[-2.359745,42.829832]},"properties":{"fuente":"AEMET","id":"9073X","nombre":"AGURAIN/SALVATIERRA · OPAKUA","fecha_utc":"2026-10-07T16:00:00+00:00","velocidad_kmh":9.7,"racha_kmh":28.4,"direccion_grados":283.0,"direccion_cardinal":"ONO","hacia_grados":103.0,"antiguedad_min":41,"temperatura_c":15.1,"humedad_pct":92.0,"regla_30":false,"tipo_dato":"observación"}},{"type":"Feature","geometry":{"type":"Point","coordinates":[-2.732913,42.871934]},"properties":{"fuente":"AEMET","id":"9091R","nombre":"VITORIA-GASTEIZ AEROPUERTO","fecha_utc":"2026-10-07T16:00:00+00:00","velocidad_kmh":11.9,"racha_kmh":31.7,"direccion_grados":240.0,"direccion_cardinal":"OSO","hacia_grados":60.0,"antiguedad_min":41,"temperatura_c":15.8,"humedad_pct":93.0,"regla_30":false,"tipo_dato":"observación"}},{"type":"Feature","geometry":{"type":"Point","coordinates":[-3.170282,42.421116]},"properties":{"fuente":"AEMET","id":"9111","nombre":"BELORADO","fecha_utc":"2026-10-07T16:00:00+00:00","velocidad_kmh":8.3,"racha_kmh":16.9,"direccion_grados":274.0,"direccion_cardinal":"O","hacia_grados":94.0,"antiguedad_min":41,"temperatura_c":15.6,"humedad_pct":82.0,"regla_30":false,"tipo_dato":"observación"}},{"type":"Feature","geometry":{"type":"Point","coordinates":[-2.968056,42.255]},"properties":{"fuente":"AEMET","id":"9115X","nombre":"VALDEZCARAY","fecha_utc":"2026-10-07T16:00:00+00:00","velocidad_kmh":13.3,"racha_kmh":27.4,"direccion_grados":314.0,"direccion_cardinal":"NO","hacia_grados":134.0,"antiguedad_min":41,"temperatura_c":8.4,"humedad_pct":97.0,"regla_30":false,"tipo_dato":"observación"}},{"type":"Feature","geometry":{"type":"Point","coordinates":[-2.854717,42.575277]},"properties":{"fuente":"AEMET","id":"9121X","nombre":"HARO","fecha_utc":"2026-10-07T16:00:00+00:00","velocidad_kmh":null,"racha_kmh":null,"direccion_grados":null,"direccion_cardinal":null,"hacia_grados":null,"antiguedad_min":41,"temperatura_c":16.8,"humedad_pct":83.0,"regla_30":null,"tipo_dato":"observación"}},{"type":"Feature","geometry":{"type":"Point","coordinates":[-2.776667,42.603889]},"properties":{"fuente":"AEMET","id":"9122I","nombre":"LABASTIDA","fecha_utc":"2026-10-07T16:00:00+00:00","velocidad_kmh":6.8,"racha_kmh":18.7,"direccion_grados":337.0,"direccion_cardinal":"NNO","hacia_grados":157.0,"antiguedad_min":41,"temperatura_c":15.3,"humedad_pct":88.0,"regla_30":false,"tipo_dato":"observación"}},{"type":"Feature","geometry":{"type":"Point","coordinates":[-2.871106,42.230834]},"properties":{"fuente":"AEMET","id":"9136X","nombre":"ANGUIANO · VALVANERA","fecha_utc":"2026-10-07T16:00:00+00:00","velocidad_kmh":null,"racha_kmh":null,"direccion_grados":null,"direccion_cardinal":null,"hacia_grados":null,"antiguedad_min":41,"temperatura_c":14.1,"humedad_pct":89.0,"regla_30":null,"tipo_dato":"observación"}},{"type":"Feature","geometry":{"type":"Point","coordinates":[-2.726758,42.414027]},"properties":{"fuente":"AEMET","id":"9141V","nombre":"NÁJERA","fecha_utc":"2026-10-07T16:00:00+00:00","velocidad_kmh":7.2,"racha_kmh":28.4,"direccion_grados":230.0,"direccion_cardinal":"SO","hacia_grados":50.0,"antiguedad_min":41,"temperatura_c":17.1,"humedad_pct":84.0,"regla_30":false,"tipo_dato":"observación"}},{"type":"Feature","geometry":{"type":"Point","coordinates":[-2.632837,42.567243]},"properties":{"fuente":"AEMET","id":"9145X","nombre":"LEZA","fecha_utc":"2026-10-07T16:00:00+00:00","velocidad_kmh":null,"racha_kmh":null,"direccion_grados":null,"direccion_cardinal":null,"hacia_grados":null,"antiguedad_min":41,"temperatura_c":15.6,"humedad_pct":90.0,"regla_30":null,"tipo_dato":"observación"}},{"type":"Feature","geometry":{"type":"Point","coordinates":[-2.63944,42.48278]},"properties":{"fuente":"AEMET","id":"9145Y","nombre":"CENICERO","fecha_utc":"2026-10-07T16:00:00+00:00","velocidad_kmh":10.8,"racha_kmh":19.1,"direccion_grados":277.0,"direccion_cardinal":"O","hacia_grados":97.0,"antiguedad_min":41,"temperatura_c":16.6,"humedad_pct":88.0,"regla_30":false,"tipo_dato":"observación"}},{"type":"Feature","geometry":{"type":"Point","coordinates":[-2.331024,42.452342]},"properties":{"fuente":"AEMET","id":"9170","nombre":"LOGROÑO · AEROPUERTO","fecha_utc":"2026-10-07T16:00:00+00:00","velocidad_kmh":14.8,"racha_kmh":24.1,"direccion_grados":250.0,"direccion_cardinal":"OSO","hacia_grados":70.0,"antiguedad_min":41,"temperatura_c":17.3,"humedad_pct":87.0,"regla_30":false,"tipo_dato":"observación"}},{"type":"Feature","geometry":{"type":"Point","coordinates":[-2.183774,42.570417]},"properties":{"fuente":"AEMET","id":"9171K","nombre":"LOS ARCOS","fecha_utc":"2026-10-07T16:00:00+00:00","velocidad_kmh":4.3,"racha_kmh":18.7,"direccion_grados":279.0,"direccion_cardinal":"O","hacia_grados":99.0,"antiguedad_min":41,"temperatura_c":16.7,"humedad_pct":88.0,"regla_30":false,"tipo_dato":"observación"}},{"type":"Feature","geometry":{"type":"Point","coordinates":[-2.346127,42.670656]},"properties":{"fuente":"AEMET","id":"9178X","nombre":"CAMPEZO/KANPEZU","fecha_utc":"2026-10-07T16:00:00+00:00","velocidad_kmh":null,"racha_kmh":null,"direccion_grados":null,"direccion_cardinal":null,"hacia_grados":null,"antiguedad_min":41,"temperatura_c":15.2,"humedad_pct":92.0,"regla_30":null,"tipo_dato":"observación"}},{"type":"Feature","geometry":{"type":"Point","coordinates":[-2.273211,42.149501]},"properties":{"fuente":"AEMET","id":"9188","nombre":"ENCISO · DEPÓSITO","fecha_utc":"2026-10-07T16:00:00+00:00","velocidad_kmh":7.6,"racha_kmh":34.2,"direccion_grados":306.0,"direccion_cardinal":"NO","hacia_grados":126.0,"antiguedad_min":41,"temperatura_c":null,"humedad_pct":null,"regla_30":null,"tipo_dato":"observación"}},{"type":"Feature","geometry":{"type":"Point","coordinates":[-0.505278,42.793056]},"properties":{"fuente":"AEMET","id":"9195C","nombre":"ASTÚN - LA RACA","fecha_utc":"2026-10-07T16:00:00+00:00","velocidad_kmh":18.7,"racha_kmh":24.8,"direccion_grados":303.0,"direccion_cardinal":"ONO","hacia_grados":123.0,"antiguedad_min":41,"temperatura_c":4.4,"humedad_pct":97.0,"regla_30":false,"tipo_dato":"observación"}},{"type":"Feature","geometry":{"type":"Point","coordinates":[-0.51604,42.749527]},"properties":{"fuente":"AEMET","id":"9198X","nombre":"CANFRANC-ESTACIÓN","fecha_utc":"2026-10-07T16:00:00+00:00","velocidad_kmh":0.0,"racha_kmh":2.2,"direccion_grados":193.0,"direccion_cardinal":"SSO","hacia_grados":13.0,"antiguedad_min":41,"temperatura_c":12.0,"humedad_pct":97.0,"regla_30":false,"tipo_dato":"observación"}},{"type":"Feature","geometry":{"type":"Point","coordinates":[-0.545044,42.579753]},"properties":{"fuente":"AEMET","id":"9201X","nombre":"JACA","fecha_utc":"2026-10-07T16:00:00+00:00","velocidad_kmh":11.5,"racha_kmh":19.4,"direccion_grados":258.0,"direccion_cardinal":"OSO","hacia_grados":78.0,"antiguedad_min":41,"temperatura_c":14.8,"humedad_pct":91.0,"regla_30":false,"tipo_dato":"observación"}},{"type":"Feature","geometry":{"type":"Point","coordinates":[-0.750538,42.740661]},"properties":{"fuente":"AEMET","id":"9207","nombre":"VALLE DE HECHO · HECHO-DEPÓSITO","fecha_utc":"2026-10-07T16:00:00+00:00","velocidad_kmh":3.6,"racha_kmh":22.0,"direccion_grados":159.0,"direccion_cardinal":"SSE","hacia_grados":339.0,"antiguedad_min":41,"temperatura_c":14.8,"humedad_pct":83.0,"regla_30":false,"tipo_dato":"observación"}},{"type":"Feature","geometry":{"type":"Point","coordinates":[-0.672778,42.708611]},"properties":{"fuente":"AEMET","id":"9208E","nombre":"ARAGÜÉS DEL PUERTO · DEPÓSITO","fecha_utc":"2026-10-07T16:00:00+00:00","velocidad_kmh":3.6,"racha_kmh":19.1,"direccion_grados":277.0,"direccion_cardinal":"O","hacia_grados":97.0,"antiguedad_min":41,"temperatura_c":13.4,"humedad_pct":88.0,"regla_30":false,"tipo_dato":"observación"}},{"type":"Feature","geometry":{"type":"Point","coordinates":[-0.817243,42.514168]},"properties":{"fuente":"AEMET","id":"9211F","nombre":"BAILO PUYALTO","fecha_utc":"2026-10-07T16:00:00+00:00","velocidad_kmh":9.4,"racha_kmh":15.5,"direccion_grados":336.0,"direccion_cardinal":"NNO","hacia_grados":156.0,"antiguedad_min":41,"temperatura_c":16.4,"humedad_pct":81.0,"regla_30":false,"tipo_dato":"observación"}},{"type":"Feature","geometry":{"type":"Point","coordinates":[-0.924622,42.8625]},"properties":{"fuente":"AEMET","id":"9218A","nombre":"ISABA/IZABA","fecha_utc":"2026-10-07T16:00:00+00:00","velocidad_kmh":8.3,"racha_kmh":13.3,"direccion_grados":52.0,"direccion_cardinal":"NE","hacia_grados":232.0,"antiguedad_min":41,"temperatura_c":15.1,"humedad_pct":93.0,"regla_30":false,"tipo_dato":"observación"}},{"type":"Feature","geometry":{"type":"Point","coordinates":[-1.300216,42.89624]},"properties":{"fuente":"AEMET","id":"9228J","nombre":"OROZ-BETELU/OROTZ-BETELU · DEPÓSITO","fecha_utc":"2026-10-07T16:00:00+00:00","velocidad_kmh":7.9,"racha_kmh":13.0,"direccion_grados":226.0,"direccion_cardinal":"SO","hacia_grados":46.0,"antiguedad_min":41,"temperatura_c":15.9,"humedad_pct":86.0,"regla_30":false,"tipo_dato":"observación"}},{"type":"Feature","geometry":{"type":"Point","coordinates":[-1.325557,43.007878]},"properties":{"fuente":"AEMET","id":"9228T","nombre":"RONCESVALLES/ORREAGA","fecha_utc":"2026-10-07T16:00:00+00:00","velocidad_kmh":1.1,"racha_kmh":7.6,"direccion_grados":352.0,"direccion_cardinal":"N","hacia_grados":172.0,"antiguedad_min":41,"temperatura_c":13.6,"humedad_pct":96.0,"regla_30":false,"tipo_dato":"observación"}},{"type":"Feature","geometry":{"type":"Point","coordinates":[-1.117222,42.7175]},"properties":{"fuente":"AEMET","id":"9238X","nombre":"NAVASCUÉS/NABASKOZE","fecha_utc":"2026-10-07T16:00:00+00:00","velocidad_kmh":null,"racha_kmh":null,"direccion_grados":null,"direccion_cardinal":null,"hacia_grados":null,"antiguedad_min":41,"temperatura_c":17.4,"humedad_pct":78.0,"regla_30":null,"tipo_dato":"observación"}},{"type":"Feature","geometry":{"type":"Point","coordinates":[-1.213333,42.490833]},"properties":{"fuente":"AEMET","id":"9244X","nombre":"SOS DEL REY CATÓLICO","fecha_utc":"2026-10-07T16:00:00+00:00","velocidad_kmh":3.2,"racha_kmh":9.4,"direccion_grados":25.0,"direccion_cardinal":"NNE","hacia_grados":205.0,"antiguedad_min":41,"temperatura_c":16.7,"humedad_pct":83.0,"regla_30":false,"tipo_dato":"observación"}},{"type":"Feature","geometry":{"type":"Point","coordinates":[-1.366381,42.521388]},"properties":{"fuente":"AEMET","id":"9245X","nombre":"CÁSEDA · DEPÓSITO","fecha_utc":"2026-10-07T16:00:00+00:00","velocidad_kmh":1.1,"racha_kmh":5.0,"direccion_grados":35.0,"direccion_cardinal":"NE","hacia_grados":215.0,"antiguedad_min":41,"temperatura_c":18.7,"humedad_pct":79.0,"regla_30":false,"tipo_dato":"observación"}},{"type":"Feature","geometry":{"type":"Point","coordinates":[-1.655553,42.489168]},"properties":{"fuente":"AEMET","id":"9252X","nombre":"OLITE/ERRIBERRI","fecha_utc":"2026-10-07T16:00:00+00:00","velocidad_kmh":20.2,"racha_kmh":37.1,"direccion_grados":298.0,"direccion_cardinal":"ONO","hacia_grados":118.0,"antiguedad_min":41,"temperatura_c":19.3,"humedad_pct":67.0,"regla_30":false,"tipo_dato":"observación"}},{"type":"Feature","geometry":{"type":"Point","coordinates":[-1.516946,42.970555]},"properties":{"fuente":"AEMET","id":"9257X","nombre":"ESTERIBAR · EMBALSE DE EUGI","fecha_utc":"2026-10-07T16:00:00+00:00","velocidad_kmh":null,"racha_kmh":null,"direccion_grados":null,"direccion_cardinal":null,"hacia_grados":null,"antiguedad_min":41,"temperatura_c":14.8,"humedad_pct":98.0,"regla_30":null,"tipo_dato":"observación"}},{"type":"Feature","geometry":{"type":"Point","coordinates":[-1.49567,42.70125]},"properties":{"fuente":"AEMET","id":"9262P","nombre":"MONREAL/ELO · DEPÓSITO","fecha_utc":"2026-10-07T16:00:00+00:00","velocidad_kmh":8.6,"racha_kmh":12.2,"direccion_grados":160.0,"direccion_cardinal":"SSE","hacia_grados":340.0,"antiguedad_min":41,"temperatura_c":16.5,"humedad_pct":82.0,"regla_30":false,"tipo_dato":"observación"}},{"type":"Feature","geometry":{"type":"Point","coordinates":[-1.649869,42.776952]},"properties":{"fuente":"AEMET","id":"9263D","nombre":"PAMPLONA · AEROPUERTO","fecha_utc":"2026-10-07T16:00:00+00:00","velocidad_kmh":5.4,"racha_kmh":20.5,"direccion_grados":290.0,"direccion_cardinal":"ONO","hacia_grados":110.0,"antiguedad_min":41,"temperatura_c":17.4,"humedad_pct":84.0,"regla_30":false,"tipo_dato":"observación"}},{"type":"Feature","geometry":{"type":"Point","coordinates":[-1.532487,42.776102]},"properties":{"fuente":"AEMET","id":"9263X","nombre":"ARANGUREN · ILUNDAIN","fecha_utc":"2026-10-07T16:00:00+00:00","velocidad_kmh":2.2,"racha_kmh":12.2,"direccion_grados":339.0,"direccion_cardinal":"NNO","hacia_grados":159.0,"antiguedad_min":41,"temperatura_c":16.1,"humedad_pct":90.0,"regla_30":false,"tipo_dato":"observación"}},{"type":"Feature","geometry":{"type":"Point","coordinates":[-1.835118,42.918846]},"properties":{"fuente":"AEMET","id":"9274X","nombre":"IRURTZUN","fecha_utc":"2026-10-07T16:00:00+00:00","velocidad_kmh":0.0,"racha_kmh":6.5,"direccion_grados":227.0,"direccion_cardinal":"SO","hacia_grados":47.0,"antiguedad_min":41,"temperatura_c":17.5,"humedad_pct":86.0,"regla_30":false,"tipo_dato":"observación"}},{"type":"Feature","geometry":{"type":"Point","coordinates":[-1.857382,42.549445]},"properties":{"fuente":"AEMET","id":"9280B","nombre":"LARRAGA","fecha_utc":"2026-10-07T16:00:00+00:00","velocidad_kmh":3.6,"racha_kmh":39.2,"direccion_grados":227.0,"direccion_cardinal":"SO","hacia_grados":47.0,"antiguedad_min":41,"temperatura_c":17.1,"humedad_pct":85.0,"regla_30":false,"tipo_dato":"observación"}},{"type":"Feature","geometry":{"type":"Point","coordinates":[-2.230789,42.026458]},"properties":{"fuente":"AEMET","id":"9287A","nombre":"SAN PEDRO MANRIQUE","fecha_utc":"2026-10-07T15:00:00+00:00","velocidad_kmh":8.6,"racha_kmh":20.2,"direccion_grados":220.0,"direccion_cardinal":"SO","hacia_grados":40.0,"antiguedad_min":101,"temperatura_c":16.9,"humedad_pct":67.0,"regla_30":false,"tipo_dato":"observación"}},{"type":"Feature","geometry":{"type":"Point","coordinates":[-1.743811,42.176133]},"properties":{"fuente":"AEMET","id":"9293X","nombre":"ALFARO · LA PLANA - DEPÓSITO","fecha_utc":"2026-10-07T16:00:00+00:00","velocidad_kmh":25.6,"racha_kmh":46.1,"direccion_grados":338.0,"direccion_cardinal":"NNO","hacia_grados":158.0,"antiguedad_min":41,"temperatura_c":18.6,"humedad_pct":80.0,"regla_30":false,"tipo_dato":"observación"}},{"type":"Feature","geometry":{"type":"Point","coordinates":[-1.475169,42.198543]},"properties":{"fuente":"AEMET","id":"9294E","nombre":"BARDENAS REALES · BASE AÉREA","fecha_utc":"2026-10-07T16:00:00+00:00","velocidad_kmh":11.5,"racha_kmh":20.5,"direccion_grados":343.0,"direccion_cardinal":"NNO","hacia_grados":163.0,"antiguedad_min":41,"temperatura_c":20.9,"humedad_pct":62.0,"regla_30":false,"tipo_dato":"observación"}},{"type":"Feature","geometry":{"type":"Point","coordinates":[-1.723337,41.914866]},"properties":{"fuente":"AEMET","id":"9299X","nombre":"TARAZONA","fecha_utc":"2026-10-07T16:00:00+00:00","velocidad_kmh":4.7,"racha_kmh":15.5,"direccion_grados":6.0,"direccion_cardinal":"N","hacia_grados":186.0,"antiguedad_min":41,"temperatura_c":19.1,"humedad_pct":70.0,"regla_30":false,"tipo_dato":"observación"}},{"type":"Feature","geometry":{"type":"Point","coordinates":[-1.690554,41.95889]},"properties":{"fuente":"AEMET","id":"9301X","nombre":"MONTEAGUDO","fecha_utc":"2026-10-07T16:00:00+00:00","velocidad_kmh":null,"racha_kmh":null,"direccion_grados":null,"direccion_cardinal":null,"hacia_grados":null,"antiguedad_min":41,"temperatura_c":20.3,"humedad_pct":65.0,"regla_30":null,"tipo_dato":"observación"}},{"type":"Feature","geometry":{"type":"Point","coordinates":[-1.609444,42.055556]},"properties":{"fuente":"AEMET","id":"9302Y","nombre":"TUDELA","fecha_utc":"2026-10-07T16:00:00+00:00","velocidad_kmh":4.7,"racha_kmh":11.2,"direccion_grados":17.0,"direccion_cardinal":"NNE","hacia_grados":197.0,"antiguedad_min":41,"temperatura_c":21.5,"humedad_pct":61.0,"regla_30":false,"tipo_dato":"observación"}},{"type":"Feature","geometry":{"type":"Point","coordinates":[-1.5416,41.842]},"properties":{"fuente":"AEMET","id":"9311X","nombre":"BORJA · LOS LLANOS","fecha_utc":"2026-10-07T16:00:00+00:00","velocidad_kmh":6.8,"racha_kmh":11.5,"direccion_grados":66.0,"direccion_cardinal":"ENE","hacia_grados":246.0,"antiguedad_min":41,"temperatura_c":18.4,"humedad_pct":72.0,"regla_30":false,"tipo_dato":"observación"}},{"type":"Feature","geometry":{"type":"Point","coordinates":[-1.132315,42.134424]},"properties":{"fuente":"AEMET","id":"9321Y","nombre":"EJEA DE LOS CABALLEROS · ERAS ALTAS","fecha_utc":"2026-10-07T16:00:00+00:00","velocidad_kmh":8.3,"racha_kmh":17.3,"direccion_grados":351.0,"direccion_cardinal":"N","hacia_grados":171.0,"antiguedad_min":41,"temperatura_c":20.0,"humedad_pct":71.0,"regla_30":false,"tipo_dato":"observación"}},{"type":"Feature","geometry":{"type":"Point","coordinates":[-0.995737,41.984173]},"properties":{"fuente":"AEMET","id":"9336D","nombre":"CASTEJÓN DE VALDEJASA · DEPÓSITO","fecha_utc":"2026-10-07T16:00:00+00:00","velocidad_kmh":17.3,"racha_kmh":25.6,"direccion_grados":285.0,"direccion_cardinal":"ONO","hacia_grados":105.0,"antiguedad_min":41,"temperatura_c":19.2,"humedad_pct":64.0,"regla_30":false,"tipo_dato":"observación"}},{"type":"Feature","geometry":{"type":"Point","coordinates":[-2.140382,41.574635]},"properties":{"fuente":"AEMET","id":"9352A","nombre":"ALMAZUL","fecha_utc":"2026-10-07T13:00:00+00:00","velocidad_kmh":11.2,"racha_kmh":31.7,"direccion_grados":346.0,"direccion_cardinal":"NNO","hacia_grados":166.0,"antiguedad_min":221,"temperatura_c":14.5,"humedad_pct":82.0,"regla_30":false,"tipo_dato":"observación"}},{"type":"Feature","geometry":{"type":"Point","coordinates":[-1.895265,41.292998]},"properties":{"fuente":"AEMET","id":"9354X","nombre":"ALHAMA DE ARAGÓN · DEPÓSITO","fecha_utc":"2026-10-07T16:00:00+00:00","velocidad_kmh":null,"racha_kmh":null,"direccion_grados":null,"direccion_cardinal":null,"hacia_grados":null,"antiguedad_min":41,"temperatura_c":20.7,"humedad_pct":49.0,"regla_30":null,"tipo_dato":"observación"}},{"type":"Feature","geometry":{"type":"Point","coordinates":[-1.320827,40.566671]},"properties":{"fuente":"AEMET","id":"9374X","nombre":"SANTA EULALIA · DEL CAMPO","fecha_utc":"2026-10-07T16:00:00+00:00","velocidad_kmh":16.6,"racha_kmh":35.6,"direccion_grados":345.0,"direccion_cardinal":"NNO","hacia_grados":165.0,"antiguedad_min":41,"temperatura_c":17.2,"humedad_pct":60.0,"regla_30":false,"tipo_dato":"observación"}},{"type":"Feature","geometry":{"type":"Point","coordinates":[-1.568336,40.778609]},"properties":{"fuente":"AEMET","id":"9377Y","nombre":"EL PEDREGAL","fecha_utc":"2026-10-07T16:00:00+00:00","velocidad_kmh":10.8,"racha_kmh":34.6,"direccion_grados":268.0,"direccion_cardinal":"O","hacia_grados":88.0,"antiguedad_min":41,"temperatura_c":13.7,"humedad_pct":73.0,"regla_30":false,"tipo_dato":"observación"}},{"type":"Feature","geometry":{"type":"Point","coordinates":[-1.293327,40.926112]},"properties":{"fuente":"AEMET","id":"9381I","nombre":"CALAMOCHA","fecha_utc":"2026-10-07T16:00:00+00:00","velocidad_kmh":11.2,"racha_kmh":26.3,"direccion_grados":307.0,"direccion_cardinal":"NO","hacia_grados":127.0,"antiguedad_min":41,"temperatura_c":19.8,"humedad_pct":53.0,"regla_30":false,"tipo_dato":"observación"}},{"type":"Feature","geometry":{"type":"Point","coordinates":[-1.41,41.114444]},"properties":{"fuente":"AEMET","id":"9390","nombre":"DAROCA","fecha_utc":"2026-10-07T16:00:00+00:00","velocidad_kmh":5.0,"racha_kmh":14.0,"direccion_grados":243.0,"direccion_cardinal":"OSO","hacia_grados":63.0,"antiguedad_min":41,"temperatura_c":18.7,"humedad_pct":63.0,"regla_30":false,"tipo_dato":"observación"}},{"type":"Feature","geometry":{"type":"Point","coordinates":[-1.645297,41.331041]},"properties":{"fuente":"AEMET","id":"9394X","nombre":"CALATAYUD · DEPÓSITO","fecha_utc":"2026-10-07T16:00:00+00:00","velocidad_kmh":12.6,"racha_kmh":25.9,"direccion_grados":260.0,"direccion_cardinal":"O","hacia_grados":80.0,"antiguedad_min":41,"temperatura_c":20.1,"humedad_pct":60.0,"regla_30":false,"tipo_dato":"observación"}},{"type":"Feature","geometry":{"type":"Point","coordinates":[-1.380829,41.481115]},"properties":{"fuente":"AEMET","id":"9427X","nombre":"LA ALMUNIA DE DOÑA GODINA","fecha_utc":"2026-10-07T16:00:00+00:00","velocidad_kmh":5.8,"racha_kmh":13.0,"direccion_grados":279.0,"direccion_cardinal":"O","hacia_grados":99.0,"antiguedad_min":41,"temperatura_c":19.6,"humedad_pct":68.0,"regla_30":false,"tipo_dato":"observación"}},{"type":"Feature","geometry":{"type":"Point","coordinates":[-1.004167,41.660556]},"properties":{"fuente":"AEMET","id":"9434","nombre":"ZARAGOZA · AEROPUERTO","fecha_utc":"2026-10-07T16:00:00+00:00","velocidad_kmh":13.0,"racha_kmh":20.5,"direccion_grados":261.0,"direccion_cardinal":"O","hacia_grados":81.0,"antiguedad_min":41,"temperatura_c":20.4,"humedad_pct":64.0,"regla_30":false,"tipo_dato":"observación"}},{"type":"Feature","geometry":{"type":"Point","coordinates":[-0.934722,41.621111]},"properties":{"fuente":"AEMET","id":"9434P","nombre":"ZARAGOZA · VALDESPARTERA","fecha_utc":"2026-10-07T16:00:00+00:00","velocidad_kmh":9.4,"racha_kmh":15.8,"direccion_grados":287.0,"direccion_cardinal":"ONO","hacia_grados":107.0,"antiguedad_min":41,"temperatura_c":20.6,"humedad_pct":59.0,"regla_30":false,"tipo_dato":"observación"}},{"type":"Feature","geometry":{"type":"Point","coordinates":[-1.087365,40.995371]},"properties":{"fuente":"AEMET","id":"9436X","nombre":"FONFRÍA","fecha_utc":"2026-10-07T16:00:00+00:00","velocidad_kmh":18.0,"racha_kmh":27.4,"direccion_grados":311.0,"direccion_cardinal":"NO","hacia_grados":131.0,"antiguedad_min":41,"temperatura_c":14.8,"humedad_pct":67.0,"regla_30":false,"tipo_dato":"observación"}},{"type":"Feature","geometry":{"type":"Point","coordinates":[-0.392704,42.762405]},"properties":{"fuente":"AEMET","id":"9445L","nombre":"FORMIGAL · SARRIOS","fecha_utc":"2026-10-07T16:00:00+00:00","velocidad_kmh":4.7,"racha_kmh":16.9,"direccion_grados":235.0,"direccion_cardinal":"SO","hacia_grados":55.0,"antiguedad_min":41,"temperatura_c":9.1,"humedad_pct":81.0,"regla_30":false,"tipo_dato":"observación"}},{"type":"Feature","geometry":{"type":"Point","coordinates":[-0.275278,42.704444]},"properties":{"fuente":"AEMET","id":"9451F","nombre":"PANTICOSA · PETROSOS","fecha_utc":"2026-10-07T16:00:00+00:00","velocidad_kmh":2.9,"racha_kmh":7.6,"direccion_grados":215.0,"direccion_cardinal":"SO","hacia_grados":35.0,"antiguedad_min":41,"temperatura_c":7.7,"humedad_pct":94.0,"regla_30":false,"tipo_dato":"observación"}},{"type":"Feature","geometry":{"type":"Point","coordinates":[-0.319003,42.699238]},"properties":{"fuente":"AEMET","id":"9453X","nombre":"BIESCAS · EMBALSE DE BÚBAL","fecha_utc":"2026-10-07T16:00:00+00:00","velocidad_kmh":0.7,"racha_kmh":7.2,"direccion_grados":296.0,"direccion_cardinal":"ONO","hacia_grados":116.0,"antiguedad_min":41,"temperatura_c":13.3,"humedad_pct":92.0,"regla_30":false,"tipo_dato":"observación"}},{"type":"Feature","geometry":{"type":"Point","coordinates":[-0.35556,42.512778]},"properties":{"fuente":"AEMET","id":"9460X","nombre":"SABIÑÁNIGO","fecha_utc":"2026-10-07T16:00:00+00:00","velocidad_kmh":2.9,"racha_kmh":10.1,"direccion_grados":179.0,"direccion_cardinal":"S","hacia_grados":359.0,"antiguedad_min":41,"temperatura_c":15.5,"humedad_pct":81.0,"regla_30":false,"tipo_dato":"observación"}},{"type":"Feature","geometry":{"type":"Point","coordinates":[-0.585964,42.029356]},"properties":{"fuente":"AEMET","id":"9491X","nombre":"ALMUDÉVAR","fecha_utc":"2026-10-07T16:00:00+00:00","velocidad_kmh":10.4,"racha_kmh":29.9,"direccion_grados":286.0,"direccion_cardinal":"ONO","hacia_grados":106.0,"antiguedad_min":41,"temperatura_c":20.5,"humedad_pct":62.0,"regla_30":false,"tipo_dato":"observación"}},{"type":"Feature","geometry":{"type":"Point","coordinates":[-0.617331,41.796793]},"properties":{"fuente":"AEMET","id":"9495Y","nombre":"LECIÑENA","fecha_utc":"2026-10-07T16:00:00+00:00","velocidad_kmh":13.7,"racha_kmh":31.0,"direccion_grados":276.0,"direccion_cardinal":"O","hacia_grados":96.0,"antiguedad_min":41,"temperatura_c":21.8,"humedad_pct":60.0,"regla_30":false,"tipo_dato":"observación"}},{"type":"Feature","geometry":{"type":"Point","coordinates":[-0.885947,41.443134]},"properties":{"fuente":"AEMET","id":"9501X","nombre":"VALMADRID","fecha_utc":"2026-10-07T16:00:00+00:00","velocidad_kmh":16.2,"racha_kmh":25.2,"direccion_grados":307.0,"direccion_cardinal":"NO","hacia_grados":127.0,"antiguedad_min":41,"temperatura_c":19.6,"humedad_pct":54.0,"regla_30":false,"tipo_dato":"observación"}},{"type":"Feature","geometry":{"type":"Point","coordinates":[-0.503955,41.429172]},"properties":{"fuente":"AEMET","id":"9510X","nombre":"QUINTO","fecha_utc":"2026-10-07T16:00:00+00:00","velocidad_kmh":20.9,"racha_kmh":33.5,"direccion_grados":329.0,"direccion_cardinal":"NNO","hacia_grados":149.0,"antiguedad_min":41,"temperatura_c":20.9,"humedad_pct":57.0,"regla_30":false,"tipo_dato":"observación"}},{"type":"Feature","geometry":{"type":"Point","coordinates":[-0.805655,41.031217]},"properties":{"fuente":"AEMET","id":"9513X","nombre":"MUNIESA","fecha_utc":"2026-10-07T16:00:00+00:00","velocidad_kmh":14.4,"racha_kmh":25.2,"direccion_grados":315.0,"direccion_cardinal":"NO","hacia_grados":135.0,"antiguedad_min":41,"temperatura_c":19.3,"humedad_pct":61.0,"regla_30":false,"tipo_dato":"observación"}},{"type":"Feature","geometry":{"type":"Point","coordinates":[-0.792778,40.828611]},"properties":{"fuente":"AEMET","id":"9531Y","nombre":"MONTALBÁN","fecha_utc":"2026-10-07T16:00:00+00:00","velocidad_kmh":7.6,"racha_kmh":24.8,"direccion_grados":294.0,"direccion_cardinal":"ONO","hacia_grados":114.0,"antiguedad_min":41,"temperatura_c":20.6,"humedad_pct":48.0,"regla_30":false,"tipo_dato":"observación"}},{"type":"Feature","geometry":{"type":"Point","coordinates":[-0.441907,41.171966]},"properties":{"fuente":"AEMET","id":"9546B","nombre":"HÍJAR · DEPÓSITO","fecha_utc":"2026-10-07T16:00:00+00:00","velocidad_kmh":4.3,"racha_kmh":24.5,"direccion_grados":322.0,"direccion_cardinal":"NO","hacia_grados":142.0,"antiguedad_min":41,"temperatura_c":23.7,"humedad_pct":49.0,"regla_30":false,"tipo_dato":"observación"}},{"type":"Feature","geometry":{"type":"Point","coordinates":[-0.407693,40.974356]},"properties":{"fuente":"AEMET","id":"9550C","nombre":"ANDORRA · HORCALLANA","fecha_utc":"2026-10-07T16:00:00+00:00","velocidad_kmh":8.6,"racha_kmh":38.5,"direccion_grados":339.0,"direccion_cardinal":"NNO","hacia_grados":159.0,"antiguedad_min":41,"temperatura_c":19.3,"humedad_pct":70.0,"regla_30":false,"tipo_dato":"observación"}},{"type":"Feature","geometry":{"type":"Point","coordinates":[-0.315396,40.798426]},"properties":{"fuente":"AEMET","id":"9561X","nombre":"CASTELLOTE · DEPÓSITO","fecha_utc":"2026-10-07T16:00:00+00:00","velocidad_kmh":12.6,"racha_kmh":37.8,"direccion_grados":245.0,"direccion_cardinal":"OSO","hacia_grados":65.0,"antiguedad_min":41,"temperatura_c":21.1,"humedad_pct":51.0,"regla_30":false,"tipo_dato":"observación"}},{"type":"Feature","geometry":{"type":"Point","coordinates":[-0.101819,40.621663]},"properties":{"fuente":"AEMET","id":"9562X","nombre":"MORELLA - PASEO ALAMEDA","fecha_utc":"2026-10-07T16:00:00+00:00","velocidad_kmh":11.9,"racha_kmh":36.0,"direccion_grados":332.0,"direccion_cardinal":"NNO","hacia_grados":152.0,"antiguedad_min":41,"temperatura_c":18.3,"humedad_pct":60.0,"regla_30":false,"tipo_dato":"observación"}},{"type":"Feature","geometry":{"type":"Point","coordinates":[-0.186663,40.498608]},"properties":{"fuente":"AEMET","id":"9563X","nombre":"CASTELLFORT","fecha_utc":"2026-10-07T16:00:00+00:00","velocidad_kmh":9.7,"racha_kmh":25.2,"direccion_grados":339.0,"direccion_cardinal":"NNO","hacia_grados":159.0,"antiguedad_min":41,"temperatura_c":16.7,"humedad_pct":56.0,"regla_30":false,"tipo_dato":"observación"}},{"type":"Feature","geometry":{"type":"Point","coordinates":[-0.237653,40.946555]},"properties":{"fuente":"AEMET","id":"9569A","nombre":"CALANDA","fecha_utc":"2026-10-07T16:00:00+00:00","velocidad_kmh":7.2,"racha_kmh":32.0,"direccion_grados":314.0,"direccion_cardinal":"NO","hacia_grados":134.0,"antiguedad_min":41,"temperatura_c":20.4,"humedad_pct":62.0,"regla_30":false,"tipo_dato":"observación"}},{"type":"Feature","geometry":{"type":"Point","coordinates":[-0.141596,41.058038]},"properties":{"fuente":"AEMET","id":"9573X","nombre":"ALCAÑIZ","fecha_utc":"2026-10-07T16:00:00+00:00","velocidad_kmh":5.0,"racha_kmh":28.4,"direccion_grados":202.0,"direccion_cardinal":"SSO","hacia_grados":22.0,"antiguedad_min":41,"temperatura_c":22.6,"humedad_pct":58.0,"regla_30":false,"tipo_dato":"observación"}},{"type":"Feature","geometry":{"type":"Point","coordinates":[-0.068611,41.2425]},"properties":{"fuente":"AEMET","id":"9574B","nombre":"CASPE · PLANA DEL PILÓN","fecha_utc":"2026-10-07T16:00:00+00:00","velocidad_kmh":22.3,"racha_kmh":36.4,"direccion_grados":308.0,"direccion_cardinal":"NO","hacia_grados":128.0,"antiguedad_min":41,"temperatura_c":23.4,"humedad_pct":45.0,"regla_30":false,"tipo_dato":"observación"}},{"type":"Feature","geometry":{"type":"Point","coordinates":[1.939446,42.332502]},"properties":{"fuente":"AEMET","id":"9585","nombre":"LA MOLINA","fecha_utc":"2026-10-07T16:00:00+00:00","velocidad_kmh":4.7,"racha_kmh":21.6,"direccion_grados":315.0,"direccion_cardinal":"NO","hacia_grados":135.0,"antiguedad_min":41,"temperatura_c":11.7,"humedad_pct":76.0,"regla_30":false,"tipo_dato":"observación"}},{"type":"Feature","geometry":{"type":"Point","coordinates":[1.693256,42.362116]},"properties":{"fuente":"AEMET","id":"9590","nombre":"MARTINET","fecha_utc":"2026-10-07T16:00:00+00:00","velocidad_kmh":4.7,"racha_kmh":18.4,"direccion_grados":246.0,"direccion_cardinal":"OSO","hacia_grados":66.0,"antiguedad_min":41,"temperatura_c":15.8,"humedad_pct":76.0,"regla_30":false,"tipo_dato":"observación"}},{"type":"Feature","geometry":{"type":"Point","coordinates":[1.6675,42.430278]},"properties":{"fuente":"AEMET","id":"9590D","nombre":"CAP DE REC","fecha_utc":"2026-10-07T16:00:00+00:00","velocidad_kmh":4.7,"racha_kmh":14.8,"direccion_grados":226.0,"direccion_cardinal":"SO","hacia_grados":46.0,"antiguedad_min":41,"temperatura_c":8.8,"humedad_pct":90.0,"regla_30":false,"tipo_dato":"observación"}},{"type":"Feature","geometry":{"type":"Point","coordinates":[1.404289,42.339606]},"properties":{"fuente":"AEMET","id":"9622X","nombre":"LA SEU D'URGELL · AEROPORT","fecha_utc":"2026-10-07T16:00:00+00:00","velocidad_kmh":7.6,"racha_kmh":23.0,"direccion_grados":273.0,"direccion_cardinal":"O","hacia_grados":93.0,"antiguedad_min":41,"temperatura_c":18.7,"humedad_pct":71.0,"regla_30":false,"tipo_dato":"observación"}},{"type":"Feature","geometry":{"type":"Point","coordinates":[1.569443,42.230275]},"properties":{"fuente":"AEMET","id":"9632X","nombre":"TUIXENT","fecha_utc":"2026-10-07T15:00:00+00:00","velocidad_kmh":11.5,"racha_kmh":23.4,"direccion_grados":360.0,"direccion_cardinal":"N","hacia_grados":180.0,"antiguedad_min":101,"temperatura_c":13.7,"humedad_pct":76.0,"regla_30":false,"tipo_dato":"observación"}},{"type":"Feature","geometry":{"type":"Point","coordinates":[1.311946,42.154449]},"properties":{"fuente":"AEMET","id":"9638D","nombre":"COLL DE NARGÓ","fecha_utc":"2026-10-07T12:00:00+00:00","velocidad_kmh":28.4,"racha_kmh":38.9,"direccion_grados":164.0,"direccion_cardinal":"SSE","hacia_grados":344.0,"antiguedad_min":281,"temperatura_c":22.1,"humedad_pct":68.0,"regla_30":false,"tipo_dato":"observación"}},{"type":"Feature","geometry":{"type":"Point","coordinates":[1.395552,41.805836]},"properties":{"fuente":"AEMET","id":"9647X","nombre":"TORÀ","fecha_utc":"2026-10-07T12:00:00+00:00","velocidad_kmh":null,"racha_kmh":null,"direccion_grados":null,"direccion_cardinal":null,"hacia_grados":null,"antiguedad_min":281,"temperatura_c":20.2,"humedad_pct":73.0,"regla_30":null,"tipo_dato":"observación"}},{"type":"Feature","geometry":{"type":"Point","coordinates":[1.108615,41.881389]},"properties":{"fuente":"AEMET","id":"9650X","nombre":"ARTESA DE SEGRE","fecha_utc":"2026-10-07T15:00:00+00:00","velocidad_kmh":null,"racha_kmh":null,"direccion_grados":null,"direccion_cardinal":null,"hacia_grados":null,"antiguedad_min":101,"temperatura_c":23.3,"humedad_pct":47.0,"regla_30":null,"tipo_dato":"observación"}},{"type":"Feature","geometry":{"type":"Point","coordinates":[1.126203,42.62511]},"properties":{"fuente":"AEMET","id":"9657X","nombre":"ESTERRI D?ANEU","fecha_utc":"2026-10-07T12:00:00+00:00","velocidad_kmh":2.5,"racha_kmh":7.9,"direccion_grados":126.0,"direccion_cardinal":"SE","hacia_grados":306.0,"antiguedad_min":281,"temperatura_c":17.3,"humedad_pct":73.0,"regla_30":false,"tipo_dato":"observación"}},{"type":"Feature","geometry":{"type":"Point","coordinates":[1.214647,42.410009]},"properties":{"fuente":"AEMET","id":"9677","nombre":"PORT AINE · L?ORRI","fecha_utc":"2026-10-07T16:00:00+00:00","velocidad_kmh":25.9,"racha_kmh":40.0,"direccion_grados":246.0,"direccion_cardinal":"OSO","hacia_grados":66.0,"antiguedad_min":41,"temperatura_c":4.9,"humedad_pct":null,"regla_30":null,"tipo_dato":"observación"}},{"type":"Feature","geometry":{"type":"Point","coordinates":[0.990837,42.466384]},"properties":{"fuente":"AEMET","id":"9689X","nombre":"CABDELLA-CENTRAL","fecha_utc":"2026-10-07T16:00:00+00:00","velocidad_kmh":null,"racha_kmh":null,"direccion_grados":null,"direccion_cardinal":null,"hacia_grados":null,"antiguedad_min":41,"temperatura_c":13.3,"humedad_pct":93.0,"regla_30":null,"tipo_dato":"observación"}},{"type":"Feature","geometry":{"type":"Point","coordinates":[0.864722,42.204722]},"properties":{"fuente":"AEMET","id":"9698U","nombre":"TALARN","fecha_utc":"2026-10-07T16:00:00+00:00","velocidad_kmh":9.7,"racha_kmh":21.6,"direccion_grados":267.0,"direccion_cardinal":"O","hacia_grados":87.0,"antiguedad_min":41,"temperatura_c":19.1,"humedad_pct":63.0,"regla_30":false,"tipo_dato":"observación"}},{"type":"Feature","geometry":{"type":"Point","coordinates":[0.907217,42.066942]},"properties":{"fuente":"AEMET","id":"9707","nombre":"LLIMIANA","fecha_utc":"2026-10-07T15:00:00+00:00","velocidad_kmh":9.7,"racha_kmh":15.5,"direccion_grados":107.0,"direccion_cardinal":"ESE","hacia_grados":287.0,"antiguedad_min":101,"temperatura_c":18.4,"humedad_pct":75.0,"regla_30":false,"tipo_dato":"observación"}},{"type":"Feature","geometry":{"type":"Point","coordinates":[1.223051,41.681109]},"properties":{"fuente":"AEMET","id":"9718X","nombre":"TORDERA - GRANYANELLA","fecha_utc":"2026-10-07T15:00:00+00:00","velocidad_kmh":20.5,"racha_kmh":33.5,"direccion_grados":263.0,"direccion_cardinal":"O","hacia_grados":83.0,"antiguedad_min":101,"temperatura_c":22.5,"humedad_pct":61.0,"regla_30":false,"tipo_dato":"observación"}},{"type":"Feature","geometry":{"type":"Point","coordinates":[0.756111,41.873334]},"properties":{"fuente":"AEMET","id":"9724X","nombre":"OS DE BALAGUER","fecha_utc":"2026-10-07T16:00:00+00:00","velocidad_kmh":12.6,"racha_kmh":36.7,"direccion_grados":259.0,"direccion_cardinal":"O","hacia_grados":79.0,"antiguedad_min":41,"temperatura_c":22.3,"humedad_pct":50.0,"regla_30":false,"tipo_dato":"observación"}},{"type":"Feature","geometry":{"type":"Point","coordinates":[1.309439,41.557221]},"properties":{"fuente":"AEMET","id":"9726E","nombre":"LLORAC","fecha_utc":"2026-10-07T16:00:00+00:00","velocidad_kmh":19.4,"racha_kmh":37.8,"direccion_grados":295.0,"direccion_cardinal":"ONO","hacia_grados":115.0,"antiguedad_min":41,"temperatura_c":19.9,"humedad_pct":61.0,"regla_30":false,"tipo_dato":"observación"}},{"type":"Feature","geometry":{"type":"Point","coordinates":[0.866659,41.616943]},"properties":{"fuente":"AEMET","id":"9729X","nombre":"MOLLERUSSA","fecha_utc":"2026-10-07T15:00:00+00:00","velocidad_kmh":11.5,"racha_kmh":28.4,"direccion_grados":281.0,"direccion_cardinal":"O","hacia_grados":101.0,"antiguedad_min":101,"temperatura_c":24.9,"humedad_pct":55.0,"regla_30":false,"tipo_dato":"observación"}},{"type":"Feature","geometry":{"type":"Point","coordinates":[0.798893,42.503332]},"properties":{"fuente":"AEMET","id":"9744B","nombre":"BARRUERA","fecha_utc":"2026-10-07T15:00:00+00:00","velocidad_kmh":10.4,"racha_kmh":18.4,"direccion_grados":250.0,"direccion_cardinal":"OSO","hacia_grados":70.0,"antiguedad_min":101,"temperatura_c":16.7,"humedad_pct":68.0,"regla_30":false,"tipo_dato":"observación"}},{"type":"Feature","geometry":{"type":"Point","coordinates":[0.746943,42.318612]},"properties":{"fuente":"AEMET","id":"9751","nombre":"SOPEIRA","fecha_utc":"2026-10-07T16:00:00+00:00","velocidad_kmh":6.5,"racha_kmh":15.5,"direccion_grados":174.0,"direccion_cardinal":"S","hacia_grados":354.0,"antiguedad_min":41,"temperatura_c":18.0,"humedad_pct":69.0,"regla_30":false,"tipo_dato":"observación"}},{"type":"Feature","geometry":{"type":"Point","coordinates":[0.479998,42.112498]},"properties":{"fuente":"AEMET","id":"9756X","nombre":"BENABARRE","fecha_utc":"2026-10-07T16:00:00+00:00","velocidad_kmh":8.6,"racha_kmh":14.4,"direccion_grados":278.0,"direccion_cardinal":"O","hacia_grados":98.0,"antiguedad_min":41,"temperatura_c":17.6,"humedad_pct":81.0,"regla_30":false,"tipo_dato":"observación"}},{"type":"Feature","geometry":{"type":"Point","coordinates":[0.598058,41.626108]},"properties":{"fuente":"AEMET","id":"9771C","nombre":"LLEIDA","fecha_utc":"2026-10-07T16:00:00+00:00","velocidad_kmh":15.5,"racha_kmh":35.6,"direccion_grados":280.0,"direccion_cardinal":"O","hacia_grados":100.0,"antiguedad_min":41,"temperatura_c":24.2,"humedad_pct":51.0,"regla_30":false,"tipo_dato":"observación"}},{"type":"Feature","geometry":{"type":"Point","coordinates":[0.913608,41.366114]},"properties":{"fuente":"AEMET","id":"9772X","nombre":"LA POBLA DE CERVOLES","fecha_utc":"2026-10-07T16:00:00+00:00","velocidad_kmh":null,"racha_kmh":null,"direccion_grados":null,"direccion_cardinal":null,"hacia_grados":null,"antiguedad_min":41,"temperatura_c":21.0,"humedad_pct":55.0,"regla_30":null,"tipo_dato":"observación"}},{"type":"Feature","geometry":{"type":"Point","coordinates":[0.67833,41.413609]},"properties":{"fuente":"AEMET","id":"9775X","nombre":"EL SOLERÀS","fecha_utc":"2026-10-07T13:00:00+00:00","velocidad_kmh":null,"racha_kmh":null,"direccion_grados":null,"direccion_cardinal":null,"hacia_grados":null,"antiguedad_min":221,"temperatura_c":24.5,"humedad_pct":56.0,"regla_30":null,"tipo_dato":"observación"}},{"type":"Feature","geometry":{"type":"Point","coordinates":[0.734722,41.393889]},"properties":{"fuente":"AEMET","id":"9776D","nombre":"EVC_ELS TORMS","fecha_utc":"2026-10-07T16:00:00+00:00","velocidad_kmh":16.6,"racha_kmh":35.6,"direccion_grados":300.0,"direccion_cardinal":"ONO","hacia_grados":120.0,"antiguedad_min":41,"temperatura_c":22.6,"humedad_pct":54.0,"regla_30":false,"tipo_dato":"observación"}},{"type":"Feature","geometry":{"type":"Point","coordinates":[0.224707,42.629967]},"properties":{"fuente":"AEMET","id":"9784P","nombre":"BIELSA","fecha_utc":"2026-10-07T16:00:00+00:00","velocidad_kmh":2.2,"racha_kmh":10.1,"direccion_grados":142.0,"direccion_cardinal":"SE","hacia_grados":322.0,"antiguedad_min":41,"temperatura_c":13.4,"humedad_pct":93.0,"regla_30":false,"tipo_dato":"observación"}},{"type":"Feature","geometry":{"type":"Point","coordinates":[0.138052,42.421667]},"properties":{"fuente":"AEMET","id":"9808X","nombre":"AÍNSA-SOBRARBE · LA SERRETA-DEPÓSITO","fecha_utc":"2026-10-07T16:00:00+00:00","velocidad_kmh":7.6,"racha_kmh":16.6,"direccion_grados":124.0,"direccion_cardinal":"SE","hacia_grados":304.0,"antiguedad_min":41,"temperatura_c":18.0,"humedad_pct":80.0,"regla_30":false,"tipo_dato":"observación"}},{"type":"Feature","geometry":{"type":"Point","coordinates":[-0.099133,42.655344]},"properties":{"fuente":"AEMET","id":"9812M","nombre":"PARADOR ORDESA-PARQUE NACIONAL ORDESA Y MONTEPERDIDO","fecha_utc":"2026-10-07T16:00:00+00:00","velocidad_kmh":1.8,"racha_kmh":8.6,"direccion_grados":279.0,"direccion_cardinal":"O","hacia_grados":99.0,"antiguedad_min":41,"temperatura_c":12.8,"humedad_pct":86.0,"regla_30":false,"tipo_dato":"observación"}},{"type":"Feature","geometry":{"type":"Point","coordinates":[-0.124444,42.656111]},"properties":{"fuente":"AEMET","id":"9814I","nombre":"TORLA-ORDESA · EL CEBOLLAR","fecha_utc":"2026-10-07T16:00:00+00:00","velocidad_kmh":0.0,"racha_kmh":10.8,"direccion_grados":0.0,"direccion_cardinal":"N","hacia_grados":180.0,"antiguedad_min":41,"temperatura_c":7.6,"humedad_pct":null,"regla_30":null,"tipo_dato":"observación"}},{"type":"Feature","geometry":{"type":"Point","coordinates":[-0.111944,42.637589]},"properties":{"fuente":"AEMET","id":"9814X","nombre":"TORLA-ORDESA · DEPÓSITO","fecha_utc":"2026-10-07T16:00:00+00:00","velocidad_kmh":2.5,"racha_kmh":13.0,"direccion_grados":131.0,"direccion_cardinal":"SE","hacia_grados":311.0,"antiguedad_min":41,"temperatura_c":null,"humedad_pct":89.0,"regla_30":null,"tipo_dato":"observación"}},{"type":"Feature","geometry":{"type":"Point","coordinates":[0.520556,42.599444]},"properties":{"fuente":"AEMET","id":"9838B","nombre":"BENASQUE","fecha_utc":"2026-10-07T16:00:00+00:00","velocidad_kmh":2.2,"racha_kmh":5.8,"direccion_grados":110.0,"direccion_cardinal":"ESE","hacia_grados":290.0,"antiguedad_min":41,"temperatura_c":14.3,"humedad_pct":86.0,"regla_30":false,"tipo_dato":"observación"}},{"type":"Feature","geometry":{"type":"Point","coordinates":[0.543056,42.555]},"properties":{"fuente":"AEMET","id":"9839V","nombre":"CERLER · COGULLA","fecha_utc":"2026-10-07T16:00:00+00:00","velocidad_kmh":2.9,"racha_kmh":22.0,"direccion_grados":91.0,"direccion_cardinal":"E","hacia_grados":271.0,"antiguedad_min":41,"temperatura_c":5.0,"humedad_pct":100.0,"regla_30":false,"tipo_dato":"observación"}},{"type":"Feature","geometry":{"type":"Point","coordinates":[0.434167,42.476948]},"properties":{"fuente":"AEMET","id":"9843A","nombre":"SEIRA","fecha_utc":"2026-10-07T16:00:00+00:00","velocidad_kmh":2.9,"racha_kmh":17.6,"direccion_grados":225.0,"direccion_cardinal":"SO","hacia_grados":45.0,"antiguedad_min":41,"temperatura_c":16.5,"humedad_pct":75.0,"regla_30":false,"tipo_dato":"observación"}},{"type":"Feature","geometry":{"type":"Point","coordinates":[0.466105,42.201391]},"properties":{"fuente":"AEMET","id":"9855E","nombre":"CAPELLA · LAGUARRES","fecha_utc":"2026-10-07T16:00:00+00:00","velocidad_kmh":9.0,"racha_kmh":15.5,"direccion_grados":283.0,"direccion_cardinal":"ONO","hacia_grados":103.0,"antiguedad_min":41,"temperatura_c":18.8,"humedad_pct":65.0,"regla_30":false,"tipo_dato":"observación"}},{"type":"Feature","geometry":{"type":"Point","coordinates":[0.140556,42.02139]},"properties":{"fuente":"AEMET","id":"9866C","nombre":"BARBASTRO","fecha_utc":"2026-10-07T16:00:00+00:00","velocidad_kmh":11.2,"racha_kmh":29.5,"direccion_grados":269.0,"direccion_cardinal":"O","hacia_grados":89.0,"antiguedad_min":41,"temperatura_c":22.8,"humedad_pct":50.0,"regla_30":false,"tipo_dato":"observación"}},{"type":"Feature","geometry":{"type":"Point","coordinates":[-0.123056,42.202222]},"properties":{"fuente":"AEMET","id":"9882X","nombre":"BIERGE · YASO","fecha_utc":"2026-10-07T16:00:00+00:00","velocidad_kmh":19.1,"racha_kmh":31.7,"direccion_grados":271.0,"direccion_cardinal":"O","hacia_grados":91.0,"antiguedad_min":41,"temperatura_c":19.5,"humedad_pct":52.0,"regla_30":false,"tipo_dato":"observación"}},{"type":"Feature","geometry":{"type":"Point","coordinates":[-0.160778,41.799297]},"properties":{"fuente":"AEMET","id":"9894Y","nombre":"SARIÑENA · DEPÓSITO","fecha_utc":"2026-10-07T16:00:00+00:00","velocidad_kmh":15.1,"racha_kmh":34.6,"direccion_grados":281.0,"direccion_cardinal":"O","hacia_grados":101.0,"antiguedad_min":41,"temperatura_c":21.9,"humedad_pct":58.0,"regla_30":false,"tipo_dato":"observación"}},{"type":"Feature","geometry":{"type":"Point","coordinates":[-0.325555,42.084556]},"properties":{"fuente":"AEMET","id":"9898","nombre":"HUESCA · AEROPUERTO","fecha_utc":"2026-10-07T16:00:00+00:00","velocidad_kmh":7.2,"racha_kmh":24.1,"direccion_grados":292.0,"direccion_cardinal":"ONO","hacia_grados":112.0,"antiguedad_min":41,"temperatura_c":19.6,"humedad_pct":65.0,"regla_30":false,"tipo_dato":"observación"}},{"type":"Feature","geometry":{"type":"Point","coordinates":[-0.394996,42.138891]},"properties":{"fuente":"AEMET","id":"9901X","nombre":"HUESCA","fecha_utc":"2026-10-07T16:00:00+00:00","velocidad_kmh":null,"racha_kmh":null,"direccion_grados":null,"direccion_cardinal":null,"hacia_grados":null,"antiguedad_min":41,"temperatura_c":19.4,"humedad_pct":65.0,"regla_30":null,"tipo_dato":"observación"}},{"type":"Feature","geometry":{"type":"Point","coordinates":[-0.333059,41.77389]},"properties":{"fuente":"AEMET","id":"9908X","nombre":"LANAJA · DEPÓSITO","fecha_utc":"2026-10-07T16:00:00+00:00","velocidad_kmh":22.7,"racha_kmh":32.8,"direccion_grados":292.0,"direccion_cardinal":"ONO","hacia_grados":112.0,"antiguedad_min":41,"temperatura_c":21.5,"humedad_pct":57.0,"regla_30":false,"tipo_dato":"observación"}},{"type":"Feature","geometry":{"type":"Point","coordinates":[0.187782,41.619446]},"properties":{"fuente":"AEMET","id":"9911X","nombre":"BALLOBAR · DEPÓSITO","fecha_utc":"2026-10-07T16:00:00+00:00","velocidad_kmh":19.4,"racha_kmh":35.3,"direccion_grados":278.0,"direccion_cardinal":"O","hacia_grados":98.0,"antiguedad_min":41,"temperatura_c":24.0,"humedad_pct":48.0,"regla_30":false,"tipo_dato":"observación"}},{"type":"Feature","geometry":{"type":"Point","coordinates":[0.376949,41.780835]},"properties":{"fuente":"AEMET","id":"9918Y","nombre":"TAMARITE DE LITERA · LA MELUSA","fecha_utc":"2026-10-07T16:00:00+00:00","velocidad_kmh":14.8,"racha_kmh":31.0,"direccion_grados":255.0,"direccion_cardinal":"OSO","hacia_grados":75.0,"antiguedad_min":41,"temperatura_c":23.5,"humedad_pct":54.0,"regla_30":false,"tipo_dato":"observación"}},{"type":"Feature","geometry":{"type":"Point","coordinates":[0.355555,41.524719]},"properties":{"fuente":"AEMET","id":"9924X","nombre":"FRAGA","fecha_utc":"2026-10-07T16:00:00+00:00","velocidad_kmh":16.2,"racha_kmh":34.9,"direccion_grados":282.0,"direccion_cardinal":"ONO","hacia_grados":102.0,"antiguedad_min":41,"temperatura_c":24.4,"humedad_pct":51.0,"regla_30":false,"tipo_dato":"observación"}},{"type":"Feature","geometry":{"type":"Point","coordinates":[0.146389,40.873335]},"properties":{"fuente":"AEMET","id":"9935X","nombre":"VALDERROBRES","fecha_utc":"2026-10-07T16:00:00+00:00","velocidad_kmh":11.9,"racha_kmh":23.8,"direccion_grados":291.0,"direccion_cardinal":"ONO","hacia_grados":111.0,"antiguedad_min":41,"temperatura_c":21.4,"humedad_pct":57.0,"regla_30":false,"tipo_dato":"observación"}},{"type":"Feature","geometry":{"type":"Point","coordinates":[0.311668,40.953057]},"properties":{"fuente":"AEMET","id":"9946X","nombre":"HORTA DE SANT JOAN","fecha_utc":"2026-10-07T15:00:00+00:00","velocidad_kmh":null,"racha_kmh":null,"direccion_grados":null,"direccion_cardinal":null,"hacia_grados":null,"antiguedad_min":101,"temperatura_c":23.2,"humedad_pct":52.0,"regla_30":null,"tipo_dato":"observación"}},{"type":"Feature","geometry":{"type":"Point","coordinates":[0.353329,41.177218]},"properties":{"fuente":"AEMET","id":"9947X","nombre":"MASSALUCA","fecha_utc":"2026-10-07T15:00:00+00:00","velocidad_kmh":21.6,"racha_kmh":33.5,"direccion_grados":268.0,"direccion_cardinal":"O","hacia_grados":88.0,"antiguedad_min":101,"temperatura_c":22.7,"humedad_pct":48.0,"regla_30":false,"tipo_dato":"observación"}},{"type":"Feature","geometry":{"type":"Point","coordinates":[0.735283,41.249443]},"properties":{"fuente":"AEMET","id":"9961X","nombre":"CABACÉS","fecha_utc":"2026-10-07T15:00:00+00:00","velocidad_kmh":6.8,"racha_kmh":18.4,"direccion_grados":206.0,"direccion_cardinal":"SSO","hacia_grados":26.0,"antiguedad_min":101,"temperatura_c":23.7,"humedad_pct":53.0,"regla_30":false,"tipo_dato":"observación"}},{"type":"Feature","geometry":{"type":"Point","coordinates":[0.613616,41.005001]},"properties":{"fuente":"AEMET","id":"9975X","nombre":"RASQUERA","fecha_utc":"2026-10-07T16:00:00+00:00","velocidad_kmh":15.8,"racha_kmh":27.4,"direccion_grados":278.0,"direccion_cardinal":"O","hacia_grados":98.0,"antiguedad_min":41,"temperatura_c":25.2,"humedad_pct":42.0,"regla_30":false,"tipo_dato":"observación"}},{"type":"Feature","geometry":{"type":"Point","coordinates":[0.493333,40.820278]},"properties":{"fuente":"AEMET","id":"9981A","nombre":"TORTOSA","fecha_utc":"2026-10-07T16:00:00+00:00","velocidad_kmh":10.1,"racha_kmh":20.2,"direccion_grados":230.0,"direccion_cardinal":"SO","hacia_grados":50.0,"antiguedad_min":41,"temperatura_c":24.7,"humedad_pct":60.0,"regla_30":false,"tipo_dato":"observación"}},{"type":"Feature","geometry":{"type":"Point","coordinates":[0.809722,40.699167]},"properties":{"fuente":"AEMET","id":"9987P","nombre":"SANT JAUME D'ENVEJA","fecha_utc":"2026-10-07T16:00:00+00:00","velocidad_kmh":16.6,"racha_kmh":22.0,"direccion_grados":204.0,"direccion_cardinal":"SSO","hacia_grados":24.0,"antiguedad_min":41,"temperatura_c":24.6,"humedad_pct":68.0,"regla_30":false,"tipo_dato":"observación"}},{"type":"Feature","geometry":{"type":"Point","coordinates":[0.973793,42.691958]},"properties":{"fuente":"AEMET","id":"9988B","nombre":"CAP DE VAQUEIRA","fecha_utc":"2026-10-07T16:00:00+00:00","velocidad_kmh":4.3,"racha_kmh":16.9,"direccion_grados":282.0,"direccion_cardinal":"ONO","hacia_grados":102.0,"antiguedad_min":41,"temperatura_c":4.4,"humedad_pct":96.0,"regla_30":false,"tipo_dato":"observación"}},{"type":"Feature","geometry":{"type":"Point","coordinates":[0.876944,42.700278]},"properties":{"fuente":"AEMET","id":"9990X","nombre":"ARTIES","fecha_utc":"2026-10-07T16:00:00+00:00","velocidad_kmh":4.7,"racha_kmh":16.6,"direccion_grados":249.0,"direccion_cardinal":"OSO","hacia_grados":69.0,"antiguedad_min":41,"temperatura_c":13.2,"humedad_pct":86.0,"regla_30":false,"tipo_dato":"observación"}},{"type":"Feature","geometry":{"type":"Point","coordinates":[0.689719,42.776109]},"properties":{"fuente":"AEMET","id":"9994X","nombre":"BOSSOST-CENTRAL","fecha_utc":"2026-10-07T15:00:00+00:00","velocidad_kmh":2.5,"racha_kmh":6.1,"direccion_grados":19.0,"direccion_cardinal":"NNE","hacia_grados":199.0,"antiguedad_min":101,"temperatura_c":15.8,"humedad_pct":84.0,"regla_30":false,"tipo_dato":"observación"}},{"type":"Feature","geometry":{"type":"Point","coordinates":[-1.300831,43.091114]},"properties":{"fuente":"AEMET","id":"9995Y","nombre":"VALCARLOS/LUZAIDE","fecha_utc":"2026-10-07T16:00:00+00:00","velocidad_kmh":1.1,"racha_kmh":4.0,"direccion_grados":122.0,"direccion_cardinal":"ESE","hacia_grados":302.0,"antiguedad_min":41,"temperatura_c":18.0,"humedad_pct":94.0,"regla_30":false,"tipo_dato":"observación"}},{"type":"Feature","geometry":{"type":"Point","coordinates":[-1.494444,40.921392]},"properties":{"fuente":"AEMET","id":"9998X","nombre":"BELLO","fecha_utc":"2026-10-07T16:00:00+00:00","velocidad_kmh":18.4,"racha_kmh":31.7,"direccion_grados":274.0,"direccion_cardinal":"O","hacia_grados":94.0,"antiguedad_min":41,"temperatura_c":18.8,"humedad_pct":54.0,"regla_30":false,"tipo_dato":"observación"}},{"type":"Feature","geometry":{"type":"Point","coordinates":[2.885828,39.823337]},"properties":{"fuente":"AEMET","id":"B013X","nombre":"LLUC","fecha_utc":"2026-10-07T16:00:00+00:00","velocidad_kmh":8.3,"racha_kmh":26.6,"direccion_grados":184.0,"direccion_cardinal":"S","hacia_grados":4.0,"antiguedad_min":41,"temperatura_c":20.8,"humedad_pct":77.0,"regla_30":false,"tipo_dato":"observación"}},{"type":"Feature","geometry":{"type":"Point","coordinates":[2.691486,39.795554]},"properties":{"fuente":"AEMET","id":"B051A","nombre":"SÓLLER","fecha_utc":"2026-10-07T16:00:00+00:00","velocidad_kmh":18.4,"racha_kmh":24.5,"direccion_grados":236.0,"direccion_cardinal":"SO","hacia_grados":56.0,"antiguedad_min":41,"temperatura_c":24.9,"humedad_pct":64.0,"regla_30":false,"tipo_dato":"observación"}},{"type":"Feature","geometry":{"type":"Point","coordinates":[2.512777,39.689166]},"properties":{"fuente":"AEMET","id":"B087X","nombre":"BANYALBUFAR","fecha_utc":"2026-10-07T15:00:00+00:00","velocidad_kmh":10.4,"racha_kmh":21.2,"direccion_grados":257.0,"direccion_cardinal":"OSO","hacia_grados":77.0,"antiguedad_min":101,"temperatura_c":24.9,"humedad_pct":64.0,"regla_30":false,"tipo_dato":"observación"}},{"type":"Feature","geometry":{"type":"Point","coordinates":[2.368936,39.579472]},"properties":{"fuente":"AEMET","id":"B103B","nombre":"ANDRATX - SANT ELM","fecha_utc":"2026-10-07T16:00:00+00:00","velocidad_kmh":3.2,"racha_kmh":10.1,"direccion_grados":149.0,"direccion_cardinal":"SSE","hacia_grados":329.0,"antiguedad_min":41,"temperatura_c":24.7,"humedad_pct":68.0,"regla_30":false,"tipo_dato":"observación"}},{"type":"Feature","geometry":{"type":"Point","coordinates":[2.466476,39.551468]},"properties":{"fuente":"AEMET","id":"B158X","nombre":"ES CAPDELLÀ- SON VIC NOU","fecha_utc":"2026-10-07T15:00:00+00:00","velocidad_kmh":5.4,"racha_kmh":9.7,"direccion_grados":203.0,"direccion_cardinal":"SSO","hacia_grados":23.0,"antiguedad_min":101,"temperatura_c":25.4,"humedad_pct":63.0,"regla_30":false,"tipo_dato":"observación"}},{"type":"Feature","geometry":{"type":"Point","coordinates":[2.625268,39.554258]},"properties":{"fuente":"AEMET","id":"B228","nombre":"PALMA-PORTOPÍ","fecha_utc":"2026-10-07T16:00:00+00:00","velocidad_kmh":6.5,"racha_kmh":12.6,"direccion_grados":212.0,"direccion_cardinal":"SSO","hacia_grados":32.0,"antiguedad_min":41,"temperatura_c":23.9,"humedad_pct":71.0,"regla_30":false,"tipo_dato":"observación"}},{"type":"Feature","geometry":{"type":"Point","coordinates":[2.638889,39.5525]},"properties":{"fuente":"AEMET","id":"B228D","nombre":"PALMA DIC DE L?OEST","fecha_utc":"2026-10-07T16:00:00+00:00","velocidad_kmh":10.8,"racha_kmh":14.4,"direccion_grados":211.0,"direccion_cardinal":"SSO","hacia_grados":31.0,"antiguedad_min":41,"temperatura_c":null,"humedad_pct":null,"regla_30":null,"tipo_dato":"observación"}},{"type":"Feature","geometry":{"type":"Point","coordinates":[2.643755,39.642164]},"properties":{"fuente":"AEMET","id":"B236C","nombre":"PALMA-UNIVERSITAT","fecha_utc":"2026-10-07T16:00:00+00:00","velocidad_kmh":7.9,"racha_kmh":14.0,"direccion_grados":196.0,"direccion_cardinal":"SSO","hacia_grados":16.0,"antiguedad_min":41,"temperatura_c":24.0,"humedad_pct":66.0,"regla_30":false,"tipo_dato":"observación"}},{"type":"Feature","geometry":{"type":"Point","coordinates":[2.706667,39.605833]},"properties":{"fuente":"AEMET","id":"B275E","nombre":"SON BONET · AEROPUERTO","fecha_utc":"2026-10-07T16:00:00+00:00","velocidad_kmh":6.5,"racha_kmh":15.8,"direccion_grados":213.0,"direccion_cardinal":"SSO","hacia_grados":33.0,"antiguedad_min":41,"temperatura_c":24.7,"humedad_pct":61.0,"regla_30":false,"tipo_dato":"observación"}},{"type":"Feature","geometry":{"type":"Point","coordinates":[2.736706,39.560798]},"properties":{"fuente":"AEMET","id":"B278","nombre":"PALMA DE MALLORCA/SON SANT JOAN","fecha_utc":"2026-10-07T16:00:00+00:00","velocidad_kmh":11.5,"racha_kmh":18.4,"direccion_grados":220.0,"direccion_cardinal":"SO","hacia_grados":40.0,"antiguedad_min":41,"temperatura_c":24.7,"humedad_pct":64.0,"regla_30":false,"tipo_dato":"observación"}},{"type":"Feature","geometry":{"type":"Point","coordinates":[2.785002,39.379721]},"properties":{"fuente":"AEMET","id":"B301","nombre":"LLUCMAJOR-RADAR","fecha_utc":"2026-10-07T16:00:00+00:00","velocidad_kmh":16.9,"racha_kmh":29.9,"direccion_grados":175.0,"direccion_cardinal":"S","hacia_grados":355.0,"antiguedad_min":41,"temperatura_c":23.7,"humedad_pct":76.0,"regla_30":false,"tipo_dato":"observación"}},{"type":"Feature","geometry":{"type":"Point","coordinates":[2.891662,39.495556]},"properties":{"fuente":"AEMET","id":"B334X","nombre":"LLUCMAJOR II","fecha_utc":"2026-10-07T16:00:00+00:00","velocidad_kmh":null,"racha_kmh":null,"direccion_grados":null,"direccion_cardinal":null,"hacia_grados":null,"antiguedad_min":41,"temperatura_c":22.0,"humedad_pct":78.0,"regla_30":null,"tipo_dato":"observación"}},{"type":"Feature","geometry":{"type":"Point","coordinates":[3.005556,39.506111]},"properties":{"fuente":"AEMET","id":"B341X","nombre":"PORRERES-SA MESQUIDA","fecha_utc":"2026-10-07T16:00:00+00:00","velocidad_kmh":11.5,"racha_kmh":36.4,"direccion_grados":146.0,"direccion_cardinal":"SE","hacia_grados":326.0,"antiguedad_min":41,"temperatura_c":21.7,"humedad_pct":90.0,"regla_30":false,"tipo_dato":"observación"}},{"type":"Feature","geometry":{"type":"Point","coordinates":[3.064166,39.405835]},"properties":{"fuente":"AEMET","id":"B362X","nombre":"CAMPOS-CAN SION","fecha_utc":"2026-10-07T16:00:00+00:00","velocidad_kmh":5.0,"racha_kmh":28.8,"direccion_grados":186.0,"direccion_cardinal":"S","hacia_grados":6.0,"antiguedad_min":41,"temperatura_c":21.2,"humedad_pct":90.0,"regla_30":false,"tipo_dato":"observación"}},{"type":"Feature","geometry":{"type":"Point","coordinates":[3.011862,39.351142]},"properties":{"fuente":"AEMET","id":"B373X","nombre":"CAMPOS-SALINES · LEVANT","fecha_utc":"2026-10-07T15:00:00+00:00","velocidad_kmh":7.9,"racha_kmh":15.1,"direccion_grados":195.0,"direccion_cardinal":"SSO","hacia_grados":15.0,"antiguedad_min":101,"temperatura_c":24.6,"humedad_pct":72.0,"regla_30":false,"tipo_dato":"observación"}},{"type":"Feature","geometry":{"type":"Point","coordinates":[2.936671,39.135485]},"properties":{"fuente":"AEMET","id":"B398A","nombre":"CABRERA · PARQUE NACIONAL DE CABRERA","fecha_utc":"2026-10-07T16:00:00+00:00","velocidad_kmh":23.8,"racha_kmh":41.0,"direccion_grados":221.0,"direccion_cardinal":"SO","hacia_grados":41.0,"antiguedad_min":41,"temperatura_c":22.0,"humedad_pct":78.0,"regla_30":false,"tipo_dato":"observación"}},{"type":"Feature","geometry":{"type":"Point","coordinates":[3.145785,39.340052]},"properties":{"fuente":"AEMET","id":"B410B","nombre":"SANTANYÍ","fecha_utc":"2026-10-07T16:00:00+00:00","velocidad_kmh":7.9,"racha_kmh":25.2,"direccion_grados":213.0,"direccion_cardinal":"SSO","hacia_grados":33.0,"antiguedad_min":41,"temperatura_c":21.6,"humedad_pct":90.0,"regla_30":false,"tipo_dato":"observación"}},{"type":"Feature","geometry":{"type":"Point","coordinates":[3.271683,39.414531]},"properties":{"fuente":"AEMET","id":"B434X","nombre":"PORTOCOLOM","fecha_utc":"2026-10-07T16:00:00+00:00","velocidad_kmh":13.7,"racha_kmh":22.0,"direccion_grados":212.0,"direccion_cardinal":"SSO","hacia_grados":32.0,"antiguedad_min":41,"temperatura_c":22.6,"humedad_pct":83.0,"regla_30":false,"tipo_dato":"observación"}},{"type":"Feature","geometry":{"type":"Point","coordinates":[3.383603,39.630274]},"properties":{"fuente":"AEMET","id":"B496X","nombre":"SON SERVERA-CAN PEP MONJO","fecha_utc":"2026-10-07T15:00:00+00:00","velocidad_kmh":10.1,"racha_kmh":19.4,"direccion_grados":221.0,"direccion_cardinal":"SO","hacia_grados":41.0,"antiguedad_min":101,"temperatura_c":24.1,"humedad_pct":75.0,"regla_30":false,"tipo_dato":"observación"}},{"type":"Feature","geometry":{"type":"Point","coordinates":[3.351112,39.68861]},"properties":{"fuente":"AEMET","id":"B526X","nombre":"ARTÀ-MOLI D?EN LEU","fecha_utc":"2026-10-07T15:00:00+00:00","velocidad_kmh":null,"racha_kmh":null,"direccion_grados":null,"direccion_cardinal":null,"hacia_grados":null,"antiguedad_min":101,"temperatura_c":24.7,"humedad_pct":71.0,"regla_30":null,"tipo_dato":"observación"}},{"type":"Feature","geometry":{"type":"Point","coordinates":[3.478002,39.716695]},"properties":{"fuente":"AEMET","id":"B569X","nombre":"CAPDEPERA-FARO","fecha_utc":"2026-10-07T16:00:00+00:00","velocidad_kmh":7.6,"racha_kmh":25.2,"direccion_grados":236.0,"direccion_cardinal":"SO","hacia_grados":56.0,"antiguedad_min":41,"temperatura_c":23.8,"humedad_pct":71.0,"regla_30":false,"tipo_dato":"observación"}},{"type":"Feature","geometry":{"type":"Point","coordinates":[3.278571,39.723181]},"properties":{"fuente":"AEMET","id":"B603X","nombre":"COLÒNIA SANT PERE-CAN MENGOL","fecha_utc":"2026-10-07T15:00:00+00:00","velocidad_kmh":null,"racha_kmh":null,"direccion_grados":null,"direccion_cardinal":null,"hacia_grados":null,"antiguedad_min":101,"temperatura_c":22.9,"humedad_pct":82.0,"regla_30":null,"tipo_dato":"observación"}},{"type":"Feature","geometry":{"type":"Point","coordinates":[3.104721,39.796665]},"properties":{"fuente":"AEMET","id":"B605X","nombre":"MURO-S?ALBUFERA","fecha_utc":"2026-10-07T16:00:00+00:00","velocidad_kmh":9.4,"racha_kmh":25.6,"direccion_grados":191.0,"direccion_cardinal":"S","hacia_grados":11.0,"antiguedad_min":41,"temperatura_c":24.8,"humedad_pct":70.0,"regla_30":false,"tipo_dato":"observación"}},{"type":"Feature","geometry":{"type":"Point","coordinates":[3.21778,39.556824]},"properties":{"fuente":"AEMET","id":"B614E","nombre":"MANACOR-POLIESPORTIU","fecha_utc":"2026-10-07T16:00:00+00:00","velocidad_kmh":11.9,"racha_kmh":21.6,"direccion_grados":199.0,"direccion_cardinal":"SSO","hacia_grados":19.0,"antiguedad_min":41,"temperatura_c":23.8,"humedad_pct":79.0,"regla_30":false,"tipo_dato":"observación"}},{"type":"Feature","geometry":{"type":"Point","coordinates":[3.1212,39.616461]},"properties":{"fuente":"AEMET","id":"B640X","nombre":"PETRA","fecha_utc":"2026-10-07T16:00:00+00:00","velocidad_kmh":11.9,"racha_kmh":23.8,"direccion_grados":206.0,"direccion_cardinal":"SSO","hacia_grados":26.0,"antiguedad_min":41,"temperatura_c":21.5,"humedad_pct":80.0,"regla_30":false,"tipo_dato":"observación"}},{"type":"Feature","geometry":{"type":"Point","coordinates":[3.002128,39.643265]},"properties":{"fuente":"AEMET","id":"B644B","nombre":"SINEU-POLIESPORTIU","fecha_utc":"2026-10-07T16:00:00+00:00","velocidad_kmh":13.0,"racha_kmh":25.9,"direccion_grados":164.0,"direccion_cardinal":"SSE","hacia_grados":344.0,"antiguedad_min":41,"temperatura_c":23.4,"humedad_pct":73.0,"regla_30":false,"tipo_dato":"observación"}},{"type":"Feature","geometry":{"type":"Point","coordinates":[2.800156,39.652474]},"properties":{"fuente":"AEMET","id":"B656A","nombre":"SANTA MARÍA","fecha_utc":"2026-10-07T16:00:00+00:00","velocidad_kmh":10.1,"racha_kmh":18.0,"direccion_grados":239.0,"direccion_cardinal":"OSO","hacia_grados":59.0,"antiguedad_min":41,"temperatura_c":24.6,"humedad_pct":63.0,"regla_30":false,"tipo_dato":"observación"}},{"type":"Feature","geometry":{"type":"Point","coordinates":[2.873775,39.677962]},"properties":{"fuente":"AEMET","id":"B662X","nombre":"BINISSALEM-SA VINYOTA","fecha_utc":"2026-10-07T15:00:00+00:00","velocidad_kmh":9.7,"racha_kmh":16.2,"direccion_grados":190.0,"direccion_cardinal":"S","hacia_grados":10.0,"antiguedad_min":101,"temperatura_c":25.4,"humedad_pct":66.0,"regla_30":false,"tipo_dato":"observación"}},{"type":"Feature","geometry":{"type":"Point","coordinates":[2.787778,39.792778]},"properties":{"fuente":"AEMET","id":"B684A","nombre":"ESCORCA-SON TORRELLA","fecha_utc":"2026-10-07T16:00:00+00:00","velocidad_kmh":null,"racha_kmh":null,"direccion_grados":null,"direccion_cardinal":null,"hacia_grados":null,"antiguedad_min":41,"temperatura_c":18.3,"humedad_pct":87.0,"regla_30":null,"tipo_dato":"observación"}},{"type":"Feature","geometry":{"type":"Point","coordinates":[3.01667,39.749165]},"properties":{"fuente":"AEMET","id":"B691Y","nombre":"SA POBLA-SA CANOVA","fecha_utc":"2026-10-07T16:00:00+00:00","velocidad_kmh":10.4,"racha_kmh":22.0,"direccion_grados":199.0,"direccion_cardinal":"SSO","hacia_grados":19.0,"antiguedad_min":41,"temperatura_c":24.9,"humedad_pct":60.0,"regla_30":false,"tipo_dato":"observación"}},{"type":"Feature","geometry":{"type":"Point","coordinates":[3.024159,39.876942]},"properties":{"fuente":"AEMET","id":"B760X","nombre":"POLLENÇA-POLIESPORTIU","fecha_utc":"2026-10-07T15:00:00+00:00","velocidad_kmh":7.9,"racha_kmh":17.6,"direccion_grados":201.0,"direccion_cardinal":"SSO","hacia_grados":21.0,"antiguedad_min":101,"temperatura_c":25.7,"humedad_pct":67.0,"regla_30":false,"tipo_dato":"observación"}},{"type":"Feature","geometry":{"type":"Point","coordinates":[3.100277,39.909447]},"properties":{"fuente":"AEMET","id":"B780X","nombre":"PORT POLLENÇA-AERODROM","fecha_utc":"2026-10-07T15:00:00+00:00","velocidad_kmh":15.5,"racha_kmh":22.3,"direccion_grados":203.0,"direccion_cardinal":"SSO","hacia_grados":23.0,"antiguedad_min":101,"temperatura_c":25.6,"humedad_pct":68.0,"regla_30":false,"tipo_dato":"observación"}},{"type":"Feature","geometry":{"type":"Point","coordinates":[4.323889,39.876111]},"properties":{"fuente":"AEMET","id":"B800X","nombre":"EVC_MAÓ","fecha_utc":"2026-10-07T16:00:00+00:00","velocidad_kmh":19.8,"racha_kmh":null,"direccion_grados":250.0,"direccion_cardinal":"OSO","hacia_grados":70.0,"antiguedad_min":41,"temperatura_c":24.8,"humedad_pct":81.0,"regla_30":false,"tipo_dato":"observación"}},{"type":"Feature","geometry":{"type":"Point","coordinates":[4.086385,39.990554]},"properties":{"fuente":"AEMET","id":"B825B","nombre":"MERCADAL","fecha_utc":"2026-10-07T16:00:00+00:00","velocidad_kmh":17.3,"racha_kmh":36.7,"direccion_grados":213.0,"direccion_cardinal":"SSO","hacia_grados":33.0,"antiguedad_min":41,"temperatura_c":23.4,"humedad_pct":74.0,"regla_30":false,"tipo_dato":"observación"}},{"type":"Feature","geometry":{"type":"Point","coordinates":[3.853866,39.992774]},"properties":{"fuente":"AEMET","id":"B860X","nombre":"CIUTADELLA-SON QUIM","fecha_utc":"2026-10-07T15:00:00+00:00","velocidad_kmh":null,"racha_kmh":null,"direccion_grados":null,"direccion_cardinal":null,"hacia_grados":null,"antiguedad_min":101,"temperatura_c":25.0,"humedad_pct":65.0,"regla_30":null,"tipo_dato":"observación"}},{"type":"Feature","geometry":{"type":"Point","coordinates":[3.956643,39.944787]},"properties":{"fuente":"AEMET","id":"B870C","nombre":"CIUTADELLA-CALA GALDANA","fecha_utc":"2026-10-07T16:00:00+00:00","velocidad_kmh":6.1,"racha_kmh":23.0,"direccion_grados":231.0,"direccion_cardinal":"SO","hacia_grados":51.0,"antiguedad_min":41,"temperatura_c":24.3,"humedad_pct":71.0,"regla_30":false,"tipo_dato":"observación"}},{"type":"Feature","geometry":{"type":"Point","coordinates":[4.215556,39.854726]},"properties":{"fuente":"AEMET","id":"B893","nombre":"MENORCA/AEROPUERTO","fecha_utc":"2026-10-07T16:00:00+00:00","velocidad_kmh":19.8,"racha_kmh":29.5,"direccion_grados":220.0,"direccion_cardinal":"SO","hacia_grados":40.0,"antiguedad_min":41,"temperatura_c":23.7,"humedad_pct":70.0,"regla_30":false,"tipo_dato":"observación"}},{"type":"Feature","geometry":{"type":"Point","coordinates":[1.492503,39.05611]},"properties":{"fuente":"AEMET","id":"B908X","nombre":"SANT JOAN DE LABRITJA","fecha_utc":"2026-10-07T15:00:00+00:00","velocidad_kmh":null,"racha_kmh":null,"direccion_grados":null,"direccion_cardinal":null,"hacia_grados":null,"antiguedad_min":101,"temperatura_c":26.3,"humedad_pct":55.0,"regla_30":null,"tipo_dato":"observación"}},{"type":"Feature","geometry":{"type":"Point","coordinates":[1.321389,38.963056]},"properties":{"fuente":"AEMET","id":"B925","nombre":"SANT ANTONI DE PORTMANY","fecha_utc":"2026-10-07T16:00:00+00:00","velocidad_kmh":8.6,"racha_kmh":17.6,"direccion_grados":217.0,"direccion_cardinal":"SO","hacia_grados":37.0,"antiguedad_min":41,"temperatura_c":26.6,"humedad_pct":49.0,"regla_30":false,"tipo_dato":"observación"}},{"type":"Feature","geometry":{"type":"Point","coordinates":[1.384446,38.876385]},"properties":{"fuente":"AEMET","id":"B954","nombre":"IBIZA/ES CODOLÁ","fecha_utc":"2026-10-07T16:00:00+00:00","velocidad_kmh":12.6,"racha_kmh":24.1,"direccion_grados":230.0,"direccion_cardinal":"SO","hacia_grados":50.0,"antiguedad_min":41,"temperatura_c":25.3,"humedad_pct":53.0,"regla_30":false,"tipo_dato":"observación"}},{"type":"Feature","geometry":{"type":"Point","coordinates":[1.441516,38.922639]},"properties":{"fuente":"AEMET","id":"B957","nombre":"EIVISSA","fecha_utc":"2026-10-07T16:00:00+00:00","velocidad_kmh":8.6,"racha_kmh":21.6,"direccion_grados":224.0,"direccion_cardinal":"SO","hacia_grados":44.0,"antiguedad_min":41,"temperatura_c":25.9,"humedad_pct":57.0,"regla_30":false,"tipo_dato":"observación"}},{"type":"Feature","geometry":{"type":"Point","coordinates":[1.463528,38.693709]},"properties":{"fuente":"AEMET","id":"B986","nombre":"FORMENTERA","fecha_utc":"2026-10-07T16:00:00+00:00","velocidad_kmh":10.1,"racha_kmh":20.2,"direccion_grados":255.0,"direccion_cardinal":"OSO","hacia_grados":75.0,"antiguedad_min":41,"temperatura_c":25.0,"humedad_pct":74.0,"regla_30":false,"tipo_dato":"observación"}},{"type":"Feature","geometry":{"type":"Point","coordinates":[-13.690277,28.969726]},"properties":{"fuente":"AEMET","id":"C018J","nombre":"TIAS-LAS VEGAS","fecha_utc":"2026-10-07T15:00:00+00:00","velocidad_kmh":21.2,"racha_kmh":34.2,"direccion_grados":346.0,"direccion_cardinal":"NNO","hacia_grados":166.0,"antiguedad_min":101,"temperatura_c":24.9,"humedad_pct":54.0,"regla_30":false,"tipo_dato":"observación"}},{"type":"Feature","geometry":{"type":"Point","coordinates":[-13.834999,28.858884]},"properties":{"fuente":"AEMET","id":"C019V","nombre":"YAIZA-PLAYA BLANCA","fecha_utc":"2026-10-07T15:00:00+00:00","velocidad_kmh":17.3,"racha_kmh":32.8,"direccion_grados":336.0,"direccion_cardinal":"NNO","hacia_grados":156.0,"antiguedad_min":101,"temperatura_c":26.7,"humedad_pct":59.0,"regla_30":false,"tipo_dato":"observación"}},{"type":"Feature","geometry":{"type":"Point","coordinates":[-13.600279,28.951943]},"properties":{"fuente":"AEMET","id":"C029O","nombre":"LANZAROTE/AEROPUERTO","fecha_utc":"2026-10-07T16:00:00+00:00","velocidad_kmh":24.8,"racha_kmh":42.5,"direccion_grados":350.0,"direccion_cardinal":"N","hacia_grados":170.0,"antiguedad_min":41,"temperatura_c":28.0,"humedad_pct":49.0,"regla_30":false,"tipo_dato":"observación"}},{"type":"Feature","geometry":{"type":"Point","coordinates":[-13.558055,29.001111]},"properties":{"fuente":"AEMET","id":"C029R","nombre":"ARRECIFE - GRANJA CABILDO","fecha_utc":"2026-10-07T16:00:00+00:00","velocidad_kmh":21.6,"racha_kmh":39.2,"direccion_grados":49.0,"direccion_cardinal":"NE","hacia_grados":229.0,"antiguedad_min":41,"temperatura_c":25.7,"humedad_pct":58.0,"regla_30":false,"tipo_dato":"observación"}},{"type":"Feature","geometry":{"type":"Point","coordinates":[-13.489167,29.143611]},"properties":{"fuente":"AEMET","id":"C038N","nombre":"HARÍA-CEMENTERIO","fecha_utc":"2026-10-07T16:00:00+00:00","velocidad_kmh":16.9,"racha_kmh":28.8,"direccion_grados":335.0,"direccion_cardinal":"NNO","hacia_grados":155.0,"antiguedad_min":41,"temperatura_c":25.2,"humedad_pct":56.0,"regla_30":false,"tipo_dato":"observación"}},{"type":"Feature","geometry":{"type":"Point","coordinates":[-13.680833,29.0425]},"properties":{"fuente":"AEMET","id":"C048W","nombre":"TINAJO-LOS DOLORES","fecha_utc":"2026-10-07T15:00:00+00:00","velocidad_kmh":20.2,"racha_kmh":29.2,"direccion_grados":356.0,"direccion_cardinal":"N","hacia_grados":176.0,"antiguedad_min":101,"temperatura_c":23.2,"humedad_pct":58.0,"regla_30":false,"tipo_dato":"observación"}},{"type":"Feature","geometry":{"type":"Point","coordinates":[-17.895278,28.755833]},"properties":{"fuente":"AEMET","id":"C101A","nombre":"ROQUE DE LOS MUCHACHOS","fecha_utc":"2026-10-07T16:00:00+00:00","velocidad_kmh":11.5,"racha_kmh":18.4,"direccion_grados":11.0,"direccion_cardinal":"N","hacia_grados":191.0,"antiguedad_min":41,"temperatura_c":12.9,"humedad_pct":52.0,"regla_30":false,"tipo_dato":"observación"}},{"type":"Feature","geometry":{"type":"Point","coordinates":[-17.985556,28.760556]},"properties":{"fuente":"AEMET","id":"C117A","nombre":"PUNTAGORDA","fecha_utc":"2026-10-07T16:00:00+00:00","velocidad_kmh":5.8,"racha_kmh":16.2,"direccion_grados":285.0,"direccion_cardinal":"ONO","hacia_grados":105.0,"antiguedad_min":41,"temperatura_c":20.4,"humedad_pct":79.0,"regla_30":false,"tipo_dato":"observación"}},{"type":"Feature","geometry":{"type":"Point","coordinates":[-17.936667,28.674722]},"properties":{"fuente":"AEMET","id":"C117Z","nombre":"TIJARAFE-MIRADOR TIME","fecha_utc":"2026-10-07T14:00:00+00:00","velocidad_kmh":6.1,"racha_kmh":15.5,"direccion_grados":262.0,"direccion_cardinal":"O","hacia_grados":82.0,"antiguedad_min":161,"temperatura_c":18.5,"humedad_pct":90.0,"regla_30":false,"tipo_dato":"observación"}},{"type":"Feature","geometry":{"type":"Point","coordinates":[-17.853056,28.653889]},"properties":{"fuente":"AEMET","id":"C126A","nombre":"EL PASO-C.F.","fecha_utc":"2026-10-07T15:00:00+00:00","velocidad_kmh":18.7,"racha_kmh":35.3,"direccion_grados":106.0,"direccion_cardinal":"ESE","hacia_grados":286.0,"antiguedad_min":101,"temperatura_c":18.8,"humedad_pct":73.0,"regla_30":false,"tipo_dato":"observación"}},{"type":"Feature","geometry":{"type":"Point","coordinates":[-17.841111,28.455]},"properties":{"fuente":"AEMET","id":"C129V","nombre":"FUENCALIENTE-SALINAS","fecha_utc":"2026-10-07T15:00:00+00:00","velocidad_kmh":29.2,"racha_kmh":42.1,"direccion_grados":38.0,"direccion_cardinal":"NE","hacia_grados":218.0,"antiguedad_min":101,"temperatura_c":27.0,"humedad_pct":62.0,"regla_30":false,"tipo_dato":"observación"}},{"type":"Feature","geometry":{"type":"Point","coordinates":[-17.894167,28.590278]},"properties":{"fuente":"AEMET","id":"C129X","nombre":"LAS MANCHAS · ARIDANE","fecha_utc":"2026-10-07T16:00:00+00:00","velocidad_kmh":7.9,"racha_kmh":15.8,"direccion_grados":253.0,"direccion_cardinal":"OSO","hacia_grados":73.0,"antiguedad_min":41,"temperatura_c":22.7,"humedad_pct":71.0,"regla_30":false,"tipo_dato":"observación"}},{"type":"Feature","geometry":{"type":"Point","coordinates":[-17.755005,28.633056]},"properties":{"fuente":"AEMET","id":"C139E","nombre":"LA PALMA/AEROPUERTO","fecha_utc":"2026-10-07T16:00:00+00:00","velocidad_kmh":22.0,"racha_kmh":33.5,"direccion_grados":30.0,"direccion_cardinal":"NNE","hacia_grados":210.0,"antiguedad_min":41,"temperatura_c":24.6,"humedad_pct":67.0,"regla_30":false,"tipo_dato":"observación"}},{"type":"Feature","geometry":{"type":"Point","coordinates":[-17.782222,28.804722]},"properties":{"fuente":"AEMET","id":"C148F","nombre":"SAUCES-S.ANDRÉS-BALSA ADEYAHAME","fecha_utc":"2026-10-07T15:00:00+00:00","velocidad_kmh":13.0,"racha_kmh":20.9,"direccion_grados":54.0,"direccion_cardinal":"NE","hacia_grados":234.0,"antiguedad_min":101,"temperatura_c":24.0,"humedad_pct":70.0,"regla_30":false,"tipo_dato":"observación"}},{"type":"Feature","geometry":{"type":"Point","coordinates":[-14.358002,28.04904]},"properties":{"fuente":"AEMET","id":"C229J","nombre":"PÁJARA-PUERTO MORRO JABLE","fecha_utc":"2026-10-07T16:00:00+00:00","velocidad_kmh":18.4,"racha_kmh":32.8,"direccion_grados":316.0,"direccion_cardinal":"NO","hacia_grados":136.0,"antiguedad_min":41,"temperatura_c":26.5,"humedad_pct":54.0,"regla_30":false,"tipo_dato":"observación"}},{"type":"Feature","geometry":{"type":"Point","coordinates":[-14.023056,28.208611]},"properties":{"fuente":"AEMET","id":"C239N","nombre":"TUINEJE-PUERTO GRAN TARAJAL","fecha_utc":"2026-10-07T16:00:00+00:00","velocidad_kmh":16.9,"racha_kmh":31.0,"direccion_grados":84.0,"direccion_cardinal":"E","hacia_grados":264.0,"antiguedad_min":41,"temperatura_c":24.8,"humedad_pct":69.0,"regla_30":false,"tipo_dato":"observación"}},{"type":"Feature","geometry":{"type":"Point","coordinates":[-14.019167,28.416944]},"properties":{"fuente":"AEMET","id":"C248E","nombre":"ANTIGUA-EL CARBÓN","fecha_utc":"2026-10-07T16:00:00+00:00","velocidad_kmh":27.7,"racha_kmh":50.8,"direccion_grados":340.0,"direccion_cardinal":"NNO","hacia_grados":160.0,"antiguedad_min":41,"temperatura_c":25.3,"humedad_pct":58.0,"regla_30":false,"tipo_dato":"observación"}},{"type":"Feature","geometry":{"type":"Point","coordinates":[-13.863055,28.44472]},"properties":{"fuente":"AEMET","id":"C249I","nombre":"FUERTEVENTURA/AEROPUERTO","fecha_utc":"2026-10-07T16:00:00+00:00","velocidad_kmh":21.6,"racha_kmh":29.5,"direccion_grados":50.0,"direccion_cardinal":"NE","hacia_grados":230.0,"antiguedad_min":41,"temperatura_c":25.2,"humedad_pct":67.0,"regla_30":false,"tipo_dato":"observación"}},{"type":"Feature","geometry":{"type":"Point","coordinates":[-13.931667,28.6125]},"properties":{"fuente":"AEMET","id":"C258K","nombre":"LA OLIVA (CARRETERA DEL COTILLO)","fecha_utc":"2026-10-07T16:00:00+00:00","velocidad_kmh":15.8,"racha_kmh":25.6,"direccion_grados":37.0,"direccion_cardinal":"NE","hacia_grados":217.0,"antiguedad_min":41,"temperatura_c":23.4,"humedad_pct":70.0,"regla_30":false,"tipo_dato":"observación"}},{"type":"Feature","geometry":{"type":"Point","coordinates":[-13.863056,28.740556]},"properties":{"fuente":"AEMET","id":"C259X","nombre":"LA OLIVA-PUERTO DE CORRALEJO","fecha_utc":"2026-10-07T15:00:00+00:00","velocidad_kmh":10.4,"racha_kmh":15.1,"direccion_grados":53.0,"direccion_cardinal":"NE","hacia_grados":233.0,"antiguedad_min":101,"temperatura_c":25.7,"humedad_pct":43.0,"regla_30":false,"tipo_dato":"observación"}},{"type":"Feature","geometry":{"type":"Point","coordinates":[-17.249167,28.106944]},"properties":{"fuente":"AEMET","id":"C314Z","nombre":"VALLEHERMOSO-ALTO IGUALERO","fecha_utc":"2026-10-07T16:00:00+00:00","velocidad_kmh":20.2,"racha_kmh":29.5,"direccion_grados":53.0,"direccion_cardinal":"NE","hacia_grados":233.0,"antiguedad_min":41,"temperatura_c":13.8,"humedad_pct":90.0,"regla_30":false,"tipo_dato":"observación"}},{"type":"Feature","geometry":{"type":"Point","coordinates":[-17.315,28.128333]},"properties":{"fuente":"AEMET","id":"C316I","nombre":"ARURE CEMENTERIO","fecha_utc":"2026-10-07T15:00:00+00:00","velocidad_kmh":25.2,"racha_kmh":37.1,"direccion_grados":88.0,"direccion_cardinal":"E","hacia_grados":268.0,"antiguedad_min":101,"temperatura_c":20.6,"humedad_pct":65.0,"regla_30":false,"tipo_dato":"observación"}},{"type":"Feature","geometry":{"type":"Point","coordinates":[-17.213056,28.178889]},"properties":{"fuente":"AEMET","id":"C317B","nombre":"AGULO-JUEGO BOLAS","fecha_utc":"2026-10-07T16:00:00+00:00","velocidad_kmh":4.7,"racha_kmh":13.3,"direccion_grados":172.0,"direccion_cardinal":"S","hacia_grados":352.0,"antiguedad_min":41,"temperatura_c":19.0,"humedad_pct":87.0,"regla_30":false,"tipo_dato":"observación"}},{"type":"Feature","geometry":{"type":"Point","coordinates":[-17.306389,28.054167]},"properties":{"fuente":"AEMET","id":"C319W","nombre":"VALLEHERMOSO-DAMA","fecha_utc":"2026-10-07T15:00:00+00:00","velocidad_kmh":9.4,"racha_kmh":15.5,"direccion_grados":227.0,"direccion_cardinal":"SO","hacia_grados":47.0,"antiguedad_min":101,"temperatura_c":29.7,"humedad_pct":55.0,"regla_30":false,"tipo_dato":"observación"}},{"type":"Feature","geometry":{"type":"Point","coordinates":[-17.194167,28.163611]},"properties":{"fuente":"AEMET","id":"C328W","nombre":"HERMIGUA-DEPÓSITO AYUNTAMIENTO","fecha_utc":"2026-10-07T16:00:00+00:00","velocidad_kmh":9.4,"racha_kmh":19.8,"direccion_grados":22.0,"direccion_cardinal":"NNE","hacia_grados":202.0,"antiguedad_min":41,"temperatura_c":23.6,"humedad_pct":70.0,"regla_30":false,"tipo_dato":"observación"}},{"type":"Feature","geometry":{"type":"Point","coordinates":[-17.111389,28.089722]},"properties":{"fuente":"AEMET","id":"C329Z","nombre":"SAN SEBASTIÁN DE LA GOMERA","fecha_utc":"2026-10-07T16:00:00+00:00","velocidad_kmh":18.0,"racha_kmh":39.2,"direccion_grados":305.0,"direccion_cardinal":"NO","hacia_grados":125.0,"antiguedad_min":41,"temperatura_c":26.2,"humedad_pct":54.0,"regla_30":false,"tipo_dato":"observación"}},{"type":"Feature","geometry":{"type":"Point","coordinates":[-16.626111,28.224167]},"properties":{"fuente":"AEMET","id":"C406G","nombre":"CAÑADAS PARADOR","fecha_utc":"2026-10-07T15:00:00+00:00","velocidad_kmh":16.2,"racha_kmh":40.0,"direccion_grados":250.0,"direccion_cardinal":"OSO","hacia_grados":70.0,"antiguedad_min":101,"temperatura_c":18.3,"humedad_pct":33.0,"regla_30":false,"tipo_dato":"observación"}},{"type":"Feature","geometry":{"type":"Point","coordinates":[-16.792028,28.207056]},"properties":{"fuente":"AEMET","id":"C419L","nombre":"LOMO DEL BALO","fecha_utc":"2026-10-07T16:00:00+00:00","velocidad_kmh":7.9,"racha_kmh":18.4,"direccion_grados":236.0,"direccion_cardinal":"SO","hacia_grados":56.0,"antiguedad_min":41,"temperatura_c":22.5,"humedad_pct":72.0,"regla_30":false,"tipo_dato":"observación"}},{"type":"Feature","geometry":{"type":"Point","coordinates":[-16.710556,28.081389]},"properties":{"fuente":"AEMET","id":"C419X","nombre":"ADEJE-CALDERA B","fecha_utc":"2026-10-07T13:00:00+00:00","velocidad_kmh":null,"racha_kmh":null,"direccion_grados":null,"direccion_cardinal":null,"hacia_grados":null,"antiguedad_min":221,"temperatura_c":28.5,"humedad_pct":56.0,"regla_30":null,"tipo_dato":"observación"}},{"type":"Feature","geometry":{"type":"Point","coordinates":[-16.483333,28.180833]},"properties":{"fuente":"AEMET","id":"C428T","nombre":"ARICO-DEPURADORA LA DEGOLLADA","fecha_utc":"2026-10-07T15:00:00+00:00","velocidad_kmh":18.4,"racha_kmh":33.5,"direccion_grados":68.0,"direccion_cardinal":"ENE","hacia_grados":248.0,"antiguedad_min":101,"temperatura_c":22.1,"humedad_pct":75.0,"regla_30":false,"tipo_dato":"observación"}},{"type":"Feature","geometry":{"type":"Point","coordinates":[-16.561158,28.046992]},"properties":{"fuente":"AEMET","id":"C429I","nombre":"TENERIFE/SUR","fecha_utc":"2026-10-07T16:00:00+00:00","velocidad_kmh":33.1,"racha_kmh":44.6,"direccion_grados":70.0,"direccion_cardinal":"ENE","hacia_grados":250.0,"antiguedad_min":41,"temperatura_c":26.2,"humedad_pct":59.0,"regla_30":false,"tipo_dato":"observación"}},{"type":"Feature","geometry":{"type":"Point","coordinates":[-16.499722,28.308333]},"properties":{"fuente":"AEMET","id":"C430E","nombre":"IZAÑA","fecha_utc":"2026-10-07T16:00:00+00:00","velocidad_kmh":41.0,"racha_kmh":52.2,"direccion_grados":312.0,"direccion_cardinal":"NO","hacia_grados":132.0,"antiguedad_min":41,"temperatura_c":13.1,"humedad_pct":60.0,"regla_30":false,"tipo_dato":"observación"}},{"type":"Feature","geometry":{"type":"Point","coordinates":[-16.401736,28.359247]},"properties":{"fuente":"AEMET","id":"C438N","nombre":"CANDELARIA-DEPOSITO CUEVECITAS","fecha_utc":"2026-10-07T15:00:00+00:00","velocidad_kmh":14.8,"racha_kmh":33.8,"direccion_grados":242.0,"direccion_cardinal":"OSO","hacia_grados":62.0,"antiguedad_min":101,"temperatura_c":23.0,"humedad_pct":69.0,"regla_30":false,"tipo_dato":"observación"}},{"type":"Feature","geometry":{"type":"Point","coordinates":[-16.382229,28.318405]},"properties":{"fuente":"AEMET","id":"C439J","nombre":"TENERIFE-GÜIMAR","fecha_utc":"2026-10-07T16:00:00+00:00","velocidad_kmh":11.5,"racha_kmh":53.3,"direccion_grados":328.0,"direccion_cardinal":"NNO","hacia_grados":148.0,"antiguedad_min":41,"temperatura_c":26.9,"humedad_pct":54.0,"regla_30":false,"tipo_dato":"observación"}},{"type":"Feature","geometry":{"type":"Point","coordinates":[-16.280278,28.526389]},"properties":{"fuente":"AEMET","id":"C446G","nombre":"LAS MERCEDES-LLANO LOS LOROS","fecha_utc":"2026-10-07T16:00:00+00:00","velocidad_kmh":11.2,"racha_kmh":31.3,"direccion_grados":304.0,"direccion_cardinal":"NO","hacia_grados":124.0,"antiguedad_min":41,"temperatura_c":17.3,"humedad_pct":88.0,"regla_30":false,"tipo_dato":"observación"}},{"type":"Feature","geometry":{"type":"Point","coordinates":[-16.329444,28.477497]},"properties":{"fuente":"AEMET","id":"C447A","nombre":"TENERIFE/LOS RODEOS","fecha_utc":"2026-10-07T16:00:00+00:00","velocidad_kmh":27.7,"racha_kmh":38.9,"direccion_grados":300.0,"direccion_cardinal":"ONO","hacia_grados":120.0,"antiguedad_min":41,"temperatura_c":20.7,"humedad_pct":68.0,"regla_30":false,"tipo_dato":"observación"}},{"type":"Feature","geometry":{"type":"Point","coordinates":[-16.255282,28.463337]},"properties":{"fuente":"AEMET","id":"C449C","nombre":"SANTA CRUZ DE TENERIFE","fecha_utc":"2026-10-07T16:00:00+00:00","velocidad_kmh":12.6,"racha_kmh":29.2,"direccion_grados":41.0,"direccion_cardinal":"NE","hacia_grados":221.0,"antiguedad_min":41,"temperatura_c":26.7,"humedad_pct":49.0,"regla_30":false,"tipo_dato":"observación"}},{"type":"Feature","geometry":{"type":"Point","coordinates":[-16.195556,28.508056]},"properties":{"fuente":"AEMET","id":"C449F","nombre":"ANAGA-COL. REP. ARGENTINA","fecha_utc":"2026-10-07T14:00:00+00:00","velocidad_kmh":11.5,"racha_kmh":27.0,"direccion_grados":5.0,"direccion_cardinal":"N","hacia_grados":185.0,"antiguedad_min":161,"temperatura_c":27.3,"humedad_pct":56.0,"regla_30":false,"tipo_dato":"observación"}},{"type":"Feature","geometry":{"type":"Point","coordinates":[-16.454444,28.434444]},"properties":{"fuente":"AEMET","id":"C457I","nombre":"VICTORIA-DEPÓSITO MARRERO","fecha_utc":"2026-10-07T16:00:00+00:00","velocidad_kmh":9.0,"racha_kmh":22.0,"direccion_grados":355.0,"direccion_cardinal":"N","hacia_grados":175.0,"antiguedad_min":41,"temperatura_c":20.3,"humedad_pct":79.0,"regla_30":false,"tipo_dato":"observación"}},{"type":"Feature","geometry":{"type":"Point","coordinates":[-16.420064,28.496473]},"properties":{"fuente":"AEMET","id":"C458A","nombre":"TACORONTE-A S.E.A.","fecha_utc":"2026-10-07T15:00:00+00:00","velocidad_kmh":17.6,"racha_kmh":27.7,"direccion_grados":44.0,"direccion_cardinal":"NE","hacia_grados":224.0,"antiguedad_min":101,"temperatura_c":24.1,"humedad_pct":66.0,"regla_30":false,"tipo_dato":"observación"}},{"type":"Feature","geometry":{"type":"Point","coordinates":[-16.572064,28.383364]},"properties":{"fuente":"AEMET","id":"C458Z","nombre":"VALLE DE LA OROTAVA","fecha_utc":"2026-10-07T16:00:00+00:00","velocidad_kmh":11.2,"racha_kmh":22.7,"direccion_grados":46.0,"direccion_cardinal":"NE","hacia_grados":226.0,"antiguedad_min":41,"temperatura_c":21.0,"humedad_pct":79.0,"regla_30":false,"tipo_dato":"observación"}},{"type":"Feature","geometry":{"type":"Point","coordinates":[-16.625833,28.373056]},"properties":{"fuente":"AEMET","id":"C468X","nombre":"LLANOS DE MESA","fecha_utc":"2026-10-07T16:00:00+00:00","velocidad_kmh":10.4,"racha_kmh":18.4,"direccion_grados":35.0,"direccion_cardinal":"NE","hacia_grados":215.0,"antiguedad_min":41,"temperatura_c":null,"humedad_pct":null,"regla_30":null,"tipo_dato":"observación"}},{"type":"Feature","geometry":{"type":"Point","coordinates":[-16.7725,28.371389]},"properties":{"fuente":"AEMET","id":"C469E","nombre":"GARACHICO LA QUINTA","fecha_utc":"2026-10-07T16:00:00+00:00","velocidad_kmh":14.8,"racha_kmh":23.8,"direccion_grados":63.0,"direccion_cardinal":"ENE","hacia_grados":243.0,"antiguedad_min":41,"temperatura_c":24.1,"humedad_pct":71.0,"regla_30":false,"tipo_dato":"observación"}},{"type":"Feature","geometry":{"type":"Point","coordinates":[-15.583889,27.976667]},"properties":{"fuente":"AEMET","id":"C611E","nombre":"SAN MATEO (CORRAL DE LOS JUNCOS)","fecha_utc":"2026-10-07T16:00:00+00:00","velocidad_kmh":7.2,"racha_kmh":14.8,"direccion_grados":324.0,"direccion_cardinal":"NO","hacia_grados":144.0,"antiguedad_min":41,"temperatura_c":16.4,"humedad_pct":80.0,"regla_30":false,"tipo_dato":"observación"}},{"type":"Feature","geometry":{"type":"Point","coordinates":[-15.598889,28.006944]},"properties":{"fuente":"AEMET","id":"C612F","nombre":"TEJEDA-CRUZ DE TEJEDA","fecha_utc":"2026-10-07T16:00:00+00:00","velocidad_kmh":1.8,"racha_kmh":15.1,"direccion_grados":83.0,"direccion_cardinal":"E","hacia_grados":263.0,"antiguedad_min":41,"temperatura_c":13.6,"humedad_pct":100.0,"regla_30":false,"tipo_dato":"observación"}},{"type":"Feature","geometry":{"type":"Point","coordinates":[-15.615833,27.995]},"properties":{"fuente":"AEMET","id":"C614H","nombre":"TEJEDA CASCO","fecha_utc":"2026-10-07T16:00:00+00:00","velocidad_kmh":6.8,"racha_kmh":18.0,"direccion_grados":260.0,"direccion_cardinal":"O","hacia_grados":80.0,"antiguedad_min":41,"temperatura_c":21.7,"humedad_pct":46.0,"regla_30":false,"tipo_dato":"observación"}},{"type":"Feature","geometry":{"type":"Point","coordinates":[-15.712778,28.101111]},"properties":{"fuente":"AEMET","id":"C619X","nombre":"AGAETE-CASCO","fecha_utc":"2026-10-07T14:00:00+00:00","velocidad_kmh":17.6,"racha_kmh":34.6,"direccion_grados":43.0,"direccion_cardinal":"NE","hacia_grados":223.0,"antiguedad_min":161,"temperatura_c":26.8,"humedad_pct":60.0,"regla_30":false,"tipo_dato":"observación"}},{"type":"Feature","geometry":{"type":"Point","coordinates":[-15.8075,28.001111]},"properties":{"fuente":"AEMET","id":"C619Y","nombre":"LA ALDEA DE SAN NICOLAS","fecha_utc":"2026-10-07T16:00:00+00:00","velocidad_kmh":12.2,"racha_kmh":50.4,"direccion_grados":127.0,"direccion_cardinal":"SE","hacia_grados":307.0,"antiguedad_min":41,"temperatura_c":27.8,"humedad_pct":55.0,"regla_30":false,"tipo_dato":"observación"}},{"type":"Feature","geometry":{"type":"Point","coordinates":[-15.599722,27.926667]},"properties":{"fuente":"AEMET","id":"C623I","nombre":"SAN BARTOLOME TIRAJANA (CUEVAS DEL PINAR)","fecha_utc":"2026-10-07T16:00:00+00:00","velocidad_kmh":7.2,"racha_kmh":18.4,"direccion_grados":237.0,"direccion_cardinal":"OSO","hacia_grados":57.0,"antiguedad_min":41,"temperatura_c":20.4,"humedad_pct":74.0,"regla_30":false,"tipo_dato":"observación"}},{"type":"Feature","geometry":{"type":"Point","coordinates":[-15.645,27.856944]},"properties":{"fuente":"AEMET","id":"C625O","nombre":"SAN BARTOLOME TIRAJANA-LOMO PEDRO ALFONSO","fecha_utc":"2026-10-07T16:00:00+00:00","velocidad_kmh":11.9,"racha_kmh":27.4,"direccion_grados":255.0,"direccion_cardinal":"OSO","hacia_grados":75.0,"antiguedad_min":41,"temperatura_c":21.8,"humedad_pct":74.0,"regla_30":false,"tipo_dato":"observación"}},{"type":"Feature","geometry":{"type":"Point","coordinates":[-15.77,27.908889]},"properties":{"fuente":"AEMET","id":"C628B","nombre":"SAN NICOLAS T.-TASARTE/COPARLITA","fecha_utc":"2026-10-07T16:00:00+00:00","velocidad_kmh":12.2,"racha_kmh":25.6,"direccion_grados":190.0,"direccion_cardinal":"S","hacia_grados":10.0,"antiguedad_min":41,"temperatura_c":25.9,"humedad_pct":63.0,"regla_30":false,"tipo_dato":"observación"}},{"type":"Feature","geometry":{"type":"Point","coordinates":[-15.711111,27.78]},"properties":{"fuente":"AEMET","id":"C629Q","nombre":"MOGAN (PUERTO RICO)","fecha_utc":"2026-10-07T16:00:00+00:00","velocidad_kmh":16.2,"racha_kmh":20.2,"direccion_grados":293.0,"direccion_cardinal":"ONO","hacia_grados":113.0,"antiguedad_min":41,"temperatura_c":26.0,"humedad_pct":71.0,"regla_30":false,"tipo_dato":"observación"}},{"type":"Feature","geometry":{"type":"Point","coordinates":[-15.764167,27.816389]},"properties":{"fuente":"AEMET","id":"C629X","nombre":"PUERTO DE MOGÁN","fecha_utc":"2026-10-07T16:00:00+00:00","velocidad_kmh":18.7,"racha_kmh":27.7,"direccion_grados":283.0,"direccion_cardinal":"ONO","hacia_grados":103.0,"antiguedad_min":41,"temperatura_c":25.5,"humedad_pct":72.0,"regla_30":false,"tipo_dato":"observación"}},{"type":"Feature","geometry":{"type":"Point","coordinates":[-15.574167,27.92]},"properties":{"fuente":"AEMET","id":"C635B","nombre":"SAN BARTOLOME TIRAJANA-H.LAS TIRAJANAS","fecha_utc":"2026-10-07T15:00:00+00:00","velocidad_kmh":6.1,"racha_kmh":15.5,"direccion_grados":87.0,"direccion_cardinal":"E","hacia_grados":267.0,"antiguedad_min":101,"temperatura_c":22.0,"humedad_pct":68.0,"regla_30":false,"tipo_dato":"observación"}},{"type":"Feature","geometry":{"type":"Point","coordinates":[-15.575556,27.758056]},"properties":{"fuente":"AEMET","id":"C639M","nombre":"SAN BARTOLOME TIRAJANA-C.INSULAR TURISMO","fecha_utc":"2026-10-07T16:00:00+00:00","velocidad_kmh":13.0,"racha_kmh":32.0,"direccion_grados":83.0,"direccion_cardinal":"E","hacia_grados":263.0,"antiguedad_min":41,"temperatura_c":26.2,"humedad_pct":62.0,"regla_30":false,"tipo_dato":"observación"}},{"type":"Feature","geometry":{"type":"Point","coordinates":[-15.453056,27.8125]},"properties":{"fuente":"AEMET","id":"C639U","nombre":"SAN BARTOLOME TIRAJANA (EL MATORRAL)","fecha_utc":"2026-10-07T16:00:00+00:00","velocidad_kmh":24.5,"racha_kmh":51.1,"direccion_grados":18.0,"direccion_cardinal":"NNE","hacia_grados":198.0,"antiguedad_min":41,"temperatura_c":25.3,"humedad_pct":63.0,"regla_30":false,"tipo_dato":"observación"}},{"type":"Feature","geometry":{"type":"Point","coordinates":[-15.453889,27.9025]},"properties":{"fuente":"AEMET","id":"C648C","nombre":"AGÜIMES-EL MILANO","fecha_utc":"2026-10-07T15:00:00+00:00","velocidad_kmh":27.4,"racha_kmh":45.0,"direccion_grados":21.0,"direccion_cardinal":"NNE","hacia_grados":201.0,"antiguedad_min":101,"temperatura_c":23.1,"humedad_pct":70.0,"regla_30":false,"tipo_dato":"observación"}},{"type":"Feature","geometry":{"type":"Point","coordinates":[-15.457778,27.9875]},"properties":{"fuente":"AEMET","id":"C648N","nombre":"TELDE-CENTRO FORESTAL DORAMAS","fecha_utc":"2026-10-07T16:00:00+00:00","velocidad_kmh":10.1,"racha_kmh":21.6,"direccion_grados":12.0,"direccion_cardinal":"NNE","hacia_grados":192.0,"antiguedad_min":41,"temperatura_c":21.5,"humedad_pct":77.0,"regla_30":false,"tipo_dato":"observación"}},{"type":"Feature","geometry":{"type":"Point","coordinates":[-15.395303,27.917725]},"properties":{"fuente":"AEMET","id":"C649I","nombre":"LAS PALMAS DE GRAN CANARIA/GANDO","fecha_utc":"2026-10-07T16:00:00+00:00","velocidad_kmh":27.0,"racha_kmh":38.9,"direccion_grados":10.0,"direccion_cardinal":"N","hacia_grados":190.0,"antiguedad_min":41,"temperatura_c":24.8,"humedad_pct":69.0,"regla_30":false,"tipo_dato":"observación"}},{"type":"Feature","geometry":{"type":"Point","coordinates":[-15.377778,27.986667]},"properties":{"fuente":"AEMET","id":"C649R","nombre":"TELDE-MELENARA","fecha_utc":"2026-10-07T16:00:00+00:00","velocidad_kmh":14.4,"racha_kmh":26.3,"direccion_grados":6.0,"direccion_cardinal":"N","hacia_grados":186.0,"antiguedad_min":41,"temperatura_c":25.3,"humedad_pct":63.0,"regla_30":false,"tipo_dato":"observación"}},{"type":"Feature","geometry":{"type":"Point","coordinates":[-15.547222,28.075278]},"properties":{"fuente":"AEMET","id":"C656V","nombre":"TEROR-OSORIO","fecha_utc":"2026-10-07T15:00:00+00:00","velocidad_kmh":7.9,"racha_kmh":16.6,"direccion_grados":6.0,"direccion_cardinal":"N","hacia_grados":186.0,"antiguedad_min":101,"temperatura_c":18.4,"humedad_pct":94.0,"regla_30":false,"tipo_dato":"observación"}},{"type":"Feature","geometry":{"type":"Point","coordinates":[-15.453333,28.078056]},"properties":{"fuente":"AEMET","id":"C658X","nombre":"LAS PALMAS G.C.-TAFIRA/ZURBARÁN","fecha_utc":"2026-10-07T16:00:00+00:00","velocidad_kmh":11.9,"racha_kmh":24.1,"direccion_grados":341.0,"direccion_cardinal":"NNO","hacia_grados":161.0,"antiguedad_min":41,"temperatura_c":23.6,"humedad_pct":73.0,"regla_30":false,"tipo_dato":"observación"}},{"type":"Feature","geometry":{"type":"Point","coordinates":[-15.421389,28.113056]},"properties":{"fuente":"AEMET","id":"C659M","nombre":"LAS PALMAS DE GC. PLAZA · DE LA FERIA","fecha_utc":"2026-10-07T16:00:00+00:00","velocidad_kmh":7.9,"racha_kmh":19.4,"direccion_grados":357.0,"direccion_cardinal":"N","hacia_grados":177.0,"antiguedad_min":41,"temperatura_c":24.9,"humedad_pct":68.0,"regla_30":false,"tipo_dato":"observación"}},{"type":"Feature","geometry":{"type":"Point","coordinates":[-15.565556,28.065556]},"properties":{"fuente":"AEMET","id":"C665T","nombre":"VALLESECO","fecha_utc":"2026-10-07T15:00:00+00:00","velocidad_kmh":7.6,"racha_kmh":16.2,"direccion_grados":356.0,"direccion_cardinal":"N","hacia_grados":176.0,"antiguedad_min":101,"temperatura_c":17.2,"humedad_pct":95.0,"regla_30":false,"tipo_dato":"observación"}},{"type":"Feature","geometry":{"type":"Point","coordinates":[-15.674914,28.094478]},"properties":{"fuente":"AEMET","id":"C668V","nombre":"AGAETE - SUERTE ALTA","fecha_utc":"2026-10-07T15:00:00+00:00","velocidad_kmh":25.9,"racha_kmh":40.7,"direccion_grados":34.0,"direccion_cardinal":"NE","hacia_grados":214.0,"antiguedad_min":101,"temperatura_c":22.3,"humedad_pct":75.0,"regla_30":false,"tipo_dato":"observación"}},{"type":"Feature","geometry":{"type":"Point","coordinates":[-15.506667,28.141667]},"properties":{"fuente":"AEMET","id":"C669B","nombre":"ARUCAS-BAÑADEROS","fecha_utc":"2026-10-07T15:00:00+00:00","velocidad_kmh":9.4,"racha_kmh":16.9,"direccion_grados":20.0,"direccion_cardinal":"NNE","hacia_grados":200.0,"antiguedad_min":101,"temperatura_c":26.8,"humedad_pct":65.0,"regla_30":false,"tipo_dato":"observación"}},{"type":"Feature","geometry":{"type":"Point","coordinates":[-15.595833,27.735833]},"properties":{"fuente":"AEMET","id":"C689E","nombre":"MASPALOMAS","fecha_utc":"2026-10-07T16:00:00+00:00","velocidad_kmh":31.0,"racha_kmh":45.7,"direccion_grados":60.0,"direccion_cardinal":"ENE","hacia_grados":240.0,"antiguedad_min":41,"temperatura_c":25.8,"humedad_pct":62.0,"regla_30":false,"tipo_dato":"observación"}},{"type":"Feature","geometry":{"type":"Point","coordinates":[-13.51021,29.229585]},"properties":{"fuente":"AEMET","id":"C839X","nombre":"TEGUISE LA GRACIOSA-HELIPUERTO","fecha_utc":"2026-10-07T16:00:00+00:00","velocidad_kmh":17.6,"racha_kmh":35.3,"direccion_grados":14.0,"direccion_cardinal":"NNE","hacia_grados":194.0,"antiguedad_min":41,"temperatura_c":25.5,"humedad_pct":59.0,"regla_30":false,"tipo_dato":"observación"}},{"type":"Feature","geometry":{"type":"Point","coordinates":[-17.978056,27.718889]},"properties":{"fuente":"AEMET","id":"C916Q","nombre":"PINAR-DEPÓSITO","fecha_utc":"2026-10-07T15:00:00+00:00","velocidad_kmh":7.6,"racha_kmh":22.7,"direccion_grados":89.0,"direccion_cardinal":"E","hacia_grados":269.0,"antiguedad_min":101,"temperatura_c":20.2,"humedad_pct":71.0,"regla_30":false,"tipo_dato":"observación"}},{"type":"Feature","geometry":{"type":"Point","coordinates":[-18.115,27.725278]},"properties":{"fuente":"AEMET","id":"C917E","nombre":"DEHESA-REFUGIO","fecha_utc":"2026-10-07T16:00:00+00:00","velocidad_kmh":19.1,"racha_kmh":37.1,"direccion_grados":110.0,"direccion_cardinal":"ESE","hacia_grados":290.0,"antiguedad_min":41,"temperatura_c":20.5,"humedad_pct":74.0,"regla_30":false,"tipo_dato":"observación"}},{"type":"Feature","geometry":{"type":"Point","coordinates":[-18.017778,27.666667]},"properties":{"fuente":"AEMET","id":"C919K","nombre":"TACORÓN-LAPILLAS-TORTUGA","fecha_utc":"2026-10-07T16:00:00+00:00","velocidad_kmh":13.0,"racha_kmh":20.2,"direccion_grados":251.0,"direccion_cardinal":"OSO","hacia_grados":71.0,"antiguedad_min":41,"temperatura_c":26.6,"humedad_pct":62.0,"regla_30":false,"tipo_dato":"observación"}},{"type":"Feature","geometry":{"type":"Point","coordinates":[-17.960416,27.768951]},"properties":{"fuente":"AEMET","id":"C925F","nombre":"SAN ANDRÉS-DEPÓSITO CABILDO","fecha_utc":"2026-10-07T13:00:00+00:00","velocidad_kmh":11.2,"racha_kmh":34.2,"direccion_grados":21.0,"direccion_cardinal":"NNE","hacia_grados":201.0,"antiguedad_min":221,"temperatura_c":18.1,"humedad_pct":77.0,"regla_30":false,"tipo_dato":"observación"}},{"type":"Feature","geometry":{"type":"Point","coordinates":[-17.919444,27.810833]},"properties":{"fuente":"AEMET","id":"C928I","nombre":"VALVERDE","fecha_utc":"2026-10-07T15:00:00+00:00","velocidad_kmh":14.8,"racha_kmh":25.6,"direccion_grados":355.0,"direccion_cardinal":"N","hacia_grados":175.0,"antiguedad_min":101,"temperatura_c":19.8,"humedad_pct":82.0,"regla_30":false,"tipo_dato":"observación"}},{"type":"Feature","geometry":{"type":"Point","coordinates":[-17.88889,27.818888]},"properties":{"fuente":"AEMET","id":"C929I","nombre":"EL HIERRO/AEROPUERTO","fecha_utc":"2026-10-07T16:00:00+00:00","velocidad_kmh":23.0,"racha_kmh":29.5,"direccion_grados":10.0,"direccion_cardinal":"N","hacia_grados":190.0,"antiguedad_min":41,"temperatura_c":24.8,"humedad_pct":69.0,"regla_30":false,"tipo_dato":"observación"}},{"type":"Feature","geometry":{"type":"Point","coordinates":[-18.107375,27.756442]},"properties":{"fuente":"AEMET","id":"C939T","nombre":"SABINOSA-BALNEARIO","fecha_utc":"2026-10-07T14:00:00+00:00","velocidad_kmh":14.0,"racha_kmh":22.3,"direccion_grados":58.0,"direccion_cardinal":"ENE","hacia_grados":238.0,"antiguedad_min":161,"temperatura_c":25.3,"humedad_pct":70.0,"regla_30":false,"tipo_dato":"observación"}},{"type":"Feature","geometry":{"type":"Point","coordinates":[-6.472407,42.955269]},"properties":{"fuente":"AEMET","id":"1302F","nombre":"DEGAÑA · COTO CORTÉS","fecha_utc":"2026-10-07T15:00:00+00:00","velocidad_kmh":1.1,"racha_kmh":5.8,"direccion_grados":210.0,"direccion_cardinal":"SSO","hacia_grados":30.0,"antiguedad_min":101,"temperatura_c":10.1,"humedad_pct":97.0,"regla_30":false,"tipo_dato":"observación"}},{"type":"Feature","geometry":{"type":"Point","coordinates":[-2.507534,41.600582]},"properties":{"fuente":"AEMET","id":"2044B","nombre":"LUBIA-CEDER","fecha_utc":"2026-10-07T16:00:00+00:00","velocidad_kmh":15.8,"racha_kmh":28.1,"direccion_grados":286.0,"direccion_cardinal":"ONO","hacia_grados":106.0,"antiguedad_min":41,"temperatura_c":15.2,"humedad_pct":71.0,"regla_30":false,"tipo_dato":"observación"}},{"type":"Feature","geometry":{"type":"Point","coordinates":[-2.292964,41.216473]},"properties":{"fuente":"AEMET","id":"9344C","nombre":"ARCOS DE JALÓN-COEX","fecha_utc":"2026-10-07T12:00:00+00:00","velocidad_kmh":6.5,"racha_kmh":35.3,"direccion_grados":216.0,"direccion_cardinal":"SO","hacia_grados":36.0,"antiguedad_min":281,"temperatura_c":16.9,"humedad_pct":69.0,"regla_30":false,"tipo_dato":"observación"}},{"type":"Feature","geometry":{"type":"Point","coordinates":[-4.796664,38.020835]},"properties":{"fuente":"AEMET","id":"5394X","nombre":"CORDOBA · EMBALSE DE GUADANUÑO","fecha_utc":"2026-10-07T16:00:00+00:00","velocidad_kmh":6.5,"racha_kmh":15.1,"direccion_grados":233.0,"direccion_cardinal":"SO","hacia_grados":53.0,"antiguedad_min":41,"temperatura_c":22.0,"humedad_pct":57.0,"regla_30":false,"tipo_dato":"observación"}},{"type":"Feature","geometry":{"type":"Point","coordinates":[-8.5625,43.34791564941406]},"properties":{"fuente":"Puertos del Estado","id":"1239","nombre":"Boya de Langosteira II","fecha_utc":"2026-10-07T16:00:00+00:00","velocidad_kmh":27.4,"racha_kmh":null,"direccion_grados":1.0,"direccion_cardinal":"N","hacia_grados":181.0,"antiguedad_min":41,"temperatura_c":15.8,"humedad_pct":null,"regla_30":null,"tipo_estacion":"boya","red":"Red costera","tipo_dato":"observación"}},{"type":"Feature","geometry":{"type":"Point","coordinates":[-5.415830135345459,36.06624984741211]},"properties":{"fuente":"Puertos del Estado","id":"1504","nombre":"Boya de Algeciras-Pta. Carnero","fecha_utc":"2026-10-07T16:00:00+00:00","velocidad_kmh":30.6,"racha_kmh":null,"direccion_grados":242.0,"direccion_cardinal":"OSO","hacia_grados":62.0,"antiguedad_min":41,"temperatura_c":22.5,"humedad_pct":null,"regla_30":null,"tipo_estacion":"boya","red":"Red costera","tipo_dato":"observación"}},{"type":"Feature","geometry":{"type":"Point","coordinates":[-0.9782,37.5385]},"properties":{"fuente":"Puertos del Estado","id":"1612","nombre":"Boya de Cartagena","fecha_utc":"2026-10-07T16:00:00+00:00","velocidad_kmh":21.6,"racha_kmh":null,"direccion_grados":238.0,"direccion_cardinal":"OSO","hacia_grados":58.0,"antiguedad_min":41,"temperatura_c":24.9,"humedad_pct":null,"regla_30":null,"tipo_estacion":"boya","red":"Red costera","tipo_dato":"observación"}},{"type":"Feature","geometry":{"type":"Point","coordinates":[-3.03,43.63]},"properties":{"fuente":"Puertos del Estado","id":"2136","nombre":"Boya de Bilbao-Vizcaya","fecha_utc":"2026-10-07T16:00:00+00:00","velocidad_kmh":38.0,"racha_kmh":null,"direccion_grados":329.0,"direccion_cardinal":"NNO","hacia_grados":149.0,"antiguedad_min":41,"temperatura_c":20.2,"humedad_pct":null,"regla_30":null,"tipo_estacion":"boya","red":"Red exterior","tipo_dato":"observación"}},{"type":"Feature","geometry":{"type":"Point","coordinates":[-6.18,43.75]},"properties":{"fuente":"Puertos del Estado","id":"2242","nombre":"Boya de Cabo de Peñas","fecha_utc":"2026-10-07T16:00:00+00:00","velocidad_kmh":16.9,"racha_kmh":null,"direccion_grados":304.0,"direccion_cardinal":"NO","hacia_grados":124.0,"antiguedad_min":41,"temperatura_c":18.4,"humedad_pct":null,"regla_30":null,"tipo_estacion":"boya","red":"Red exterior","tipo_dato":"observación"}},{"type":"Feature","geometry":{"type":"Point","coordinates":[-7.68,44.12]},"properties":{"fuente":"Puertos del Estado","id":"2244","nombre":"Boya de Estaca de Bares","fecha_utc":"2026-10-07T16:00:00+00:00","velocidad_kmh":29.5,"racha_kmh":null,"direccion_grados":250.0,"direccion_cardinal":"OSO","hacia_grados":70.0,"antiguedad_min":41,"temperatura_c":18.4,"humedad_pct":null,"regla_30":null,"tipo_estacion":"boya","red":"Red exterior","tipo_dato":"observación"}},{"type":"Feature","geometry":{"type":"Point","coordinates":[-9.21,43.5]},"properties":{"fuente":"Puertos del Estado","id":"2246","nombre":"Boya de Villano-Sisargas","fecha_utc":"2026-10-07T16:00:00+00:00","velocidad_kmh":27.0,"racha_kmh":null,"direccion_grados":357.0,"direccion_cardinal":"N","hacia_grados":177.0,"antiguedad_min":41,"temperatura_c":17.5,"humedad_pct":null,"regla_30":null,"tipo_estacion":"boya","red":"Red exterior","tipo_dato":"observación"}},{"type":"Feature","geometry":{"type":"Point","coordinates":[-9.43,42.12]},"properties":{"fuente":"Puertos del Estado","id":"2248","nombre":"Boya de Cabo Silleiro","fecha_utc":"2026-10-07T16:00:00+00:00","velocidad_kmh":37.1,"racha_kmh":null,"direccion_grados":0.0,"direccion_cardinal":"N","hacia_grados":180.0,"antiguedad_min":41,"temperatura_c":18.9,"humedad_pct":null,"regla_30":null,"tipo_estacion":"boya","red":"Red exterior","tipo_dato":"observación"}},{"type":"Feature","geometry":{"type":"Point","coordinates":[-6.96,36.49]},"properties":{"fuente":"Puertos del Estado","id":"2342","nombre":"Boya de Golfo de Cádiz","fecha_utc":"2026-10-07T16:00:00+00:00","velocidad_kmh":12.7,"racha_kmh":null,"direccion_grados":242.0,"direccion_cardinal":"OSO","hacia_grados":62.0,"antiguedad_min":41,"temperatura_c":22.3,"humedad_pct":null,"regla_30":null,"tipo_estacion":"boya","red":"Red exterior","tipo_dato":"observación"}},{"type":"Feature","geometry":{"type":"Point","coordinates":[-15.8,28.2]},"properties":{"fuente":"Puertos del Estado","id":"2442","nombre":"Boya de Gran Canaria","fecha_utc":"2026-10-07T16:00:00+00:00","velocidad_kmh":23.6,"racha_kmh":null,"direccion_grados":34.0,"direccion_cardinal":"NE","hacia_grados":214.0,"antiguedad_min":41,"temperatura_c":24.2,"humedad_pct":null,"regla_30":null,"tipo_estacion":"boya","red":"Red exterior","tipo_dato":"observación"}},{"type":"Feature","geometry":{"type":"Point","coordinates":[-16.61,28.0]},"properties":{"fuente":"Puertos del Estado","id":"2446","nombre":"Boya de Tenerife Sur","fecha_utc":"2026-10-07T16:00:00+00:00","velocidad_kmh":29.5,"racha_kmh":null,"direccion_grados":68.0,"direccion_cardinal":"ENE","hacia_grados":248.0,"antiguedad_min":41,"temperatura_c":24.4,"humedad_pct":null,"regla_30":null,"tipo_estacion":"boya","red":"Red exterior","tipo_dato":"observación"}},{"type":"Feature","geometry":{"type":"Point","coordinates":[-2.34,36.57]},"properties":{"fuente":"Puertos del Estado","id":"2548","nombre":"Boya de Cabo de Gata","fecha_utc":"2026-10-07T16:00:00+00:00","velocidad_kmh":25.3,"racha_kmh":null,"direccion_grados":250.0,"direccion_cardinal":"OSO","hacia_grados":70.0,"antiguedad_min":41,"temperatura_c":23.1,"humedad_pct":null,"regla_30":null,"tipo_estacion":"boya","red":"Red exterior","tipo_dato":"observación"}},{"type":"Feature","geometry":{"type":"Point","coordinates":[-0.31,37.65]},"properties":{"fuente":"Puertos del Estado","id":"2610","nombre":"Boya de Cabo de Palos","fecha_utc":"2026-10-07T16:00:00+00:00","velocidad_kmh":21.1,"racha_kmh":null,"direccion_grados":259.0,"direccion_cardinal":"O","hacia_grados":79.0,"antiguedad_min":41,"temperatura_c":24.9,"humedad_pct":null,"regla_30":null,"tipo_estacion":"boya","red":"Red exterior","tipo_dato":"observación"}},{"type":"Feature","geometry":{"type":"Point","coordinates":[0.2,39.51]},"properties":{"fuente":"Puertos del Estado","id":"2630","nombre":"Boya de Valencia","fecha_utc":"2026-10-07T16:00:00+00:00","velocidad_kmh":24.5,"racha_kmh":null,"direccion_grados":219.0,"direccion_cardinal":"SO","hacia_grados":39.0,"antiguedad_min":41,"temperatura_c":26.7,"humedad_pct":null,"regla_30":null,"tipo_estacion":"boya","red":"Red exterior","tipo_dato":"observación"}},{"type":"Feature","geometry":{"type":"Point","coordinates":[1.47,40.69]},"properties":{"fuente":"Puertos del Estado","id":"2720","nombre":"Boya de Tarragona","fecha_utc":"2026-10-07T16:00:00+00:00","velocidad_kmh":14.3,"racha_kmh":null,"direccion_grados":211.0,"direccion_cardinal":"SSO","hacia_grados":31.0,"antiguedad_min":41,"temperatura_c":25.0,"humedad_pct":null,"regla_30":null,"tipo_estacion":"boya","red":"Red exterior","tipo_dato":"observación"}},{"type":"Feature","geometry":{"type":"Point","coordinates":[3.65,41.9]},"properties":{"fuente":"Puertos del Estado","id":"2798","nombre":"Boya de Cabo Begur","fecha_utc":"2026-10-07T16:00:00+00:00","velocidad_kmh":25.3,"racha_kmh":null,"direccion_grados":180.0,"direccion_cardinal":"S","hacia_grados":0.0,"antiguedad_min":41,"temperatura_c":22.9,"humedad_pct":null,"regla_30":null,"tipo_estacion":"boya","red":"Red exterior","tipo_dato":"observación"}},{"type":"Feature","geometry":{"type":"Point","coordinates":[2.0966999530792236,39.56330108642578]},"properties":{"fuente":"Puertos del Estado","id":"2820","nombre":"Boya de Dragonera","fecha_utc":"2026-10-07T16:00:00+00:00","velocidad_kmh":8.4,"racha_kmh":null,"direccion_grados":203.0,"direccion_cardinal":"SSO","hacia_grados":23.0,"antiguedad_min":41,"temperatura_c":25.1,"humedad_pct":null,"regla_30":null,"tipo_estacion":"boya","red":"Red exterior","tipo_dato":"observación"}},{"type":"Feature","geometry":{"type":"Point","coordinates":[4.42,39.71]},"properties":{"fuente":"Puertos del Estado","id":"2838","nombre":"Boya de Mahón","fecha_utc":"2026-10-07T16:00:00+00:00","velocidad_kmh":21.1,"racha_kmh":null,"direccion_grados":203.0,"direccion_cardinal":"SSO","hacia_grados":23.0,"antiguedad_min":41,"temperatura_c":25.1,"humedad_pct":null,"regla_30":null,"tipo_estacion":"boya","red":"Red exterior","tipo_dato":"observación"}},{"type":"Feature","geometry":{"type":"Point","coordinates":[-5.69835,43.55803]},"properties":{"fuente":"Puertos del Estado","id":"3108","nombre":"Mareógrafo de Gijón 2","fecha_utc":"2026-10-07T16:40:00+00:00","velocidad_kmh":3.6,"racha_kmh":5.8,"direccion_grados":229.0,"direccion_cardinal":"SO","hacia_grados":49.0,"antiguedad_min":1,"temperatura_c":null,"humedad_pct":null,"regla_30":null,"tipo_estacion":"mareógrafo","red":"Mareografos","tipo_dato":"observación"}},{"type":"Feature","geometry":{"type":"Point","coordinates":[-1.923251986503601,43.32317352294922]},"properties":{"fuente":"Puertos del Estado","id":"3115","nombre":"Mareógrafo de Pasaia","fecha_utc":"2026-10-07T16:40:00+00:00","velocidad_kmh":6.8,"racha_kmh":14.0,"direccion_grados":14.0,"direccion_cardinal":"NNE","hacia_grados":194.0,"antiguedad_min":1,"temperatura_c":null,"humedad_pct":null,"regla_30":null,"tipo_estacion":"mareógrafo","red":"Mareografos","tipo_dato":"observación"}},{"type":"Feature","geometry":{"type":"Point","coordinates":[-7.460933208465576,43.709041595458984]},"properties":{"fuente":"Puertos del Estado","id":"3210","nombre":"Mareógrafo de San Cibrao","fecha_utc":"2026-10-07T16:40:00+00:00","velocidad_kmh":9.4,"racha_kmh":18.4,"direccion_grados":345.0,"direccion_cardinal":"NNO","hacia_grados":165.0,"antiguedad_min":1,"temperatura_c":null,"humedad_pct":null,"regla_30":null,"tipo_estacion":"mareógrafo","red":"Mareografos","tipo_dato":"observación"}},{"type":"Feature","geometry":{"type":"Point","coordinates":[-8.32582,43.46285]},"properties":{"fuente":"Puertos del Estado","id":"3215","nombre":"Mareógrafo de Ferrol 1","fecha_utc":"2026-10-07T16:40:00+00:00","velocidad_kmh":9.7,"racha_kmh":14.0,"direccion_grados":41.0,"direccion_cardinal":"NE","hacia_grados":221.0,"antiguedad_min":1,"temperatura_c":null,"humedad_pct":null,"regla_30":null,"tipo_estacion":"mareógrafo","red":"Mareografos","tipo_dato":"observación"}},{"type":"Feature","geometry":{"type":"Point","coordinates":[-8.77003,42.60071]},"properties":{"fuente":"Puertos del Estado","id":"3220","nombre":"Mareógrafo de Villagarcía 2","fecha_utc":"2026-10-07T16:40:00+00:00","velocidad_kmh":27.0,"racha_kmh":40.0,"direccion_grados":22.0,"direccion_cardinal":"NNE","hacia_grados":202.0,"antiguedad_min":1,"temperatura_c":null,"humedad_pct":null,"regla_30":null,"tipo_estacion":"mareógrafo","red":"Mareografos","tipo_dato":"observación"}},{"type":"Feature","geometry":{"type":"Point","coordinates":[-8.726,42.24311447143555]},"properties":{"fuente":"Puertos del Estado","id":"3221","nombre":"Mareógrafo de Vigo 2","fecha_utc":"2026-10-07T16:41:00+00:00","velocidad_kmh":24.8,"racha_kmh":28.8,"direccion_grados":37.0,"direccion_cardinal":"NE","hacia_grados":217.0,"antiguedad_min":0,"temperatura_c":null,"humedad_pct":null,"regla_30":null,"tipo_estacion":"mareógrafo","red":"Mareografos","tipo_dato":"observación"}},{"type":"Feature","geometry":{"type":"Point","coordinates":[-8.69108,42.40612]},"properties":{"fuente":"Puertos del Estado","id":"3223","nombre":"Mareógrafo de Marín","fecha_utc":"2026-10-07T16:40:00+00:00","velocidad_kmh":18.0,"racha_kmh":23.0,"direccion_grados":4.0,"direccion_cardinal":"N","hacia_grados":184.0,"antiguedad_min":1,"temperatura_c":null,"humedad_pct":null,"regla_30":null,"tipo_estacion":"mareógrafo","red":"Mareografos","tipo_dato":"observación"}},{"type":"Feature","geometry":{"type":"Point","coordinates":[-6.83369,37.13202]},"properties":{"fuente":"Puertos del Estado","id":"3329","nombre":"Mareógrafo de Huelva 5","fecha_utc":"2026-10-07T16:40:00+00:00","velocidad_kmh":23.0,"racha_kmh":29.9,"direccion_grados":224.0,"direccion_cardinal":"SO","hacia_grados":44.0,"antiguedad_min":1,"temperatura_c":null,"humedad_pct":null,"regla_30":null,"tipo_estacion":"mareógrafo","red":"Mareografos","tipo_dato":"observación"}},{"type":"Feature","geometry":{"type":"Point","coordinates":[-6.33813,36.80221]},"properties":{"fuente":"Puertos del Estado","id":"3333","nombre":"Mareógrafo de Bonanza 2","fecha_utc":"2026-10-07T16:40:00+00:00","velocidad_kmh":34.6,"racha_kmh":38.2,"direccion_grados":232.0,"direccion_cardinal":"SO","hacia_grados":52.0,"antiguedad_min":1,"temperatura_c":null,"humedad_pct":null,"regla_30":null,"tipo_estacion":"mareógrafo","red":"Mareografos","tipo_dato":"observación"}},{"type":"Feature","geometry":{"type":"Point","coordinates":[-6.273617,36.911783]},"properties":{"fuente":"Puertos del Estado","id":"3334","nombre":"Mareógrafo de Guadalquivir-Puntal","fecha_utc":"2026-10-07T16:40:00+00:00","velocidad_kmh":30.6,"racha_kmh":null,"direccion_grados":212.0,"direccion_cardinal":"SSO","hacia_grados":32.0,"antiguedad_min":1,"temperatura_c":null,"humedad_pct":null,"regla_30":null,"tipo_estacion":"mareógrafo","red":"Mareografos","tipo_dato":"observación"}},{"type":"Feature","geometry":{"type":"Point","coordinates":[-6.084003,37.096783]},"properties":{"fuente":"Puertos del Estado","id":"3335","nombre":"Mareógrafo de Guadalquivir-Caseta","fecha_utc":"2026-10-07T16:40:00+00:00","velocidad_kmh":22.7,"racha_kmh":null,"direccion_grados":239.0,"direccion_cardinal":"OSO","hacia_grados":59.0,"antiguedad_min":1,"temperatura_c":null,"humedad_pct":null,"regla_30":null,"tipo_estacion":"mareógrafo","red":"Mareografos","tipo_dato":"observación"}},{"type":"Feature","geometry":{"type":"Point","coordinates":[-6.00772,37.31849]},"properties":{"fuente":"Puertos del Estado","id":"3337","nombre":"Mareógrafo de Sevilla 2","fecha_utc":"2026-10-07T16:40:00+00:00","velocidad_kmh":13.0,"racha_kmh":null,"direccion_grados":201.0,"direccion_cardinal":"SSO","hacia_grados":21.0,"antiguedad_min":1,"temperatura_c":null,"humedad_pct":null,"regla_30":null,"tipo_estacion":"mareógrafo","red":"Mareografos","tipo_dato":"observación"}},{"type":"Feature","geometry":{"type":"Point","coordinates":[-15.41181,28.14056]},"properties":{"fuente":"Puertos del Estado","id":"3450","nombre":"Mareógrafo de Las Palmas 2","fecha_utc":"2026-10-07T16:40:00+00:00","velocidad_kmh":18.4,"racha_kmh":25.2,"direccion_grados":29.0,"direccion_cardinal":"NNE","hacia_grados":209.0,"antiguedad_min":1,"temperatura_c":null,"humedad_pct":null,"regla_30":null,"tipo_estacion":"mareógrafo","red":"Mareografos","tipo_dato":"observación"}},{"type":"Feature","geometry":{"type":"Point","coordinates":[-13.85822,28.49251]},"properties":{"fuente":"Puertos del Estado","id":"3469","nombre":"Mareógrafo de Fuerteventura 2","fecha_utc":"2026-10-07T16:40:00+00:00","velocidad_kmh":18.0,"racha_kmh":23.8,"direccion_grados":47.0,"direccion_cardinal":"NE","hacia_grados":227.0,"antiguedad_min":1,"temperatura_c":null,"humedad_pct":null,"regla_30":null,"tipo_estacion":"mareógrafo","red":"Mareografos","tipo_dato":"observación"}},{"type":"Feature","geometry":{"type":"Point","coordinates":[-13.53006,28.97188]},"properties":{"fuente":"Puertos del Estado","id":"3470","nombre":"Mareógrafo de Lanzarote-Arrecife","fecha_utc":"2026-10-07T16:40:00+00:00","velocidad_kmh":11.5,"racha_kmh":23.8,"direccion_grados":35.0,"direccion_cardinal":"NE","hacia_grados":215.0,"antiguedad_min":1,"temperatura_c":null,"humedad_pct":null,"regla_30":null,"tipo_estacion":"mareógrafo","red":"Mareografos","tipo_dato":"observación"}},{"type":"Feature","geometry":{"type":"Point","coordinates":[-5.39838,36.177]},"properties":{"fuente":"Puertos del Estado","id":"3541","nombre":"Mareógrafo de Algeciras","fecha_utc":"2026-10-07T16:36:00+00:00","velocidad_kmh":14.4,"racha_kmh":27.4,"direccion_grados":231.0,"direccion_cardinal":"SO","hacia_grados":51.0,"antiguedad_min":5,"temperatura_c":null,"humedad_pct":null,"regla_30":null,"tipo_estacion":"mareógrafo","red":"Mareografos","tipo_dato":"observación"}},{"type":"Feature","geometry":{"type":"Point","coordinates":[-3.5236,36.72024]},"properties":{"fuente":"Puertos del Estado","id":"3543","nombre":"Mareógrafo de Motril 2","fecha_utc":"2026-10-07T16:40:00+00:00","velocidad_kmh":23.4,"racha_kmh":33.5,"direccion_grados":261.0,"direccion_cardinal":"O","hacia_grados":81.0,"antiguedad_min":1,"temperatura_c":null,"humedad_pct":null,"regla_30":null,"tipo_estacion":"mareógrafo","red":"Mareografos","tipo_dato":"observación"}},{"type":"Feature","geometry":{"type":"Point","coordinates":[-2.47835,36.83002]},"properties":{"fuente":"Puertos del Estado","id":"3545","nombre":"Mareógrafo de Almería","fecha_utc":"2026-10-07T16:40:00+00:00","velocidad_kmh":42.8,"racha_kmh":47.5,"direccion_grados":244.0,"direccion_cardinal":"OSO","hacia_grados":64.0,"antiguedad_min":1,"temperatura_c":null,"humedad_pct":null,"regla_30":null,"tipo_estacion":"mareógrafo","red":"Mareografos","tipo_dato":"observación"}},{"type":"Feature","geometry":{"type":"Point","coordinates":[-1.89959,36.9743]},"properties":{"fuente":"Puertos del Estado","id":"3547","nombre":"Mareógrafo de Carboneras","fecha_utc":"2026-10-07T16:39:00+00:00","velocidad_kmh":12.6,"racha_kmh":20.2,"direccion_grados":264.0,"direccion_cardinal":"O","hacia_grados":84.0,"antiguedad_min":2,"temperatura_c":null,"humedad_pct":null,"regla_30":null,"tipo_estacion":"mareógrafo","red":"Mareografos","tipo_dato":"observación"}},{"type":"Feature","geometry":{"type":"Point","coordinates":[-2.4809,36.8319]},"properties":{"fuente":"Puertos del Estado","id":"3548","nombre":"Mareógrafo de Almería 2","fecha_utc":"2026-10-07T16:41:00+00:00","velocidad_kmh":29.2,"racha_kmh":35.3,"direccion_grados":243.0,"direccion_cardinal":"OSO","hacia_grados":63.0,"antiguedad_min":0,"temperatura_c":null,"humedad_pct":null,"regla_30":null,"tipo_estacion":"mareógrafo","red":"Mareografos","tipo_dato":"observación"}},{"type":"Feature","geometry":{"type":"Point","coordinates":[1.21325,41.07897]},"properties":{"fuente":"Puertos del Estado","id":"3756","nombre":"Mareógrafo de Tarragona","fecha_utc":"2026-10-07T16:33:00+00:00","velocidad_kmh":25.2,"racha_kmh":27.4,"direccion_grados":268.0,"direccion_cardinal":"O","hacia_grados":88.0,"antiguedad_min":8,"temperatura_c":null,"humedad_pct":null,"regla_30":null,"tipo_estacion":"mareógrafo","red":"Mareografos","tipo_dato":"observación"}},{"type":"Feature","geometry":{"type":"Point","coordinates":[2.63748,39.56015]},"properties":{"fuente":"Puertos del Estado","id":"3851","nombre":"Mareógrafo de Palma de Mallorca","fecha_utc":"2026-10-07T16:40:00+00:00","velocidad_kmh":13.3,"racha_kmh":14.8,"direccion_grados":226.0,"direccion_cardinal":"SO","hacia_grados":46.0,"antiguedad_min":1,"temperatura_c":null,"humedad_pct":null,"regla_30":null,"tipo_estacion":"mareógrafo","red":"Mareografos","tipo_dato":"observación"}},{"type":"Feature","geometry":{"type":"Point","coordinates":[3.13898,39.83456]},"properties":{"fuente":"Puertos del Estado","id":"3853","nombre":"Mareógrafo de Alcudia","fecha_utc":"2026-10-07T16:40:00+00:00","velocidad_kmh":18.4,"racha_kmh":21.2,"direccion_grados":194.0,"direccion_cardinal":"SSO","hacia_grados":14.0,"antiguedad_min":1,"temperatura_c":null,"humedad_pct":null,"regla_30":null,"tipo_estacion":"mareógrafo","red":"Mareografos","tipo_dato":"observación"}},{"type":"Feature","geometry":{"type":"Point","coordinates":[1.41903,38.73466]},"properties":{"fuente":"Puertos del Estado","id":"3855","nombre":"Mareógrafo de Formentera","fecha_utc":"2026-10-07T16:40:00+00:00","velocidad_kmh":5.4,"racha_kmh":10.1,"direccion_grados":237.0,"direccion_cardinal":"OSO","hacia_grados":57.0,"antiguedad_min":1,"temperatura_c":null,"humedad_pct":null,"regla_30":null,"tipo_estacion":"mareógrafo","red":"Mareografos","tipo_dato":"observación"}},{"type":"Feature","geometry":{"type":"Point","coordinates":[1.44984,38.91123]},"properties":{"fuente":"Puertos del Estado","id":"3856","nombre":"Mareógrafo de Ibiza 2","fecha_utc":"2026-10-07T16:40:00+00:00","velocidad_kmh":16.2,"racha_kmh":21.6,"direccion_grados":221.0,"direccion_cardinal":"SO","hacia_grados":41.0,"antiguedad_min":1,"temperatura_c":null,"humedad_pct":null,"regla_30":null,"tipo_estacion":"mareógrafo","red":"Mareografos","tipo_dato":"observación"}},{"type":"Feature","geometry":{"type":"Point","coordinates":[4.27056,39.89304]},"properties":{"fuente":"Puertos del Estado","id":"3860","nombre":"Mareógrafo de Mahón","fecha_utc":"2026-10-07T16:40:00+00:00","velocidad_kmh":2.9,"racha_kmh":8.3,"direccion_grados":294.0,"direccion_cardinal":"ONO","hacia_grados":114.0,"antiguedad_min":1,"temperatura_c":null,"humedad_pct":null,"regla_30":null,"tipo_estacion":"mareógrafo","red":"Mareografos","tipo_dato":"observación"}},{"type":"Feature","geometry":{"type":"Point","coordinates":[-3.0309957,43.3396053]},"properties":{"fuente":"Puertos del Estado","id":"4132","nombre":"Estación Meteorológica de Bilbao Espigón 2 (APB-5)","fecha_utc":"2026-10-07T16:10:00+00:00","velocidad_kmh":18.7,"racha_kmh":34.9,"direccion_grados":312.0,"direccion_cardinal":"NO","hacia_grados":132.0,"antiguedad_min":31,"temperatura_c":18.7,"humedad_pct":null,"regla_30":null,"tipo_estacion":"estación de puerto","red":"Estaciones meteorologicas","tipo_dato":"observación"}},{"type":"Feature","geometry":{"type":"Point","coordinates":[-3.0324419,43.3421524]},"properties":{"fuente":"Puertos del Estado","id":"4133","nombre":"Estación Meteorológica de Bilbao Muelle Princesa (APB-4)","fecha_utc":"2026-10-07T16:10:00+00:00","velocidad_kmh":18.4,"racha_kmh":28.4,"direccion_grados":351.0,"direccion_cardinal":"N","hacia_grados":171.0,"antiguedad_min":31,"temperatura_c":16.9,"humedad_pct":null,"regla_30":null,"tipo_estacion":"estación de puerto","red":"Estaciones meteorologicas","tipo_dato":"observación"}},{"type":"Feature","geometry":{"type":"Point","coordinates":[-3.0402515,43.3495866]},"properties":{"fuente":"Puertos del Estado","id":"4134","nombre":"Estación Meteorológica de Bilbao Contradique (APB-3)","fecha_utc":"2026-10-07T15:00:00+00:00","velocidad_kmh":18.4,"racha_kmh":34.9,"direccion_grados":321.0,"direccion_cardinal":"NO","hacia_grados":141.0,"antiguedad_min":101,"temperatura_c":18.2,"humedad_pct":null,"regla_30":null,"tipo_estacion":"estación de puerto","red":"Estaciones meteorologicas","tipo_dato":"observación"}},{"type":"Feature","geometry":{"type":"Point","coordinates":[-3.0536793,43.3466938]},"properties":{"fuente":"Puertos del Estado","id":"4135","nombre":"Estación Meteorológica de Bilbao Muelle A-2 (APB-1)","fecha_utc":"2026-10-07T16:10:00+00:00","velocidad_kmh":18.0,"racha_kmh":47.2,"direccion_grados":307.0,"direccion_cardinal":"NO","hacia_grados":127.0,"antiguedad_min":31,"temperatura_c":17.7,"humedad_pct":null,"regla_30":null,"tipo_estacion":"estación de puerto","red":"Estaciones meteorologicas","tipo_dato":"observación"}},{"type":"Feature","geometry":{"type":"Point","coordinates":[-3.0540499687194824,43.3578122]},"properties":{"fuente":"Puertos del Estado","id":"4136","nombre":"Estación Meteorológica de Bilbao Muelle AZ-1 (APB-2)","fecha_utc":"2026-10-07T16:10:00+00:00","velocidad_kmh":19.8,"racha_kmh":37.4,"direccion_grados":309.0,"direccion_cardinal":"NO","hacia_grados":129.0,"antiguedad_min":31,"temperatura_c":17.1,"humedad_pct":null,"regla_30":null,"tipo_estacion":"estación de puerto","red":"Estaciones meteorologicas","tipo_dato":"observación"}},{"type":"Feature","geometry":{"type":"Point","coordinates":[-5.92243,43.56896]},"properties":{"fuente":"Puertos del Estado","id":"4171","nombre":"Estación Meteorológica Conde Guadalhorce","fecha_utc":"2026-10-07T16:00:00+00:00","velocidad_kmh":9.0,"racha_kmh":null,"direccion_grados":138.0,"direccion_cardinal":"SE","hacia_grados":318.0,"antiguedad_min":41,"temperatura_c":null,"humedad_pct":null,"regla_30":null,"tipo_estacion":"estación de puerto","red":"Estaciones meteorologicas","tipo_dato":"observación"}},{"type":"Feature","geometry":{"type":"Point","coordinates":[-5.92519,43.59245]},"properties":{"fuente":"Puertos del Estado","id":"4172","nombre":"Estación Meteorológica de Astillero","fecha_utc":"2026-10-07T16:00:00+00:00","velocidad_kmh":6.5,"racha_kmh":null,"direccion_grados":22.0,"direccion_cardinal":"NNE","hacia_grados":202.0,"antiguedad_min":41,"temperatura_c":null,"humedad_pct":null,"regla_30":null,"tipo_estacion":"estación de puerto","red":"Estaciones meteorologicas","tipo_dato":"observación"}},{"type":"Feature","geometry":{"type":"Point","coordinates":[-5.92151,43.56186]},"properties":{"fuente":"Puertos del Estado","id":"4173","nombre":"Estación Meteorológica del Pto. Deportivo","fecha_utc":"2026-10-07T16:15:00+00:00","velocidad_kmh":4.0,"racha_kmh":null,"direccion_grados":294.0,"direccion_cardinal":"ONO","hacia_grados":114.0,"antiguedad_min":26,"temperatura_c":null,"humedad_pct":null,"regla_30":null,"tipo_estacion":"estación de puerto","red":"Estaciones meteorologicas","tipo_dato":"observación"}},{"type":"Feature","geometry":{"type":"Point","coordinates":[-5.92295,43.57771]},"properties":{"fuente":"Puertos del Estado","id":"4174","nombre":"Estación Meteorológica de Raíces","fecha_utc":"2026-10-07T15:00:00+00:00","velocidad_kmh":5.4,"racha_kmh":null,"direccion_grados":290.0,"direccion_cardinal":"ONO","hacia_grados":110.0,"antiguedad_min":101,"temperatura_c":null,"humedad_pct":null,"regla_30":null,"tipo_estacion":"estación de puerto","red":"Estaciones meteorologicas","tipo_dato":"observación"}},{"type":"Feature","geometry":{"type":"Point","coordinates":[-5.94461,43.59584]},"properties":{"fuente":"Puertos del Estado","id":"4175","nombre":"Estación Meteorológica Faro de San Juan","fecha_utc":"2026-10-07T16:00:00+00:00","velocidad_kmh":7.2,"racha_kmh":null,"direccion_grados":277.0,"direccion_cardinal":"O","hacia_grados":97.0,"antiguedad_min":41,"temperatura_c":null,"humedad_pct":null,"regla_30":null,"tipo_estacion":"estación de puerto","red":"Estaciones meteorologicas","tipo_dato":"observación"}},{"type":"Feature","geometry":{"type":"Point","coordinates":[-5.92437,43.58859]},"properties":{"fuente":"Puertos del Estado","id":"4176","nombre":"Estación Meteorológica Dársena de San Juan","fecha_utc":"2026-10-07T16:00:00+00:00","velocidad_kmh":2.9,"racha_kmh":null,"direccion_grados":275.0,"direccion_cardinal":"O","hacia_grados":95.0,"antiguedad_min":41,"temperatura_c":null,"humedad_pct":null,"regla_30":null,"tipo_estacion":"estación de puerto","red":"Estaciones meteorologicas","tipo_dato":"observación"}},{"type":"Feature","geometry":{"type":"Point","coordinates":[-5.9203,43.57839]},"properties":{"fuente":"Puertos del Estado","id":"4177","nombre":"Estación Meteorológica Valliniello Norte","fecha_utc":"2026-10-07T16:15:00+00:00","velocidad_kmh":11.5,"racha_kmh":null,"direccion_grados":273.0,"direccion_cardinal":"O","hacia_grados":93.0,"antiguedad_min":26,"temperatura_c":null,"humedad_pct":null,"regla_30":null,"tipo_estacion":"estación de puerto","red":"Estaciones meteorologicas","tipo_dato":"observación"}},{"type":"Feature","geometry":{"type":"Point","coordinates":[-5.91918,43.56944]},"properties":{"fuente":"Puertos del Estado","id":"4178","nombre":"Estación Meteorológica Valliniello Sur","fecha_utc":"2026-10-07T16:15:00+00:00","velocidad_kmh":6.5,"racha_kmh":null,"direccion_grados":182.0,"direccion_cardinal":"S","hacia_grados":2.0,"antiguedad_min":26,"temperatura_c":null,"humedad_pct":null,"regla_30":null,"tipo_estacion":"estación de puerto","red":"Estaciones meteorologicas","tipo_dato":"observación"}},{"type":"Feature","geometry":{"type":"Point","coordinates":[-8.244282722473145,43.47591781616211]},"properties":{"fuente":"Puertos del Estado","id":"4241","nombre":"Estación Meteorológica CCS Curuxeiras","fecha_utc":"2026-10-07T16:30:00+00:00","velocidad_kmh":13.7,"racha_kmh":162.7,"direccion_grados":6.0,"direccion_cardinal":"N","hacia_grados":186.0,"antiguedad_min":11,"temperatura_c":17.7,"humedad_pct":null,"regla_30":null,"tipo_estacion":"estación de puerto","red":"Estaciones meteorologicas","tipo_dato":"observación"}},{"type":"Feature","geometry":{"type":"Point","coordinates":[-8.247320175170898,43.48298263549805]},"properties":{"fuente":"Puertos del Estado","id":"4242","nombre":"Estación Meteorológica Casa del Mar","fecha_utc":"2026-10-07T16:30:00+00:00","velocidad_kmh":12.6,"racha_kmh":25.2,"direccion_grados":20.0,"direccion_cardinal":"NNE","hacia_grados":200.0,"antiguedad_min":11,"temperatura_c":17.5,"humedad_pct":null,"regla_30":null,"tipo_estacion":"estación de puerto","red":"Estaciones meteorologicas","tipo_dato":"observación"}},{"type":"Feature","geometry":{"type":"Point","coordinates":[-8.32057,43.468]},"properties":{"fuente":"Puertos del Estado","id":"4243","nombre":"Estación Meteorológica del Puerto Exterior","fecha_utc":"2026-10-07T16:30:00+00:00","velocidad_kmh":7.6,"racha_kmh":21.2,"direccion_grados":71.0,"direccion_cardinal":"ENE","hacia_grados":251.0,"antiguedad_min":11,"temperatura_c":24.6,"humedad_pct":null,"regla_30":null,"tipo_estacion":"estación de puerto","red":"Estaciones meteorologicas","tipo_dato":"observación"}},{"type":"Feature","geometry":{"type":"Point","coordinates":[-8.66422,42.4092]},"properties":{"fuente":"Puertos del Estado","id":"4271","nombre":"Estación Meteorológica de Lourizán","fecha_utc":"2026-10-07T16:30:00+00:00","velocidad_kmh":2.9,"racha_kmh":9.4,"direccion_grados":215.0,"direccion_cardinal":"SO","hacia_grados":35.0,"antiguedad_min":11,"temperatura_c":20.2,"humedad_pct":null,"regla_30":null,"tipo_estacion":"estación de puerto","red":"Estaciones meteorologicas","tipo_dato":"observación"}},{"type":"Feature","geometry":{"type":"Point","coordinates":[-8.93619,42.3821]},"properties":{"fuente":"Puertos del Estado","id":"4272","nombre":"Estación Meteorológica de Ons","fecha_utc":"2026-10-07T16:30:00+00:00","velocidad_kmh":20.2,"racha_kmh":31.0,"direccion_grados":7.0,"direccion_cardinal":"N","hacia_grados":187.0,"antiguedad_min":11,"temperatura_c":18.9,"humedad_pct":null,"regla_30":null,"tipo_estacion":"estación de puerto","red":"Estaciones meteorologicas","tipo_dato":"observación"}},{"type":"Feature","geometry":{"type":"Point","coordinates":[-8.8338,42.3396]},"properties":{"fuente":"Puertos del Estado","id":"4273","nombre":"Estación Meteorológica de Cabo Udra","fecha_utc":"2026-10-07T16:30:00+00:00","velocidad_kmh":27.4,"racha_kmh":34.9,"direccion_grados":26.0,"direccion_cardinal":"NNE","hacia_grados":206.0,"antiguedad_min":11,"temperatura_c":19.5,"humedad_pct":null,"regla_30":null,"tipo_estacion":"estación de puerto","red":"Estaciones meteorologicas","tipo_dato":"observación"}},{"type":"Feature","geometry":{"type":"Point","coordinates":[-5.42805,36.1475]},"properties":{"fuente":"Puertos del Estado","id":"4380","nombre":"Estación Meteorológica Morro de dique de Abrigo","fecha_utc":"2026-10-07T16:30:00+00:00","velocidad_kmh":18.0,"racha_kmh":29.5,"direccion_grados":273.0,"direccion_cardinal":"O","hacia_grados":93.0,"antiguedad_min":11,"temperatura_c":null,"humedad_pct":null,"regla_30":null,"tipo_estacion":"estación de puerto","red":"Estaciones meteorologicas","tipo_dato":"observación"}},{"type":"Feature","geometry":{"type":"Point","coordinates":[-5.436699867248535,36.13199996948242]},"properties":{"fuente":"Puertos del Estado","id":"4381","nombre":"Estación Meteorológica Atraques Galera","fecha_utc":"2026-10-07T12:50:00+00:00","velocidad_kmh":8.3,"racha_kmh":16.2,"direccion_grados":211.0,"direccion_cardinal":"SSO","hacia_grados":31.0,"antiguedad_min":231,"temperatura_c":null,"humedad_pct":null,"regla_30":null,"tipo_estacion":"estación de puerto","red":"Estaciones meteorologicas","tipo_dato":"observación"}},{"type":"Feature","geometry":{"type":"Point","coordinates":[-5.4305,36.136]},"properties":{"fuente":"Puertos del Estado","id":"4391","nombre":"Est. Meteorológica de Dique de Abrigo","fecha_utc":"2026-10-07T16:30:00+00:00","velocidad_kmh":17.6,"racha_kmh":29.5,"direccion_grados":254.0,"direccion_cardinal":"OSO","hacia_grados":74.0,"antiguedad_min":11,"temperatura_c":25.1,"humedad_pct":null,"regla_30":null,"tipo_estacion":"estación de puerto","red":"Estaciones meteorologicas","tipo_dato":"observación"}},{"type":"Feature","geometry":{"type":"Point","coordinates":[-5.4262,36.07714]},"properties":{"fuente":"Puertos del Estado","id":"4392","nombre":"Est. Meteorológica de Pta. Carnero","fecha_utc":"2026-10-07T16:30:00+00:00","velocidad_kmh":6.5,"racha_kmh":16.9,"direccion_grados":252.0,"direccion_cardinal":"OSO","hacia_grados":72.0,"antiguedad_min":11,"temperatura_c":null,"humedad_pct":null,"regla_30":null,"tipo_estacion":"estación de puerto","red":"Estaciones meteorologicas","tipo_dato":"observación"}},{"type":"Feature","geometry":{"type":"Point","coordinates":[-5.41754,36.11665]},"properties":{"fuente":"Puertos del Estado","id":"4395","nombre":"Estación Meteorológica de Dique Exento-Sur","fecha_utc":"2026-10-07T16:30:00+00:00","velocidad_kmh":24.5,"racha_kmh":33.5,"direccion_grados":272.0,"direccion_cardinal":"O","hacia_grados":92.0,"antiguedad_min":11,"temperatura_c":null,"humedad_pct":null,"regla_30":null,"tipo_estacion":"estación de puerto","red":"Estaciones meteorologicas","tipo_dato":"observación"}},{"type":"Feature","geometry":{"type":"Point","coordinates":[-5.3811,36.1725]},"properties":{"fuente":"Puertos del Estado","id":"4396","nombre":"Estación Meteorológica de Campamento","fecha_utc":"2026-10-07T16:20:00+00:00","velocidad_kmh":28.8,"racha_kmh":36.4,"direccion_grados":254.0,"direccion_cardinal":"OSO","hacia_grados":74.0,"antiguedad_min":21,"temperatura_c":null,"humedad_pct":null,"regla_30":null,"tipo_estacion":"estación de puerto","red":"Estaciones meteorologicas","tipo_dato":"observación"}},{"type":"Feature","geometry":{"type":"Point","coordinates":[-5.4197,36.173]},"properties":{"fuente":"Puertos del Estado","id":"4397","nombre":"Estación Meteorológica Endesa","fecha_utc":"2026-10-07T16:20:00+00:00","velocidad_kmh":23.4,"racha_kmh":34.2,"direccion_grados":283.0,"direccion_cardinal":"ONO","hacia_grados":103.0,"antiguedad_min":21,"temperatura_c":null,"humedad_pct":null,"regla_30":null,"tipo_estacion":"estación de puerto","red":"Estaciones meteorologicas","tipo_dato":"observación"}},{"type":"Feature","geometry":{"type":"Point","coordinates":[-5.60111,36.00805]},"properties":{"fuente":"Puertos del Estado","id":"4398","nombre":"Estación Meteorológica del dique del Pto. de Tarifa","fecha_utc":"2026-10-07T16:30:00+00:00","velocidad_kmh":16.9,"racha_kmh":26.3,"direccion_grados":290.0,"direccion_cardinal":"ONO","hacia_grados":110.0,"antiguedad_min":11,"temperatura_c":null,"humedad_pct":null,"regla_30":null,"tipo_estacion":"estación de puerto","red":"Estaciones meteorologicas","tipo_dato":"observación"}},{"type":"Feature","geometry":{"type":"Point","coordinates":[-5.43979,36.1307]},"properties":{"fuente":"Puertos del Estado","id":"4399","nombre":"Estación Meteorológica Pto. de Algeciras","fecha_utc":"2026-10-07T16:40:00+00:00","velocidad_kmh":15.5,"racha_kmh":25.9,"direccion_grados":289.0,"direccion_cardinal":"ONO","hacia_grados":109.0,"antiguedad_min":1,"temperatura_c":null,"humedad_pct":null,"regla_30":null,"tipo_estacion":"estación de puerto","red":"Estaciones meteorologicas","tipo_dato":"observación"}},{"type":"Feature","geometry":{"type":"Point","coordinates":[-4.4147306,36.698942]},"properties":{"fuente":"Puertos del Estado","id":"4505","nombre":"Estación Meteo. Málaga Dique Levante Sur","fecha_utc":"2026-10-07T16:39:00+00:00","velocidad_kmh":13.7,"racha_kmh":16.9,"direccion_grados":312.0,"direccion_cardinal":"NO","hacia_grados":132.0,"antiguedad_min":2,"temperatura_c":27.7,"humedad_pct":null,"regla_30":null,"tipo_estacion":"estación de puerto","red":"Estaciones meteorologicas","tipo_dato":"observación"}},{"type":"Feature","geometry":{"type":"Point","coordinates":[-3.514306,36.712306]},"properties":{"fuente":"Puertos del Estado","id":"4507","nombre":"Estación Meteorológica Dique Exterior Motril","fecha_utc":"2026-10-07T16:40:00+00:00","velocidad_kmh":21.2,"racha_kmh":32.8,"direccion_grados":282.0,"direccion_cardinal":"ONO","hacia_grados":102.0,"antiguedad_min":1,"temperatura_c":null,"humedad_pct":null,"regla_30":null,"tipo_estacion":"estación de puerto","red":"Estaciones meteorologicas","tipo_dato":"observación"}},{"type":"Feature","geometry":{"type":"Point","coordinates":[-1.90662,36.94172]},"properties":{"fuente":"Puertos del Estado","id":"4581","nombre":"Estación Meteorológica Faro de Mesa Roldán","fecha_utc":"2026-10-07T16:22:33+00:00","velocidad_kmh":5.0,"racha_kmh":null,"direccion_grados":209.0,"direccion_cardinal":"SSO","hacia_grados":29.0,"antiguedad_min":18,"temperatura_c":null,"humedad_pct":null,"regla_30":null,"tipo_estacion":"estación de puerto","red":"Estaciones meteorologicas","tipo_dato":"observación"}},{"type":"Feature","geometry":{"type":"Point","coordinates":[-2.46417,36.82583]},"properties":{"fuente":"Puertos del Estado","id":"4582","nombre":"Estación Meteorológica Faro de Almería","fecha_utc":"2026-10-07T16:38:00+00:00","velocidad_kmh":40.3,"racha_kmh":43.9,"direccion_grados":239.0,"direccion_cardinal":"OSO","hacia_grados":59.0,"antiguedad_min":3,"temperatura_c":24.4,"humedad_pct":null,"regla_30":null,"tipo_estacion":"estación de puerto","red":"Estaciones meteorologicas","tipo_dato":"observación"}},{"type":"Feature","geometry":{"type":"Point","coordinates":[-1.899012,36.969073]},"properties":{"fuente":"Puertos del Estado","id":"4583","nombre":"Estación Meteorológica de Carboneras","fecha_utc":"2026-10-07T16:39:00+00:00","velocidad_kmh":10.1,"racha_kmh":13.7,"direccion_grados":267.0,"direccion_cardinal":"O","hacia_grados":87.0,"antiguedad_min":2,"temperatura_c":26.7,"humedad_pct":null,"regla_30":null,"tipo_estacion":"estación de puerto","red":"Estaciones meteorologicas","tipo_dato":"observación"}},{"type":"Feature","geometry":{"type":"Point","coordinates":[-0.97914,37.56678]},"properties":{"fuente":"Puertos del Estado","id":"4625","nombre":"Estación Meteorológica Cartagena Dique Suroeste","fecha_utc":"2026-10-07T16:20:00+00:00","velocidad_kmh":22.3,"racha_kmh":25.9,"direccion_grados":247.0,"direccion_cardinal":"OSO","hacia_grados":67.0,"antiguedad_min":21,"temperatura_c":24.8,"humedad_pct":null,"regla_30":null,"tipo_estacion":"estación de puerto","red":"Estaciones meteorologicas","tipo_dato":"observación"}},{"type":"Feature","geometry":{"type":"Point","coordinates":[-0.95507,37.57211]},"properties":{"fuente":"Puertos del Estado","id":"4626","nombre":"Estación Meteorológica Cartagena Muelle Príncipe Felipe","fecha_utc":"2026-10-07T16:20:00+00:00","velocidad_kmh":10.8,"racha_kmh":18.0,"direccion_grados":253.0,"direccion_cardinal":"OSO","hacia_grados":73.0,"antiguedad_min":21,"temperatura_c":25.9,"humedad_pct":null,"regla_30":null,"tipo_estacion":"estación de puerto","red":"Estaciones meteorologicas","tipo_dato":"observación"}},{"type":"Feature","geometry":{"type":"Point","coordinates":[-0.9744,37.59765]},"properties":{"fuente":"Puertos del Estado","id":"4627","nombre":"Estación Meteorológica Cartagena Talleres Sta. Lucía","fecha_utc":"2026-10-07T16:20:00+00:00","velocidad_kmh":22.3,"racha_kmh":29.5,"direccion_grados":215.0,"direccion_cardinal":"SO","hacia_grados":35.0,"antiguedad_min":21,"temperatura_c":24.7,"humedad_pct":null,"regla_30":null,"tipo_estacion":"estación de puerto","red":"Estaciones meteorologicas","tipo_dato":"observación"}},{"type":"Feature","geometry":{"type":"Point","coordinates":[-0.208243,39.643423]},"properties":{"fuente":"Puertos del Estado","id":"4632","nombre":"Estac. Meteo. Sagunto Muelle de Levante","fecha_utc":"2026-10-07T16:40:00+00:00","velocidad_kmh":28.4,"racha_kmh":33.1,"direccion_grados":231.0,"direccion_cardinal":"SO","hacia_grados":51.0,"antiguedad_min":1,"temperatura_c":28.7,"humedad_pct":null,"regla_30":null,"tipo_estacion":"estación de puerto","red":"Estaciones meteorologicas","tipo_dato":"observación"}},{"type":"Feature","geometry":{"type":"Point","coordinates":[-0.21606899797916412,39.65633773803711]},"properties":{"fuente":"Puertos del Estado","id":"4633","nombre":"Estac. Meteo. Sagunto Norte","fecha_utc":"2026-10-07T16:40:00+00:00","velocidad_kmh":14.8,"racha_kmh":38.9,"direccion_grados":237.0,"direccion_cardinal":"OSO","hacia_grados":57.0,"antiguedad_min":1,"temperatura_c":29.2,"humedad_pct":null,"regla_30":null,"tipo_estacion":"estación de puerto","red":"Estaciones meteorologicas","tipo_dato":"observación"}},{"type":"Feature","geometry":{"type":"Point","coordinates":[-0.15169499814510345,38.99505615234375]},"properties":{"fuente":"Puertos del Estado","id":"4634","nombre":"Estación Meteorológica Gandía Serpis","fecha_utc":"2026-10-07T16:30:00+00:00","velocidad_kmh":12.6,"racha_kmh":15.5,"direccion_grados":127.0,"direccion_cardinal":"SE","hacia_grados":307.0,"antiguedad_min":11,"temperatura_c":27.6,"humedad_pct":null,"regla_30":null,"tipo_estacion":"estación de puerto","red":"Estaciones meteorologicas","tipo_dato":"observación"}},{"type":"Feature","geometry":{"type":"Point","coordinates":[-0.30319100618362427,39.43409729003906]},"properties":{"fuente":"Puertos del Estado","id":"4635","nombre":"Estación Meteo. Valencia Dique del Este II","fecha_utc":"2026-10-07T16:40:00+00:00","velocidad_kmh":18.0,"racha_kmh":23.4,"direccion_grados":251.0,"direccion_cardinal":"OSO","hacia_grados":71.0,"antiguedad_min":1,"temperatura_c":null,"humedad_pct":null,"regla_30":null,"tipo_estacion":"estación de puerto","red":"Estaciones meteorologicas","tipo_dato":"observación"}},{"type":"Feature","geometry":{"type":"Point","coordinates":[-0.32372,39.426088]},"properties":{"fuente":"Puertos del Estado","id":"4636","nombre":"Estac. Meteo. Valencia Príncipe Felipe","fecha_utc":"2026-10-07T16:40:00+00:00","velocidad_kmh":10.4,"racha_kmh":15.1,"direccion_grados":222.0,"direccion_cardinal":"SO","hacia_grados":42.0,"antiguedad_min":1,"temperatura_c":29.1,"humedad_pct":null,"regla_30":null,"tipo_estacion":"estación de puerto","red":"Estaciones meteorologicas","tipo_dato":"observación"}},{"type":"Feature","geometry":{"type":"Point","coordinates":[-0.302675,39.434329]},"properties":{"fuente":"Puertos del Estado","id":"4637","nombre":"Estación Meteo. Valencia Dique del Este","fecha_utc":"2026-10-07T16:40:00+00:00","velocidad_kmh":17.3,"racha_kmh":24.8,"direccion_grados":247.0,"direccion_cardinal":"OSO","hacia_grados":67.0,"antiguedad_min":1,"temperatura_c":null,"humedad_pct":null,"regla_30":null,"tipo_estacion":"estación de puerto","red":"Estaciones meteorologicas","tipo_dato":"observación"}},{"type":"Feature","geometry":{"type":"Point","coordinates":[-0.49361,38.32944]},"properties":{"fuente":"Puertos del Estado","id":"4651","nombre":"Estación Meteorológica Alicante-Muelle 19","fecha_utc":"2026-10-07T16:30:00+00:00","velocidad_kmh":10.1,"racha_kmh":14.4,"direccion_grados":219.0,"direccion_cardinal":"SO","hacia_grados":39.0,"antiguedad_min":11,"temperatura_c":27.1,"humedad_pct":null,"regla_30":null,"tipo_estacion":"estación de puerto","red":"Estaciones meteorologicas","tipo_dato":"observación"}},{"type":"Feature","geometry":{"type":"Point","coordinates":[-0.5025,38.33472]},"properties":{"fuente":"Puertos del Estado","id":"4652","nombre":"E. Meteorológica de Alicante Parque del Mar","fecha_utc":"2026-10-07T16:30:00+00:00","velocidad_kmh":19.1,"racha_kmh":36.4,"direccion_grados":158.0,"direccion_cardinal":"SSE","hacia_grados":338.0,"antiguedad_min":11,"temperatura_c":27.4,"humedad_pct":null,"regla_30":null,"tipo_estacion":"estación de puerto","red":"Estaciones meteorologicas","tipo_dato":"observación"}},{"type":"Feature","geometry":{"type":"Point","coordinates":[-0.49667,38.33694]},"properties":{"fuente":"Puertos del Estado","id":"4653","nombre":"E. Meteorológica de Alicante Tinglado Frutero","fecha_utc":"2026-10-07T16:30:00+00:00","velocidad_kmh":11.2,"racha_kmh":17.6,"direccion_grados":196.0,"direccion_cardinal":"SSO","hacia_grados":16.0,"antiguedad_min":11,"temperatura_c":27.7,"humedad_pct":null,"regla_30":null,"tipo_estacion":"estación de puerto","red":"Estaciones meteorologicas","tipo_dato":"observación"}},{"type":"Feature","geometry":{"type":"Point","coordinates":[0.02505,39.97736]},"properties":{"fuente":"Puertos del Estado","id":"4660","nombre":"Estación Meteorológica de Castellón Mistral","fecha_utc":"2026-10-07T16:30:00+00:00","velocidad_kmh":10.8,"racha_kmh":20.2,"direccion_grados":42.0,"direccion_cardinal":"NE","hacia_grados":222.0,"antiguedad_min":11,"temperatura_c":25.5,"humedad_pct":null,"regla_30":null,"tipo_estacion":"estación de puerto","red":"Estaciones meteorologicas","tipo_dato":"observación"}},{"type":"Feature","geometry":{"type":"Point","coordinates":[0.016527,39.975027]},"properties":{"fuente":"Puertos del Estado","id":"4661","nombre":"Estación Meteorológica de Castellón Tamontana","fecha_utc":"2026-10-07T16:40:00+00:00","velocidad_kmh":9.7,"racha_kmh":21.6,"direccion_grados":62.0,"direccion_cardinal":"ENE","hacia_grados":242.0,"antiguedad_min":1,"temperatura_c":null,"humedad_pct":null,"regla_30":null,"tipo_estacion":"estación de puerto","red":"Estaciones meteorologicas","tipo_dato":"observación"}},{"type":"Feature","geometry":{"type":"Point","coordinates":[0.016110999509692192,39.9694]},"properties":{"fuente":"Puertos del Estado","id":"4662","nombre":"Estación Meteorológica de Castellón Gregal","fecha_utc":"2026-10-07T16:30:00+00:00","velocidad_kmh":14.0,"racha_kmh":19.1,"direccion_grados":62.0,"direccion_cardinal":"ENE","hacia_grados":242.0,"antiguedad_min":11,"temperatura_c":26.5,"humedad_pct":null,"regla_30":null,"tipo_estacion":"estación de puerto","red":"Estaciones meteorologicas","tipo_dato":"observación"}},{"type":"Feature","geometry":{"type":"Point","coordinates":[0.009756599552929401,39.96683]},"properties":{"fuente":"Puertos del Estado","id":"4663","nombre":"Estación Meteorológica de Castellón Levante","fecha_utc":"2026-10-07T16:20:00+00:00","velocidad_kmh":9.7,"racha_kmh":14.0,"direccion_grados":58.0,"direccion_cardinal":"ENE","hacia_grados":238.0,"antiguedad_min":21,"temperatura_c":26.4,"humedad_pct":null,"regla_30":null,"tipo_estacion":"estación de puerto","red":"Estaciones meteorologicas","tipo_dato":"observación"}},{"type":"Feature","geometry":{"type":"Point","coordinates":[0.00694,39.961305]},"properties":{"fuente":"Puertos del Estado","id":"4664","nombre":"Estación Meteorológica de Castellón Poniente","fecha_utc":"2026-10-07T16:30:00+00:00","velocidad_kmh":16.6,"racha_kmh":22.3,"direccion_grados":69.0,"direccion_cardinal":"ENE","hacia_grados":249.0,"antiguedad_min":11,"temperatura_c":26.3,"humedad_pct":null,"regla_30":null,"tipo_estacion":"estación de puerto","red":"Estaciones meteorologicas","tipo_dato":"observación"}},{"type":"Feature","geometry":{"type":"Point","coordinates":[0.005,39.950027]},"properties":{"fuente":"Puertos del Estado","id":"4665","nombre":"Estación Meteorológica de Castellón Siroco","fecha_utc":"2026-10-07T16:30:00+00:00","velocidad_kmh":11.5,"racha_kmh":20.2,"direccion_grados":59.0,"direccion_cardinal":"ENE","hacia_grados":239.0,"antiguedad_min":11,"temperatura_c":26.1,"humedad_pct":null,"regla_30":null,"tipo_estacion":"estación de puerto","red":"Estaciones meteorologicas","tipo_dato":"observación"}},{"type":"Feature","geometry":{"type":"Point","coordinates":[2.16612,41.34121]},"properties":{"fuente":"Puertos del Estado","id":"4752","nombre":"Estación Meteorológica de Barcelona Sirena","fecha_utc":"2026-10-07T16:36:00+00:00","velocidad_kmh":18.7,"racha_kmh":28.4,"direccion_grados":230.0,"direccion_cardinal":"SO","hacia_grados":50.0,"antiguedad_min":5,"temperatura_c":25.3,"humedad_pct":null,"regla_30":null,"tipo_estacion":"estación de puerto","red":"Estaciones meteorologicas","tipo_dato":"observación"}},{"type":"Feature","geometry":{"type":"Point","coordinates":[2.18235,41.36263]},"properties":{"fuente":"Puertos del Estado","id":"4753","nombre":"Estación Meteo. Barcelona Adosado Bocana Norte","fecha_utc":"2026-10-07T16:30:00+00:00","velocidad_kmh":14.8,"racha_kmh":28.1,"direccion_grados":226.0,"direccion_cardinal":"SO","hacia_grados":46.0,"antiguedad_min":11,"temperatura_c":null,"humedad_pct":null,"regla_30":null,"tipo_estacion":"estación de puerto","red":"Estaciones meteorologicas","tipo_dato":"observación"}},{"type":"Feature","geometry":{"type":"Point","coordinates":[2.16537,41.31726]},"properties":{"fuente":"Puertos del Estado","id":"4754","nombre":"Estación Meteorológica Barcelona Bocana Sur","fecha_utc":"2026-10-07T16:30:00+00:00","velocidad_kmh":24.1,"racha_kmh":34.2,"direccion_grados":221.0,"direccion_cardinal":"SO","hacia_grados":41.0,"antiguedad_min":11,"temperatura_c":null,"humedad_pct":null,"regla_30":null,"tipo_estacion":"estación de puerto","red":"Estaciones meteorologicas","tipo_dato":"observación"}},{"type":"Feature","geometry":{"type":"Point","coordinates":[2.7004,39.49285]},"properties":{"fuente":"Puertos del Estado","id":"4801","nombre":"E. Meteorológica Boya Bahía de Palma SOCIB","fecha_utc":"2026-10-07T16:00:00+00:00","velocidad_kmh":19.1,"racha_kmh":20.9,"direccion_grados":186.0,"direccion_cardinal":"S","hacia_grados":6.0,"antiguedad_min":41,"temperatura_c":null,"humedad_pct":null,"regla_30":null,"tipo_estacion":"estación de puerto","red":"Estaciones meteorologicas","tipo_dato":"observación"}},{"type":"Feature","geometry":{"type":"Point","coordinates":[2.63188,39.63573]},"properties":{"fuente":"Puertos del Estado","id":"4806","nombre":"E. Meteorológica de Parc Bit SOCIB","fecha_utc":"2026-10-07T16:28:00+00:00","velocidad_kmh":8.3,"racha_kmh":14.8,"direccion_grados":259.0,"direccion_cardinal":"O","hacia_grados":79.0,"antiguedad_min":13,"temperatura_c":24.0,"humedad_pct":null,"regla_30":null,"tipo_estacion":"estación de puerto","red":"Estaciones meteorologicas","tipo_dato":"observación"}},{"type":"Feature","geometry":{"type":"Point","coordinates":[3.39144,39.59432]},"properties":{"fuente":"Puertos del Estado","id":"4808","nombre":"E. Meteorológica Mobims Cala Millor SOCIB","fecha_utc":"2026-10-07T16:29:00+00:00","velocidad_kmh":15.1,"racha_kmh":21.2,"direccion_grados":179.0,"direccion_cardinal":"S","hacia_grados":359.0,"antiguedad_min":12,"temperatura_c":23.8,"humedad_pct":null,"regla_30":null,"tipo_estacion":"estación de puerto","red":"Estaciones meteorologicas","tipo_dato":"observación"}},{"type":"Feature","geometry":{"type":"Point","coordinates":[4.07019,39.89746]},"properties":{"fuente":"Puertos del Estado","id":"4809","nombre":"E. Meteorológica Son Bou SOCIB","fecha_utc":"2026-10-07T16:29:00+00:00","velocidad_kmh":18.4,"racha_kmh":20.5,"direccion_grados":173.0,"direccion_cardinal":"S","hacia_grados":353.0,"antiguedad_min":12,"temperatura_c":24.4,"humedad_pct":null,"regla_30":null,"tipo_estacion":"estación de puerto","red":"Estaciones meteorologicas","tipo_dato":"observación"}},{"type":"Feature","geometry":{"type":"Point","coordinates":[1.418906,38.734714]},"properties":{"fuente":"Puertos del Estado","id":"4814","nombre":"Estación Meteorológica de Formentera","fecha_utc":"2026-10-07T16:40:00+00:00","velocidad_kmh":4.7,"racha_kmh":7.6,"direccion_grados":258.0,"direccion_cardinal":"OSO","hacia_grados":78.0,"antiguedad_min":1,"temperatura_c":24.9,"humedad_pct":null,"regla_30":null,"tipo_estacion":"estación de puerto","red":"Estaciones meteorologicas","tipo_dato":"observación"}},{"type":"Feature","geometry":{"type":"Point","coordinates":[1.44733,38.903537]},"properties":{"fuente":"Puertos del Estado","id":"4815","nombre":"Estación Meteorológica de Ibiza","fecha_utc":"2026-10-07T16:41:00+00:00","velocidad_kmh":18.4,"racha_kmh":20.5,"direccion_grados":227.0,"direccion_cardinal":"SO","hacia_grados":47.0,"antiguedad_min":0,"temperatura_c":24.7,"humedad_pct":null,"regla_30":null,"tipo_estacion":"estación de puerto","red":"Estaciones meteorologicas","tipo_dato":"observación"}},{"type":"Feature","geometry":{"type":"Point","coordinates":[-8.411,43.362]},"properties":{"fuente":"Open-Meteo","id":"43.362,-8.411","nombre":"A Coruña","fecha_utc":"2026-10-07T16:30:00+00:00","velocidad_kmh":18.4,"racha_kmh":33.5,"direccion_grados":360.0,"direccion_cardinal":"N","hacia_grados":180.0,"antiguedad_min":11,"temperatura_c":17.2,"humedad_pct":89.0,"regla_30":false,"tipo_dato":"modelo"}},{"type":"Feature","geometry":{"type":"Point","coordinates":[-7.556,43.012]},"properties":{"fuente":"Open-Meteo","id":"43.012,-7.556","nombre":"Lugo","fecha_utc":"2026-10-07T16:30:00+00:00","velocidad_kmh":12.6,"racha_kmh":30.2,"direccion_grados":360.0,"direccion_cardinal":"N","hacia_grados":180.0,"antiguedad_min":11,"temperatura_c":16.2,"humedad_pct":81.0,"regla_30":false,"tipo_dato":"modelo"}},{"type":"Feature","geometry":{"type":"Point","coordinates":[-7.864,42.336]},"properties":{"fuente":"Open-Meteo","id":"42.336,-7.864","nombre":"Ourense","fecha_utc":"2026-10-07T16:30:00+00:00","velocidad_kmh":14.0,"racha_kmh":33.1,"direccion_grados":359.0,"direccion_cardinal":"N","hacia_grados":179.0,"antiguedad_min":11,"temperatura_c":21.1,"humedad_pct":60.0,"regla_30":false,"tipo_dato":"modelo"}},{"type":"Feature","geometry":{"type":"Point","coordinates":[-8.644,42.431]},"properties":{"fuente":"Open-Meteo","id":"42.431,-8.644","nombre":"Pontevedra","fecha_utc":"2026-10-07T16:30:00+00:00","velocidad_kmh":18.5,"racha_kmh":42.1,"direccion_grados":8.0,"direccion_cardinal":"N","hacia_grados":188.0,"antiguedad_min":11,"temperatura_c":20.4,"humedad_pct":68.0,"regla_30":false,"tipo_dato":"modelo"}},{"type":"Feature","geometry":{"type":"Point","coordinates":[-5.849,43.361]},"properties":{"fuente":"Open-Meteo","id":"43.361,-5.849","nombre":"Oviedo","fecha_utc":"2026-10-07T16:30:00+00:00","velocidad_kmh":3.9,"racha_kmh":12.2,"direccion_grados":304.0,"direccion_cardinal":"NO","hacia_grados":124.0,"antiguedad_min":11,"temperatura_c":16.8,"humedad_pct":89.0,"regla_30":false,"tipo_dato":"modelo"}},{"type":"Feature","geometry":{"type":"Point","coordinates":[-3.81,43.462]},"properties":{"fuente":"Open-Meteo","id":"43.462,-3.810","nombre":"Santander","fecha_utc":"2026-10-07T16:30:00+00:00","velocidad_kmh":26.1,"racha_kmh":48.6,"direccion_grados":322.0,"direccion_cardinal":"NO","hacia_grados":142.0,"antiguedad_min":11,"temperatura_c":19.0,"humedad_pct":85.0,"regla_30":false,"tipo_dato":"modelo"}},{"type":"Feature","geometry":{"type":"Point","coordinates":[-2.935,43.263]},"properties":{"fuente":"Open-Meteo","id":"43.263,-2.935","nombre":"Bilbao","fecha_utc":"2026-10-07T16:30:00+00:00","velocidad_kmh":8.0,"racha_kmh":34.6,"direccion_grados":324.0,"direccion_cardinal":"NO","hacia_grados":144.0,"antiguedad_min":11,"temperatura_c":19.3,"humedad_pct":87.0,"regla_30":false,"tipo_dato":"modelo"}},{"type":"Feature","geometry":{"type":"Point","coordinates":[-1.981,43.318]},"properties":{"fuente":"Open-Meteo","id":"43.318,-1.981","nombre":"San Sebastián","fecha_utc":"2026-10-07T16:30:00+00:00","velocidad_kmh":11.9,"racha_kmh":32.8,"direccion_grados":331.0,"direccion_cardinal":"NNO","hacia_grados":151.0,"antiguedad_min":11,"temperatura_c":19.9,"humedad_pct":87.0,"regla_30":false,"tipo_dato":"modelo"}},{"type":"Feature","geometry":{"type":"Point","coordinates":[-2.672,42.846]},"properties":{"fuente":"Open-Meteo","id":"42.846,-2.672","nombre":"Vitoria","fecha_utc":"2026-10-07T16:30:00+00:00","velocidad_kmh":21.9,"racha_kmh":40.7,"direccion_grados":250.0,"direccion_cardinal":"OSO","hacia_grados":70.0,"antiguedad_min":11,"temperatura_c":15.1,"humedad_pct":89.0,"regla_30":false,"tipo_dato":"modelo"}},{"type":"Feature","geometry":{"type":"Point","coordinates":[-1.646,42.812]},"properties":{"fuente":"Open-Meteo","id":"42.812,-1.646","nombre":"Pamplona","fecha_utc":"2026-10-07T16:30:00+00:00","velocidad_kmh":5.5,"racha_kmh":8.6,"direccion_grados":212.0,"direccion_cardinal":"SSO","hacia_grados":32.0,"antiguedad_min":11,"temperatura_c":18.0,"humedad_pct":81.0,"regla_30":false,"tipo_dato":"modelo"}},{"type":"Feature","geometry":{"type":"Point","coordinates":[-2.445,42.466]},"properties":{"fuente":"Open-Meteo","id":"42.466,-2.445","nombre":"Logroño","fecha_utc":"2026-10-07T16:30:00+00:00","velocidad_kmh":21.9,"racha_kmh":43.6,"direccion_grados":290.0,"direccion_cardinal":"ONO","hacia_grados":110.0,"antiguedad_min":11,"temperatura_c":18.4,"humedad_pct":69.0,"regla_30":false,"tipo_dato":"modelo"}},{"type":"Feature","geometry":{"type":"Point","coordinates":[-0.889,41.649]},"properties":{"fuente":"Open-Meteo","id":"41.649,-0.889","nombre":"Zaragoza","fecha_utc":"2026-10-07T16:30:00+00:00","velocidad_kmh":10.4,"racha_kmh":26.3,"direccion_grados":314.0,"direccion_cardinal":"NO","hacia_grados":134.0,"antiguedad_min":11,"temperatura_c":21.9,"humedad_pct":60.0,"regla_30":false,"tipo_dato":"modelo"}},{"type":"Feature","geometry":{"type":"Point","coordinates":[-0.408,42.136]},"properties":{"fuente":"Open-Meteo","id":"42.136,-0.408","nombre":"Huesca","fecha_utc":"2026-10-07T16:30:00+00:00","velocidad_kmh":18.7,"racha_kmh":32.8,"direccion_grados":308.0,"direccion_cardinal":"NO","hacia_grados":128.0,"antiguedad_min":11,"temperatura_c":20.1,"humedad_pct":58.0,"regla_30":false,"tipo_dato":"modelo"}},{"type":"Feature","geometry":{"type":"Point","coordinates":[-1.106,40.345]},"properties":{"fuente":"Open-Meteo","id":"40.345,-1.106","nombre":"Teruel","fecha_utc":"2026-10-07T16:30:00+00:00","velocidad_kmh":15.1,"racha_kmh":27.4,"direccion_grados":298.0,"direccion_cardinal":"ONO","hacia_grados":118.0,"antiguedad_min":11,"temperatura_c":20.0,"humedad_pct":41.0,"regla_30":false,"tipo_dato":"modelo"}},{"type":"Feature","geometry":{"type":"Point","coordinates":[2.173,41.385]},"properties":{"fuente":"Open-Meteo","id":"41.385,2.173","nombre":"Barcelona","fecha_utc":"2026-10-07T16:30:00+00:00","velocidad_kmh":19.0,"racha_kmh":33.5,"direccion_grados":243.0,"direccion_cardinal":"OSO","hacia_grados":63.0,"antiguedad_min":11,"temperatura_c":24.4,"humedad_pct":63.0,"regla_30":false,"tipo_dato":"modelo"}},{"type":"Feature","geometry":{"type":"Point","coordinates":[2.821,41.979]},"properties":{"fuente":"Open-Meteo","id":"41.979,2.821","nombre":"Girona","fecha_utc":"2026-10-07T16:30:00+00:00","velocidad_kmh":10.1,"racha_kmh":28.8,"direccion_grados":235.0,"direccion_cardinal":"SO","hacia_grados":55.0,"antiguedad_min":11,"temperatura_c":23.3,"humedad_pct":67.0,"regla_30":false,"tipo_dato":"modelo"}},{"type":"Feature","geometry":{"type":"Point","coordinates":[0.62,41.617]},"properties":{"fuente":"Open-Meteo","id":"41.617,0.620","nombre":"Lleida","fecha_utc":"2026-10-07T16:30:00+00:00","velocidad_kmh":7.6,"racha_kmh":28.8,"direccion_grados":278.0,"direccion_cardinal":"O","hacia_grados":98.0,"antiguedad_min":11,"temperatura_c":20.9,"humedad_pct":75.0,"regla_30":false,"tipo_dato":"modelo"}},{"type":"Feature","geometry":{"type":"Point","coordinates":[1.245,41.119]},"properties":{"fuente":"Open-Meteo","id":"41.119,1.245","nombre":"Tarragona","fecha_utc":"2026-10-07T16:30:00+00:00","velocidad_kmh":15.5,"racha_kmh":37.4,"direccion_grados":269.0,"direccion_cardinal":"O","hacia_grados":89.0,"antiguedad_min":11,"temperatura_c":25.0,"humedad_pct":49.0,"regla_30":false,"tipo_dato":"modelo"}},{"type":"Feature","geometry":{"type":"Point","coordinates":[-0.051,39.986]},"properties":{"fuente":"Open-Meteo","id":"39.986,-0.051","nombre":"Castellón","fecha_utc":"2026-10-07T16:30:00+00:00","velocidad_kmh":10.2,"racha_kmh":27.0,"direccion_grados":80.0,"direccion_cardinal":"E","hacia_grados":260.0,"antiguedad_min":11,"temperatura_c":25.8,"humedad_pct":63.0,"regla_30":false,"tipo_dato":"modelo"}},{"type":"Feature","geometry":{"type":"Point","coordinates":[-0.376,39.47]},"properties":{"fuente":"Open-Meteo","id":"39.470,-0.376","nombre":"Valencia","fecha_utc":"2026-10-07T16:30:00+00:00","velocidad_kmh":12.7,"racha_kmh":30.2,"direccion_grados":262.0,"direccion_cardinal":"O","hacia_grados":82.0,"antiguedad_min":11,"temperatura_c":28.2,"humedad_pct":33.0,"regla_30":false,"tipo_dato":"modelo"}},{"type":"Feature","geometry":{"type":"Point","coordinates":[-0.481,38.345]},"properties":{"fuente":"Open-Meteo","id":"38.345,-0.481","nombre":"Alicante","fecha_utc":"2026-10-07T16:30:00+00:00","velocidad_kmh":10.3,"racha_kmh":25.2,"direccion_grados":216.0,"direccion_cardinal":"SO","hacia_grados":36.0,"antiguedad_min":11,"temperatura_c":27.8,"humedad_pct":46.0,"regla_30":false,"tipo_dato":"modelo"}},{"type":"Feature","geometry":{"type":"Point","coordinates":[-1.131,37.992]},"properties":{"fuente":"Open-Meteo","id":"37.992,-1.131","nombre":"Murcia","fecha_utc":"2026-10-07T16:30:00+00:00","velocidad_kmh":11.5,"racha_kmh":20.5,"direccion_grados":224.0,"direccion_cardinal":"SO","hacia_grados":44.0,"antiguedad_min":11,"temperatura_c":27.6,"humedad_pct":45.0,"regla_30":false,"tipo_dato":"modelo"}},{"type":"Feature","geometry":{"type":"Point","coordinates":[2.65,39.57]},"properties":{"fuente":"Open-Meteo","id":"39.570,2.650","nombre":"Palma","fecha_utc":"2026-10-07T16:30:00+00:00","velocidad_kmh":12.7,"racha_kmh":36.4,"direccion_grados":225.0,"direccion_cardinal":"SO","hacia_grados":45.0,"antiguedad_min":11,"temperatura_c":23.1,"humedad_pct":78.0,"regla_30":false,"tipo_dato":"modelo"}},{"type":"Feature","geometry":{"type":"Point","coordinates":[-5.567,42.599]},"properties":{"fuente":"Open-Meteo","id":"42.599,-5.567","nombre":"León","fecha_utc":"2026-10-07T16:30:00+00:00","velocidad_kmh":18.0,"racha_kmh":34.2,"direccion_grados":344.0,"direccion_cardinal":"NNO","hacia_grados":164.0,"antiguedad_min":11,"temperatura_c":16.4,"humedad_pct":55.0,"regla_30":false,"tipo_dato":"modelo"}},{"type":"Feature","geometry":{"type":"Point","coordinates":[-4.528,42.01]},"properties":{"fuente":"Open-Meteo","id":"42.010,-4.528","nombre":"Palencia","fecha_utc":"2026-10-07T16:30:00+00:00","velocidad_kmh":15.5,"racha_kmh":33.5,"direccion_grados":314.0,"direccion_cardinal":"NO","hacia_grados":134.0,"antiguedad_min":11,"temperatura_c":17.6,"humedad_pct":64.0,"regla_30":false,"tipo_dato":"modelo"}},{"type":"Feature","geometry":{"type":"Point","coordinates":[-3.697,42.344]},"properties":{"fuente":"Open-Meteo","id":"42.344,-3.697","nombre":"Burgos","fecha_utc":"2026-10-07T16:30:00+00:00","velocidad_kmh":13.0,"racha_kmh":24.8,"direccion_grados":318.0,"direccion_cardinal":"NO","hacia_grados":138.0,"antiguedad_min":11,"temperatura_c":14.6,"humedad_pct":78.0,"regla_30":false,"tipo_dato":"modelo"}},{"type":"Feature","geometry":{"type":"Point","coordinates":[-2.468,41.764]},"properties":{"fuente":"Open-Meteo","id":"41.764,-2.468","nombre":"Soria","fecha_utc":"2026-10-07T16:30:00+00:00","velocidad_kmh":20.3,"racha_kmh":43.2,"direccion_grados":283.0,"direccion_cardinal":"ONO","hacia_grados":103.0,"antiguedad_min":11,"temperatura_c":14.7,"humedad_pct":77.0,"regla_30":false,"tipo_dato":"modelo"}},{"type":"Feature","geometry":{"type":"Point","coordinates":[-4.724,41.652]},"properties":{"fuente":"Open-Meteo","id":"41.652,-4.724","nombre":"Valladolid","fecha_utc":"2026-10-07T16:30:00+00:00","velocidad_kmh":12.5,"racha_kmh":31.7,"direccion_grados":319.0,"direccion_cardinal":"NO","hacia_grados":139.0,"antiguedad_min":11,"temperatura_c":18.3,"humedad_pct":59.0,"regla_30":false,"tipo_dato":"modelo"}},{"type":"Feature","geometry":{"type":"Point","coordinates":[-5.745,41.503]},"properties":{"fuente":"Open-Meteo","id":"41.503,-5.745","nombre":"Zamora","fecha_utc":"2026-10-07T16:30:00+00:00","velocidad_kmh":8.3,"racha_kmh":22.7,"direccion_grados":326.0,"direccion_cardinal":"NO","hacia_grados":146.0,"antiguedad_min":11,"temperatura_c":19.3,"humedad_pct":58.0,"regla_30":false,"tipo_dato":"modelo"}},{"type":"Feature","geometry":{"type":"Point","coordinates":[-5.663,40.97]},"properties":{"fuente":"Open-Meteo","id":"40.970,-5.663","nombre":"Salamanca","fecha_utc":"2026-10-07T16:30:00+00:00","velocidad_kmh":9.6,"racha_kmh":27.0,"direccion_grados":340.0,"direccion_cardinal":"NNO","hacia_grados":160.0,"antiguedad_min":11,"temperatura_c":17.0,"humedad_pct":71.0,"regla_30":false,"tipo_dato":"modelo"}},{"type":"Feature","geometry":{"type":"Point","coordinates":[-4.109,40.943]},"properties":{"fuente":"Open-Meteo","id":"40.943,-4.109","nombre":"Segovia","fecha_utc":"2026-10-07T16:30:00+00:00","velocidad_kmh":8.2,"racha_kmh":23.8,"direccion_grados":319.0,"direccion_cardinal":"NO","hacia_grados":139.0,"antiguedad_min":11,"temperatura_c":14.8,"humedad_pct":79.0,"regla_30":false,"tipo_dato":"modelo"}},{"type":"Feature","geometry":{"type":"Point","coordinates":[-4.7,40.656]},"properties":{"fuente":"Open-Meteo","id":"40.656,-4.700","nombre":"Ávila","fecha_utc":"2026-10-07T16:30:00+00:00","velocidad_kmh":18.0,"racha_kmh":37.4,"direccion_grados":340.0,"direccion_cardinal":"NNO","hacia_grados":160.0,"antiguedad_min":11,"temperatura_c":15.2,"humedad_pct":68.0,"regla_30":false,"tipo_dato":"modelo"}},{"type":"Feature","geometry":{"type":"Point","coordinates":[-3.704,40.417]},"properties":{"fuente":"Open-Meteo","id":"40.417,-3.704","nombre":"Madrid","fecha_utc":"2026-10-07T16:30:00+00:00","velocidad_kmh":10.3,"racha_kmh":27.7,"direccion_grados":245.0,"direccion_cardinal":"OSO","hacia_grados":65.0,"antiguedad_min":11,"temperatura_c":20.0,"humedad_pct":61.0,"regla_30":false,"tipo_dato":"modelo"}},{"type":"Feature","geometry":{"type":"Point","coordinates":[-3.167,40.633]},"properties":{"fuente":"Open-Meteo","id":"40.633,-3.167","nombre":"Guadalajara","fecha_utc":"2026-10-07T16:30:00+00:00","velocidad_kmh":5.8,"racha_kmh":16.6,"direccion_grados":263.0,"direccion_cardinal":"O","hacia_grados":83.0,"antiguedad_min":11,"temperatura_c":19.6,"humedad_pct":58.0,"regla_30":false,"tipo_dato":"modelo"}},{"type":"Feature","geometry":{"type":"Point","coordinates":[-2.137,40.07]},"properties":{"fuente":"Open-Meteo","id":"40.070,-2.137","nombre":"Cuenca","fecha_utc":"2026-10-07T16:30:00+00:00","velocidad_kmh":15.0,"racha_kmh":27.4,"direccion_grados":300.0,"direccion_cardinal":"ONO","hacia_grados":120.0,"antiguedad_min":11,"temperatura_c":18.3,"humedad_pct":54.0,"regla_30":false,"tipo_dato":"modelo"}},{"type":"Feature","geometry":{"type":"Point","coordinates":[-4.027,39.863]},"properties":{"fuente":"Open-Meteo","id":"39.863,-4.027","nombre":"Toledo","fecha_utc":"2026-10-07T16:30:00+00:00","velocidad_kmh":12.3,"racha_kmh":28.8,"direccion_grados":263.0,"direccion_cardinal":"O","hacia_grados":83.0,"antiguedad_min":11,"temperatura_c":21.1,"humedad_pct":57.0,"regla_30":false,"tipo_dato":"modelo"}},{"type":"Feature","geometry":{"type":"Point","coordinates":[-3.927,38.985]},"properties":{"fuente":"Open-Meteo","id":"38.985,-3.927","nombre":"Ciudad Real","fecha_utc":"2026-10-07T16:30:00+00:00","velocidad_kmh":9.2,"racha_kmh":22.3,"direccion_grados":296.0,"direccion_cardinal":"ONO","hacia_grados":116.0,"antiguedad_min":11,"temperatura_c":19.7,"humedad_pct":62.0,"regla_30":false,"tipo_dato":"modelo"}},{"type":"Feature","geometry":{"type":"Point","coordinates":[-1.858,38.994]},"properties":{"fuente":"Open-Meteo","id":"38.994,-1.858","nombre":"Albacete","fecha_utc":"2026-10-07T16:30:00+00:00","velocidad_kmh":14.0,"racha_kmh":29.5,"direccion_grados":296.0,"direccion_cardinal":"ONO","hacia_grados":116.0,"antiguedad_min":11,"temperatura_c":20.5,"humedad_pct":55.0,"regla_30":false,"tipo_dato":"modelo"}},{"type":"Feature","geometry":{"type":"Point","coordinates":[-6.372,39.475]},"properties":{"fuente":"Open-Meteo","id":"39.475,-6.372","nombre":"Cáceres","fecha_utc":"2026-10-07T16:30:00+00:00","velocidad_kmh":11.4,"racha_kmh":28.1,"direccion_grados":325.0,"direccion_cardinal":"NO","hacia_grados":145.0,"antiguedad_min":11,"temperatura_c":22.6,"humedad_pct":46.0,"regla_30":false,"tipo_dato":"modelo"}},{"type":"Feature","geometry":{"type":"Point","coordinates":[-6.97,38.879]},"properties":{"fuente":"Open-Meteo","id":"38.879,-6.970","nombre":"Badajoz","fecha_utc":"2026-10-07T16:30:00+00:00","velocidad_kmh":7.4,"racha_kmh":17.6,"direccion_grados":309.0,"direccion_cardinal":"NO","hacia_grados":129.0,"antiguedad_min":11,"temperatura_c":25.0,"humedad_pct":41.0,"regla_30":false,"tipo_dato":"modelo"}},{"type":"Feature","geometry":{"type":"Point","coordinates":[-6.945,37.261]},"properties":{"fuente":"Open-Meteo","id":"37.261,-6.945","nombre":"Huelva","fecha_utc":"2026-10-07T16:30:00+00:00","velocidad_kmh":16.0,"racha_kmh":29.9,"direccion_grados":239.0,"direccion_cardinal":"OSO","hacia_grados":59.0,"antiguedad_min":11,"temperatura_c":23.5,"humedad_pct":65.0,"regla_30":false,"tipo_dato":"modelo"}},{"type":"Feature","geometry":{"type":"Point","coordinates":[-5.984,37.389]},"properties":{"fuente":"Open-Meteo","id":"37.389,-5.984","nombre":"Sevilla","fecha_utc":"2026-10-07T16:30:00+00:00","velocidad_kmh":9.2,"racha_kmh":23.0,"direccion_grados":296.0,"direccion_cardinal":"ONO","hacia_grados":116.0,"antiguedad_min":11,"temperatura_c":27.7,"humedad_pct":34.0,"regla_30":false,"tipo_dato":"modelo"}},{"type":"Feature","geometry":{"type":"Point","coordinates":[-4.779,37.888]},"properties":{"fuente":"Open-Meteo","id":"37.888,-4.779","nombre":"Córdoba","fecha_utc":"2026-10-07T16:30:00+00:00","velocidad_kmh":7.0,"racha_kmh":24.1,"direccion_grados":235.0,"direccion_cardinal":"SO","hacia_grados":55.0,"antiguedad_min":11,"temperatura_c":25.8,"humedad_pct":44.0,"regla_30":false,"tipo_dato":"modelo"}},{"type":"Feature","geometry":{"type":"Point","coordinates":[-3.784,37.779]},"properties":{"fuente":"Open-Meteo","id":"37.779,-3.784","nombre":"Jaén","fecha_utc":"2026-10-07T16:30:00+00:00","velocidad_kmh":14.2,"racha_kmh":30.2,"direccion_grados":277.0,"direccion_cardinal":"O","hacia_grados":97.0,"antiguedad_min":11,"temperatura_c":22.6,"humedad_pct":48.0,"regla_30":false,"tipo_dato":"modelo"}},{"type":"Feature","geometry":{"type":"Point","coordinates":[-3.599,37.177]},"properties":{"fuente":"Open-Meteo","id":"37.177,-3.599","nombre":"Granada","fecha_utc":"2026-10-07T16:30:00+00:00","velocidad_kmh":10.0,"racha_kmh":29.2,"direccion_grados":300.0,"direccion_cardinal":"ONO","hacia_grados":120.0,"antiguedad_min":11,"temperatura_c":21.4,"humedad_pct":50.0,"regla_30":false,"tipo_dato":"modelo"}},{"type":"Feature","geometry":{"type":"Point","coordinates":[-2.464,36.834]},"properties":{"fuente":"Open-Meteo","id":"36.834,-2.464","nombre":"Almería","fecha_utc":"2026-10-07T16:30:00+00:00","velocidad_kmh":11.4,"racha_kmh":30.2,"direccion_grados":208.0,"direccion_cardinal":"SSO","hacia_grados":28.0,"antiguedad_min":11,"temperatura_c":26.2,"humedad_pct":58.0,"regla_30":false,"tipo_dato":"modelo"}},{"type":"Feature","geometry":{"type":"Point","coordinates":[-4.421,36.721]},"properties":{"fuente":"Open-Meteo","id":"36.721,-4.421","nombre":"Málaga","fecha_utc":"2026-10-07T16:30:00+00:00","velocidad_kmh":11.6,"racha_kmh":29.5,"direccion_grados":306.0,"direccion_cardinal":"NO","hacia_grados":126.0,"antiguedad_min":11,"temperatura_c":27.5,"humedad_pct":37.0,"regla_30":false,"tipo_dato":"modelo"}},{"type":"Feature","geometry":{"type":"Point","coordinates":[-6.289,36.527]},"properties":{"fuente":"Open-Meteo","id":"36.527,-6.289","nombre":"Cádiz","fecha_utc":"2026-10-07T16:30:00+00:00","velocidad_kmh":14.1,"racha_kmh":27.4,"direccion_grados":267.0,"direccion_cardinal":"O","hacia_grados":87.0,"antiguedad_min":11,"temperatura_c":22.1,"humedad_pct":72.0,"regla_30":false,"tipo_dato":"modelo"}},{"type":"Feature","geometry":{"type":"Point","coordinates":[-16.252,28.464]},"properties":{"fuente":"Open-Meteo","id":"28.464,-16.252","nombre":"Santa Cruz de Tenerife","fecha_utc":"2026-10-07T16:30:00+00:00","velocidad_kmh":16.5,"racha_kmh":34.2,"direccion_grados":11.0,"direccion_cardinal":"N","hacia_grados":191.0,"antiguedad_min":11,"temperatura_c":25.2,"humedad_pct":62.0,"regla_30":false,"tipo_dato":"modelo"}},{"type":"Feature","geometry":{"type":"Point","coordinates":[-15.436,28.124]},"properties":{"fuente":"Open-Meteo","id":"28.124,-15.436","nombre":"Las Palmas de Gran Canaria","fecha_utc":"2026-10-07T16:30:00+00:00","velocidad_kmh":16.6,"racha_kmh":34.9,"direccion_grados":1.0,"direccion_cardinal":"N","hacia_grados":181.0,"antiguedad_min":11,"temperatura_c":24.4,"humedad_pct":68.0,"regla_30":false,"tipo_dato":"modelo"}},{"type":"Feature","geometry":{"type":"Point","coordinates":[-5.321,35.889]},"properties":{"fuente":"Open-Meteo","id":"35.889,-5.321","nombre":"Ceuta","fecha_utc":"2026-10-07T16:30:00+00:00","velocidad_kmh":16.8,"racha_kmh":32.4,"direccion_grados":285.0,"direccion_cardinal":"ONO","hacia_grados":105.0,"antiguedad_min":11,"temperatura_c":23.1,"humedad_pct":62.0,"regla_30":false,"tipo_dato":"modelo"}},{"type":"Feature","geometry":{"type":"Point","coordinates":[-2.938,35.292]},"properties":{"fuente":"Open-Meteo","id":"35.292,-2.938","nombre":"Melilla","fecha_utc":"2026-10-07T16:30:00+00:00","velocidad_kmh":15.3,"racha_kmh":38.9,"direccion_grados":285.0,"direccion_cardinal":"ONO","hacia_grados":105.0,"antiguedad_min":11,"temperatura_c":24.1,"humedad_pct":69.0,"regla_30":false,"tipo_dato":"modelo"}}]}